gold_id,old_category_code,new_category_code,leaf,source,item_text,description,provider,disposition,authority,audit_reason
SA-00402,EXP-6.2,EXP-6.2,Nitrogeno,file_audit,SMARTBLUE X,,COOPERATIVA AGRÍCOLA Y LECHERA DE LA UNIÓN LTDA,keep,locked_399_row_manual_review,Kept after review of the locked 399-row folder inventory; row semantics are consistent and no stronger contradictory evidence was found.
SA-00403,EXP-6.2,EXP-6.2,Nitrogeno,file_audit,SMARTBLUE X 25 KG,SMARTBLUE X 25 KG,COOPERATIVA AGRICOLA Y LECHERA DE LA UNION LTDA.,keep,locked_399_row_manual_review,Kept after review of the locked 399-row folder inventory; row semantics are consistent and no stronger contradictory evidence was found.
SA-00404,EXP-6.1,EXP-6.1,Fosforo,file_audit,TREFOS PLUS MAXI PF YARA (SF3)-FERTILIZANTES(B)-ME,,COMPAA AGROPECUARIA COPEVAL S.A.,keep,locked_399_row_manual_review,Kept after review of the locked 399-row folder inventory; row semantics are consistent and no stronger contradictory evidence was found.
SA-00405,EXP-2.4,,,file_audit,Mipro Pastoreo Skyline,//FUNDO BRAMADEROS,SANO - NUTRICION ANIMAL MODERNA SPA,quarantine,locked_399_row_manual_review,Mipro Pastoreo Skyline has contradictory prior category labels and needs client resolution.
SA-00409,EXP-2.6,EXP-2.6,Otros Gastos Salud Animal,file_audit,VENDAS COADHESIVASMOO WARP,VENDAS COADHESIVASMOO WARP,COOPERATIVA AGRICOLA Y LECHERA DE LA UNION LTDA.,keep,locked_399_row_manual_review,Kept after review of the locked 399-row folder inventory; row semantics are consistent and no stronger contradictory evidence was found.
SA-00410,EXP-2.6,EXP-16.1,Ropa y Herramientas de Trabajo,file_audit,TRAJE DESECHABLE TYVEK DUPONT M,TRAJE DESECHABLE TYVEK DUPONT M,COOPERATIVA AGRICOLA Y LECHERA DE LA UNION LTDA.,correct,client_product_family_resolution,Tyvek size variants follow the row-level client product family label for work clothing/EPP.
SA-00411,EXP-2.6,EXP-16.1,Ropa y Herramientas de Trabajo,file_audit,TRAJE DESECHABLE TYVEK DUPONT L,TRAJE DESECHABLE TYVEK DUPONT L,COOPERATIVA AGRICOLA Y LECHERA DE LA UNION LTDA.,correct,client_product_family_resolution,Tyvek size variants follow the row-level client product family label for work clothing/EPP.
SA-00412,EXP-2.6,EXP-16.1,Ropa y Herramientas de Trabajo,file_audit,TRAJE DESECHABLE TYVEK DUPONT XXL,TRAJE DESECHABLE TYVEK DUPONT XXL,COOPERATIVA AGRICOLA Y LECHERA DE LA UNION LTDA.,correct,client_product_family_resolution,Tyvek size variants follow the row-level client product family label for work clothing/EPP.
SA-00413,EXP-2.6,EXP-14.2,Mantencion Cercos,file_audit,ALAMBRE PUAS MOTTO 500 MTR.,ALAMBRE PUAS MOTTO 500 MTR.,COOPERATIVA AGRICOLA Y LECHERA DE LA UNION LTDA.,correct,client_product_family_resolution,Client product rule for the same MOTTO barbed-wire family overrides the unrelated invoice folder.
SA-00414,EXP-2.6,,,file_audit,SPRAY (PULVERIZADOR MANUAL 500 CC),SPRAY (PULVERIZADOR MANUAL 500 CC),COOPERATIVA AGRICOLA Y LECHERA DE LA UNION LTDA.,quarantine,locked_399_row_manual_review,Generic manual spray bottle has no row-level evidence proving an animal-health use.
SA-00416,EXP-2.6,EXP-16.1,Ropa y Herramientas de Trabajo,file_audit,GUANTE LARGO NITRILO XL SHOOF 204630,GUANTE LARGO NITRILO XL MARCA SHOOF,COOPERATIVA AGRICOLA Y LECHERA DE LA UNION LTDA.,correct,client_product_family_resolution,Row-level client product labels override category-folder placement; Shoof nitrile gloves are EPP.
SA-00417,EXP-2.6,EXP-16.2,Otros Gastos Campo,file_audit,DESODORANTE PINOS - CEREZA,DESODORANTE PINOS - CEREZA,COOPERATIVA AGRICOLA Y LECHERA DE LA UNION LTDA.,correct,client_product_family_resolution,"Client product family places PINOS deodorizer variants under other operational expenses, not animal health."
SA-00418,EXP-2.6,EXP-2.6,Otros Gastos Salud Animal,file_audit,HISTOCREM 450 GR.,HISTOCREM 450 GR.,COOPERATIVA AGRICOLA Y LECHERA DE LA UNION LTDA.,keep,locked_399_row_manual_review,Kept after review of the locked 399-row folder inventory; row semantics are consistent and no stronger contradictory evidence was found.
SA-00420,EXP-2.1,EXP-2.1,Terapias Secado,file_audit,FATROXIMIN X 12 JER,,COOPERATIVA AGRÍCOLA Y LECHERA DE LA UNIÓN LTDA,keep,locked_399_row_manual_review,Kept after review of the locked 399-row folder inventory; row semantics are consistent and no stronger contradictory evidence was found.
SA-00421,EXP-2.1,EXP-2.1,Terapias Secado,file_audit,UBRISEC X 48 JER,UBRISEC X 48 JER,COOPERATIVA AGRICOLA Y LECHERA DE LA UNION LTDA.,keep,locked_399_row_manual_review,Kept after review of the locked 399-row folder inventory; row semantics are consistent and no stronger contradictory evidence was found.
SA-00422,EXP-2.2,EXP-2.5,Otros Medicamentos,file_audit,PENCIVET X CAJA -____,____,FEROSOR AGRICOLA S.A.,correct,client_product_family_resolution,Exact client PENCIVET product examples override the mastitis-folder placement.
SA-00423,EXP-2.2,EXP-2.4,Sales Minerales,file_audit,DIGESTIVO BILIFAR 120 GRS. -____,____,FEROSOR AGRICOLA S.A.,correct,client_product_family_resolution,Exact client BILIFAR product examples override the mastitis-folder placement.
SA-00424,EXP-2.2,EXP-2.2,Medicamentos Mastitis,file_audit,MASTIPLAN X 20 JERINGAS -____,____,FEROSOR AGRICOLA S.A.,keep,locked_399_row_manual_review,Kept after review of the locked 399-row folder inventory; row semantics are consistent and no stronger contradictory evidence was found.
SA-00425,EXP-2.2,,,file_audit,PINTURA SPRAY FIL ROJO -_ROJO___,_ROJO___,FEROSOR AGRICOLA S.A.,quarantine,locked_399_row_manual_review,Folder label conflicts with the item; replacement category is not established by stronger row-level evidence.
SA-00426,EXP-2.2,,,file_audit,PINTURA SPRAY FIL VERDE -_VERDE___,_VERDE___,FEROSOR AGRICOLA S.A.,quarantine,locked_399_row_manual_review,Folder label conflicts with the item; replacement category is not established by stronger row-level evidence.
SA-00427,EXP-2.2,EXP-16.1,Ropa y Herramientas de Trabajo,file_audit,GUANTES SHOOF LARGO (L) NITRI.AZUL CAJA 100 UN -____,____,FEROSOR AGRICOLA S.A.,correct,client_product_family_resolution,Row-level client Shoof glove family labels override the mastitis-folder placement.
SA-00428,EXP-2.5,EXP-2.5,Otros Medicamentos,file_audit,MAGNEKAL 100 CC -____,____,FEROSOR AGRICOLA S.A.,keep,locked_399_row_manual_review,Kept after review of the locked 399-row folder inventory; row semantics are consistent and no stronger contradictory evidence was found.
SA-00432,EXP-2.5,EXP-2.6,Otros Gastos Salud Animal,file_audit,AGUJAS DESECHABLES # 18 X 1 1/2!,AGUJA DESECHABLE DE CALIBRE 18G POR 1 1/2 PULGADAS DE LARGO,COOPERATIVA AGRICOLA Y LECHERA DE LA UNION LTDA.,correct,client_product_family_resolution,"Client row-level needle rules classify disposable needles as animal-health supplies, not medicine."
SA-00433,EXP-2.5,EXP-2.6,Otros Gastos Salud Animal,file_audit,JERINGA DESECHABLE 20CC-C/AGUJA(L.L.),JERINGA DESECHABLE 20 CC CON AGUJA,COOPERATIVA AGRICOLA Y LECHERA DE LA UNION LTDA.,correct,client_product_family_resolution,"Client row-level syringe rules classify disposable syringes as animal-health supplies, not medicine."
SA-00434,EXP-16.1,EXP-16.1,Ropa y Herramientas de Trabajo,file_audit,BOTA BEKINA STEPLITEX SOLIDGRIP N 37,BOTA BEKINA STEPLITEX SOLIDGRIP N 37,COOPERATIVA AGRICOLA Y LECHERA DE LA UNION LTDA.,keep,locked_399_row_manual_review,Kept after review of the locked 399-row folder inventory; row semantics are consistent and no stronger contradictory evidence was found.
SA-00435,EXP-16.1,EXP-16.1,Ropa y Herramientas de Trabajo,file_audit,BOTA BEKINA STEPLITEX SOLIDGRIP N 38,BOTA BEKINA STEPLITEX SOLIDGRIP N 38,COOPERATIVA AGRICOLA Y LECHERA DE LA UNION LTDA.,keep,locked_399_row_manual_review,Kept after review of the locked 399-row folder inventory; row semantics are consistent and no stronger contradictory evidence was found.
SA-00436,EXP-2.5,EXP-2.5,Otros Medicamentos,file_audit,YODOCAP X 1 L,YODOCAP X 1 L,COOPERATIVA AGRICOLA Y LECHERA DE LA UNION LTDA.,keep,locked_399_row_manual_review,Kept after review of the locked 399-row folder inventory; row semantics are consistent and no stronger contradictory evidence was found.
SA-00437,EXP-16.2,EXP-16.2,Otros Gastos Campo,file_audit,TERMOMETRO PARA LECHE,TERMOMETRO PARA LECHE,COOPERATIVA AGRICOLA Y LECHERA DE LA UNION LTDA.,keep,locked_399_row_manual_review,Kept after review of the locked 399-row folder inventory; row semantics are consistent and no stronger contradictory evidence was found.
SA-00438,EXP-16.2,EXP-16.2,Otros Gastos Campo,file_audit,JARRA MEDIDORA 500 ML (SHOOF),JARRA MEDIDORA 500 ML,COOPERATIVA AGRICOLA Y LECHERA DE LA UNION LTDA.,keep,locked_399_row_manual_review,Kept after review of the locked 399-row folder inventory; row semantics are consistent and no stronger contradictory evidence was found.
SA-00439,EXP-2.5,EXP-2.6,Otros Gastos Salud Animal,file_audit,AGUJA DESECHABLE 16 X 1/2,AGUJA DESECHABLE DE CALIBRE 16G POR 1/2 PULGADA DE LARGO,COOPERATIVA AGRICOLA Y LECHERA DE LA UNION LTDA.,correct,client_product_family_resolution,"Client row-level needle rules classify disposable needles as animal-health supplies, not medicine."
SA-00440,EXP-2.5,EXP-2.6,Otros Gastos Salud Animal,file_audit,JERINGA DESECHABLE 10CC C/AGUJA (L.L.),JERINGA DESECHABLE 10 CC CON AGUJA,COOPERATIVA AGRICOLA Y LECHERA DE LA UNION LTDA.,correct,client_product_family_resolution,"Client row-level syringe rules classify disposable syringes as animal-health supplies, not medicine."
SA-00441,EXP-2.3,EXP-2.3,Vacunas,file_audit,VACUNA CLOSTRIBAC 8 GOLD X 50 DS,,COOPERATIVA AGRICOLA LECHERA STGO.,keep,locked_399_row_manual_review,Kept after review of the locked 399-row folder inventory; row semantics are consistent and no stronger contradictory evidence was found.
SA-00442,EXP-2.3,EXP-2.3,Vacunas,file_audit,VACUNA CATTLEMASTER GOLD X 25 DS.,,COOPERATIVA AGRICOLA LECHERA STGO.,keep,locked_399_row_manual_review,Kept after review of the locked 399-row folder inventory; row semantics are consistent and no stronger contradictory evidence was found.
SA-00443,EXP-15.3,EXP-15.3,Fletes,file_audit,Fletes - ANTILLANCA SPA,,ANTILLANCA SPA,keep,locked_399_row_manual_review,Kept after review of the locked 399-row folder inventory; row semantics are consistent and no stronger contradictory evidence was found.
SA-00444,EXP-15.3,EXP-15.3,Fletes,file_audit,Fletes - SOCIEDAD DE TRANSPORTES MANCILLA NEUMANN LIMITADA,,SOCIEDAD DE TRANSPORTES MANCILLA NEUMANN LIMITADA,keep,locked_399_row_manual_review,Kept after review of the locked 399-row folder inventory; row semantics are consistent and no stronger contradictory evidence was found.
SA-00445,EXP-15.3,EXP-15.3,Fletes,file_audit,Fletes - SERVICIOS FABIAN ROLDAN SPA,,SERVICIOS FABIAN ROLDAN SPA,keep,locked_399_row_manual_review,Kept after review of the locked 399-row folder inventory; row semantics are consistent and no stronger contradictory evidence was found.
SA-00446,EXP-15.4,EXP-15.4,Arriendo Maquinaria y Vehiculos,file_audit,Arriendo Maquinaria y Vehiculos - FACTURA ELECTRÓNICA GEO PARTNER SPA,,FACTURA ELECTRÓNICA GEO PARTNER SPA,keep,locked_399_row_manual_review,Kept after review of the locked 399-row folder inventory; row semantics are consistent and no stronger contradictory evidence was found.
SA-00447,EXP-15.4,EXP-15.4,Arriendo Maquinaria y Vehiculos,file_audit,Arriendo Maquinaria y Vehiculos - HAKA INDUSTRIAL SPA,,HAKA INDUSTRIAL SPA,keep,locked_399_row_manual_review,Kept after review of the locked 399-row folder inventory; row semantics are consistent and no stronger contradictory evidence was found.
SA-00448,EXP-15.4,EXP-15.4,Arriendo Maquinaria y Vehiculos,file_audit,Arriendo Maquinaria y Vehiculos - ANTILLANCA SPA,,ANTILLANCA SPA,keep,locked_399_row_manual_review,Kept after review of the locked 399-row folder inventory; row semantics are consistent and no stronger contradictory evidence was found.
SA-00449,EXP-15.5,EXP-15.5,Servicios Agricolas,file_audit,RIEGO PURINES YUTRECO,RIEGO purines 11.03.2026 42 carradas de 11.000 lts lluvia y problema motobomba. Total 739.200 se aplica descuento por servicio anterior monto 224.100 total 515.100,SERVICIOS AGRICOLAS CORPAL SPA,keep,locked_399_row_manual_review,Kept after review of the locked 399-row folder inventory; row semantics are consistent and no stronger contradictory evidence was found.
SA-00450,EXP-15.5,EXP-15.5,Servicios Agricolas,file_audit,RIEGO PURINES RAICES,Purines raices 29 carradas de 11.000 lts,SERVICIOS AGRICOLAS CORPAL SPA,keep,locked_399_row_manual_review,Kept after review of the locked 399-row folder inventory; row semantics are consistent and no stronger contradictory evidence was found.
SA-00451,EXP-10.2,EXP-10.2,Diping,file_audit,COW GUARD BARRERA 210KG,,BIOGENESIS ANIMAL HEALTH SPA,keep,locked_399_row_manual_review,Kept after review of the locked 399-row folder inventory; row semantics are consistent and no stronger contradictory evidence was found.
SA-00452,EXP-10.3,EXP-10.3,Detergentes e higenizantes,file_audit,ORACID 60 L,,HGS DAIRY SOLUTIONS SPA,keep,locked_399_row_manual_review,Kept after review of the locked 399-row folder inventory; row semantics are consistent and no stronger contradictory evidence was found.
SA-00454,EXP-10.1,EXP-10.1,Mantencion Sala,file_audit,CHAPALETA BOMBA DE LECHE 1.1/1.5,,HGS DAIRY SOLUTIONS SPA,keep,locked_399_row_manual_review,Kept after review of the locked 399-row folder inventory; row semantics are consistent and no stronger contradictory evidence was found.
SA-00455,EXP-10.3,EXP-10.3,Detergentes e higenizantes,file_audit,TRI-PFAN 200 LTS,,HGS DAIRY SOLUTIONS SPA,keep,locked_399_row_manual_review,Kept after review of the locked 399-row folder inventory; row semantics are consistent and no stronger contradictory evidence was found.
SA-00456,EXP-10.3,EXP-10.3,Detergentes e higenizantes,file_audit,ZINICIN 70 KGS.,,HGS DAIRY SOLUTIONS SPA,keep,locked_399_row_manual_review,Kept after review of the locked 399-row folder inventory; row semantics are consistent and no stronger contradictory evidence was found.
SA-00457,EXP-10.1,EXP-10.1,Mantencion Sala,file_audit,FILTRO LECHE JUMBO 100 UND 150 X 800 MM,,HGS DAIRY SOLUTIONS SPA,keep,locked_399_row_manual_review,Kept after review of the locked 399-row folder inventory; row semantics are consistent and no stronger contradictory evidence was found.
SA-00458,EXP-10.4,EXP-10.4,Otros Gastos Lecheria,file_audit,PARTE INFERIOR COLECTOR USADA,,GEA Farm Technologies Osorno Ltda.,keep,locked_399_row_manual_review,Kept after review of the locked 399-row folder inventory; row semantics are consistent and no stronger contradictory evidence was found.
SA-00461,EXP-10.4,EXP-10.4,Otros Gastos Lecheria,file_audit,JUEGO PEZONERAS MONOBLOCK,,GEA Farm Technologies Osorno Ltda.,keep,locked_399_row_manual_review,Kept after review of the locked 399-row folder inventory; row semantics are consistent and no stronger contradictory evidence was found.
SA-00463,EXP-10.4,EXP-10.1,Mantencion Sala,file_audit,FILTRO LECHE 75 MM * 800 SE - 200 UN,,GEA Farm Technologies Osorno Ltda.,correct,manual_taxonomy_resolution,Milk filters are explicitly listed in the client definition of dairy-room maintenance and match audited milk-filter siblings.
SA-00465,EXP-10.4,EXP-10.4,Otros Gastos Lecheria,file_audit,JUEGO PEZONERAS COLECTOR 300,,GEA Farm Technologies Osorno Ltda.,keep,locked_399_row_manual_review,Kept after review of the locked 399-row folder inventory; row semantics are consistent and no stronger contradictory evidence was found.
SA-00466,EXP-10.4,EXP-10.4,Otros Gastos Lecheria,file_audit,TAPA COLECTOR 300 CC. SIN CIERRE,,GEA Farm Technologies Osorno Ltda.,keep,locked_399_row_manual_review,Kept after review of the locked 399-row folder inventory; row semantics are consistent and no stronger contradictory evidence was found.
SA-00469,EXP-10.3,EXP-10.3,Detergentes e higenizantes,file_audit,TRI-PFAN 200 LTS,,GEA Farm Technologies Osorno Ltda.,keep,locked_399_row_manual_review,Kept after review of the locked 399-row folder inventory; row semantics are consistent and no stronger contradictory evidence was found.
SA-00470,EXP-10.3,EXP-10.3,Detergentes e higenizantes,file_audit,ORACID 60 L,,GEA Farm Technologies Osorno Ltda.,keep,locked_399_row_manual_review,Kept after review of the locked 399-row folder inventory; row semantics are consistent and no stronger contradictory evidence was found.
SA-00471,EXP-10.1,EXP-10.1,Mantencion Sala,file_audit,FILTRO LECHE JUMBO 100 UND 150 X 800 MM,,GEA Farm Technologies Osorno Ltda.,keep,locked_399_row_manual_review,Kept after review of the locked 399-row folder inventory; row semantics are consistent and no stronger contradictory evidence was found.
SA-00472,EXP-10.3,EXP-10.1,Mantencion Sala,file_audit,PIOLA PERLON RETIRADOR (NEGRA)/ MT,,GEA Farm Technologies Osorno Ltda.,correct,manual_taxonomy_resolution,"A remover cord is milking equipment/maintenance, not a detergent or hygiene chemical."
SA-00473,EXP-10.1,EXP-10.1,Mantencion Sala,file_audit,KIT SERV 4500 H VALVULA RETENCION BBA LECHE 1.5 KW,,HGS DAIRY SOLUTIONS SPA,keep,locked_399_row_manual_review,Kept after review of the locked 399-row folder inventory; row semantics are consistent and no stronger contradictory evidence was found.
SA-00474,EXP-10.1,EXP-10.1,Mantencion Sala,file_audit,VASO METATRON CPL,,HGS DAIRY SOLUTIONS SPA,keep,locked_399_row_manual_review,Kept after review of the locked 399-row folder inventory; row semantics are consistent and no stronger contradictory evidence was found.
SA-00475,EXP-10.1,EXP-10.1,Mantencion Sala,file_audit,EMERGENCIA EQUIPOS DE REFRIGERACION,,SOCIEDAD COMERCIAL SERLAC CHILE S.A.,keep,locked_399_row_manual_review,Kept after review of the locked 399-row folder inventory; row semantics are consistent and no stronger contradictory evidence was found.
SA-00476,EXP-10.1,EXP-10.1,Mantencion Sala,file_audit,MOVILIZACION DE EQUIPOS DE REFRIGERACION,,SOCIEDAD COMERCIAL SERLAC CHILE S.A.,keep,locked_399_row_manual_review,Kept after review of the locked 399-row folder inventory; row semantics are consistent and no stronger contradictory evidence was found.
SA-00477,EXP-10.1,EXP-10.1,Mantencion Sala,file_audit,REPARACION DE EQUIPOS DE REFRIGERACION EN TALLER 2,,SOCIEDAD COMERCIAL SERLAC CHILE S.A.,keep,locked_399_row_manual_review,Kept after review of the locked 399-row folder inventory; row semantics are consistent and no stronger contradictory evidence was found.
SA-00478,EXP-5.1,EXP-5.1,Concentrado Vacas,file_audit,MAIZ ROLEADO PF GRANEL x KG-ALIMENTOS(E)-MAIZ,,COMPAA AGROPECUARIA COPEVAL S.A.,keep,locked_399_row_manual_review,Kept after review of the locked 399-row folder inventory; row semantics are consistent and no stronger contradictory evidence was found.
SA-00479,EXP-5.1,EXP-5.1,Concentrado Vacas,file_audit,BIOLACT ANTILLANCA GRANEL,,AGROCOMERCIAL IANSA S.A.,keep,locked_399_row_manual_review,Kept after review of the locked 399-row folder inventory; row semantics are consistent and no stronger contradictory evidence was found.
SA-00480,EXP-5.3,EXP-5.3,Concentrado Otros Animales,file_audit,COLMILLO BLANCO X 20KG (ADULTO&amp;CACHORRO),COLMILLO BLANCO X 20KG (ADULTO&amp;CACHORRO),COOPERATIVA AGRICOLA Y LECHERA DE LA UNION LTDA.,keep,locked_399_row_manual_review,Kept after review of the locked 399-row folder inventory; row semantics are consistent and no stronger contradictory evidence was found.
SA-00481,EXP-5.3,EXP-2.6,Otros Gastos Salud Animal,file_audit,TOALLA PAPEL INTERFOLIADA,,COOPERATIVA AGRÍCOLA Y LECHERA DE LA UNIÓN LTDA,correct,client_product_family_resolution,Client row-level paper-towel product rule overrides the unrelated feed-category invoice folder.
SA-00482,EXP-5.3,EXP-5.3,Concentrado Otros Animales,file_audit,MAIZ HOJUELA COLUN X,,COOPERATIVA AGRÍCOLA Y LECHERA DE LA UNIÓN LTDA,keep,locked_399_row_manual_review,Kept after review of the locked 399-row folder inventory; row semantics are consistent and no stronger contradictory evidence was found.
SA-00483,EXP-5.3,EXP-5.3,Concentrado Otros Animales,file_audit,PERRO FIT FORMULA ADULTO X,,COOPERATIVA AGRÍCOLA Y LECHERA DE LA UNIÓN LTDA,keep,locked_399_row_manual_review,Kept after review of the locked 399-row folder inventory; row semantics are consistent and no stronger contradictory evidence was found.
SA-00484,EXP-5.2,EXP-5.2,Concentrado Crianza,file_audit,CONCENTRADO TERNERO 1 STANDARD -Ferosor_25kg_Sin Sal_PBF_,Ferosor_25kg_Sin Sal_PBF_,FEROSOR AGRICOLA S.A.,keep,locked_399_row_manual_review,Kept after review of the locked 399-row folder inventory; row semantics are consistent and no stronger contradictory evidence was found.
SA-00485,EXP-5.2,EXP-5.2,Concentrado Crianza,file_audit,T. SURALIM CRECIMIENTO RF X,,COOPERATIVA AGRÍCOLA Y LECHERA DE LA UNIÓN LTDA,keep,locked_399_row_manual_review,Kept after review of the locked 399-row folder inventory; row semantics are consistent and no stronger contradictory evidence was found.
SA-00487,EXP-5.2,EXP-5.2,Concentrado Crianza,file_audit,T. SURALIM INICIAL RF X,,COOPERATIVA AGRÍCOLA Y LECHERA DE LA UNIÓN LTDA,keep,locked_399_row_manual_review,Kept after review of the locked 399-row folder inventory; row semantics are consistent and no stronger contradictory evidence was found.
SA-00488,EXP-5.2,EXP-5.2,Concentrado Crianza,file_audit,CONCENTRADO TERNERO INICIAL SUPER -Ferosor_25kg_Sin Sal_PBF_,Ferosor_25kg_Sin Sal_PBF_,FEROSOR AGRICOLA S.A.,keep,locked_399_row_manual_review,Kept after review of the locked 399-row folder inventory; row semantics are consistent and no stronger contradictory evidence was found.
SA-00489,EXP-5.2,EXP-5.2,Concentrado Crianza,file_audit,T. COLUN CRECIMIENTO X,,COOPERATIVA AGRÍCOLA Y LECHERA DE LA UNIÓN LTDA,keep,locked_399_row_manual_review,Kept after review of the locked 399-row folder inventory; row semantics are consistent and no stronger contradictory evidence was found.
SA-00490,EXP-12.2,EXP-12.2,Analisis Animales,file_audit,AGUA PABCO 1,,FACTURA ELECTRONICA COOPERATIVA AGRICOLA Y DE SERVICIOS LTDA,keep,locked_399_row_manual_review,Kept after review of the locked 399-row folder inventory; row semantics are consistent and no stronger contradictory evidence was found.
SA-00491,EXP-12.2,EXP-12.2,Analisis Animales,file_audit,COMBO BRC-LEU-PTBC,,FACTURA ELECTRONICA COOPERATIVA AGRICOLA Y DE SERVICIOS LTDA,keep,locked_399_row_manual_review,Kept after review of the locked 399-row folder inventory; row semantics are consistent and no stronger contradictory evidence was found.
SA-00492,EXP-12.1,EXP-12.1,Analisis Suelo y forraje,file_audit,Analisis Suelo y forraje - ANTILLANCA SPA,,ANTILLANCA SPA,keep,locked_399_row_manual_review,Kept after review of the locked 399-row folder inventory; row semantics are consistent and no stronger contradictory evidence was found.
SA-00493,EXP-12.1,EXP-12.1,Analisis Suelo y forraje,file_audit,Analisis Suelo y forraje - ROCK RIVER LABORATORY LIMITADA,,ROCK RIVER LABORATORY LIMITADA,keep,locked_399_row_manual_review,Kept after review of the locked 399-row folder inventory; row semantics are consistent and no stronger contradictory evidence was found.
SA-00494,EXP-8.3,EXP-8.1,Pradera Perenne,file_audit,SEMILLA BALLICA DAIRY PRIME DES X,,COOPERATIVA AGRÍCOLA Y LECHERA DE LA UNIÓN LTDA,correct,manual_taxonomy_resolution,The same Dairy Prime perennial ryegrass family appears repeatedly as EXP-8.1; folder placement alone had assigned reseeding.
SA-00495,EXP-8.1,EXP-8.1,Pradera Perenne,file_audit,SEMILLA TREBOL BLANCO RURU X,,COOPERATIVA AGRÍCOLA Y LECHERA DE LA UNIÓN LTDA,keep,locked_399_row_manual_review,Kept after review of the locked 399-row folder inventory; row semantics are consistent and no stronger contradictory evidence was found.
SA-00496,EXP-8.1,EXP-8.1,Pradera Perenne,file_audit,SEMILLA TREBOL BLANCO KOTUKU X,,COOPERATIVA AGRÍCOLA Y LECHERA DE LA UNIÓN LTDA,keep,locked_399_row_manual_review,Kept after review of the locked 399-row folder inventory; row semantics are consistent and no stronger contradictory evidence was found.
SA-00497,EXP-8.2,EXP-8.2,Pradera Rotacion Corta,file_audit,SEMILLA BALLICA FORGE AGR X,,COOPERATIVA AGRÍCOLA Y LECHERA DE LA UNIÓN LTDA,keep,locked_399_row_manual_review,Kept after review of the locked 399-row folder inventory; row semantics are consistent and no stronger contradictory evidence was found.
SA-00498,EXP-8.1,EXP-8.1,Pradera Perenne,file_audit,SEMILLA BALLICA COLUN 4X5 X,,COOPERATIVA AGRÍCOLA Y LECHERA DE LA UNIÓN LTDA,keep,locked_399_row_manual_review,Kept after review of the locked 399-row folder inventory; row semantics are consistent and no stronger contradictory evidence was found.
SA-00499,EXP-8.4,EXP-8.4,Otros Cultivos,file_audit,SEM.RAPS FORR.SPITFIRE DES. CTE,,COOPERATIVA AGRICOLA Y DE SERVICIOS LTDA,keep,locked_399_row_manual_review,Kept after review of the locked 399-row folder inventory; row semantics are consistent and no stronger contradictory evidence was found.
SA-00500,EXP-4.2,EXP-4.2,Bolos Silo,file_audit,BOLOS SILO YUTRECO,Bolos silo 50 bolos en 18 ha potreros 3.2.39.25: 3 bolos x Ha,SERVICIOS AGRICOLAS CORPAL SPA,keep,locked_399_row_manual_review,Kept after review of the locked 399-row folder inventory; row semantics are consistent and no stronger contradictory evidence was found.
SA-00501,EXP-4.2,EXP-15.5,Servicios Agricolas,file_audit,Aplicacin de lodo,,HECTOR ADRIAN VALENZUELA PAREDES,correct,manual_taxonomy_resolution,"Sludge application is an agricultural application service, not purchase/transport of silage bales."
SA-00503,EXP-4.2,EXP-4.2,Bolos Silo,file_audit,Conf.. bolos tineo,,HECTOR ADRIAN VALENZUELA PAREDES,keep,locked_399_row_manual_review,Kept after review of the locked 399-row folder inventory; row semantics are consistent and no stronger contradictory evidence was found.
SA-00504,EXP-4.2,EXP-4.2,Bolos Silo,file_audit,Diferencia bolos tineo,,HECTOR ADRIAN VALENZUELA PAREDES,keep,locked_399_row_manual_review,Kept after review of the locked 399-row folder inventory; row semantics are consistent and no stronger contradictory evidence was found.
SA-00505,EXP-4.2,EXP-4.2,Bolos Silo,file_audit,BOLOS PELLECO EMPASTADA,Bolos sector pelleco 73 bolos silo,SERVICIOS AGRICOLAS CORPAL SPA,keep,locked_399_row_manual_review,Kept after review of the locked 399-row folder inventory; row semantics are consistent and no stronger contradictory evidence was found.
SA-00506,EXP-4.2,EXP-4.2,Bolos Silo,file_audit,BOLOS CHAPILCAHUIN,"Bolos silo chapilcahuin frente bolos en arriendo 16 bolos 2 bolos por ha total 7 ha, cobro por ha 16 reales 42 ficticios.",SERVICIOS AGRICOLAS CORPAL SPA,keep,locked_399_row_manual_review,Kept after review of the locked 399-row folder inventory; row semantics are consistent and no stronger contradictory evidence was found.
SA-00507,EXP-4.2,EXP-4.2,Bolos Silo,file_audit,BOLOS SILO RAICES F2,Bolos silo f2 22 bolos en 6 ha total,SERVICIOS AGRICOLAS CORPAL SPA,keep,locked_399_row_manual_review,Kept after review of the locked 399-row folder inventory; row semantics are consistent and no stronger contradictory evidence was found.
SA-00508,EXP-4.2,EXP-4.2,Bolos Silo,file_audit,CONFECCION BOLOS,"111 bolos en 26ha 4 bolos por ha, faltantes 104. : 111x 18.500: 2.053.500 mas 104x 12.000 1.248.000 Total 3.301.500 : 126.981 x ha",SERVICIOS AGRICOLAS CORPAL SPA,keep,locked_399_row_manual_review,Kept after review of the locked 399-row folder inventory; row semantics are consistent and no stronger contradictory evidence was found.
SA-00509,EXP-4.2,EXP-4.2,Bolos Silo,file_audit,Confeccin de bolos,,HECTOR ADRIAN VALENZUELA PAREDES,keep,locked_399_row_manual_review,Kept after review of the locked 399-row folder inventory; row semantics are consistent and no stronger contradictory evidence was found.
SA-00511,EXP-4.2,EXP-4.2,Bolos Silo,file_audit,CARGA DE BOLOS PELLECO,Carga de bolos con frontal sector pelleco con petroleo incluido 72 bolos,SERVICIOS AGRICOLAS CORPAL SPA,keep,locked_399_row_manual_review,Kept after review of the locked 399-row folder inventory; row semantics are consistent and no stronger contradictory evidence was found.
SA-00512,EXP-4.2,EXP-4.2,Bolos Silo,file_audit,TRASLADO BOLOS,Traslado bolos camion y carro con petroleo incluido,SERVICIOS AGRICOLAS CORPAL SPA,keep,locked_399_row_manual_review,Kept after review of the locked 399-row folder inventory; row semantics are consistent and no stronger contradictory evidence was found.
SA-00513,EXP-4.2,EXP-4.2,Bolos Silo,file_audit,DESCARGA BOLOS YUTRECO,Desgarga bolos con tractor sector yutreco con petroleo incluido,SERVICIOS AGRICOLAS CORPAL SPA,keep,locked_399_row_manual_review,Kept after review of the locked 399-row folder inventory; row semantics are consistent and no stronger contradictory evidence was found.
SA-00514,EXP-4.1,EXP-4.1,Parva Silo,file_audit,SILO PARVA BRAMADERO,,AGRO SERVICIOS NAVARRETE SPA,keep,locked_399_row_manual_review,Kept after review of the locked 399-row folder inventory; row semantics are consistent and no stronger contradictory evidence was found.
SA-00515,EXP-4.1,EXP-4.1,Parva Silo,file_audit,PLASTICO SILO 14 M 26 M 150 MIC,PLASTICO SILO 14 M 26 M 150 MIC,COOPERATIVA AGRICOLA Y LECHERA DE LA UNION LTDA.,keep,locked_399_row_manual_review,Kept after review of the locked 399-row folder inventory; row semantics are consistent and no stronger contradictory evidence was found.
SA-00517,EXP-4.3,EXP-4.2,Bolos Silo,file_audit,BOLOS SILO CHAPILCAHUIN,20 bolos silo empastadas arriendo,SERVICIOS AGRICOLAS CORPAL SPA,correct,manual_taxonomy_resolution,"The row explicitly says silage bales, so the more specific Bolos Silo category overrides the hay folder."
SA-00518,EXP-4.3,EXP-4.3,Bolos Heno,file_audit,BOLOS PASTO SECO PELLECO,392 bolos pasto seco,SERVICIOS AGRICOLAS CORPAL SPA,keep,locked_399_row_manual_review,Kept after review of the locked 399-row folder inventory; row semantics are consistent and no stronger contradictory evidence was found.
SA-00519,EXP-4.3,EXP-4.3,Bolos Heno,file_audit,BOLOS PASTO SECO RAICES,BOLOS RAICES ARRIENDO 225,SERVICIOS AGRICOLAS CORPAL SPA,keep,locked_399_row_manual_review,Kept after review of the locked 399-row folder inventory; row semantics are consistent and no stronger contradictory evidence was found.
SA-00520,EXP-4.3,EXP-6.3,Cal,file_audit,Aplicacin de cal,,HECTOR ADRIAN VALENZUELA PAREDES,correct,manual_taxonomy_resolution,The item explicitly says lime application; the client taxonomy places lime product and application in EXP-6.3.
SA-00521,EXP-4.3,EXP-4.3,Bolos Heno,file_audit,Bolos de heno,,HECTOR ADRIAN VALENZUELA PAREDES,keep,locked_399_row_manual_review,Kept after review of the locked 399-row folder inventory; row semantics are consistent and no stronger contradictory evidence was found.
SA-00522,EXP-4.3,EXP-4.3,Bolos Heno,file_audit,Bolos de heno con nailo,,HECTOR ADRIAN VALENZUELA PAREDES,keep,locked_399_row_manual_review,Kept after review of the locked 399-row folder inventory; row semantics are consistent and no stronger contradictory evidence was found.
SA-00524,EXP-3.1,EXP-3.1,Inseminacion Artificial,file_audit,Implementos para Inseminacion Gloves AI ABS Red,,ABS CHILE LIMITADA,keep,locked_399_row_manual_review,Kept after review of the locked 399-row folder inventory; row semantics are consistent and no stronger contradictory evidence was found.
SA-00525,EXP-3.1,EXP-3.1,Inseminacion Artificial,file_audit,Semen Bovino Leche Convencional STAMINA,,ABS CHILE LIMITADA,keep,locked_399_row_manual_review,Kept after review of the locked 399-row folder inventory; row semantics are consistent and no stronger contradictory evidence was found.
SA-00526,EXP-3.1,EXP-3.1,Inseminacion Artificial,file_audit,Semen Bovino Leche Convencional CENTURION,,ABS CHILE LIMITADA,keep,locked_399_row_manual_review,Kept after review of the locked 399-row folder inventory; row semantics are consistent and no stronger contradictory evidence was found.
SA-00527,EXP-3.1,EXP-3.1,Inseminacion Artificial,file_audit,Semen Bovino Leche Convencional MEKE,,ABS CHILE LIMITADA,keep,locked_399_row_manual_review,Kept after review of the locked 399-row folder inventory; row semantics are consistent and no stronger contradictory evidence was found.
SA-00528,EXP-3.1,EXP-3.1,Inseminacion Artificial,file_audit,Implementos para Inseminacion TOALLANOVA,,ABS CHILE LIMITADA,keep,locked_399_row_manual_review,Kept after review of the locked 399-row folder inventory; row semantics are consistent and no stronger contradictory evidence was found.
SA-00529,EXP-3.1,EXP-3.1,Inseminacion Artificial,file_audit,Implementos para Inseminacion Sheath Blue IW IMV,,ABS CHILE LIMITADA,keep,locked_399_row_manual_review,Kept after review of the locked 399-row folder inventory; row semantics are consistent and no stronger contradictory evidence was found.
SA-00530,EXP-3.1,EXP-3.1,Inseminacion Artificial,file_audit,Semen Bovino Carne Convencional SHRIMPTONS HILL,,ABS CHILE LIMITADA,keep,locked_399_row_manual_review,Kept after review of the locked 399-row folder inventory; row semantics are consistent and no stronger contradictory evidence was found.
SA-00531,EXP-3.1,EXP-3.1,Inseminacion Artificial,file_audit,Nitrogeno liquido,,ABS CHILE LIMITADA,keep,locked_399_row_manual_review,Kept after review of the locked 399-row folder inventory; row semantics are consistent and no stronger contradictory evidence was found.
SA-00532,EXP-3.1,EXP-3.1,Inseminacion Artificial,file_audit,Semen Bovino Leche Convencional COMMANDO,,ABS CHILE LIMITADA,keep,locked_399_row_manual_review,Kept after review of the locked 399-row folder inventory; row semantics are consistent and no stronger contradictory evidence was found.
SA-00533,EXP-3.1,EXP-3.1,Inseminacion Artificial,file_audit,Semen Bovino Leche Convencional PYRAMID,,ABS CHILE LIMITADA,keep,locked_399_row_manual_review,Kept after review of the locked 399-row folder inventory; row semantics are consistent and no stronger contradictory evidence was found.
SA-00534,EXP-3.1,EXP-3.1,Inseminacion Artificial,file_audit,Implementos para Inseminacion VASELINAX1LITRO,,ABS CHILE LIMITADA,keep,locked_399_row_manual_review,Kept after review of the locked 399-row folder inventory; row semantics are consistent and no stronger contradictory evidence was found.
SA-00535,EXP-9.1,EXP-9.1,Energia Electrica Riego,file_audit,Energia Electrica Riego - COOPERATIVA ELECTRICA PAILLACO LTDA,,COOPERATIVA ELECTRICA PAILLACO LTDA,keep,locked_399_row_manual_review,Kept after review of the locked 399-row folder inventory; row semantics are consistent and no stronger contradictory evidence was found.
SA-00536,EXP-9.1,EXP-9.1,Energia Electrica Riego,file_audit,Energia Electrica Riego - NTILLANCA S.A.,,NTILLANCA S.A.,keep,locked_399_row_manual_review,Kept after review of the locked 399-row folder inventory; row semantics are consistent and no stronger contradictory evidence was found.
SA-00537,EXP-9.1,EXP-9.1,Energia Electrica Riego,file_audit,Energia Electrica Riego - COOPERATIVA RURAL ELECTRICA RIO BUENO LTDA,,COOPERATIVA RURAL ELECTRICA RIO BUENO LTDA,keep,locked_399_row_manual_review,Kept after review of the locked 399-row folder inventory; row semantics are consistent and no stronger contradictory evidence was found.
SA-00538,EXP-9.2,EXP-9.2,Otros Gastos Riego,file_audit,K-L COPLA 40 MM,,NOTA DE CREDITO COOPERATIVA AGRICOLA Y DE SERVICIOS LTDA,keep,locked_399_row_manual_review,Kept after review of the locked 399-row folder inventory; row semantics are consistent and no stronger contradictory evidence was found.
SA-00539,EXP-9.2,EXP-9.2,Otros Gastos Riego,file_audit,K-L TUBO ALZADOR 40 MM X 800 MM,,FACTURA ELECTRONICA COOPERATIVA AGRICOLA Y DE SERVICIOS LTDA,keep,locked_399_row_manual_review,Kept after review of the locked 399-row folder inventory; row semantics are consistent and no stronger contradictory evidence was found.
SA-00540,EXP-9.2,EXP-9.2,Otros Gastos Riego,file_audit,K-L UNION AMERICANA 40 MM,,FACTURA ELECTRONICA COOPERATIVA AGRICOLA Y DE SERVICIOS LTDA,keep,locked_399_row_manual_review,Kept after review of the locked 399-row folder inventory; row semantics are consistent and no stronger contradictory evidence was found.
SA-00541,EXP-9.2,EXP-9.2,Otros Gastos Riego,file_audit,K-L TOW CAP 40 MM,,FACTURA ELECTRONICA COOPERATIVA AGRICOLA Y DE SERVICIOS LTDA,keep,locked_399_row_manual_review,Kept after review of the locked 399-row folder inventory; row semantics are consistent and no stronger contradictory evidence was found.
SA-00542,EXP-9.2,EXP-9.2,Otros Gastos Riego,file_audit,K-L COPLA 40 MM TERMINAL HE,,FACTURA ELECTRONICA COOPERATIVA AGRICOLA Y DE SERVICIOS LTDA,keep,locked_399_row_manual_review,Kept after review of the locked 399-row folder inventory; row semantics are consistent and no stronger contradictory evidence was found.
SA-00543,EXP-16.1,EXP-16.1,Ropa y Herramientas de Trabajo,file_audit,TRAJE SEAWOLF TECH 340GR T/S NARANJO,,MANUFACTURA DE TELAS SPA,keep,locked_399_row_manual_review,Kept after review of the locked 399-row folder inventory; row semantics are consistent and no stronger contradictory evidence was found.
SA-00544,EXP-16.1,EXP-16.1,Ropa y Herramientas de Trabajo,file_audit,TRAJE SEAWOLF 340 TECH T/M NARANJO,,MANUFACTURA DE TELAS SPA,keep,locked_399_row_manual_review,Kept after review of the locked 399-row folder inventory; row semantics are consistent and no stronger contradictory evidence was found.
SA-00545,EXP-16.1,EXP-16.1,Ropa y Herramientas de Trabajo,file_audit,TRAJE SEAWOLF 340 TECH T/L NARANJO,,MANUFACTURA DE TELAS SPA,keep,locked_399_row_manual_review,Kept after review of the locked 399-row folder inventory; row semantics are consistent and no stronger contradictory evidence was found.
SA-00546,EXP-16.1,EXP-16.1,Ropa y Herramientas de Trabajo,file_audit,TRAJE SEAWOLF TECH 340GR T/XL NARANJO,,MANUFACTURA DE TELAS SPA,keep,locked_399_row_manual_review,Kept after review of the locked 399-row folder inventory; row semantics are consistent and no stronger contradictory evidence was found.
SA-00547,EXP-16.1,EXP-16.1,Ropa y Herramientas de Trabajo,file_audit,TRAJE SEAWOLF 340 TECH T/XXL NARANJO,,MANUFACTURA DE TELAS SPA,keep,locked_399_row_manual_review,Kept after review of the locked 399-row folder inventory; row semantics are consistent and no stronger contradictory evidence was found.
SA-00548,EXP-16.1,EXP-16.1,Ropa y Herramientas de Trabajo,file_audit,FILTRO 3M 60923 MIXTO VAP-ORG- GAS-ACID,,COMERCIALIZADORA DE ART DE PROTECCION Y SEGURIDAD INDUSTRIAL MANQUEHUE LIMITADA,keep,locked_399_row_manual_review,Kept after review of the locked 399-row folder inventory; row semantics are consistent and no stronger contradictory evidence was found.
SA-00549,EXP-16.1,EXP-16.1,Ropa y Herramientas de Trabajo,file_audit,RESPIRADOR 3M 6200 MEDIO ROSTRO T/M,,COMERCIALIZADORA DE ART DE PROTECCION Y SEGURIDAD INDUSTRIAL MANQUEHUE LIMITADA,keep,locked_399_row_manual_review,Kept after review of the locked 399-row folder inventory; row semantics are consistent and no stronger contradictory evidence was found.
SA-00550,EXP-16.1,EXP-13.1,Mantencion Maquinaria,file_audit,A. GADUS S2 V220 2 X,,COOPERATIVA AGRÍCOLA Y LECHERA DE LA UNIÓN LTDA,correct,client_product_family_resolution,Client product rule for the same Gadus grease family overrides the work-clothing folder.
SA-00551,EXP-16.1,EXP-8.1,Pradera Perenne,file_audit,SEMILLA BALLICA NUI IMPORT X,,COOPERATIVA AGRÍCOLA Y LECHERA DE LA UNIÓN LTDA,correct,manual_taxonomy_resolution,NUI is perennial ryegrass seed; it cannot be work clothing or tools.
SA-00553,EXP-16.1,EXP-8.1,Pradera Perenne,file_audit,SEMILLA BALLICA NUI IMPORT X 25 KG,SEMILLA BALLICA NUI IMPORT,COOPERATIVA AGRICOLA Y LECHERA DE LA UNION LTDA.,correct,manual_taxonomy_resolution,NUI is perennial ryegrass seed; it cannot be work clothing or tools.
SA-00554,EXP-16.1,EXP-16.1,Ropa y Herramientas de Trabajo,file_audit,BOTIN NORSEG NS586 PRO CAF 38,,COMERCIALIZADORA DE ART DE PROTECCION Y SEGURIDAD INDUSTRIAL MANQUEHUE LIMITADA,keep,locked_399_row_manual_review,Kept after review of the locked 399-row folder inventory; row semantics are consistent and no stronger contradictory evidence was found.
SA-00555,EXP-16.1,EXP-16.1,Ropa y Herramientas de Trabajo,file_audit,BOTIN NORSEG NS586 PRO CAF 40,,COMERCIALIZADORA DE ART DE PROTECCION Y SEGURIDAD INDUSTRIAL MANQUEHUE LIMITADA,keep,locked_399_row_manual_review,Kept after review of the locked 399-row folder inventory; row semantics are consistent and no stronger contradictory evidence was found.
SA-00556,EXP-16.1,EXP-16.1,Ropa y Herramientas de Trabajo,file_audit,BOTIN NORSEG NS586 PRO CAF 41,,COMERCIALIZADORA DE ART DE PROTECCION Y SEGURIDAD INDUSTRIAL MANQUEHUE LIMITADA,keep,locked_399_row_manual_review,Kept after review of the locked 399-row folder inventory; row semantics are consistent and no stronger contradictory evidence was found.
SA-00557,EXP-16.1,EXP-16.1,Ropa y Herramientas de Trabajo,file_audit,BOTIN NORSEG NS586 PRO CAF 42,,COMERCIALIZADORA DE ART DE PROTECCION Y SEGURIDAD INDUSTRIAL MANQUEHUE LIMITADA,keep,locked_399_row_manual_review,Kept after review of the locked 399-row folder inventory; row semantics are consistent and no stronger contradictory evidence was found.
SA-00558,EXP-16.1,EXP-16.1,Ropa y Herramientas de Trabajo,file_audit,GUANTE CABRITILLA SIN FORRO TIPO A,,COMERCIALIZADORA DE ART DE PROTECCION Y SEGURIDAD INDUSTRIAL MANQUEHUE LIMITADA,keep,locked_399_row_manual_review,Kept after review of the locked 399-row folder inventory; row semantics are consistent and no stronger contradictory evidence was found.
SA-00559,EXP-16.1,EXP-16.1,Ropa y Herramientas de Trabajo,file_audit,Guante Ordea Nitrilo Soflo Bio Largo Talla L (Caja 100u),,SOCIEDAD COMERCIAL SOFLO SPA,keep,locked_399_row_manual_review,Kept after review of the locked 399-row folder inventory; row semantics are consistent and no stronger contradictory evidence was found.
SA-00560,EXP-16.1,EXP-16.1,Ropa y Herramientas de Trabajo,file_audit,Guante Ordea Nitrilo Soflo Bio Largo Talla XL (Caja 100u),,SOCIEDAD COMERCIAL SOFLO SPA,keep,locked_399_row_manual_review,Kept after review of the locked 399-row folder inventory; row semantics are consistent and no stronger contradictory evidence was found.
SA-00561,EXP-16.1,EXP-16.1,Ropa y Herramientas de Trabajo,file_audit,ANTIPARRA K-2 STELLPRO CLARA,,COMERCIALIZADORA DE ART DE PROTECCION Y SEGURIDAD INDUSTRIAL MANQUEHUE LIMITADA,keep,locked_399_row_manual_review,Kept after review of the locked 399-row folder inventory; row semantics are consistent and no stronger contradictory evidence was found.
SA-00562,EXP-16.2,EXP-16.2,Otros Gastos Campo,file_audit,RET.RESID.PAILLACO,SERVICIO REALIZADO EL 26 DE AGOSTO 2025.,SELLO DE RECICLAJE MI GRAN CHILE SPA,keep,locked_399_row_manual_review,Kept after review of the locked 399-row folder inventory; row semantics are consistent and no stronger contradictory evidence was found.
SA-00563,EXP-16.2,EXP-16.2,Otros Gastos Campo,file_audit,Transporte de plstico agrcola para reciclaje,"Fundo Yutreco, Rup 10.3.01.0282",GESTIN AMBIENTAL ECOGEST SPA,keep,locked_399_row_manual_review,Kept after review of the locked 399-row folder inventory; row semantics are consistent and no stronger contradictory evidence was found.
SA-00564,EXP-16.2,EXP-16.2,Otros Gastos Campo,file_audit,RESIDUOS FUNDO RAICES,SERVICIO REALIZADO EL 4 DE JULIO 2025.,SELLO DE RECICLAJE MI GRAN CHILE SPA,keep,locked_399_row_manual_review,Kept after review of the locked 399-row folder inventory; row semantics are consistent and no stronger contradictory evidence was found.
SA-00565,EXP-16.2,EXP-16.2,Otros Gastos Campo,file_audit,Disposicin Residuos Biopeligrosos,Frascos vacos medicamentos Report 8132 04-02-2026 kilos extras (55),GESTIN AMBIENTAL ECOGEST SPA,keep,locked_399_row_manual_review,Kept after review of the locked 399-row folder inventory; row semantics are consistent and no stronger contradictory evidence was found.
SA-00566,EXP-16.2,EXP-16.2,Otros Gastos Campo,file_audit,RESIDUOS FUNDO YUTRECO,SERVICIO REALIZADO EL 12 DE JUNIO 2025.,SELLO DE RECICLAJE MI GRAN CHILE SPA,keep,locked_399_row_manual_review,Kept after review of the locked 399-row folder inventory; row semantics are consistent and no stronger contradictory evidence was found.
SA-00567,EXP-14.1,EXP-14.1,Mantencion Caminos,file_audit,Estabilizado Bajo 2,Reportes relacionados -20837 - 20840. Patente TTGC-74. Pelleco,ANA MARIA VERGARA URIBE,keep,locked_399_row_manual_review,Kept after review of the locked 399-row folder inventory; row semantics are consistent and no stronger contradictory evidence was found.
SA-00568,EXP-14.1,EXP-14.1,Mantencion Caminos,file_audit,Mantencion Caminos - TRANSPORTES PINILLA SPA,,TRANSPORTES PINILLA SPA,keep,locked_399_row_manual_review,Kept after review of the locked 399-row folder inventory; row semantics are consistent and no stronger contradictory evidence was found.
SA-00569,EXP-14.1,EXP-14.1,Mantencion Caminos,file_audit,Mantencion Caminos - PROMAQ SERVICIOS SPA,,PROMAQ SERVICIOS SPA,keep,locked_399_row_manual_review,Kept after review of the locked 399-row folder inventory; row semantics are consistent and no stronger contradictory evidence was found.
SA-00570,EXP-14.1,EXP-14.1,Mantencion Caminos,file_audit,Mantencion Caminos - FACTURA ELECTRÓNICA GEO PARTNER SPA,,FACTURA ELECTRÓNICA GEO PARTNER SPA,keep,locked_399_row_manual_review,Kept after review of the locked 399-row folder inventory; row semantics are consistent and no stronger contradictory evidence was found.
SA-00571,EXP-14.1,EXP-15.4,Arriendo Maquinaria y Vehiculos,file_audit,ARRIENDO CAMION,44 VUELTAS x $20.000.-,JUAN ALBERTO MIRANDA REYES,correct,manual_taxonomy_resolution,"The item explicitly says truck rental; machinery/vehicle rental is EXP-15.4, not road maintenance."
SA-00572,EXP-14.1,EXP-15.4,Arriendo Maquinaria y Vehiculos,file_audit,ARRIENDO EXCAVADORA,"3,9 HRS. x $50.000.-",JUAN ALBERTO MIRANDA REYES,correct,manual_taxonomy_resolution,"The item explicitly says excavator rental; machinery/vehicle rental is EXP-15.4, not road maintenance."
SA-00573,EXP-14.1,EXP-15.4,Arriendo Maquinaria y Vehiculos,file_audit,ARRIENDO MAQUINARIA,EXCAVADORA CHAPILCAHUIN,GEO PARTNER SPA,correct,manual_taxonomy_resolution,"The item explicitly says machinery rental; machinery/vehicle rental is EXP-15.4, not road maintenance."
SA-00574,EXP-14.2,EXP-14.2,Mantencion Cercos,file_audit,"AISLADOR ""W"" 2 CLAVOS S10291B",,COOPERATIVA AGRÍCOLA Y LECHERA DE LA UNIÓN LTDA,keep,locked_399_row_manual_review,Kept after review of the locked 399-row folder inventory; row semantics are consistent and no stronger contradictory evidence was found.
SA-00575,EXP-14.2,EXP-14.2,Mantencion Cercos,file_audit,CLAVOS 4 X 8 X,,COOPERATIVA AGRÍCOLA Y LECHERA DE LA UNIÓN LTDA,keep,locked_399_row_manual_review,Kept after review of the locked 399-row folder inventory; row semantics are consistent and no stronger contradictory evidence was found.
SA-00576,EXP-14.2,EXP-14.2,Mantencion Cercos,file_audit,CORDON BUNGY ROLLO,,COOPERATIVA AGRÍCOLA Y LECHERA DE LA UNIÓN LTDA,keep,locked_399_row_manual_review,Kept after review of the locked 399-row folder inventory; row semantics are consistent and no stronger contradictory evidence was found.
SA-00577,EXP-14.2,EXP-14.2,Mantencion Cercos,file_audit,CLAVOS 2 1/2 X 11 X,,COOPERATIVA AGRÍCOLA Y LECHERA DE LA UNIÓN LTDA,keep,locked_399_row_manual_review,Kept after review of the locked 399-row folder inventory; row semantics are consistent and no stronger contradictory evidence was found.
SA-00578,EXP-14.2,EXP-13.1,Mantencion Maquinaria,file_audit,A. SPIRAX S4 TXM JC X 20 L (968314),A. SPIRAX S4 TXM X 20 L (958708),COOPERATIVA AGRICOLA Y LECHERA DE LA UNION LTDA.,correct,client_product_family_resolution,Client product rule for the same Spirax transmission-oil family overrides the fencing folder.
SA-00579,EXP-14.2,EXP-14.2,Mantencion Cercos,file_audit,AISLADOR W NEGRO X,,COOPERATIVA AGRÍCOLA Y LECHERA DE LA UNIÓN LTDA,keep,locked_399_row_manual_review,Kept after review of the locked 399-row folder inventory; row semantics are consistent and no stronger contradictory evidence was found.
SA-00580,EXP-14.4,EXP-14.4,Mantencion Instalaciones,file_audit,Mantencion Instalaciones - K VIMAR SPA,,K VIMAR SPA,keep,locked_399_row_manual_review,Kept after review of the locked 399-row folder inventory; row semantics are consistent and no stronger contradictory evidence was found.
SA-00581,EXP-14.4,EXP-14.4,Mantencion Instalaciones,file_audit,Mantencion Instalaciones - A&C ELECTRICIDAD LIMITADA,,A&C ELECTRICIDAD LIMITADA,keep,locked_399_row_manual_review,Kept after review of the locked 399-row folder inventory; row semantics are consistent and no stronger contradictory evidence was found.
SA-00582,EXP-14.4,EXP-14.4,Mantencion Instalaciones,file_audit,REPARACIN BAO,CASA BRAMADERO,SERVICIOS DE MANTENCIN DOMICILIARIA NONTUELA SPA,keep,locked_399_row_manual_review,Kept after review of the locked 399-row folder inventory; row semantics are consistent and no stronger contradictory evidence was found.
SA-00583,EXP-14.4,EXP-14.4,Mantencion Instalaciones,file_audit,Mantencion Instalaciones - ANTILLANCA SPA,,ANTILLANCA SPA,keep,locked_399_row_manual_review,Kept after review of the locked 399-row folder inventory; row semantics are consistent and no stronger contradictory evidence was found.
SA-00584,EXP-14.4,EXP-14.4,Mantencion Instalaciones,file_audit,ESM.AGUA SATIN BLANCO 1X5GL,,PINTURAS BARENDS SpA,keep,locked_399_row_manual_review,Kept after review of the locked 399-row folder inventory; row semantics are consistent and no stronger contradictory evidence was found.
SA-00585,EXP-14.4,EXP-14.4,Mantencion Instalaciones,file_audit,RODILLO CHIPORRO NATURAL HELA 18CM,,PINTURAS BARENDS SpA,keep,locked_399_row_manual_review,Kept after review of the locked 399-row folder inventory; row semantics are consistent and no stronger contradictory evidence was found.
SA-00586,EXP-14.4,EXP-14.4,Mantencion Instalaciones,file_audit,"BROCHAS CERDA NATURAL 3""",,PINTURAS BARENDS SpA,keep,locked_399_row_manual_review,Kept after review of the locked 399-row folder inventory; row semantics are consistent and no stronger contradictory evidence was found.
SA-00587,EXP-14.4,EXP-14.4,Mantencion Instalaciones,file_audit,SELLADOR ACRILICO 300ML,,PINTURAS BARENDS SpA,keep,locked_399_row_manual_review,Kept after review of the locked 399-row folder inventory; row semantics are consistent and no stronger contradictory evidence was found.
SA-00588,EXP-14.4,EXP-14.4,Mantencion Instalaciones,file_audit,ESM.AGUA SATIN BLANCO 1GL,,PINTURAS BARENDS SpA,keep,locked_399_row_manual_review,Kept after review of the locked 399-row folder inventory; row semantics are consistent and no stronger contradictory evidence was found.
SA-00589,EXP-14.4,EXP-14.4,Mantencion Instalaciones,file_audit,COLOR PREP. FLEXCRYL S/MUESTRA 1GL,,PINTURAS BARENDS SpA,keep,locked_399_row_manual_review,Kept after review of the locked 399-row folder inventory; row semantics are consistent and no stronger contradictory evidence was found.
SA-00590,EXP-14.4,,,file_audit,NEGRO,,PINTURAS BARENDS SpA,quarantine,locked_399_row_manual_review,Generic colour-only line cannot support a category label.
SA-00591,EXP-14.4,,,file_audit,INSTALACION DE LAVADORA,EN SALA DE ORDEA,SERVICIOS DE MANTENCIN DOMICILIARIA NONTUELA SPA,quarantine,locked_399_row_manual_review,Conflicting prior audits (EXP-10.1 versus EXP-14.4); needs client resolution.
SA-00592,EXP-14.4,EXP-14.4,Mantencion Instalaciones,file_audit,INSTALACIN DE,FOSA SPTICA Y CMARA EN LECHERA.,SERVICIOS DE MANTENCIN DOMICILIARIA NONTUELA SPA,keep,locked_399_row_manual_review,Kept after review of the locked 399-row folder inventory; row semantics are consistent and no stronger contradictory evidence was found.
SA-00593,EXP-14.4,EXP-14.4,Mantencion Instalaciones,file_audit,Trabajos elctricos fundo,Maitn,ALBERTO JESUS LARA GUZMAN,keep,locked_399_row_manual_review,Kept after review of the locked 399-row folder inventory; row semantics are consistent and no stronger contradictory evidence was found.
SA-00594,EXP-14.3,EXP-14.3,Mantencion Agua y Purines,file_audit,"CAERIA NEGRA PN4 2""","CAERIA NEGRA PN4 2""",COOPERATIVA AGRICOLA Y LECHERA DE LA UNION LTDA.,keep,locked_399_row_manual_review,Kept after review of the locked 399-row folder inventory; row semantics are consistent and no stronger contradictory evidence was found.
SA-00595,EXP-14.3,EXP-14.3,Mantencion Agua y Purines,file_audit,"CAERIA NEGRA PN4 3/4""","CAERIA NEGRA PN4 3/4""",COOPERATIVA AGRICOLA Y LECHERA DE LA UNION LTDA.,keep,locked_399_row_manual_review,Kept after review of the locked 399-row folder inventory; row semantics are consistent and no stronger contradictory evidence was found.
SA-00597,EXP-7.0,EXP-7.0,AGROQUIMICOS,file_audit,TORDON 101 X,,COOPERATIVA AGRÍCOLA Y LECHERA DE LA UNIÓN LTDA,keep,locked_399_row_manual_review,Kept after review of the locked 399-row folder inventory; row semantics are consistent and no stronger contradictory evidence was found.
SA-00598,EXP-7.0,EXP-7.0,AGROQUIMICOS,file_audit,STARANE XTRA X,,COOPERATIVA AGRÍCOLA Y LECHERA DE LA UNIÓN LTDA,keep,locked_399_row_manual_review,Kept after review of the locked 399-row folder inventory; row semantics are consistent and no stronger contradictory evidence was found.
SA-00599,EXP-7.0,EXP-7.0,AGROQUIMICOS,file_audit,RANGO FULL X,,COOPERATIVA AGRÍCOLA Y LECHERA DE LA UNIÓN LTDA,keep,locked_399_row_manual_review,Kept after review of the locked 399-row folder inventory; row semantics are consistent and no stronger contradictory evidence was found.
SA-00600,EXP-13.2,EXP-13.2,Mantencion Motos,file_audit,REPARACION MOTO HONDA,"TRX 420, SEGUN OT 1047",MULTIMOTOS OSORNO SPA,keep,locked_399_row_manual_review,Kept after review of the locked 399-row folder inventory; row semantics are consistent and no stronger contradictory evidence was found.
SA-00601,EXP-13.2,EXP-13.2,Mantencion Motos,file_audit,MANTENCION MOTO HONDA,"TRX 250, SEGUN OT 1053",MULTIMOTOS OSORNO SPA,keep,locked_399_row_manual_review,Kept after review of the locked 399-row folder inventory; row semantics are consistent and no stronger contradictory evidence was found.
SA-00602,EXP-13.2,EXP-13.2,Mantencion Motos,file_audit,MANTENCION Y REPARACION,"MOTO HONDA TRX 420, SEGUN OT 1049",MULTIMOTOS OSORNO SPA,keep,locked_399_row_manual_review,Kept after review of the locked 399-row folder inventory; row semantics are consistent and no stronger contradictory evidence was found.
SA-00603,EXP-13.3,EXP-13.3,Mantencion Vehiculos,file_audit,NEUM.265/70 R17 FALKEN -____,____,FEROSOR AGRICOLA S.A.,keep,locked_399_row_manual_review,Kept after review of the locked 399-row folder inventory; row semantics are consistent and no stronger contradictory evidence was found.
SA-00604,EXP-13.3,EXP-13.3,Mantencion Vehiculos,file_audit,Reparar tapa trasera,Camioneta Maxus,SERVIMEC SPA,keep,locked_399_row_manual_review,Kept after review of the locked 399-row folder inventory; row semantics are consistent and no stronger contradictory evidence was found.
SA-00605,EXP-13.3,EXP-13.3,Mantencion Vehiculos,file_audit,S-MD40 CUARTA MANTENCION,A@S-MD40 CUARTA MANTENCION,DIFOR CHILE S.A.,keep,locked_399_row_manual_review,Kept after review of the locked 399-row folder inventory; row semantics are consistent and no stronger contradictory evidence was found.
SA-00606,EXP-13.3,EXP-13.3,Mantencion Vehiculos,file_audit,"SCO-MO REVISAR RUIDO EN LAS PUERTAS Y GOMAS, AL","A@SCO-MO REVISAR RUIDO EN LAS PUERTAS Y GOMAS, AL",DIFOR CHILE S.A.,keep,locked_399_row_manual_review,Kept after review of the locked 399-row folder inventory; row semantics are consistent and no stronger contradictory evidence was found.
SA-00607,EXP-13.3,,,file_audit,--------------------------Valores Netos con Descto. Incluido--------------------,A@--------------------------Valores Netos con Descto. Incluido--------------------,DIFOR CHILE S.A.,quarantine,locked_399_row_manual_review,"Invoice separator/header, not a bought item."
SA-00608,EXP-13.3,,,file_audit,MO elec Mec Repuestos Accesorios Servicios LubricacionTrabajos Fue,AUTO2@MO elec Mec Repuestos Accesorios Servicios LubricacionTrabajos Fue,DIFOR CHILE S.A.,quarantine,locked_399_row_manual_review,"Printed invoice column header, not a bought item."
SA-00609,EXP-13.3,,,file_audit,VIM : undefined,2@VIM : undefined,DIFOR CHILE S.A.,quarantine,locked_399_row_manual_review,"Invoice software placeholder, not a bought item."
SA-00610,EXP-13.3,,,file_audit,Taller Ford Osorno.,2@Taller Ford Osorno.,DIFOR CHILE S.A.,quarantine,locked_399_row_manual_review,"Workshop heading, not a bought item."
SA-00611,EXP-13.3,,,file_audit,RECUERDE PROGRAMAR SU PROXIMA VISITA A SERVICIO AL NUMERO : 600 262 05 55.,2@RECUERDE PROGRAMAR SU PROXIMA VISITA A SERVICIO AL NUMERO : 600 262 05 55.,DIFOR CHILE S.A.,quarantine,locked_399_row_manual_review,"Service reminder, not a bought item."
SA-00612,EXP-13.3,EXP-13.3,Mantencion Vehiculos,file_audit,- Revision Tecnica Automovil particular camioneta GFTR73,,REVISIONES LOS LAGOS LTDA.,keep,locked_399_row_manual_review,Kept after review of the locked 399-row folder inventory; row semantics are consistent and no stronger contradictory evidence was found.
SA-00613,EXP-13.3,EXP-13.3,Mantencion Vehiculos,file_audit,S-MD10 PRIMERA MANTENCION,A@S-MD10 PRIMERA MANTENCION,DIFOR CHILE S.A.,keep,locked_399_row_manual_review,Kept after review of the locked 399-row folder inventory; row semantics are consistent and no stronger contradictory evidence was found.
SA-00614,EXP-13.3,EXP-13.3,Mantencion Vehiculos,file_audit,"SCO-MO REVISAR RUIDO TIPO ZUMBIDO, AL TRANSITAR","A@SCO-MO REVISAR RUIDO TIPO ZUMBIDO, AL TRANSITAR",DIFOR CHILE S.A.,keep,locked_399_row_manual_review,Kept after review of the locked 399-row folder inventory; row semantics are consistent and no stronger contradictory evidence was found.
SA-00615,EXP-13.3,EXP-13.3,Mantencion Vehiculos,file_audit,SCO-MO EN DESACELERACION LA CAMIONETA VA ZUMBA,A@SCO-MO EN DESACELERACION LA CAMIONETA VA ZUMBA,DIFOR CHILE S.A.,keep,locked_399_row_manual_review,Kept after review of the locked 399-row folder inventory; row semantics are consistent and no stronger contradictory evidence was found.
SA-00616,EXP-13.3,EXP-13.3,Mantencion Vehiculos,file_audit,SCO-MO PORFAVOR QUE EL WSP DEJE ESCUCHAR LOS A,A@SCO-MO PORFAVOR QUE EL WSP DEJE ESCUCHAR LOS A,DIFOR CHILE S.A.,keep,locked_399_row_manual_review,Kept after review of the locked 399-row folder inventory; row semantics are consistent and no stronger contradictory evidence was found.
SA-00617,EXP-13.3,EXP-13.3,Mantencion Vehiculos,file_audit,"SCO-MO LAVADO, MANTENCION 110.000KMS","A@SCO-MO LAVADO, MANTENCION 110.000KMS",DIFOR CHILE S.A.,keep,locked_399_row_manual_review,Kept after review of the locked 399-row folder inventory; row semantics are consistent and no stronger contradictory evidence was found.
SA-00618,EXP-13.3,EXP-13.3,Mantencion Vehiculos,file_audit,cambio filtro aire,cambio filtro petroleo cambio filtro aceite cambio filtro polen cambio correa cambio frenos traseros alineacion balanceo cambio perno rueda ford ranger psss88,SERVIMEC SPA,keep,locked_399_row_manual_review,Kept after review of the locked 399-row folder inventory; row semantics are consistent and no stronger contradictory evidence was found.
SA-00619,EXP-13.3,EXP-13.3,Mantencion Vehiculos,file_audit,- Revision Tecnica Automovil particular camioneta TJXC63,,REVISIONES LOS LAGOS LTDA.,keep,locked_399_row_manual_review,Kept after review of the locked 399-row folder inventory; row semantics are consistent and no stronger contradictory evidence was found.
SA-00620,EXP-13.3,EXP-13.3,Mantencion Vehiculos,file_audit,- Revision Tecnica Automovil particular camioneta PSSS88,,REVISIONES LOS LAGOS LTDA.,keep,locked_399_row_manual_review,Kept after review of the locked 399-row folder inventory; row semantics are consistent and no stronger contradictory evidence was found.
SA-00621,EXP-13.3,EXP-13.3,Mantencion Vehiculos,file_audit,Cambio manguera turbo,Camioneta.,SERVIMEC SPA,keep,locked_399_row_manual_review,Kept after review of the locked 399-row folder inventory; row semantics are consistent and no stronger contradictory evidence was found.
SA-00622,EXP-13.3,EXP-13.3,Mantencion Vehiculos,file_audit,- Revision Tecnica Automovil particular camioneta TBFK28,,REVISIONES LOS LAGOS LTDA.,keep,locked_399_row_manual_review,Kept after review of the locked 399-row folder inventory; row semantics are consistent and no stronger contradictory evidence was found.
SA-00624,EXP-13.1,EXP-13.1,Mantencion Maquinaria,file_audit,CRT Clase A2 Tractor Placa:LJKL61,,TUV Rheinland Andino S.A,keep,locked_399_row_manual_review,Kept after review of the locked 399-row folder inventory; row semantics are consistent and no stronger contradictory evidence was found.
SA-00625,EXP-13.1,EXP-2.6,Otros Gastos Salud Animal,file_audit,FORMALINA X,,COOPERATIVA AGRÍCOLA Y LECHERA DE LA UNIÓN LTDA,correct,client_product_family_resolution,Client FORMALINA product examples override the machinery-maintenance folder.
SA-00626,EXP-13.1,EXP-2.6,Otros Gastos Salud Animal,file_audit,PINTURA CELO TELL TAIL AZUL,,COOPERATIVA AGRÍCOLA Y LECHERA DE LA UNIÓN LTDA,correct,client_product_family_resolution,Client row-level Tell Tail animal-marking paint rules override the unrelated invoice folder.
SA-00627,EXP-13.1,EXP-2.6,Otros Gastos Salud Animal,file_audit,PINTURA CELO TELL TAIL ROJO,,COOPERATIVA AGRÍCOLA Y LECHERA DE LA UNIÓN LTDA,correct,client_product_family_resolution,Client row-level Tell Tail animal-marking paint rules override the unrelated invoice folder.
SA-00628,EXP-13.1,EXP-2.6,Otros Gastos Salud Animal,file_audit,PINTURA CELO TELL TAIL VERDE,,COOPERATIVA AGRÍCOLA Y LECHERA DE LA UNIÓN LTDA,correct,client_product_family_resolution,Client row-level Tell Tail animal-marking paint rules override the unrelated invoice folder.
SA-00629,EXP-13.1,EXP-2.6,Otros Gastos Salud Animal,file_audit,TACO DE MADERA X,,COOPERATIVA AGRÍCOLA Y LECHERA DE LA UNIÓN LTDA,correct,client_product_family_resolution,Client wooden hoof-block product example overrides the machinery-maintenance folder.
SA-00630,EXP-13.1,EXP-13.1,Mantencion Maquinaria,file_audit,CRT Clase A2 Tractor Placa:VFHT86,,TUV Rheinland Andino S.A,keep,locked_399_row_manual_review,Kept after review of the locked 399-row folder inventory; row semantics are consistent and no stronger contradictory evidence was found.
SA-00631,EXP-13.1,EXP-13.1,Mantencion Maquinaria,file_audit,- Revision Tecnica Maquinaria automotriz VPSJ99,,REVISIONES LOS LAGOS LTDA.,keep,locked_399_row_manual_review,Kept after review of the locked 399-row folder inventory; row semantics are consistent and no stronger contradictory evidence was found.
SA-00632,EXP-11.5,EXP-11.5,Gas,file_audit,Gas - ANTILLANCA SPA,,ANTILLANCA SPA,keep,locked_399_row_manual_review,Kept after review of the locked 399-row folder inventory; row semantics are consistent and no stronger contradictory evidence was found.
SA-00633,EXP-11.3,EXP-11.3,Petroleo,file_audit,PETROLEO DIESEL ULTRA,,COOPERATIVA AGRICOLA Y LECHERA DE LA UNI,keep,locked_399_row_manual_review,Kept after review of the locked 399-row folder inventory; row semantics are consistent and no stronger contradictory evidence was found.
SA-00634,EXP-11.3,EXP-11.3,Petroleo,file_audit,Petroleo - COOPERATIVA AGRÍCOLA Y LECHERA DE LA UNIÓN LTDA,,COOPERATIVA AGRÍCOLA Y LECHERA DE LA UNIÓN LTDA,keep,locked_399_row_manual_review,Kept after review of the locked 399-row folder inventory; row semantics are consistent and no stronger contradictory evidence was found.
SA-00635,EXP-11.1,EXP-11.1,Electricidad Lecheria,file_audit,Electricidad Lecheria - COOPERATIVA ELECTRICA PAILLACO LTDA,,COOPERATIVA ELECTRICA PAILLACO LTDA,keep,locked_399_row_manual_review,Kept after review of the locked 399-row folder inventory; row semantics are consistent and no stronger contradictory evidence was found.
SA-00636,EXP-11.1,EXP-11.1,Electricidad Lecheria,file_audit,Electricidad Lecheria - NTILLANCA S.A.,,NTILLANCA S.A.,keep,locked_399_row_manual_review,Kept after review of the locked 399-row folder inventory; row semantics are consistent and no stronger contradictory evidence was found.
SA-00637,EXP-11.1,EXP-11.1,Electricidad Lecheria,file_audit,Electricidad Lecheria - COOPERATIVA RURAL ELECTRICA RIO BUENO LTDA,,COOPERATIVA RURAL ELECTRICA RIO BUENO LTDA,keep,locked_399_row_manual_review,Kept after review of the locked 399-row folder inventory; row semantics are consistent and no stronger contradictory evidence was found.
SA-00638,EXP-11.2,EXP-11.2,Electricidad Casas e Instalaciones,file_audit,Electricidad Casas e Instalaciones - COOPERATIVA ELECTRICA PAILLACO LTDA,,COOPERATIVA ELECTRICA PAILLACO LTDA,keep,locked_399_row_manual_review,Kept after review of the locked 399-row folder inventory; row semantics are consistent and no stronger contradictory evidence was found.
SA-00639,ADM-2.2,ADM-2.2,Seguros Trabajadores,file_audit,Seguros Trabajadores,,,keep,locked_399_row_manual_review,Kept after review of the locked 399-row folder inventory; row semantics are consistent and no stronger contradictory evidence was found.
SA-00640,ADM-2.1,ADM-2.1,Seguros Vehiculos,file_audit,Ramo VEHICULO - Ex Liberty / Pliza 61989538 tem 1 Cuota 1,21621,HDI SEGUROS S.A.,keep,locked_399_row_manual_review,Kept after review of the locked 399-row folder inventory; row semantics are consistent and no stronger contradictory evidence was found.
SA-00641,ADM-2.1,ADM-2.1,Seguros Vehiculos,file_audit,Ramo VEHICULOS MOTORIZADOS - HDI/ Poliza 586507 Item 1,,HDI SEGUROS S.A.,keep,locked_399_row_manual_review,Kept after review of the locked 399-row folder inventory; row semantics are consistent and no stronger contradictory evidence was found.
SA-00642,ADM-2.1,ADM-2.1,Seguros Vehiculos,file_audit,Ramo VEHICULOS MOTORIZADOS - HDI/ Poliza 586507 Item 2,,HDI SEGUROS S.A.,keep,locked_399_row_manual_review,Kept after review of the locked 399-row folder inventory; row semantics are consistent and no stronger contradictory evidence was found.
SA-00643,ADM-2.1,ADM-2.1,Seguros Vehiculos,file_audit,Ramo VEHICULOS MOTORIZADOS - HDI/ Poliza 586507 Item 3,,HDI SEGUROS S.A.,keep,locked_399_row_manual_review,Kept after review of the locked 399-row folder inventory; row semantics are consistent and no stronger contradictory evidence was found.
SA-00644,ADM-2.1,ADM-2.1,Seguros Vehiculos,file_audit,Ramo VEHICULOS MOTORIZADOS - HDI/ Poliza 586507 Item 4,,HDI SEGUROS S.A.,keep,locked_399_row_manual_review,Kept after review of the locked 399-row folder inventory; row semantics are consistent and no stronger contradictory evidence was found.
SA-00645,ADM-2.1,ADM-2.1,Seguros Vehiculos,file_audit,Ramo VEHICULOS MOTORIZADOS - HDI/ Poliza 586507 Item 5,,HDI SEGUROS S.A.,keep,locked_399_row_manual_review,Kept after review of the locked 399-row folder inventory; row semantics are consistent and no stronger contradictory evidence was found.
SA-00646,ADM-2.1,ADM-2.1,Seguros Vehiculos,file_audit,Seguros Vehiculos - ANTILLANCA SPA,,ANTILLANCA SPA,keep,locked_399_row_manual_review,Kept after review of the locked 399-row folder inventory; row semantics are consistent and no stronger contradictory evidence was found.
SA-00647,ADM-2.1,ADM-2.1,Seguros Vehiculos,file_audit,Seguros Vehiculos,,,keep,locked_399_row_manual_review,Kept after review of the locked 399-row folder inventory; row semantics are consistent and no stronger contradictory evidence was found.
SA-00648,ADM-1.8,ADM-1.8,Asesoria Contable,file_audit,ASESORIA CONTABLE,Periodo Junio de 2026,AUDITAX SPA,keep,locked_399_row_manual_review,Kept after review of the locked 399-row folder inventory; row semantics are consistent and no stronger contradictory evidence was found.
SA-00649,ADM-1.5,ADM-1.5,Colacion y Alojamiento,file_audit,Habitaciones ( 1),,TALBOT HOTELS S A,keep,locked_399_row_manual_review,Kept after review of the locked 399-row folder inventory; row semantics are consistent and no stronger contradictory evidence was found.
SA-00650,ADM-1.5,ADM-1.5,Colacion y Alojamiento,file_audit,ALMUERZOS,,MINERVA RUTH ARELLANO VASQUEZ,keep,locked_399_row_manual_review,Kept after review of the locked 399-row folder inventory; row semantics are consistent and no stronger contradictory evidence was found.
SA-00651,ADM-1.4,ADM-1.4,Movilizacion,file_audit,Recarga de Prepagos,,Ruta de los Rios Sociedad Concesionaria S.A.,keep,locked_399_row_manual_review,Kept after review of the locked 399-row folder inventory; row semantics are consistent and no stronger contradictory evidence was found.
SA-00652,ADM-1.4,,,file_audit,DETALLE,GASOLINA NU 1203| 81.390|L,COPEC S.A.,quarantine,locked_399_row_manual_review,COPEC gasoline is not proven to be administration fuel by the provider-specific client example for Paola Uslar.
SA-00653,ADM-1.4,ADM-1.4,Movilizacion,file_audit,Movilizacion - CHILLAN S.A.,,CHILLAN S.A.,keep,locked_399_row_manual_review,Kept after review of the locked 399-row folder inventory; row semantics are consistent and no stronger contradictory evidence was found.
SA-00654,ADM-1.4,ADM-1.4,Movilizacion,file_audit,93 S/P,,ESTACIONES DE SERVICIO PAOLA USLAR MOLINA E.I.R.L.,keep,locked_399_row_manual_review,Kept after review of the locked 399-row folder inventory; row semantics are consistent and no stronger contradictory evidence was found.
SA-00655,ADM-1.4,ADM-1.4,Movilizacion,file_audit,Movilizacion - ESTACIONES DE SERVICIO PAOLA USLAR MOLINA E.I.R.L,,ESTACIONES DE SERVICIO PAOLA USLAR MOLINA E.I.R.L,keep,locked_399_row_manual_review,Kept after review of the locked 399-row folder inventory; row semantics are consistent and no stronger contradictory evidence was found.
SA-00656,ADM-1.2,ADM-1.2,Comunicaciones e Internet,file_audit,Programacin Principal,,DIRECTV Chile Televisión Limitada,keep,locked_399_row_manual_review,Kept after review of the locked 399-row folder inventory; row semantics are consistent and no stronger contradictory evidence was found.
SA-00657,ADM-1.2,ADM-1.2,Comunicaciones e Internet,file_audit,Programacin Premiums,,DIRECTV Chile Televisión Limitada,keep,locked_399_row_manual_review,Kept after review of the locked 399-row folder inventory; row semantics are consistent and no stronger contradictory evidence was found.
SA-00658,ADM-1.2,ADM-1.2,Comunicaciones e Internet,file_audit,Decodificadores Adicionales,,DIRECTV Chile Televisión Limitada,keep,locked_399_row_manual_review,Kept after review of the locked 399-row folder inventory; row semantics are consistent and no stronger contradictory evidence was found.
SA-00659,ADM-1.2,ADM-1.2,Comunicaciones e Internet,file_audit,Comunicaciones e Internet - STARLINK CHILE SPA,,STARLINK CHILE SPA,keep,locked_399_row_manual_review,Kept after review of the locked 399-row folder inventory; row semantics are consistent and no stronger contradictory evidence was found.
SA-00660,ADM-1.7,ADM-1.7,Otros Gastos Administracion,file_audit,MONITOREO MES DE 06/2026 CONTRATO 1731305,,VERISURE CHILE SPA,keep,locked_399_row_manual_review,Kept after review of the locked 399-row folder inventory; row semantics are consistent and no stronger contradictory evidence was found.
SA-00661,ADM-1.2,ADM-1.2,Comunicaciones e Internet,file_audit,Comunicaciones e Internet - ANTILLANCA SPA,,ANTILLANCA SPA,keep,locked_399_row_manual_review,Kept after review of the locked 399-row folder inventory; row semantics are consistent and no stronger contradictory evidence was found.
SA-00662,ADM-1.7,ADM-1.7,Otros Gastos Administracion,file_audit,MONITOREO MES DE 06/2026 CONTRATO 1731275,,VERISURE CHILE SPA,keep,locked_399_row_manual_review,Kept after review of the locked 399-row folder inventory; row semantics are consistent and no stronger contradictory evidence was found.
SA-00663,ADM-1.2,ADM-1.2,Comunicaciones e Internet,file_audit,Cargo Fijo BAM,,Telefnica Mviles Chile S.A.,keep,locked_399_row_manual_review,Kept after review of the locked 399-row folder inventory; row semantics are consistent and no stronger contradictory evidence was found.
SA-00664,ADM-1.6,ADM-1.6,Utiles y gastos de oficina.,file_audit,LIMPIAPISOS LAVANDA 5L KLEINE,,SODIMAC S.A.,keep,locked_399_row_manual_review,Kept after review of the locked 399-row folder inventory; row semantics are consistent and no stronger contradictory evidence was found.
SA-00665,ADM-1.6,ADM-1.6,Utiles y gastos de oficina.,file_audit,MOPA MICROFIBRA SIN CABO RAYAS,,SODIMAC S.A.,keep,locked_399_row_manual_review,Kept after review of the locked 399-row folder inventory; row semantics are consistent and no stronger contradictory evidence was found.
SA-00666,ADM-1.6,ADM-1.6,Utiles y gastos de oficina.,file_audit,CABO ACERO INOX EXT 120CM CUN0,,SODIMAC S.A.,keep,locked_399_row_manual_review,Kept after review of the locked 399-row folder inventory; row semantics are consistent and no stronger contradictory evidence was found.
SA-00667,ADM-1.6,ADM-1.6,Utiles y gastos de oficina.,file_audit,DEO AMB ELECT VAINILLA+REP GLADE 21 ML,1.0 x 1 UN $7090 Bruto/$5958.0 Neto,RENDIC HERMANOS S.A.,keep,locked_399_row_manual_review,Kept after review of the locked 399-row folder inventory; row semantics are consistent and no stronger contradictory evidence was found.
SA-00668,ADM-1.6,ADM-1.6,Utiles y gastos de oficina.,file_audit,CLORO TRADICIONAL CLORINDA 4 LT,2.0 x 1 UN $4450 Bruto/$3739.5 Neto,RENDIC HERMANOS S.A.,keep,locked_399_row_manual_review,Kept after review of the locked 399-row folder inventory; row semantics are consistent and no stronger contradictory evidence was found.
SA-00669,ADM-1.6,ADM-1.6,Utiles y gastos de oficina.,file_audit,"CLORO GEL CIF 800 ML, TRADICIONAL",3.0 x 1 UN $2390 Bruto/$2008.3333 Neto,RENDIC HERMANOS S.A.,keep,locked_399_row_manual_review,Kept after review of the locked 399-row folder inventory; row semantics are consistent and no stronger contradictory evidence was found.
SA-00670,ADM-1.6,ADM-1.6,Utiles y gastos de oficina.,file_audit,"LIMP MULT CR C MICROP CIF 750GR, LIMON",3.0 x 1 UN $3090 Bruto/$2596.6667 Neto,RENDIC HERMANOS S.A.,keep,locked_399_row_manual_review,Kept after review of the locked 399-row folder inventory; row semantics are consistent and no stronger contradictory evidence was found.
SA-00671,ADM-1.6,ADM-1.6,Utiles y gastos de oficina.,file_audit,PASTILLA P ESTANQUE SMART CLEAN 2X50 GR,1.0 x 1 UN $2850 Bruto/$2395.0 Neto,RENDIC HERMANOS S.A.,keep,locked_399_row_manual_review,Kept after review of the locked 399-row folder inventory; row semantics are consistent and no stronger contradictory evidence was found.
SA-00672,ADM-1.6,,,file_audit,AZUCAR GRANULADA IANSA 1 KG,4.0 x 1 UN $1450 Bruto/$1218.5 Neto,RENDIC HERMANOS S.A.,quarantine,locked_399_row_manual_review,Food line is ambiguous between administration refreshments and staff benefit.
SA-00673,ADM-1.6,ADM-1.6,Utiles y gastos de oficina.,file_audit,PANO MULTIUSO ULTRA VIRUTEX 3 UN,4.0 x 1 UN $3690 Bruto/$3100.75 Neto,RENDIC HERMANOS S.A.,keep,locked_399_row_manual_review,Kept after review of the locked 399-row folder inventory; row semantics are consistent and no stronger contradictory evidence was found.
SA-00674,ADM-1.6,ADM-1.6,Utiles y gastos de oficina.,file_audit,PAPEL HIG ULTRA DH ELITE 40MTX18,2.0 x 1 UN $19290 Bruto/$16210.0 Neto,RENDIC HERMANOS S.A.,keep,locked_399_row_manual_review,Kept after review of the locked 399-row folder inventory; row semantics are consistent and no stronger contradictory evidence was found.
SA-00675,ADM-1.6,,,file_audit,"GALLETA DONUTS COSTA 100 GR, BITTER",2.0 x 1 UN $1340 Bruto/$1126.5 Neto,RENDIC HERMANOS S.A.,quarantine,locked_399_row_manual_review,Food line is ambiguous between administration refreshments and staff benefit.
SA-00676,ADM-1.6,,,file_audit,"GALLETA TUAREG COSTA 120 GR, ORIGINAL",2.0 x 1 UN $720 Bruto/$605.0 Neto,RENDIC HERMANOS S.A.,quarantine,locked_399_row_manual_review,Food line is ambiguous between administration refreshments and staff benefit.
SA-00677,ADM-1.6,,,file_audit,GALLETA GRETEL PIE DE LIMON COSTA 85 GR,2.0 x 1 UN $1390 Bruto/$1168.0 Neto,RENDIC HERMANOS S.A.,quarantine,locked_399_row_manual_review,Food line is ambiguous between administration refreshments and staff benefit.
SA-00678,ADM-1.6,,,file_audit,GALLETA CHAMPANA GULLON 200 GR,1.0 x 1 UN $2890 Bruto/$2429.0 Neto,RENDIC HERMANOS S.A.,quarantine,locked_399_row_manual_review,Food line is ambiguous between administration refreshments and staff benefit.
SA-00679,ADM-1.6,,,file_audit,GALLETA CHAMPANA ORIGINAL TENTO 100 GR,1.0 x 1 UN $1190 Bruto/$1000.0 Neto,RENDIC HERMANOS S.A.,quarantine,locked_399_row_manual_review,Food line is ambiguous between administration refreshments and staff benefit.
SA-00680,ADM-1.6,ADM-1.6,Utiles y gastos de oficina.,file_audit,BOLSA REUTILIZABLE ALGODON GRANDE DKORA,1.0 x 1 UN $1890 Bruto/$1588.0 Neto,RENDIC HERMANOS S.A.,keep,locked_399_row_manual_review,Kept after review of the locked 399-row folder inventory; row semantics are consistent and no stronger contradictory evidence was found.
SA-00681,ADM-1.6,,,file_audit,"GALLETA COSTA 125 GR, CHOCO CHIPS",2.0 x 1 UN $950 Bruto/$798.5 Neto,RENDIC HERMANOS S.A.,quarantine,locked_399_row_manual_review,Food line is ambiguous between administration refreshments and staff benefit.
SA-00682,ADM-1.6,ADM-1.6,Utiles y gastos de oficina.,file_audit,TONER ORIGINAL TN860XL MARCA BROTHER CON UN 5 0 DESCUENTO,TONER ORIGINAL TN860XL MARCA BROTHER,COMERCIAL V A M OFFICES SUPPLIES LIMITADA,keep,locked_399_row_manual_review,Kept after review of the locked 399-row folder inventory; row semantics are consistent and no stronger contradictory evidence was found.
SA-00683,ADM-1.6,ADM-1.6,Utiles y gastos de oficina.,file_audit,DESPACHO DE PRODUCTOS DESPACHO X BLUE EXPRESS REGIONES 1 A 5 DIAS HABILES POSTER,DESPACHO DE PRODUCTOS DESPACHO X BLUE EXPRESS REGIONES 1 A 5 DIAS HABILES POSTERIORES A TU COMPRA ZONAS EXTREMAS 3 A 10 DIAS HABILES POSTERIORES A TU COMPRA,COMERCIAL V A M OFFICES SUPPLIES LIMITADA,keep,locked_399_row_manual_review,Kept after review of the locked 399-row folder inventory; row semantics are consistent and no stronger contradictory evidence was found.
SA-00684,ADM-1.3,ADM-1.3,Arriendo Oficina,file_audit,Arriendo mayo 26,,ADDVISE SPA,keep,locked_399_row_manual_review,Kept after review of the locked 399-row folder inventory; row semantics are consistent and no stronger contradictory evidence was found.
SA-00685,ADM-1.3,ADM-1.3,Arriendo Oficina,file_audit,Arriendo junio 26,,ADDVISE SPA,keep,locked_399_row_manual_review,Kept after review of the locked 399-row folder inventory; row semantics are consistent and no stronger contradictory evidence was found.
SA-00686,ADM-1.7,ADM-1.7,Otros Gastos Administracion,file_audit,TRANSPORTE DE CARGA Y ENCOMIENDA: 271901924,,Kaudat SpA,keep,locked_399_row_manual_review,Kept after review of the locked 399-row folder inventory; row semantics are consistent and no stronger contradictory evidence was found.
SA-00687,ADM-1.10,ADM-1.10,Otros Servicios y Asesorias,file_audit,CRECE ANUAL,20% DCTO PARTNER PROMOTOR NIVEL ENTRANTE - OREGON CONSULTING,CHIPAX SPA,keep,locked_399_row_manual_review,Kept after review of the locked 399-row folder inventory; row semantics are consistent and no stronger contradictory evidence was found.
SA-00688,ADM-1.10,ADM-1.10,Otros Servicios y Asesorias,file_audit,Serv. Tcnico,"Servicio de habilitacin, configuracin y preparacin de equipos computacionales asociados a los usuarios Javier Muoz y Pilar Lobos. Incluye mano de obra, instalacin de software y repuestos utilizados.",SERVICIOS Y SOLUCIONES LINKEDTIC SPA,keep,locked_399_row_manual_review,Kept after review of the locked 399-row folder inventory; row semantics are consistent and no stronger contradictory evidence was found.
SA-00689,EXP-13.2,EXP-13.2,Mantencion Motos,file_audit,MANTENCION MOTO,"HONDA TRX 420, TINEO, SEGUN OT 580",MULTIMOTOS OSORNO SPA,keep,locked_399_row_manual_review,Kept after review of the locked 399-row folder inventory; row semantics are consistent and no stronger contradictory evidence was found.
SA-00690,EXP-13.3,EXP-13.3,Mantencion Vehiculos,file_audit,S-MD50 QUINTA MANTENCION,A@S-MD50 QUINTA MANTENCION,DIFOR CHILE S.A.,keep,locked_399_row_manual_review,Kept after review of the locked 399-row folder inventory; row semantics are consistent and no stronger contradictory evidence was found.
SA-00699,EXP-15.3,EXP-15.3,Fletes,file_audit,Flete de Fdo. Yutreco a,Feria 26.09,EDGARDO EDMUNDO MANCILLA CARRION,keep,locked_399_row_manual_review,Kept after review of the locked 399-row folder inventory; row semantics are consistent and no stronger contradictory evidence was found.
SA-00701,EXP-12.1,EXP-12.1,Analisis Suelo y forraje,file_audit,muest.Suelo Fdo.Pelleco,,JAVIER ARIEL SILVA VERA,keep,locked_399_row_manual_review,Kept after review of the locked 399-row folder inventory; row semantics are consistent and no stronger contradictory evidence was found.
SA-00703,EXP-4.2,EXP-4.2,Bolos Silo,file_audit,CONFECCIN BOLOS PRADERA,CONFECCIN bolos 196 totales,SERVICIOS AGRICOLAS CORPAL SPA,keep,locked_399_row_manual_review,Kept after review of the locked 399-row folder inventory; row semantics are consistent and no stronger contradictory evidence was found.
SA-00704,EXP-15.3,EXP-4.2,Bolos Silo,file_audit,Flete,Traslado de bolos de silo desde el sector las Quemas hasta el fundo el Maiten,"SERVICIOS, COMERCIAL, AGRICOLA Y FORESTAL MORALES OPITZ SPA",correct,direct_client_family_resolution,Description explicitly says transport of silage bales; client evidence and taxonomy put incidental bale transport in EXP-4.2.
SA-00705,EXP-4.3,EXP-4.3,Bolos Heno,file_audit,BOLOS PAJA PLASTIFICADO,88 bolos de paja confeccin malla y cinta,SERVICIOS AGRICOLAS CORPAL SPA,keep,locked_399_row_manual_review,Kept after review of the locked 399-row folder inventory; row semantics are consistent and no stronger contradictory evidence was found.
SA-00706,EXP-4.3,,,file_audit,TRASLADO BOLOS CORTE ALTO,Distancia 112km viaje dos vueltas camin con carro,SERVICIOS AGRICOLAS CORPAL SPA,quarantine,locked_399_row_manual_review,Bale transport line does not identify silo versus hay and cannot safely choose EXP-4.2 or EXP-4.3.
SA-00707,EXP-9.2,,,file_audit,HI PLANZA 11/2,,RICARDO FRANCISCO WULFF MULLER,quarantine,locked_399_row_manual_review,Abbreviated generic hardware line is insufficient to prove irrigation use.
SA-00708,EXP-9.2,,,file_audit,ABRAZADERAS MET,,RICARDO FRANCISCO WULFF MULLER,quarantine,locked_399_row_manual_review,Generic metal clamps are insufficient to prove irrigation use.
SA-00710,EXP-9.1,,,file_audit,"Cargo mensual por demanda mxima leida de potencia en horas de punta ( 0,040 )",,COOPERATIVA ELECTRICA PAILLACO LIMITADA,quarantine,locked_399_row_manual_review,Generic electricity charge requires the invoice meter ID; folder label must not train the text model.
SA-00711,EXP-9.1,,,file_audit,"Cargo mensual por D. Max de potencia suministrada ( 56,860 )",,COOPERATIVA ELECTRICA PAILLACO LIMITADA,quarantine,locked_399_row_manual_review,Generic electricity charge requires the invoice meter ID; folder label must not train the text model.
SA-00716,EXP-14.4,EXP-14.4,Mantencion Instalaciones,file_audit,INSTALACION,ELETRICA BODEGA,ALBERTO JESUS LARA GUZMAN,keep,locked_399_row_manual_review,Kept after review of the locked 399-row folder inventory; row semantics are consistent and no stronger contradictory evidence was found.
SA-00720,EXP-7.0,EXP-7.0,AGROQUIMICOS,file_audit,PRESIDE 80 WP X 300 GRS.,PRESIDE 80 WP,COOPERATIVA AGRICOLA Y LECHERA DE LA UNION LTDA.,keep,locked_399_row_manual_review,Kept after review of the locked 399-row folder inventory; row semantics are consistent and no stronger contradictory evidence was found.
SA-00722,EXP-11.1,,,file_audit,Electricidad consumida 8640 KwH,,COOPERATIVA RURAL ELECT.R.BUENO LTDA.,quarantine,locked_399_row_manual_review,Generic electricity charge requires the invoice meter ID; folder label must not train the text model.
SA-00723,EXP-11.1,,,file_audit,Demanda maxima potencia leida 24.0 x $ 29050.541666666668,,COOPERATIVA RURAL ELECT.R.BUENO LTDA.,quarantine,locked_399_row_manual_review,Generic electricity charge requires the invoice meter ID; folder label must not train the text model.
SA-00724,EXP-11.1,,,file_audit,Demanda maxima suministrada 39.21 x $ 18186.99311400153,,COOPERATIVA RURAL ELECT.R.BUENO LTDA.,quarantine,locked_399_row_manual_review,Generic electricity charge requires the invoice meter ID; folder label must not train the text model.
SA-00725,EXP-11.1,,,file_audit,Perdida por transformacion,,COOPERATIVA RURAL ELECT.R.BUENO LTDA.,quarantine,locked_399_row_manual_review,Generic electricity charge requires the invoice meter ID; folder label must not train the text model.
SA-00726,EXP-11.1,,,file_audit,Uso del sistema de transmision,,COOPERATIVA RURAL ELECT.R.BUENO LTDA.,quarantine,locked_399_row_manual_review,Generic electricity charge requires the invoice meter ID; folder label must not train the text model.
SA-00727,EXP-11.1,,,file_audit,(R.M.E.),,COOPERATIVA RURAL ELECT.R.BUENO LTDA.,quarantine,locked_399_row_manual_review,Generic electricity charge requires the invoice meter ID; folder label must not train the text model.
SA-00728,EXP-11.1,,,file_audit,Cargo fondo de estabilizacion ley 21.472,,COOPERATIVA RURAL ELECT.R.BUENO LTDA.,quarantine,locked_399_row_manual_review,Generic electricity charge requires the invoice meter ID; folder label must not train the text model.
SA-00729,EXP-11.1,,,file_audit,Electricidad consumida ( 17.960 kWh),,COOPERATIVA ELECTRICA PAILLACO LIMITADA,quarantine,locked_399_row_manual_review,Generic electricity charge requires the invoice meter ID; folder label must not train the text model.
SA-00730,EXP-11.1,,,file_audit,"Cargo mensual por demanda mxima leida de potencia en horas de punta ( 56,480 )",,COOPERATIVA ELECTRICA PAILLACO LIMITADA,quarantine,locked_399_row_manual_review,Generic electricity charge requires the invoice meter ID; folder label must not train the text model.
SA-00731,EXP-11.1,,,file_audit,"Cargo mensual por D. Max de potencia suministrada ( 70,650 )",,COOPERATIVA ELECTRICA PAILLACO LIMITADA,quarantine,locked_399_row_manual_review,Generic electricity charge requires the invoice meter ID; folder label must not train the text model.
SA-00732,EXP-11.1,,,file_audit,Transporte de Electricidad ( 17.960 kWh),,COOPERATIVA ELECTRICA PAILLACO LIMITADA,quarantine,locked_399_row_manual_review,Generic electricity charge requires the invoice meter ID; folder label must not train the text model.
SA-00733,EXP-11.1,,,file_audit,"Multa por consumo reactivo (Recargo por consumo reactivo) ( 0,900 )",,COOPERATIVA ELECTRICA PAILLACO LIMITADA,quarantine,locked_399_row_manual_review,Generic electricity charge requires the invoice meter ID; folder label must not train the text model.
SA-00734,EXP-11.1,,,file_audit,"Recargo lectura de BT de consumos de cliente en AT(E) 3,5%",,COOPERATIVA ELECTRICA PAILLACO LIMITADA,quarantine,locked_399_row_manual_review,Generic electricity charge requires the invoice meter ID; folder label must not train the text model.
SA-00736,EXP-11.1,,,file_audit,Cargo por servicio publico Base ( 17.960 kWh) (Ex. IVA),,COOPERATIVA ELECTRICA PAILLACO LIMITADA,quarantine,locked_399_row_manual_review,Generic electricity charge requires the invoice meter ID; folder label must not train the text model.
SA-00737,EXP-11.1,,,file_audit,Cargo Fondo de Estabilizacion Ley 21.472 ( 17.960 kWh) (Ex. IVA),,COOPERATIVA ELECTRICA PAILLACO LIMITADA,quarantine,locked_399_row_manual_review,Generic electricity charge requires the invoice meter ID; folder label must not train the text model.
SA-00738,EXP-11.1,,,file_audit,Administracin del Servicio,,CIA ELECTRICA OSORNO S A,quarantine,locked_399_row_manual_review,Generic electricity charge requires the invoice meter ID; folder label must not train the text model.
SA-00739,EXP-11.1,,,file_audit,Transporte de Electricidad,,CIA ELECTRICA OSORNO S A,quarantine,locked_399_row_manual_review,Generic electricity charge requires the invoice meter ID; folder label must not train the text model.
SA-00740,EXP-11.1,,,file_audit,Electricidad Consumida,,CIA ELECTRICA OSORNO S A,quarantine,locked_399_row_manual_review,Generic electricity charge requires the invoice meter ID; folder label must not train the text model.
SA-00741,EXP-11.1,,,file_audit,Cargo mensual por demanda mxima de Potencia Leda,,CIA ELECTRICA OSORNO S A,quarantine,locked_399_row_manual_review,Generic electricity charge requires the invoice meter ID; folder label must not train the text model.
SA-00742,EXP-11.1,,,file_audit,Cargo mensual por demanda mxima de Potencia Leda Hora Punta,,CIA ELECTRICA OSORNO S A,quarantine,locked_399_row_manual_review,Generic electricity charge requires the invoice meter ID; folder label must not train the text model.
SA-00743,EXP-11.1,,,file_audit,Cargo por Servicio Pblico,,CIA ELECTRICA OSORNO S A,quarantine,locked_399_row_manual_review,Generic electricity charge requires the invoice meter ID; folder label must not train the text model.
SA-00744,EXP-11.1,,,file_audit,Cargo Fondo de Estabilizacin Ley 21.472,,CIA ELECTRICA OSORNO S A,quarantine,locked_399_row_manual_review,Generic electricity charge requires the invoice meter ID; folder label must not train the text model.
SA-00745,EXP-11.1,,,file_audit,"Ajuste para facilitar el pago en efectivo, mes actual",,CIA ELECTRICA OSORNO S A,quarantine,locked_399_row_manual_review,Generic electricity charge requires the invoice meter ID; folder label must not train the text model.
SA-00746,EXP-11.1,,,file_audit,"Ajuste para facilitar el pago en efectivo, mes anterior",,CIA ELECTRICA OSORNO S A,quarantine,locked_399_row_manual_review,Generic electricity charge requires the invoice meter ID; folder label must not train the text model.
SA-00747,EXP-11.1,,,file_audit,Inters por mora Energa,,CIA ELECTRICA OSORNO S A,quarantine,locked_399_row_manual_review,Generic electricity charge requires the invoice meter ID; folder label must not train the text model.
SA-00749,EXP-11.2,,,file_audit,Electricidad consumida ( 458 kWh),,COOPERATIVA ELECTRICA PAILLACO LIMITADA,quarantine,locked_399_row_manual_review,Generic electricity charge requires the invoice meter ID; folder label must not train the text model.
SA-00750,EXP-11.2,,,file_audit,Transporte de Electricidad ( 458 kWh),,COOPERATIVA ELECTRICA PAILLACO LIMITADA,quarantine,locked_399_row_manual_review,Generic electricity charge requires the invoice meter ID; folder label must not train the text model.
SA-00751,EXP-11.2,,,file_audit,Cargo por servicio publico Base ( 458 kWh) (Ex. IVA),,COOPERATIVA ELECTRICA PAILLACO LIMITADA,quarantine,locked_399_row_manual_review,Generic electricity charge requires the invoice meter ID; folder label must not train the text model.
SA-00752,ADM-2.2,ADM-2.2,Seguros Trabajadores,file_audit,Periodo de Cobertura octubre 2025,,Cia de Seguros de Vida Consorcio Nacional de Seguros SA,keep,locked_399_row_manual_review,Kept after review of the locked 399-row folder inventory; row semantics are consistent and no stronger contradictory evidence was found.
SA-00754,ADM-1.6,,,file_audit,Recarga Agua Purificada,Fundo Raices,PURIFICADORA DE AGUA ALEJANDRO SALAZAR RIVERA E.I.R.L.,quarantine,locked_399_row_manual_review,Water refill at a farm is ambiguous without a recipient/purpose.
CF-00001,EXP-10.1,EXP-16.1,Ropa y Herramientas de Trabajo,file_audit_corrected,MANGAS PARA ORDEA MECANICA,MANGA REUTILIZABLE IMPERMEABLE,COOPERATIVA AGRICOLA Y LECHERA DE LA UNION LTDA.,correct,client_product_family_resolution,Client row-level milking-sleeve product rule labels this protective garment as work clothing/EPP.
CF-00002,EXP-14.3,EXP-14.3,Mantencion Agua y Purines,file_audit_corrected,"CAERIA NEGRA PN4 1""","CAERIA NEGRA PN4 1""",COOPERATIVA AGRICOLA Y LECHERA DE LA UNION LTDA.,keep,locked_399_row_manual_review,Kept after review of the locked 399-row folder inventory; row semantics are consistent and no stronger contradictory evidence was found.
CF-00003,EXP-13.1,EXP-13.1,Mantencion Maquinaria,file_audit_corrected,ACEITE 2T STHIL X,,COOPERATIVA AGRÍCOLA Y LECHERA DE LA UNIÓN LTDA,keep,locked_399_row_manual_review,Kept after review of the locked 399-row folder inventory; row semantics are consistent and no stronger contradictory evidence was found.
CF-00004,EXP-10.3,EXP-10.3,Detergentes e higenizantes,file_audit_corrected,SOLUTION 60 LTS,,HGS DAIRY SOLUTIONS SPA,keep,locked_399_row_manual_review,Kept after review of the locked 399-row folder inventory; row semantics are consistent and no stronger contradictory evidence was found.
CF-00005,EXP-10.1,EXP-10.1,Mantencion Sala,file_audit_corrected,FILTRO LECHE 60 MM * 455 - 370 UN,,HGS DAIRY SOLUTIONS SPA,keep,locked_399_row_manual_review,Kept after review of the locked 399-row folder inventory; row semantics are consistent and no stronger contradictory evidence was found.
CF-00006,EXP-2.4,EXP-2.4,Sales Minerales,file_audit_corrected,SALFORT PASTOREO X,,COOPERATIVA AGRÍCOLA Y LECHERA DE LA UNIÓN LTDA,keep,locked_399_row_manual_review,Kept after review of the locked 399-row folder inventory; row semantics are consistent and no stronger contradictory evidence was found.
CF-00007,EXP-7.0,EXP-7.0,AGROQUIMICOS,file_audit_corrected,TORDON 101 X 4 LT,TORDON 101,COOPERATIVA AGRICOLA Y LECHERA DE LA UNION LTDA.,keep,locked_399_row_manual_review,Kept after review of the locked 399-row folder inventory; row semantics are consistent and no stronger contradictory evidence was found.
RG-01022,ADM-1.2,ADM-1.2,Comunicaciones e Internet,file_audit,Servicios de internet,"Rural TitÃ¡n 15Mbps/10Mbps, MES DE NOVIEMBRE DE 2025",NETSKY SPA,keep,locked_399_row_manual_review,Kept after review of the locked 399-row folder inventory; row semantics are consistent and no stronger contradictory evidence was found.
RG-01023,ADM-1.5,ADM-1.5,Colacion y Alojamiento,file_audit,SERVICIOS DE ALOJAMIENTO,RESERVA ID 103631 HAB 109 - TPL Hotel Diego de Almagro Los Angeles DESDE 01-10-2025 A 02-10-2025 CRISTIAN ANGUITA YV,COMERCIAL MAIFA LTDA.,keep,locked_399_row_manual_review,Kept after review of the locked 399-row folder inventory; row semantics are consistent and no stronger contradictory evidence was found.
RG-01024,EXP-1.1,EXP-1.1,Otros Gastos RRHH,file_audit,Curso :PrevenciÃ³n Y Manejo De Enfermedades En El Ganado Bovino,"Curso PrevenciÃ³n y Manejo de Enfermedades en el Ganado Bovino, CÃ³d. Sence 1238078788, NÂ° Horas 21, F. Inicio 17-06-26, F. TÃ©rmino 19-06-26, Lugar de realizaciÃ³n Avenida RenÃ© Soriano NÂ° 2615, Osorno, NÂ° AcciÃ³n Sence 6825187, NÂ° de participantes 1. InformaciÃ³n solicitada por Sence, incluida en certificado de asistencia.^ ^",FundaciÃ³n de InstrucciÃ³n AgrÃ­cola Adolfo Matthei,keep,locked_399_row_manual_review,Kept after review of the locked 399-row folder inventory; row semantics are consistent and no stronger contradictory evidence was found.
RG-01025,EXP-1.1,EXP-1.1,Otros Gastos RRHH,file_audit,Curso TÃ©cnicas De Control Y PrevenciÃ³n De Cojeras En Vacas Lecheras,,FundaciÃ³n de InstrucciÃ³n AgrÃ­cola Adolfo Matthei,keep,locked_399_row_manual_review,Kept after review of the locked 399-row folder inventory; row semantics are consistent and no stronger contradictory evidence was found.
RG-01026,EXP-1.1,,,file_audit,EMPANADAS DE HORNO,,MINERVA RUTH ARELLANO VASQUEZ,quarantine,locked_399_row_manual_review,Folder-only HR context does not prove this item was an employee benefit or gift.
RG-01027,EXP-11.1,,,file_audit,AdministraciÃ³n del Servicio,,CIA ELECTRICA OSORNO S A,quarantine,locked_399_row_manual_review,Generic electricity charge requires the invoice meter ID; folder label must not train the text model.
RG-01028,EXP-11.1,,,file_audit,Cargo Fondo de EstabilizaciÃ³n Ley 21.472,,CIA ELECTRICA OSORNO S A,quarantine,locked_399_row_manual_review,Generic electricity charge requires the invoice meter ID; folder label must not train the text model.
RG-01029,EXP-11.1,,,file_audit,Cargo mensual por demanda mÃ¡xima de Potencia LeÃ­da,,CIA ELECTRICA OSORNO S A,quarantine,locked_399_row_manual_review,Generic electricity charge requires the invoice meter ID; folder label must not train the text model.
RG-01030,EXP-11.1,,,file_audit,Cargo mensual por demanda mÃ¡xima de Potencia LeÃ­da Hora Punta,,CIA ELECTRICA OSORNO S A,quarantine,locked_399_row_manual_review,Generic electricity charge requires the invoice meter ID; folder label must not train the text model.
RG-01031,EXP-11.1,,,file_audit,"Cargo mensual por demanda mÃ¡xima leida de potencia en horas de punta ( 56,480 )",,COOPERATIVA ELECTRICA PAILLACO LIMITADA,quarantine,locked_399_row_manual_review,Generic electricity charge requires the invoice meter ID; folder label must not train the text model.
RG-01032,EXP-11.1,,,file_audit,Cargo por Servicio PÃºblico,,CIA ELECTRICA OSORNO S A,quarantine,locked_399_row_manual_review,Generic electricity charge requires the invoice meter ID; folder label must not train the text model.
RG-01033,EXP-11.1,,,file_audit,InterÃ©s por mora EnergÃ­a,,CIA ELECTRICA OSORNO S A,quarantine,locked_399_row_manual_review,Generic electricity charge requires the invoice meter ID; folder label must not train the text model.
RG-01034,EXP-11.1,,,file_audit,Pago de cuenta fuera de plazo,,COOPERATIVA RURAL ELECT.R.BUENO LTDA.,quarantine,locked_399_row_manual_review,Generic electricity charge requires the invoice meter ID; folder label must not train the text model.
RG-01035,EXP-11.1,,,file_audit,Servicio publico,,COOPERATIVA RURAL ELECT.R.BUENO LTDA.,quarantine,locked_399_row_manual_review,Generic electricity charge requires the invoice meter ID; folder label must not train the text model.
RG-01036,EXP-11.4,EXP-11.4,Bencina,file_audit,GASOLINA 93,,COOPERATIVA AGRICOLA Y LECHERA DE LA UNI,keep,locked_399_row_manual_review,Kept after review of the locked 399-row folder inventory; row semantics are consistent and no stronger contradictory evidence was found.
RG-01037,EXP-12.2,EXP-12.2,Analisis Animales,file_audit,T3 LOTE (S),,COOPERATIVA AGRICOLA Y DE SERVICIOS LTDA,keep,locked_399_row_manual_review,Kept after review of the locked 399-row folder inventory; row semantics are consistent and no stronger contradictory evidence was found.
RG-01038,EXP-12.2,EXP-12.2,Analisis Animales,file_audit,T3 RCS,,COOPERATIVA AGRICOLA Y DE SERVICIOS LTDA,keep,locked_399_row_manual_review,Kept after review of the locked 399-row folder inventory; row semantics are consistent and no stronger contradictory evidence was found.
RG-01039,EXP-13.1,EXP-13.1,Mantencion Maquinaria,file_audit,Item,Servicios de MantenciÃ³n~SERVICIO DE MANTENIMIENTO PREVENTIVO 1BM6115JCRD601743,SALINAS Y FABRES S.A.,keep,locked_399_row_manual_review,Kept after review of the locked 399-row folder inventory; row semantics are consistent and no stronger contradictory evidence was found.
RG-01040,EXP-2.5,EXP-2.5,Otros Medicamentos,file_audit,TOCOPER X 250 ML,TOCOPER 250 ML,COOPERATIVA AGRICOLA Y LECHERA DE LA UNION LTDA.,keep,locked_399_row_manual_review,Kept after review of the locked 399-row folder inventory; row semantics are consistent and no stronger contradictory evidence was found.
RG-01041,EXP-14.2,EXP-14.2,Mantencion Cercos,file_audit,ALAMBRE GALV. # 14 POR KILOS,ALAMBRE GALV. # 14 POR KILOS,COOPERATIVA AGRICOLA Y LECHERA DE LA UNION LTDA.,keep,locked_399_row_manual_review,Kept after review of the locked 399-row folder inventory; row semantics are consistent and no stronger contradictory evidence was found.
RG-01042,EXP-2.5,EXP-2.5,Otros Medicamentos,file_audit,KET - 10 X 50 ML,KET - 10 X 50 ML,COOPERATIVA AGRICOLA Y LECHERA DE LA UNION LTDA.,keep,locked_399_row_manual_review,Kept after review of the locked 399-row folder inventory; row semantics are consistent and no stronger contradictory evidence was found.
RG-01043,EXP-2.2,EXP-2.2,Medicamentos Mastitis,file_audit,PATHOZONE X 10 JER,PATHOZONE X 10 JER,COOPERATIVA AGRICOLA Y LECHERA DE LA UNION LTDA.,keep,locked_399_row_manual_review,Kept after review of the locked 399-row folder inventory; row semantics are consistent and no stronger contradictory evidence was found.
RG-01044,EXP-14.2,EXP-14.2,Mantencion Cercos,file_audit,CABLE POLY BLA 6SS 500M (G62007),CABLE POLY BLA 6SS 500M (G62007),COOPERATIVA AGRICOLA Y LECHERA DE LA UNION LTDA.,keep,locked_399_row_manual_review,Kept after review of the locked 399-row folder inventory; row semantics are consistent and no stronger contradictory evidence was found.
RG-01045,EXP-16.1,EXP-16.1,Ropa y Herramientas de Trabajo,file_audit,GUANTE LARGO NITRILO L SHOOF 204627,GUANTE LARGO NITRILO L MARCA SHOOF,COOPERATIVA AGRICOLA Y LECHERA DE LA UNION LTDA.,keep,locked_399_row_manual_review,Kept after review of the locked 399-row folder inventory; row semantics are consistent and no stronger contradictory evidence was found.
RG-01046,EXP-16.1,EXP-16.1,Ropa y Herramientas de Trabajo,file_audit,MANGA PALPACION ECOGAN SHOOF 219511,MANGA PALPACION ECOGAN,COOPERATIVA AGRICOLA Y LECHERA DE LA UNION LTDA.,keep,locked_399_row_manual_review,Kept after review of the locked 399-row folder inventory; row semantics are consistent and no stronger contradictory evidence was found.
RG-01047,EXP-2.6,EXP-2.6,Otros Gastos Salud Animal,file_audit,PEGAMENTO BOVIBOND X 210 ML,PEGAMENTO BOVIBOND X 210 ML,COOPERATIVA AGRICOLA Y LECHERA DE LA UNION LTDA.,keep,locked_399_row_manual_review,Kept after review of the locked 399-row folder inventory; row semantics are consistent and no stronger contradictory evidence was found.
RG-01048,EXP-14.3,EXP-14.3,Mantencion Agua y Purines,file_audit,SERVICIO TÃCNICO,"LIMPIEZA DE POZO 6"" ACERO FUNDO YUTRECO, SECTOR MULPULMO - OSORNO (POZO NÂ°2759) Forma de Pago: CRÃDITO 30 DÃAS",SONDAJES PERFOMAQ SA,keep,locked_399_row_manual_review,Kept after review of the locked 399-row folder inventory; row semantics are consistent and no stronger contradictory evidence was found.
RG-01049,EXP-15.1,EXP-15.1,Servicios Agronomicos,file_audit,ASESORIA AGROPECUARIA,,SOC ROBERTO AICHELE Y CIA LIMITADA,keep,locked_399_row_manual_review,Kept after review of the locked 399-row folder inventory; row semantics are consistent and no stronger contradictory evidence was found.
RG-01050,EXP-16.1,EXP-16.1,Ropa y Herramientas de Trabajo,file_audit,BOTA BEKINA STEPLITE NORMAL NÂ° 40,BOTA BEKINA STEPLITE NORMAL NÂ° 40,COOPERATIVA AGRICOLA Y LECHERA DE LA UNION LTDA.,keep,locked_399_row_manual_review,Kept after review of the locked 399-row folder inventory; row semantics are consistent and no stronger contradictory evidence was found.
RG-01051,EXP-16.2,EXP-16.2,Otros Gastos Campo,file_audit,SERVICIO DE RETIRO Y,DISPOSICION FINAL DE RESIDUOS PLASTICOS,SOCIEDAD COMERCIAL VITACYCLE LIMITADA,keep,locked_399_row_manual_review,Kept after review of the locked 399-row folder inventory; row semantics are consistent and no stronger contradictory evidence was found.
RG-01052,EXP-2.1,EXP-2.1,Terapias Secado,file_audit,ORBENIN X 36 JER,ORBENIN X 36 JER,COOPERATIVA AGRICOLA Y LECHERA DE LA UNION LTDA.,keep,locked_399_row_manual_review,Kept after review of the locked 399-row folder inventory; row semantics are consistent and no stronger contradictory evidence was found.
RG-01053,EXP-2.3,EXP-2.3,Vacunas,file_audit,VACUNA CATTLEMASTER GOLD 25 DOSIS,,COOPERATIVA AGRICOLA Y DE SERVICIOS LTDA,keep,locked_399_row_manual_review,Kept after review of the locked 399-row folder inventory; row semantics are consistent and no stronger contradictory evidence was found.
RG-01054,EXP-2.3,EXP-2.3,Vacunas,file_audit,VACUNA CATTLEMASTER GOLD FP5 L5 25 DOSIS,,COOPERATIVA AGRICOLA Y DE SERVICIOS LTDA,keep,locked_399_row_manual_review,Kept after review of the locked 399-row folder inventory; row semantics are consistent and no stronger contradictory evidence was found.
RG-01055,EXP-2.4,EXP-2.4,Sales Minerales,file_audit,VITAMIN+ TERNERO X 10 BOLOS,VITAMIN+ TERNERO X 10 BOLOS,COOPERATIVA AGRICOLA Y LECHERA DE LA UNION LTDA.,keep,locked_399_row_manual_review,Kept after review of the locked 399-row folder inventory; row semantics are consistent and no stronger contradictory evidence was found.
RG-01056,EXP-4.2,EXP-4.2,Bolos Silo,file_audit,Bolos bramadero,,HECTOR ADRIAN VALENZUELA PAREDES,keep,locked_399_row_manual_review,Kept after review of the locked 399-row folder inventory; row semantics are consistent and no stronger contradictory evidence was found.
RG-01057,EXP-4.2,EXP-4.2,Bolos Silo,file_audit,Bolos demaihue,,HECTOR ADRIAN VALENZUELA PAREDES,keep,locked_399_row_manual_review,Kept after review of the locked 399-row folder inventory; row semantics are consistent and no stronger contradictory evidence was found.
RG-01058,EXP-4.2,EXP-4.2,Bolos Silo,file_audit,Bolos maitÃ©n,,HECTOR ADRIAN VALENZUELA PAREDES,keep,locked_399_row_manual_review,Kept after review of the locked 399-row folder inventory; row semantics are consistent and no stronger contradictory evidence was found.
RG-01059,EXP-4.2,EXP-4.2,Bolos Silo,file_audit,Conf. Bolos bramadero,,HECTOR ADRIAN VALENZUELA PAREDES,keep,locked_399_row_manual_review,Kept after review of the locked 399-row folder inventory; row semantics are consistent and no stronger contradictory evidence was found.
RG-01060,EXP-4.2,EXP-4.2,Bolos Silo,file_audit,CONFECCIÃN BOLOS PRADERA,CONFECCIÃN bolos 196 totales,SERVICIOS AGRICOLAS CORPAL SPA,keep,locked_399_row_manual_review,Kept after review of the locked 399-row folder inventory; row semantics are consistent and no stronger contradictory evidence was found.
RG-01061,EXP-4.2,EXP-4.2,Bolos Silo,file_audit,ConfecciÃ³n de bolos,,HECTOR ADRIAN VALENZUELA PAREDES,keep,locked_399_row_manual_review,Kept after review of the locked 399-row folder inventory; row semantics are consistent and no stronger contradictory evidence was found.
RG-01064,EXP-4.3,EXP-4.3,Bolos Heno,file_audit,Bolos pasto seco,,HECTOR ADRIAN VALENZUELA PAREDES,keep,locked_399_row_manual_review,Kept after review of the locked 399-row folder inventory; row semantics are consistent and no stronger contradictory evidence was found.
RG-01065,EXP-5.1,EXP-5.1,Concentrado Vacas,file_audit,MAIZ ROLEADO PF GRANEL x KG-ALIMENTOS(E)-MAIZ,,COMPAÃÃA AGROPECUARIA COPEVAL S.A.,keep,locked_399_row_manual_review,Kept after review of the locked 399-row folder inventory; row semantics are consistent and no stronger contradictory evidence was found.
RG-01066,EXP-5.2,EXP-5.2,Concentrado Crianza,file_audit,T. COLUN CRECIMIENTO X 25 KG,T. COLUN CRECIMIENTO X 25 KG,COOPERATIVA AGRICOLA Y LECHERA DE LA UNION LTDA.,keep,locked_399_row_manual_review,Kept after review of the locked 399-row folder inventory; row semantics are consistent and no stronger contradictory evidence was found.
RG-01067,EXP-5.3,EXP-5.3,Concentrado Otros Animales,file_audit,COLMILLO BLANCO X 20KG (ADULTO&CACHORRO),COLMILLO BLANCO X 20KG (ADULTO&CACHORRO),COOPERATIVA AGRICOLA Y LECHERA DE LA UNION LTDA.,keep,locked_399_row_manual_review,Kept after review of the locked 399-row folder inventory; row semantics are consistent and no stronger contradictory evidence was found.
RG-01068,EXP-5.3,EXP-5.3,Concentrado Otros Animales,file_audit,MAIZ HOJUELA COLUN X 25 KG,MAIZ HOJUELA COLUN X 25 KG,COOPERATIVA AGRICOLA Y LECHERA DE LA UNION LTDA.,keep,locked_399_row_manual_review,Kept after review of the locked 399-row folder inventory; row semantics are consistent and no stronger contradictory evidence was found.
RG-01069,EXP-5.3,EXP-5.3,Concentrado Otros Animales,file_audit,PERRO FIT FORMULA ADULTO X 20 KG,PERRO FIT FORMULA ADULTO X 20 KG,COOPERATIVA AGRICOLA Y LECHERA DE LA UNION LTDA.,keep,locked_399_row_manual_review,Kept after review of the locked 399-row folder inventory; row semantics are consistent and no stronger contradictory evidence was found.
RG-01070,EXP-5.5,EXP-5.5,Sustituto Lacteo,file_audit,SUSTITUTO LACTEO COLUN (SPT) 25 KG,SUSTITUTO LACTEO COLUN (SPT) 25 KG,COOPERATIVA AGRICOLA Y LECHERA DE LA UNION LTDA.,keep,locked_399_row_manual_review,Kept after review of the locked 399-row folder inventory; row semantics are consistent and no stronger contradictory evidence was found.
RG-01071,EXP-5.5,EXP-5.5,Sustituto Lacteo,file_audit,SUST. KALMILAC PLUS 25 KGS SCHILS,,COOPERATIVA AGRICOLA Y DE SERVICIOS LTDA,keep,locked_399_row_manual_review,Kept after review of the locked 399-row folder inventory; row semantics are consistent and no stronger contradictory evidence was found.
RG-01072,EXP-6.2,EXP-6.2,Nitrogeno,file_audit,UREA GRANULADA FUNDO,UREA GRANULADA FUNDO,COOPERATIVA AGRICOLA Y LECHERA DE LA UNION LTDA.,keep,locked_399_row_manual_review,Kept after review of the locked 399-row folder inventory; row semantics are consistent and no stronger contradictory evidence was found.
RG-01073,EXP-8.1,EXP-8.1,Pradera Perenne,file_audit,SEMILLA TREBOL BLANCO KOTUKU X 4 KG,SEMILLA TREBOL BLANCO KOTUKU,COOPERATIVA AGRICOLA Y LECHERA DE LA UNION LTDA.,keep,locked_399_row_manual_review,Kept after review of the locked 399-row folder inventory; row semantics are consistent and no stronger contradictory evidence was found.
RG-01074,EXP-8.1,EXP-8.1,Pradera Perenne,file_audit,SEMILLA TREBOL BLANCO RURU X 4 KG,SEMILLA TREBOL BLANCO RURU,COOPERATIVA AGRICOLA Y LECHERA DE LA UNION LTDA.,keep,locked_399_row_manual_review,Kept after review of the locked 399-row folder inventory; row semantics are consistent and no stronger contradictory evidence was found.
RG-01075,EXP-9.1,,,file_audit,"Cargo mensual por demanda mÃ¡xima leida de potencia en horas de punta ( 0,040 )",,COOPERATIVA ELECTRICA PAILLACO LIMITADA,quarantine,locked_399_row_manual_review,Generic electricity charge requires the invoice meter ID; folder label must not train the text model.
RG-01099,EXP-1.1,,,file_audit,BANANO ALICANTE CAFE,,KALEUCHE SPA,quarantine,locked_399_row_manual_review,Folder-only HR context does not prove this item was an employee benefit or gift.
RG-01100,EXP-1.1,,,file_audit,BOLSA,,KALEUCHE SPA,quarantine,locked_399_row_manual_review,Folder-only HR context does not prove this item was an employee benefit or gift.
RG-01101,EXP-1.1,,,file_audit,CAVERMANOS,,Ainilebu SPA,quarantine,locked_399_row_manual_review,Folder-only HR context does not prove this item was an employee benefit or gift.
RG-01102,EXP-1.1,,,file_audit,CUNO,,KALEUCHE SPA,quarantine,locked_399_row_manual_review,Folder-only HR context does not prove this item was an employee benefit or gift.
RG-01103,EXP-1.1,,,file_audit,DIARIO,,Ainilebu SPA,quarantine,locked_399_row_manual_review,Folder-only HR context does not prove this item was an employee benefit or gift.
RG-01104,EXP-1.1,,,file_audit,ESTAMPADO ANTILLANCA,POLERA EN BRAZO PAGA POR TRANSFERENCIA,SMRCHILE LIMITADA,quarantine,locked_399_row_manual_review,Folder-only HR context does not prove this item was an employee benefit or gift.
RG-01105,EXP-1.1,,,file_audit,ESTAMPADO CORPORACION,RURAL POLERA LADO IZQUIERDO PECHO,SMRCHILE LIMITADA,quarantine,locked_399_row_manual_review,Folder-only HR context does not prove this item was an employee benefit or gift.
RG-01106,EXP-1.1,,,file_audit,GRABADO LOGO,,KALEUCHE SPA,quarantine,locked_399_row_manual_review,Folder-only HR context does not prove this item was an employee benefit or gift.
RG-01107,EXP-1.1,,,file_audit,HARRY POTTER 1 Y LA PIEDRA FILOSOFAL,,Ainilebu SPA,quarantine,locked_399_row_manual_review,Folder-only HR context does not prove this item was an employee benefit or gift.
RG-01108,EXP-1.1,,,file_audit,HUMBERTO EL VALIENTE,,Ainilebu SPA,quarantine,locked_399_row_manual_review,Folder-only HR context does not prove this item was an employee benefit or gift.
RG-01109,EXP-1.1,,,file_audit,JUDY MOODY SE VUELVE FAMOSA,,Ainilebu SPA,quarantine,locked_399_row_manual_review,Folder-only HR context does not prove this item was an employee benefit or gift.
RG-01110,EXP-1.1,,,file_audit,JUDY MOODY Y STINK EL HUESO DE LOS DESEO,,Ainilebu SPA,quarantine,locked_399_row_manual_review,Folder-only HR context does not prove this item was an employee benefit or gift.
RG-01111,EXP-1.1,,,file_audit,KYLIE JEAN REINA DE LA TECNOLOGIA,,Ainilebu SPA,quarantine,locked_399_row_manual_review,Folder-only HR context does not prove this item was an employee benefit or gift.
RG-01112,EXP-1.1,,,file_audit,"MUSICA DE LAS MONTAÃAS, LA",,Ainilebu SPA,quarantine,locked_399_row_manual_review,Folder-only HR context does not prove this item was an employee benefit or gift.
RG-01113,EXP-1.1,,,file_audit,NÃMEROS MUNDO DE CARTON,,Ainilebu SPA,quarantine,locked_399_row_manual_review,Folder-only HR context does not prove this item was an employee benefit or gift.
RG-01114,EXP-1.1,,,file_audit,"NIÃA DE LA CALAVERA,LA",,Ainilebu SPA,quarantine,locked_399_row_manual_review,Folder-only HR context does not prove this item was an employee benefit or gift.
RG-01115,EXP-1.1,,,file_audit,NINA TORBELLINA 2,,Ainilebu SPA,quarantine,locked_399_row_manual_review,Folder-only HR context does not prove this item was an employee benefit or gift.
RG-01116,EXP-1.1,,,file_audit,NINA TORBELLINA1 EL PLAN DEL CAMPAMENTO,,Ainilebu SPA,quarantine,locked_399_row_manual_review,Folder-only HR context does not prove this item was an employee benefit or gift.
RG-01117,EXP-1.1,,,file_audit,PAPELUCHO MI HERMANA JI,,Ainilebu SPA,quarantine,locked_399_row_manual_review,Folder-only HR context does not prove this item was an employee benefit or gift.
RG-01118,EXP-1.1,,,file_audit,PILLA PANDILLAS,,Ainilebu SPA,quarantine,locked_399_row_manual_review,Folder-only HR context does not prove this item was an employee benefit or gift.
RG-01119,EXP-1.1,,,file_audit,RATITA MARITA,,Ainilebu SPA,quarantine,locked_399_row_manual_review,Folder-only HR context does not prove this item was an employee benefit or gift.
RG-01120,EXP-1.1,,,file_audit,STINK. EL INCREÃBLE NIÃO MENGUANTE,,Ainilebu SPA,quarantine,locked_399_row_manual_review,Folder-only HR context does not prove this item was an employee benefit or gift.
RG-01121,EXP-1.1,,,file_audit,STINK Y LA MARCHA ZOMBI A LA MEDIANOCHE,,Ainilebu SPA,quarantine,locked_399_row_manual_review,Folder-only HR context does not prove this item was an employee benefit or gift.
RG-01122,EXP-1.1,,,file_audit,UNA SONRISA RELUCENTE,,Ainilebu SPA,quarantine,locked_399_row_manual_review,Folder-only HR context does not prove this item was an employee benefit or gift.
RG-01123,EXP-16.1,EXP-16.1,Ropa y Herramientas de Trabajo,file_audit_corrected,BLOQ. SOLAR BANANA BOAT FPS 50 X 1 L,BLOQ. SOLAR BANANA BOAT FPS 50 X 1 L,COOPERATIVA AGRICOLA Y LECHERA DE LA UNION LTDA.,keep,locked_399_row_manual_review,Kept after review of the locked 399-row folder inventory; row semantics are consistent and no stronger contradictory evidence was found.
RG-01124,EXP-2.4,EXP-2.4,Sales Minerales,file_audit_corrected,BILIFAR X 120 G,BILIFAR X 120 G,COOPERATIVA AGRICOLA Y LECHERA DE LA UNION LTDA.,keep,locked_399_row_manual_review,Kept after review of the locked 399-row folder inventory; row semantics are consistent and no stronger contradictory evidence was found.
RG-01125,EXP-3.1,EXP-3.1,Inseminacion Artificial,file_audit_corrected,CONCEPTAL-FACTOR LIBERA.HORMONAL X 50ML,CONCEPTAL X 50ML,COOPERATIVA AGRICOLA Y LECHERA DE LA UNION LTDA.,keep,locked_399_row_manual_review,Kept after review of the locked 399-row folder inventory; row semantics are consistent and no stronger contradictory evidence was found.
RG-01126,EXP-5.4,EXP-5.4,Bolos,file_audit_corrected,VENTA BOLO DE SILO,FUNDO EL MAITEN,COMERCIAL AQUA-NAV LIMITADA,keep,locked_399_row_manual_review,Kept after review of the locked 399-row folder inventory; row semantics are consistent and no stronger contradictory evidence was found.
RG-01127,EXP-5.4,EXP-5.4,Bolos,file_audit_corrected,VENTA BOLOS DE SILO,FUNDO PELLECO,COMERCIAL AQUA-NAV LIMITADA,keep,locked_399_row_manual_review,Kept after review of the locked 399-row folder inventory; row semantics are consistent and no stronger contradictory evidence was found.
RG-01128,EXP-5.4,EXP-5.4,Bolos,file_audit_corrected,VENTA BOLOS SILO,FUNDO PELLECO,COMERCIAL AQUA-NAV LIMITADA,keep,locked_399_row_manual_review,Kept after review of the locked 399-row folder inventory; row semantics are consistent and no stronger contradictory evidence was found.
RG-01129,EXP-14.2,EXP-14.2,Mantencion Cercos,file_audit_corrected,GRAPAS 1 1/4 X 10,GRAPAS 1 1/4 X 10,COOPERATIVA AGRICOLA Y LECHERA DE LA UNION LTDA.,keep,locked_399_row_manual_review,Kept after review of the locked 399-row folder inventory; row semantics are consistent and no stronger contradictory evidence was found.
RG-01130,EXP-2.3,EXP-2.3,Vacunas,file_audit_corrected,VACUNA BRUCELLA ABORTUS CEPA RB-51,VACUNA BRUCELLA ABORTUS CEPA RB-51,COOPERATIVA AGRICOLA Y LECHERA DE LA UNION LTDA.,keep,locked_399_row_manual_review,Kept after review of the locked 399-row folder inventory; row semantics are consistent and no stronger contradictory evidence was found.
