supplier,folio,item,amount,decision,source,top1_score,predicted,top3,accountant_categories,top1_matches_ledger,doc_has_single_account
BANCO BICE,3840524,Renta de Arrendamiento Nº18 del contrato Nº34431-1,2137633,auto_accept,model,0.9867,EXP-15.8,EXP-15.8|EXP-15.4|ADM-1.5,|?DEUDAS LEASING LARGO PLAZO,False,True
DORIS IVONNE CASTILLO KANTER,264386,TOMACORRIENTE EMPO DOBLE 16APC BLANCA UYU TMA6162CL -@,2107,review_required,model,0.5061,EXP-14.3,EXP-14.3|EXP-14.4|EXP-14.2,EXP-14.4,False,True
DORIS IVONNE CASTILLO KANTER,264386,CAJA CHUQUI CANAL Y TUBO HOFFENS 51581 -@,957,review_required,model,0.4243,EXP-14.3,EXP-14.3|EXP-14.4|EXP-14.2,EXP-14.4,False,True
BETHEL ELECTROMECANICA SPA,22,MANTENCION G.E. 22 KVA,440000,review_required,model,0.2993,EXP-13.1,EXP-13.1|EXP-13.3|EXP-14.4,EXP-14.4,False,True
COOPERATIVA AGRICOLA Y LECHERA DE LA UNION LTDA.,30731397,SALFORT PASTOREO X 25 KG,222000,auto_accept,product_lookup,1,EXP-2.4,EXP-2.4,EXP-2.4,True,True
COOPERATIVA AGRICOLA Y LECHERA DE LA UNION LTDA.,30167804,CANDADOS # 360,34990,auto_accept,product_lookup,1,EXP-16.2,EXP-16.2,EXP-16.2,True,True
SOC DE INVER LAGO RANCO SPA,77689,Gasolina 93 octanos sin plomo,87659,review_required,model,0.5258,EXP-11.4,EXP-11.4|ADM-1.4|EXP-16.2,EXP-11.4,True,True
SERVICIOS FABIAN ROLDAN SPA,8,Mantención cercos Maiten,445000,review_required,model,0.3744,EXP-14.1,EXP-14.1|EXP-10.4|EXP-10.1,EXP-14.2,False,True
SERVICIOS FABIAN ROLDAN SPA,8,Mantención cercos Raices,623000,review_required,model,0.2941,EXP-14.1,EXP-14.1|EXP-9.2|EXP-10.4,EXP-14.2,False,True
SERVICIOS FABIAN ROLDAN SPA,8,Mantención cercos Tineo,594000,review_required,model,0.4684,EXP-14.1,EXP-14.1|EXP-13.3|EXP-10.4,EXP-14.2,False,True
NUEVOS AIRES SPA,612,PROMO SPLIT MIDEA COMFEE 12 BTU INVERTER R 32,420084,review_required,model,0.1999,ADM-1.5,ADM-1.5|ADM-1.6|EXP-13.3,EXP-14.4,False,True
COOPERATIVA AGRICOLA Y LECHERA DE LA UNI,30614512,GASOLINA 93,26448,review_required,model,0.6368,ADM-1.4,ADM-1.4|EXP-11.4|EXP-16.2,EXP-11.4,False,True
ARTE E IMPRESIÓN ELISUR LIMITADA,8229,Tazones,49400,review_required,model,0.2629,EXP-2.6,EXP-2.6|ADM-1.6|EXP-2.2,EXP-1.1,False,True
DIRECTV Chile Televisión Limitada,3068270,Programación Principal,35000,review_required,model,0.9851,ADM-1.2,ADM-1.2|EXP-13.1|EXP-8.1,ADM-1.2,True,True
DIRECTV Chile Televisión Limitada,3068270,Programación Premiums,0,review_required,model,0.9903,ADM-1.2,ADM-1.2|ADM-1.5|EXP-9.1,ADM-1.2,True,True
DIRECTV Chile Televisión Limitada,3068270,Decodificadores Adicionales,0,review_required,model,0.967,ADM-1.2,ADM-1.2|EXP-12.1|EXP-3.1,ADM-1.2,True,True
DIRECTV Chile Televisión Limitada,3068270,Otros Cargos,1920,auto_accept,model,0.9689,ADM-1.2,ADM-1.2|ADM-1.4|EXP-11.1,ADM-1.2,True,True
COOPERATIVA AGRICOLA Y DE SERVICIOS LTDA,158354,SAL MIN COOPRINSEM ANIONICA 25 kG,20880,review_required,model,0.31,EXP-2.4,EXP-2.4|EXP-8.4|EXP-5.5,EXP-2.4,True,True
COOPERATIVA AGRICOLA Y LECHERA DE LA UNION LTDA.,30444573,GASOLINA 93,17909,review_required,model,0.6979,ADM-1.4,ADM-1.4|EXP-11.4|EXP-16.2,EXP-11.4,False,True
COOPERATIVA AGRICOLA Y LECHERA DE LA UNI,30307448,PETROLEO DIESEL ULTRA,52849,auto_accept,product_lookup,1,EXP-11.3,EXP-11.3,EXP-11.3,True,True
DORIS IVONNE CASTILLO KANTER,262291,PLANCHA DIAMANTADA 2 5MM X 1000 X 3000 MM -@,70527,review_required,model,0.7148,EXP-14.3,EXP-14.3|EXP-14.4|EXP-14.2,EXP-14.4,False,True
DORIS IVONNE CASTILLO KANTER,262291,TIRA PERFIL CUADRADO 30 X 30 X 2 -@,60768,review_required,model,0.6728,EXP-14.3,EXP-14.3|EXP-14.4|EXP-10.4,EXP-14.4,False,True
DORIS IVONNE CASTILLO KANTER,262291,TIRA CANAL 250X50X4MM -@,144920,review_required,model,0.6706,EXP-14.3,EXP-14.3|EXP-14.4|EXP-14.2,EXP-14.4,False,True
DORIS IVONNE CASTILLO KANTER,262291,TIRA CAÑERIA ISO NEGRA 1 1 4 -@,58563,review_required,model,0.674,EXP-14.3,EXP-14.3|EXP-14.4|EXP-14.2,EXP-14.4,False,True
DORIS IVONNE CASTILLO KANTER,262291,TIRA PERFIL CUADRADO 50 X 50 X 2 -@,37108,review_required,model,0.6336,EXP-14.3,EXP-14.3|EXP-14.4|EXP-14.2,EXP-14.4,False,True
MANTENCION INDUSTRIAL DEL SUR LIMITADA,303,DESARMADO Y ARMADO SILO,240000,review_required,model,0.4466,EXP-14.4,EXP-14.4|EXP-10.4|EXP-14.1,EXP-14.4,True,True
MANTENCION INDUSTRIAL DEL SUR LIMITADA,303,GENERADOR,48000,review_required,model,0.6473,EXP-14.4,EXP-14.4|EXP-10.4|EXP-10.1,EXP-14.4,True,True
MANTENCION INDUSTRIAL DEL SUR LIMITADA,303,ROSCO,280000,auto_accept,model,0.7892,EXP-14.4,EXP-14.4|EXP-14.1|EXP-10.1,EXP-14.4,True,True
MANTENCION INDUSTRIAL DEL SUR LIMITADA,303,CAMION GRANEL,480000,review_required,model,0.2501,EXP-14.4,EXP-14.4|EXP-14.1|EXP-13.3,EXP-14.4,True,True
MANTENCION INDUSTRIAL DEL SUR LIMITADA,303,TRASLADO EQUIPO,264000,review_required,model,0.4627,EXP-14.1,EXP-14.1|EXP-10.1|EXP-10.4,EXP-14.4,False,True
MANTENCION INDUSTRIAL DEL SUR LIMITADA,303,LAVADO SILO YUTRECO 33,380000,review_required,model,0.4437,EXP-14.4,EXP-14.4|EXP-10.4|EXP-14.1,EXP-14.4,True,True
MANTENCION INDUSTRIAL DEL SUR LIMITADA,303,PERNO CON SELLO,55800,review_required,model,0.3675,EXP-14.1,EXP-14.1|EXP-14.4|EXP-10.4,EXP-14.4,False,True
MANTENCION INDUSTRIAL DEL SUR LIMITADA,303,CAMBIO PERNO Y PINTURA,135000,review_required,model,0.666,EXP-14.4,EXP-14.4|EXP-13.1|EXP-10.1,EXP-14.4,True,True
MANTENCION INDUSTRIAL DEL SUR LIMITADA,303,TRASLADOS,202000,review_required,model,0.5289,EXP-14.1,EXP-14.1|ADM-1.7|EXP-10.1,EXP-14.4,False,True
MANTENCION INDUSTRIAL DEL SUR LIMITADA,303,LAVADO SILO MAITEN 45,620000,review_required,model,0.3372,EXP-14.4,EXP-14.4|EXP-4.1|EXP-10.4,EXP-14.4,True,True
SOC DE TRANSPORTES STEUER HOLMGREN Y COM,574784,Gasolina 93,55435,review_required,model,0.7593,ADM-1.4,ADM-1.4|EXP-11.4|EXP-16.2,EXP-11.4,False,True
COOPERATIVA AGRICOLA Y LECHERA DE LA UNION LTDA.,30689610,BALANZA COLGANTE KAMER 212529 SHOOF,228690,review_required,model,0.4331,EXP-16.1,EXP-16.1|EXP-2.6|EXP-16.2,EXP-16.1,True,True
MAXIMUS S Y S SPA,144,vidrio de 500 x 900 mm,37815,review_required,model,0.2701,EXP-9.2,EXP-9.2|EXP-10.4|EXP-14.4,EXP-14.4,False,True
COOPERATIVA AGRICOLA Y LECHERA DE LA UNI,30614587,PETROLEO DIESEL ULTRA,31701,auto_accept,product_lookup,1,EXP-11.3,EXP-11.3,EXP-11.3,True,True
FERIA GANADEROS OSORNO S.A.,193427,007 VACA(S) EXPORT. PAR CLA SM PAR,5301000,review_required,model,0.9602,AF-1.1,AF-1.1|EXP-15.2|EXP-2.3,"|?Impuestos, comisiones, multas",False,True
FERIA GANADEROS OSORNO S.A.,193427,002 VAQ.(S) ENG. CAB A,1066500,review_required,model,0.9647,AF-1.1,AF-1.1|EXP-15.2|EXP-2.3,"|?Impuestos, comisiones, multas",False,True
FERIA GANADEROS OSORNO S.A.,193427,005 VACA(S) EXPORT. CAB . LOMO,3850500,review_required,model,0.9721,AF-1.1,AF-1.1|EXP-15.2|EXP-2.3,"|?Impuestos, comisiones, multas",False,True
FERIA GANADEROS OSORNO S.A.,193427,005 VACA(S) EXPORT. NEG CAB SM CAB,3585300,review_required,model,0.964,AF-1.1,AF-1.1|EXP-15.2|EXP-2.3,"|?Impuestos, comisiones, multas",False,True
FERIA GANADEROS OSORNO S.A.,193427,006 VACA(S) EXPORT. JER CLA - LOMO,3894400,review_required,model,0.9676,AF-1.1,AF-1.1|EXP-15.2|EXP-2.3,"|?Impuestos, comisiones, multas",False,True
FERIA GANADEROS OSORNO S.A.,193427,005 VACA(S) EXPORT. CAB /\ LOMO,3435300,review_required,model,0.9696,AF-1.1,AF-1.1|EXP-15.2|EXP-2.3,"|?Impuestos, comisiones, multas",False,True
FERIA GANADEROS OSORNO S.A.,193427,005 VAC(S) CARN. EXPORT. CAB + LOMO,2290200,review_required,model,0.9297,AF-1.1,AF-1.1|EXP-2.3|EXP-15.2,"|?Impuestos, comisiones, multas",False,True
COOPERATIVA AGRICOLA Y LECHERA DE LA UNION LTDA.,30694901,PINTURA CELO TELL TAIL AMARILLO 1 LT,79650,review_required,model,0.5968,EXP-2.6,EXP-2.6|EXP-13.1|EXP-2.2,EXP-10.3|EXP-16.1|EXP-2.4|EXP-2.5|EXP-2.6,True,False
COOPERATIVA AGRICOLA Y LECHERA DE LA UNION LTDA.,30694901,CALFODEX 500 CC.,169848,auto_accept,product_lookup,1,EXP-2.5,EXP-2.5,EXP-10.3|EXP-16.1|EXP-2.4|EXP-2.5|EXP-2.6,True,False
COOPERATIVA AGRICOLA Y LECHERA DE LA UNION LTDA.,30694901,MAGNEKAL X 100 CC.,70440,auto_accept,product_lookup,1,EXP-2.5,EXP-2.5,EXP-10.3|EXP-16.1|EXP-2.4|EXP-2.5|EXP-2.6,True,False
COOPERATIVA AGRICOLA Y LECHERA DE LA UNION LTDA.,30694901,VIVEFORT 3 AMPOLLAS X 10 ML,91680,auto_accept,product_lookup,1,EXP-2.5,EXP-2.5,EXP-10.3|EXP-16.1|EXP-2.4|EXP-2.5|EXP-2.6,True,False
COOPERATIVA AGRICOLA Y LECHERA DE LA UNION LTDA.,30694901,COFORTA 100 CC.,222900,auto_accept,product_lookup,1,EXP-2.5,EXP-2.5,EXP-10.3|EXP-16.1|EXP-2.4|EXP-2.5|EXP-2.6,True,False
COOPERATIVA AGRICOLA Y LECHERA DE LA UNION LTDA.,30694901,TRIPLE VITAMINICO X 3 AMP X 5 ML,103500,auto_accept,product_lookup,1,EXP-2.5,EXP-2.5,EXP-10.3|EXP-16.1|EXP-2.4|EXP-2.5|EXP-2.6,True,False
COOPERATIVA AGRICOLA Y LECHERA DE LA UNION LTDA.,30694901,INTRA REPIDERMA X 250 CC,10521,auto_accept,product_lookup,1,EXP-2.5,EXP-2.5,EXP-10.3|EXP-16.1|EXP-2.4|EXP-2.5|EXP-2.6,True,False
COOPERATIVA AGRICOLA Y LECHERA DE LA UNION LTDA.,30694901,VIGANTOL ADE 100 CC.,195500,auto_accept,product_lookup,1,EXP-2.5,EXP-2.5,EXP-10.3|EXP-16.1|EXP-2.4|EXP-2.5|EXP-2.6,True,False
COOPERATIVA AGRICOLA Y LECHERA DE LA UNION LTDA.,30694901,RIMADYL X 50 ML,88830,auto_accept,product_lookup,1,EXP-2.5,EXP-2.5,EXP-10.3|EXP-16.1|EXP-2.4|EXP-2.5|EXP-2.6,True,False
COOPERATIVA AGRICOLA Y LECHERA DE LA UNION LTDA.,30694901,LIDOCALM X 50 ML,113500,auto_accept,product_lookup,1,EXP-2.5,EXP-2.5,EXP-10.3|EXP-16.1|EXP-2.4|EXP-2.5|EXP-2.6,True,False
COOPERATIVA AGRICOLA Y LECHERA DE LA UNION LTDA.,30694901,OXITOCINA FCO. 100 CC RECALCINE,23252,auto_accept,product_lookup,1,EXP-2.5,EXP-2.5,EXP-10.3|EXP-16.1|EXP-2.4|EXP-2.5|EXP-2.6,True,False
COOPERATIVA AGRICOLA Y LECHERA DE LA UNION LTDA.,30694901,DUPLALIM DESINF. X 5 LT.,106342,auto_accept,product_lookup,1,EXP-10.3,EXP-10.3,EXP-10.3|EXP-16.1|EXP-2.4|EXP-2.5|EXP-2.6,True,False
COOPERATIVA AGRICOLA Y LECHERA DE LA UNION LTDA.,30694901,REHSAL - VET X 25 SOB,56300,auto_accept,product_lookup,1,EXP-2.4,EXP-2.4,EXP-10.3|EXP-16.1|EXP-2.4|EXP-2.5|EXP-2.6,True,False
COOPERATIVA AGRICOLA Y LECHERA DE LA UNION LTDA.,30694901,BUZO GETPRO BLANCO LINE 1120 TALLA XL,10630,auto_accept,model,0.8386,EXP-16.1,EXP-16.1|EXP-2.6|EXP-13.1,EXP-10.3|EXP-16.1|EXP-2.4|EXP-2.5|EXP-2.6,True,False
COOPERATIVA AGRICOLA Y LECHERA DE LA UNI,30614533,GASOLINA 93,26448,review_required,model,0.6368,ADM-1.4,ADM-1.4|EXP-11.4|EXP-16.2,EXP-11.4,False,True
DISTRIBUIDORA COMERCIAL P Y G LIMITADA,632562,Gasolina 93,57688,review_required,model,0.7703,ADM-1.4,ADM-1.4|EXP-11.4|EXP-16.2,EXP-11.4,False,True
GALLAGHER CHILE SPA,22015,ACEITE Y MATERIALES DE LIMPIEZA. PERNOS Y GOLILLAS,49218,review_required,model,0.5025,EXP-13.1,EXP-13.1|EXP-14.2|EXP-14.4,EXP-10.1,False,True
GALLAGHER CHILE SPA,22015,MASA DELANTERA ESTRIADA ARREADOR,70723,review_required,model,0.1105,EXP-16.2,EXP-16.2|EXP-14.4|EXP-8.3,EXP-10.1,False,True
GALLAGHER CHILE SPA,22015,OTROS INSUMOS. CONECCION EN MAESTRANZA DE EJE RUEDA Y ESPACIADORES TECHNYL.,124285,review_required,model,0.1594,EXP-14.2,EXP-14.2|ADM-1.6|ADM-1.10,EXP-10.1,False,True
GALLAGHER CHILE SPA,22015,MANO DE OBRA SERVICIO TECNICO GALLAGHER,147000,review_required,model,0.7337,EXP-1.1,EXP-1.1|EXP-6.4|ADM-1.6,EXP-10.1,False,True
ORLANDO RICARDO BERTIN MONSALVE,971,VIAJE DE 40 VAQUILLAS,300000,review_required,model,0.6609,AF-1.1,AF-1.1|EXP-15.3|EXP-15.2,EXP-15.3,False,True
ORLANDO RICARDO BERTIN MONSALVE,971,VIAJE 37 VAQUILLAS,300000,auto_accept,model,0.8017,AF-1.1,AF-1.1|EXP-15.2|EXP-15.3,EXP-15.3,False,True
ORLANDO RICARDO BERTIN MONSALVE,971,VIAJE 28 VACAS,160000,review_required,model,0.7118,AF-1.1,AF-1.1|EXP-15.2|EXP-15.3,EXP-15.3,False,True
Tattersall Ganado S.A.,2530204,FACTURA RECUPERACION DECOMISO - LIQUIDACION 760331,678137,review_required,model,0.5373,EXP-14.4,EXP-14.4|EXP-10.4|ADM-1.6,EXP-16.2,False,True
COOPERATIVA AGRICOLA Y LECHERA DE LA UNI,30307331,PETROLEO DIESEL ULTRA,37087,auto_accept,product_lookup,1,EXP-11.3,EXP-11.3,EXP-11.3,True,True
COOPERATIVA AGRICOLA Y DE SERVICIOS LTDA,5320816,SAL MIN COOPRINSEM ANIONICA 25 kG,187680,review_required,model,0.31,EXP-2.4,EXP-2.4|EXP-8.4|EXP-5.5,EXP-2.4,True,True
INVERSIONES ENEX S.A.,6019923,Gasolina 93 octanos sin plomo,67221,review_required,model,0.5572,EXP-11.4,EXP-11.4|ADM-1.4|EXP-16.2,ADM-1.4,False,True
"IMPORTADORA, EXPORTADORA Y COMERCIALIZADORA PING XI XI SPA",915,Sticky mouse trap,20151,review_required,model,0.8624,EXP-13.1,EXP-13.1|EXP-13.3|EXP-10.4,EXP-16.2,False,True
JUAN ANGEL ANIBAL VERGARA OBANDO,121,Traslado de animales,50000,review_required,model,0.6378,EXP-15.3,EXP-15.3|EXP-14.1|EXP-15.5,EXP-15.3,True,True
COOPERATIVA AGRICOLA Y LECHERA DE LA UNION LTDA.,30731284,ESCOBILLA ESTANQUE 988.801-15 ALFA/LAVAL,42841,auto_accept,product_lookup,1,EXP-16.1,EXP-16.1,EXP-16.1|EXP-2.6,True,False
COOPERATIVA AGRICOLA Y LECHERA DE LA UNION LTDA.,30731284,SULFATO DE COBRE X 25 KL.,155625,auto_accept,product_lookup,1,EXP-16.2,EXP-16.2,EXP-16.1|EXP-2.6,False,False
COOPERATIVA AGRICOLA LECHERA STGO.,2634034,MISTRAL X 25 KILOS,2068800,auto_accept,product_lookup,1,EXP-10.3,EXP-10.3,EXP-10.3,True,True
COOPERATIVA AGRICOLA Y LECHERA DE LA UNION LTDA.,30689638,CABESTRILLO CUNA 210065 SHOOF,58424,review_required,model,0.4604,EXP-16.1,EXP-16.1|EXP-2.6|EXP-16.2,EXP-16.1,True,True
SOCIEDAD PRESTACIÓN DE SERVICIOS AGRÍCOLA MYO SPA,123,arrriendo excavadora,7000000,review_required,model,0.5418,EXP-15.4,EXP-15.4|EXP-14.1|EXP-14.4,EXP-15.4,True,True
COOPERATIVA AGRICOLA Y LECHERA DE LA UNI,30307429,PETROLEO DIESEL ULTRA,37087,auto_accept,product_lookup,1,EXP-11.3,EXP-11.3,EXP-11.3,True,True
COVEPA SpA,5318934,LINTERNA ENERGIZER HARD-CASE 1000 LUM,55874,review_required,model,0.4632,EXP-2.4,EXP-2.4|EXP-10.1|EXP-14.4,EXP-14.2|EXP-16.1,False,False
COVEPA SpA,5318934,MANIJA AISLADA NARANJA G73730 X UN,17185,review_required,model,0.4693,EXP-14.2,EXP-14.2|EXP-13.1|AF-2.1,EXP-14.2|EXP-16.1,True,False
COOPERATIVA AGRICOLA Y LECHERA DE LA UNI,30614701,ADBLUE GRANEL X L,11085,auto_accept,product_lookup,1,EXP-13.1,EXP-13.1,EXP-11.3,False,True
COOPERATIVA AGRICOLA Y LECHERA DE LA UNI,30614506,PETROLEO DIESEL ULTRA,35232,auto_accept,product_lookup,1,EXP-11.3,EXP-11.3,EXP-11.3,True,True
COOPERATIVA AGRICOLA Y DE SERVICIOS LTDA,5323409,BUZO VETERINARIO 1 PIEZA TALLA 52 (XXL),34500,review_required,model,0.7302,EXP-16.1,EXP-16.1|EXP-2.6|EXP-16.2,EXP-16.1|EXP-2.6,True,False
COOPERATIVA AGRICOLA Y DE SERVICIOS LTDA,5323409,BALDE ALIMENTADOR PARA 10 TERNERO,169500,review_required,model,0.1062,EXP-16.2,EXP-16.2|EXP-2.2|EXP-2.6,EXP-16.1|EXP-2.6,False,False
COOPERATIVA AGRICOLA Y DE SERVICIOS LTDA,5323409,CHUPETE TERNERO P/BALDE PEACH TEAT ROSAD,194550,review_required,model,0.249,EXP-16.1,EXP-16.1|EXP-16.2|EXP-2.6,EXP-16.1|EXP-2.6,True,False
COOPERATIVA AGRICOLA Y DE SERVICIOS LTDA,5323409,LAZOS OBSTETRICOS,42000,auto_accept,product_lookup,1,EXP-2.6,EXP-2.6,EXP-16.1|EXP-2.6,True,False
COOPERATIVA AGRICOLA Y DE SERVICIOS LTDA,5323409,BUZO PILOTO VARIOS COLORES TALLA XL,11638,auto_accept,product_lookup,1,EXP-16.1,EXP-16.1,EXP-16.1|EXP-2.6,True,False
COOPERATIVA AGRICOLA Y DE SERVICIOS LTDA,5323409,TAPA ROSCA CHUPO ALIMENT PCAPS STALLION,16720,review_required,model,0.4473,EXP-5.1,EXP-5.1|EXP-16.2|EXP-8.1,EXP-16.1|EXP-2.6,False,False
COOPERATIVA AGRICOLA Y DE SERVICIOS LTDA,5323409,BIBERON TERNERO (ENV. 2 LITROS),9383,review_required,model,0.2031,EXP-16.2,EXP-16.2|AF-2.1|EXP-5.1,EXP-16.1|EXP-2.6,False,False
COOPERATIVA AGRICOLA Y DE SERVICIOS LTDA,5323409,JARRO GRADUADO 1 LITRO PJ100,5793,review_required,model,0.3043,EXP-2.2,EXP-2.2|EXP-2.6|EXP-13.1,EXP-16.1|EXP-2.6,False,False
COOPERATIVA AGRICOLA Y DE SERVICIOS LTDA,5323409,JARRO GRADUADO 2 LITROS PJ201,8124,review_required,model,0.1854,EXP-13.1,EXP-13.1|EXP-2.6|EXP-16.2,EXP-16.1|EXP-2.6,False,False
BANCO BICE,3844578,Comisión por Transferencia Electrónica d,13474,review_required,model,0.9382,ADM-3.1,ADM-3.1|ADM-1.7|EXP-10.4,"|?Impuestos, comisiones, multas",False,True
COMER DE COMBUSTIBLES M&D LTD,79098,Krynex Limpia Parabrisas 1L,5025,review_required,model,0.1259,EXP-9.2,EXP-9.2|EXP-13.1|EXP-13.3,EXP-13.3,False,True
COPEC S.A.,32152638,Fecha-Guía,0,review_required,model,0.5762,EXP-10.4,EXP-10.4|EXP-13.3|EXP-14.1,ADM-1.4,False,True
COPEC S.A.,32152638,Total,0,review_required,model,0.8366,EXP-11.4,EXP-11.4|ADM-1.4|EXP-11.5,ADM-1.4,False,True
COPEC S.A.,32152638,DETALLE,55079,review_required,business_rule,1,ADM-1.4,ADM-1.4,ADM-1.4,True,True
SOC DE TRANSPORTES STEUER HOLMGREN Y COM,574272,Gasolina 93,95433,auto_accept,business_rule,1,ADM-1.4,ADM-1.4,ADM-1.4,True,True
AGROCOMERCIAL IANSA S.A.,76538,BIOLACT TERNERO INICIAL,3369600,auto_accept,product_lookup,1,EXP-5.2,EXP-5.2,EXP-5.2,True,True
COOPERATIVA AGRICOLA Y LECHERA DE LA UNION LTDA.,30694651,MOBIL FLUID 424 X 19 LT.,67475,auto_accept,model,0.837,EXP-13.1,EXP-13.1|EXP-13.3|EXP-16.2,EXP-13.1,True,True
DORIS IVONNE CASTILLO KANTER,263225,MANGUERA JARDIN RAYADA ECONOMICA 3 4 -@,15075,review_required,model,0.6767,EXP-14.3,EXP-14.3|EXP-14.4|EXP-10.4,EXP-14.3,True,True
SOC INMOBILIARIA PROGRESO ROLANDO EGON ACUÑA SCHEEL E.I.R.L.,1620,ARRIENDO FUNDO PELLECO,2775219,review_required,model,0.9451,EXP-15.7,EXP-15.7|EXP-15.3|EXP-14.1,|?Arriendo Otros Predios,False,True
COOPERATIVA AGRICOLA LECHERA STGO.,2632515,LIDOCALM X 50 CC.,453500,auto_accept,product_lookup,1,EXP-2.5,EXP-2.5,EXP-2.5,True,True
BIOGENESIS ANIMAL HEALTH SPA,11040,COW GUARD BARRERA 210KG,840000,review_required,model,0.9683,EXP-10.2,EXP-10.2|EXP-2.4|EXP-15.2,EXP-10.2,True,True
COMERCIAL DOMINGOS LIMITADA,175,Trabajo máquina,90000,review_required,model,0.2253,EXP-13.1,EXP-13.1|EXP-10.1|EXP-14.4,EXP-15.5,False,True
COMERCIAL DOMINGOS LIMITADA,175,Traslado,48000,review_required,model,0.3638,EXP-15.3,EXP-15.3|ADM-1.7|EXP-10.1,EXP-15.5,False,True
COOPERATIVA AGRICOLA Y LECHERA DE LA UNION LTDA.,30690117,PETROLEO DIESEL ULTRA (DISTRIBUCION),1055188,auto_accept,product_lookup,1,EXP-11.3,EXP-11.3,EXP-11.3,True,True
Comercial Climent SpA,752590,CALEFONT SPLENDID 7 LTS. IONIZADO (600074520D),107554,review_required,model,0.2892,EXP-14.4,EXP-14.4|ADM-1.6|EXP-14.2,EXP-14.4,True,True
HGS DAIRY SOLUTIONS SPA,27771,MANGA ESPIRAL 50 MM. (MT),192661,review_required,model,0.6692,EXP-10.1,EXP-10.1|EXP-14.4|EXP-9.2,EXP-10.4,False,True
PATRICIO SANTIAGO CAREY BRIONES,298373,Gasolina 93,31636,review_required,model,0.7638,ADM-1.4,ADM-1.4|EXP-11.4|EXP-16.2,EXP-11.4,False,True
PATRICIO SANTIAGO CAREY BRIONES,297792,Diesel,52523,auto_accept,product_lookup,1,EXP-11.3,EXP-11.3,EXP-11.3,True,True
COOPERATIVA AGRICOLA Y LECHERA DE LA UNI,30307650,GASOLINA 93,38543,review_required,model,0.6368,ADM-1.4,ADM-1.4|EXP-11.4|EXP-16.2,EXP-11.4,False,True
INVERSIONES ENEX S.A.,6033139,Petroleo Diesel G-B,40922,auto_accept,product_lookup,1,EXP-11.3,EXP-11.3,EXP-11.3,True,True
COOPERATIVA AGRICOLA Y LECHERA DE LA UNION LTDA.,30689570,AZOVETRIL X 5 LT.,146514,auto_accept,product_lookup,1,EXP-2.5,EXP-2.5,EXP-2.5,True,True
COOPERATIVA AGRICOLA Y LECHERA DE LA UNION LTDA.,30689570,ADVOCIN 180 X 50 CC,332415,auto_accept,product_lookup,1,EXP-2.5,EXP-2.5,EXP-2.5,True,True
COOPERATIVA AGRICOLA Y LECHERA DE LA UNION LTDA.,30689570,LIQUAMICINA LA 250 CC.,152296,auto_accept,product_lookup,1,EXP-2.5,EXP-2.5,EXP-2.5,True,True
COOPERATIVA AGRICOLA Y LECHERA DE LA UNION LTDA.,30689570,TERRACORTRIL 125 CC SPRAY QUERATITIS,40328,auto_accept,product_lookup,1,EXP-2.5,EXP-2.5,EXP-2.5,True,True
COOPERATIVA AGRICOLA Y LECHERA DE LA UNION LTDA.,30689570,BAYTRIL MAX X 100 CC,231100,auto_accept,product_lookup,1,EXP-2.5,EXP-2.5,EXP-2.5,True,True
SOCIEDAD AGUAS BUENAS SPA,7084,CHUZO 1.64mts,26000,review_required,model,0.271,EXP-14.4,EXP-14.4|EXP-14.2|EXP-10.1,EXP-16.1,False,True
Santander - Chile,56546219,COMISION DE MANTENCION DE PLAN,20760,review_required,model,0.5441,ADM-1.7,ADM-1.7|EXP-14.1|EXP-14.4,"|?Impuestos, comisiones, multas",False,True
COOPERATIVA AGRICOLA LECHERA STGO.,2630930,PEDEROL SPRAY X 250 ML,160200,auto_accept,model,0.7809,EXP-2.5,EXP-2.5|EXP-2.2|EXP-3.1,EXP-2.5,True,True
MULTIMOTOS OSORNO SPA,1704,REPARACION MOTO HONDA,624370,auto_accept,model,0.9725,EXP-13.2,EXP-13.2|EXP-13.3|AF-2.1,EXP-13.2,True,True
BANCO BICE,3847761,Renta de Arrendamiento Nº2 del contrato Nº38722-1,1328236,auto_accept,model,0.9874,EXP-15.8,EXP-15.8|EXP-15.4|ADM-1.5,|?DEUDAS LEASING LARGO PLAZO,False,True
SALINAS Y FABRES S.A.,5337827,Item,215399,review_required,model,0.2078,EXP-10.4,EXP-10.4|EXP-14.4|EXP-13.1,EXP-13.1,False,True
DISTRIBUIDORA ENTRETECHO SPA,113509,Petroleo Diesel G-B,59752,auto_accept,product_lookup,1,EXP-11.3,EXP-11.3,EXP-11.3,True,True
COOPERATIVA AGRICOLA Y LECHERA DE LA UNI,30307306,GASOLINA 93,34718,review_required,model,0.6368,ADM-1.4,ADM-1.4|EXP-11.4|EXP-16.2,EXP-11.4,False,True
HGS DAIRY SOLUTIONS SPA,27755,TRI-PFAN 60 LTS.,458129,auto_accept,model,0.7855,EXP-10.3,EXP-10.3|EXP-10.1|EXP-10.4,EXP-10.3|EXP-10.4,True,False
HGS DAIRY SOLUTIONS SPA,27755,ORACID 60 L,131438,auto_accept,model,0.9141,EXP-10.3,EXP-10.3|EXP-2.2|EXP-3.1,EXP-10.3|EXP-10.4,True,False
HGS DAIRY SOLUTIONS SPA,27755,ZINICIN 70 KGS.,98368,auto_accept,product_lookup,1,EXP-10.3,EXP-10.3,EXP-10.3|EXP-10.4,True,False
HGS DAIRY SOLUTIONS SPA,27755,FILTRO LECHE 75 MM * 800 SE - 200 UN,97124,review_required,model,0.7372,EXP-10.1,EXP-10.1|EXP-10.4|EXP-15.2,EXP-10.3|EXP-10.4,False,False
DORIS IVONNE CASTILLO KANTER,263226,HDPE-TERMINAL HE 32MM X 1P COMPRESION -@,11400,auto_accept,model,0.8161,EXP-14.3,EXP-14.3|EXP-14.4|EXP-10.4,EXP-14.3|EXP-14.4|EXP-16.2,True,False
DORIS IVONNE CASTILLO KANTER,263226,HDPE-TEE COMPRESION 32MM -@,20178,auto_accept,model,0.7927,EXP-14.3,EXP-14.3|EXP-14.4|EXP-10.4,EXP-14.3|EXP-14.4|EXP-16.2,True,False
DORIS IVONNE CASTILLO KANTER,263226,CINTA TEFLON MAESTRO 3/4 041704003 TAUMM -@,1932,review_required,model,0.7486,EXP-14.3,EXP-14.3|EXP-14.4|EXP-10.4,EXP-14.3|EXP-14.4|EXP-16.2,True,False
DORIS IVONNE CASTILLO KANTER,263226,VALVULA BOLA OTRA 1 HI-HI TAUMM 060155002 -@,28140,review_required,model,0.7141,EXP-14.3,EXP-14.3|EXP-14.4|EXP-14.2,EXP-14.3|EXP-14.4|EXP-16.2,True,False
DORIS IVONNE CASTILLO KANTER,263226,AMARRA PLASTICA NEGRA 4 8 X 300MM 100UN AMR105 -@,4088,review_required,model,0.7256,EXP-14.3,EXP-14.3|EXP-14.4|EXP-14.2,EXP-14.3|EXP-14.4|EXP-16.2,True,False
DORIS IVONNE CASTILLO KANTER,263226,CINTA TAPAGOTERA 10 MT AGOREX -@,40482,review_required,model,0.2828,EXP-14.2,EXP-14.2|EXP-14.3|EXP-14.4,EXP-14.3|EXP-14.4|EXP-16.2,False,False
HYK MANTENIMIENTO MAKINARÍA AGRÍCOLA SPA,144,servicio carro wullians,448770,review_required,model,0.1627,EXP-13.1,EXP-13.1|EXP-14.1|EXP-15.4,EXP-14.3,False,True
COMERCIALIZADORA DE ART DE PROTECCION Y SEGURIDAD INDUSTRIAL MANQUEHUE LIMITADA,3708456,BUZO COVERALL- G BLANCO T M,3960,auto_accept,model,0.9332,EXP-16.1,EXP-16.1|EXP-13.1|ADM-1.10,EXP-16.1,True,True
COMERCIALIZADORA DE ART DE PROTECCION Y SEGURIDAD INDUSTRIAL MANQUEHUE LIMITADA,3708456,BUZO COVERALL- G BLANCO T XXL,29700,auto_accept,model,0.9162,EXP-16.1,EXP-16.1|EXP-13.1|ADM-1.10,EXP-16.1,True,True
COMERCIALIZADORA DE ART DE PROTECCION Y SEGURIDAD INDUSTRIAL MANQUEHUE LIMITADA,3708456,GUANTE CABRITILLA SIN FORRO TIPO A,49000,review_required,model,0.6934,EXP-16.1,EXP-16.1|EXP-6.4|ADM-1.6,EXP-16.1,True,True
COMERCIALIZADORA DE ART DE PROTECCION Y SEGURIDAD INDUSTRIAL MANQUEHUE LIMITADA,3708456,MASCARILLA KN95 IMPORTADA,9500,review_required,model,0.5224,EXP-13.1,EXP-13.1|EXP-14.2|ADM-1.6,EXP-16.1,False,True
SOCIEDAD CONCESIONARIA RUTA 5 CHILLAN-COLLIPULLI S.A.,1975700,INTERESES_POR_MORA,1646,review_required,model,0.5741,EXP-15.3,EXP-15.3|ADM-1.7|ADM-1.4,ADM-1.4,False,True
SOCIEDAD CONCESIONARIA RUTA 5 CHILLAN-COLLIPULLI S.A.,1975700,GASTOS_COBRANZA,3060,review_required,model,0.1883,EXP-16.2,EXP-16.2|EXP-14.4|ADM-1.5,ADM-1.4,False,True
SOCIEDAD CONCESIONARIA RUTA 5 CHILLAN-COLLIPULLI S.A.,1975700,TRANSITO,6800,review_required,model,0.8055,EXP-15.3,EXP-15.3|ADM-3.1|ADM-1.4,ADM-1.4,False,True
COOPERATIVA AGRICOLA Y LECHERA DE LA UNION LTDA.,30689573,PLANIPART FCO 50 CC,103510,auto_accept,product_lookup,1,EXP-2.5,EXP-2.5,EXP-2.2|EXP-2.5|EXP-3.1,True,False
COOPERATIVA AGRICOLA Y LECHERA DE LA UNION LTDA.,30689573,ADVOCIN 180 X 50 CC,132966,auto_accept,product_lookup,1,EXP-2.5,EXP-2.5,EXP-2.2|EXP-2.5|EXP-3.1,True,False
COOPERATIVA AGRICOLA Y LECHERA DE LA UNION LTDA.,30689573,MOBEXVET X 50 ML,127062,auto_accept,product_lookup,1,EXP-2.5,EXP-2.5,EXP-2.2|EXP-2.5|EXP-3.1,True,False
COOPERATIVA AGRICOLA Y LECHERA DE LA UNION LTDA.,30689573,AZOVETRIL X 5 LT.,146514,auto_accept,product_lookup,1,EXP-2.5,EXP-2.5,EXP-2.2|EXP-2.5|EXP-3.1,True,False
COOPERATIVA AGRICOLA Y LECHERA DE LA UNION LTDA.,30689573,BAYTRIL MAX X 100 CC,92440,auto_accept,product_lookup,1,EXP-2.5,EXP-2.5,EXP-2.2|EXP-2.5|EXP-3.1,True,False
COOPERATIVA AGRICOLA Y LECHERA DE LA UNION LTDA.,30689573,LIQUAMICINA LA 250 CC.,228444,auto_accept,product_lookup,1,EXP-2.5,EXP-2.5,EXP-2.2|EXP-2.5|EXP-3.1,True,False
COOPERATIVA AGRICOLA Y LECHERA DE LA UNION LTDA.,30689573,LUTALYSE X 100 ML,238020,auto_accept,product_lookup,1,EXP-3.1,EXP-3.1,EXP-2.2|EXP-2.5|EXP-3.1,True,False
COOPERATIVA AGRICOLA Y LECHERA DE LA UNION LTDA.,30689573,EXCEDE 200 X 100 ML,245278,auto_accept,product_lookup,1,EXP-2.5,EXP-2.5,EXP-2.2|EXP-2.5|EXP-3.1,True,False
COOPERATIVA AGRICOLA Y LECHERA DE LA UNION LTDA.,30689573,COBACTAN INYECTABLE X 100 ML,173200,auto_accept,model,0.8044,EXP-2.5,EXP-2.5|EXP-2.2|EXP-3.1,EXP-2.2|EXP-2.5|EXP-3.1,True,False
LUIS ANTONIO TORRES JARAMILLO,76,TRASLADO VAQUILLAS,200000,auto_accept,model,0.9128,AF-1.1,AF-1.1|EXP-15.2|EXP-15.3,EXP-15.3,False,True
LUIS ANTONIO TORRES JARAMILLO,76,TRASLADO VAQUILLAS,250000,auto_accept,model,0.9105,AF-1.1,AF-1.1|EXP-15.2|EXP-2.3,EXP-15.3,False,True
REALE CHILE SEGUROS GENERALES S.A.,1345367,Pago cuota 7. Póliza Vehiculos,61099,auto_accept,model,0.9195,ADM-2.1,ADM-2.1|EXP-15.4|ADM-1.2,ADM-2.1,True,True
SOC ROBERTO AICHELE Y CIA LIMITADA,394,ASESORIA AGROPECUARIA,816896,auto_accept,product_lookup,1,EXP-15.1,EXP-15.1,EXP-15.1,True,True
COOPERATIVA AGRICOLA Y LECHERA DE LA UNI,30614700,GASOLINA 93,41537,review_required,model,0.6368,ADM-1.4,ADM-1.4|EXP-11.4|EXP-16.2,EXP-11.4,False,True
COOPERATIVA AGRICOLA Y LECHERA DE LA UNION LTDA.,30729387,PETROLEO DIESEL ULTRA,43720,auto_accept,product_lookup,1,EXP-11.3,EXP-11.3,EXP-11.3,True,True
GEO PARTNER SPA,2200,SERVICIOS,336000,review_required,model,0.5032,EXP-15.3,EXP-15.3|EXP-14.1|EXP-16.2,EXP-14.1,False,True
GEO PARTNER SPA,2200,VENTA MATERIAL,1860000,review_required,model,0.7624,EXP-14.1,EXP-14.1|EXP-6.3|EXP-6.2,EXP-14.1,True,True
GEO PARTNER SPA,2200,VENTA MATERIAL,5292000,review_required,model,0.6879,EXP-14.1,EXP-14.1|EXP-6.3|EXP-6.2,EXP-14.1,True,True
TUV Rheinland Andino S.A,589622,CRT Clase B Camioneta - TBZL91,18067,review_required,model,0.5916,EXP-13.1,EXP-13.1|EXP-2.2|EXP-3.1,EXP-13.3,False,True
COOPERATIVA AGRICOLA Y LECHERA DE LA UNI,30768192,LECHE PRISMA CARAMELO,11722,review_required,model,0.4447,EXP-3.1,EXP-3.1|EXP-10.1|EXP-15.2,EXP-1.1,False,True
COOPERATIVA AGRICOLA Y LECHERA DE LA UNI,30768192,LECHE PRISMA CAPPUCCINO,14066,review_required,model,0.4624,EXP-3.1,EXP-3.1|EXP-10.1|EXP-15.2,EXP-1.1,False,True
COOPERATIVA AGRICOLA Y LECHERA DE LA UNI,30768192,CREMISIMO VAINILLA POTE 100 G,941,review_required,model,0.1992,EXP-2.2,EXP-2.2|EXP-13.1|EXP-4.1,EXP-1.1,False,True
COOPERATIVA AGRICOLA Y LECHERA DE LA UNI,30768192,CREMISIMO LUCUMA POTE 100 G,941,review_required,model,0.1996,EXP-2.2,EXP-2.2|EXP-13.1|EXP-4.1,EXP-1.1,False,True
COOPERATIVA AGRICOLA Y LECHERA DE LA UNI,30768192,UHT DESAYUNOW MANZANA-AVENA 330 ML,2496,review_required,model,0.1912,ADM-1.6,ADM-1.6|EXP-2.2|EXP-1.1,EXP-1.1,False,True
COOPERATIVA AGRICOLA Y LECHERA DE LA UNI,30768192,UHT DESAYUNOW CHOCO-AVENA 330 ML,7487,review_required,model,0.1178,EXP-2.2,EXP-2.2|ADM-1.6|EXP-13.1,EXP-1.1,False,True
COOPERATIVA AGRICOLA Y LECHERA DE LA UNI,30768192,NECTAR PINA 200 ml.,1562,review_required,model,0.2304,EXP-10.3,EXP-10.3|EXP-2.2|EXP-16.2,EXP-1.1,False,True
COOPERATIVA AGRICOLA Y LECHERA DE LA UNI,30768192,NECTAR DURAZNO 200 ml.,1562,review_required,model,0.301,EXP-10.3,EXP-10.3|EXP-2.2|EXP-2.6,EXP-1.1,False,True
COOPERATIVA AGRICOLA Y LECHERA DE LA UNI,30768192,NECTAR MANZANA 200 ml.,1562,review_required,model,0.4974,EXP-1.1,EXP-1.1|EXP-10.3|ADM-1.6,EXP-1.1,True,True
Estaciones de Serv. Paola Uslar Molina E.I.R.L.,260242,Aramco Gasolina 93,73786,review_required,model,0.5345,ADM-1.4,ADM-1.4|EXP-11.4|EXP-16.2,EXP-11.4,False,True
BANCO BICE,3844580,Comisión por Pagos de Nominas,2453,auto_accept,model,0.8132,ADM-1.7,ADM-1.7|ADM-3.1|EXP-15.5,"|?Impuestos, comisiones, multas",False,True
LAS ACHIRAS SPA,438,Nombre ítem 1,28800,review_required,model,0.1095,EXP-15.3,EXP-15.3|EXP-14.1|EXP-15.2,ADM-1.5,False,True
Banco de Chile,47964073,COMISION MENSUAL ADMINISTRACION CONVENIO]REMUNERACIONES,13145,review_required,model,0.6919,ADM-3.1,ADM-3.1|EXP-14.4|EXP-10.4,"|?Impuestos, comisiones, multas",False,True
COOPERATIVA AGRICOLA Y LECHERA DE LA UNION LTDA.,30690259,TRAJE DE AGUA ALASKA L,14638,auto_accept,product_lookup,1,EXP-16.1,EXP-16.1,EXP-16.1,True,True
COOPERATIVA AGRICOLA Y LECHERA DE LA UNION LTDA.,30690259,OVEROLES GABARDINA TALLA M,8740,auto_accept,product_lookup,1,EXP-16.1,EXP-16.1,EXP-16.1,True,True
COOPERATIVA AGRICOLA Y LECHERA DE LA UNI,30614612,GASOLINA 93,27636,review_required,model,0.6368,ADM-1.4,ADM-1.4|EXP-11.4|EXP-16.2,EXP-11.4,False,True
COOPERATIVA AGRICOLA Y LECHERA DE LA UNION LTDA.,30689903,CUCHILLO DESPALMADOR IZQ AESCULAP 203567,29003,review_required,model,0.2915,EXP-16.1,EXP-16.1|EXP-2.6|EXP-16.2,EXP-16.1|EXP-2.6,True,False
COOPERATIVA AGRICOLA Y LECHERA DE LA UNION LTDA.,30689903,BOTA BEKINA STEPLITE PUNTA ACERO N° 41,55753,auto_accept,product_lookup,1,EXP-16.1,EXP-16.1,EXP-16.1|EXP-2.6,True,False
GALLAGHER CHILE SPA,22092,ESTACA ANILLO 850MM 6MM 10UN,175988,review_required,model,0.2554,EXP-14.2,EXP-14.2|EXP-14.3|EXP-14.4,EXP-14.2,True,True
COOPERATIVA AGRICOLA Y DE SERVICIOS LTDA,5330804,PINTURA SPRAY 500 CC DONAGHYS AZUL,39720,auto_accept,product_lookup,1,EXP-2.6,EXP-2.6,EXP-2.6,True,True
COOPERATIVA AGRICOLA Y DE SERVICIOS LTDA,5331321,CARDIOTONICO (VIVEFORT) CAJA 3X10 CC.,85864,auto_accept,product_lookup,1,EXP-2.5,EXP-2.5,EXP-2.5,True,True
COOPERATIVA AGRICOLA Y DE SERVICIOS LTDA,5331321,MAGNEKAL 100 CC. (CLORURO DE MG),73560,auto_accept,product_lookup,1,EXP-2.5,EXP-2.5,EXP-2.5,True,True
COOPERATIVA AGRICOLA Y DE SERVICIOS LTDA,5331321,CALFODEX 500 CC.,189744,auto_accept,product_lookup,1,EXP-2.5,EXP-2.5,EXP-2.5,True,True
COOPERATIVA AGRICOLA Y DE SERVICIOS LTDA,5331321,BOVICAL-P 5 LTS.,93490,review_required,model,0.1887,EXP-2.5,EXP-2.5|EXP-10.3|EXP-2.2,EXP-2.5,True,True
COPEC S.A.,32207330,Fecha-Guía,0,review_required,model,0.4737,EXP-10.4,EXP-10.4|EXP-13.3|EXP-10.1,ADM-1.4,False,True
COPEC S.A.,32207330,Total,0,review_required,model,0.8243,EXP-11.4,EXP-11.4|ADM-1.4|EXP-11.5,ADM-1.4,False,True
COPEC S.A.,32207330,DETALLE,84078,review_required,business_rule,1,ADM-1.4,ADM-1.4,ADM-1.4,True,True
Santander - Chile,15417353,COMISION MANTENCION PLAN (EXENTO DE IVA),11626,review_required,model,0.4787,ADM-1.7,ADM-1.7|EXP-14.1|EXP-14.4,"|?Impuestos, comisiones, multas",False,True
BANCO BICE,3844576,Comision por Nominas en Linea CCA,16337,review_required,model,0.6181,ADM-1.7,ADM-1.7|EXP-15.7|ADM-3.1,"|?Impuestos, comisiones, multas",False,True
ADMINISTRADORA DE ESTACIONES DE SERVICIO,32999,GASOLINA 93,60149,review_required,model,0.6325,ADM-1.4,ADM-1.4|EXP-11.4|EXP-11.5,ADM-1.4,True,True
SODIMAC S.A.,148581888,DETERGENTE POLVO KLEINE 10KG,13857,review_required,model,0.3744,EXP-10.3,EXP-10.3|EXP-2.4|EXP-16.2,EXP-10.3|EXP-16.1,True,False
SODIMAC S.A.,148581888,REFLECTOR LED 50W LF NEGRO,18471,review_required,model,0.1699,EXP-16.2,EXP-16.2|EXP-14.2|EXP-14.4,EXP-10.3|EXP-16.1,False,False
SODIMAC S.A.,148581888,SET TIJERAS X3 PDQ,4193,review_required,model,0.1623,EXP-10.3,EXP-10.3|EXP-13.3|EXP-15.5,EXP-10.3|EXP-16.1,True,False
SODIMAC S.A.,148581888,MARTILLO FIBRA DVIDRIO 200Z,14109,review_required,model,0.1984,ADM-1.6,ADM-1.6|EXP-16.2|EXP-14.4,EXP-10.3|EXP-16.1,False,False
COOPERATIVA AGRICOLA Y DE SERVICIOS LTDA,5321113,BUZO VETERINARIO 1 PIEZA TALLA 44 (S),34500,auto_accept,model,0.7533,EXP-16.1,EXP-16.1|EXP-2.6|EXP-16.2,EXP-16.1,True,True
COOPERATIVA AGRICOLA Y DE SERVICIOS LTDA,5321113,BUZO VETERINARIO 1 PIEZA TALLA 48 (L),103500,review_required,model,0.7099,EXP-16.1,EXP-16.1|EXP-2.6|EXP-16.2,EXP-16.1,True,True
COOPERATIVA AGRICOLA Y DE SERVICIOS LTDA,5321113,BUZO VETERINARIO 1 PIEZA TALLA 50 (XL),69000,review_required,model,0.7179,EXP-16.1,EXP-16.1|EXP-2.6|EXP-16.2,EXP-16.1,True,True
COOPERATIVA AGRICOLA Y DE SERVICIOS LTDA,5321113,BUZO VETERINARIO 1 PIEZA TALLA 54 (XXXL),138000,auto_accept,model,0.7581,EXP-16.1,EXP-16.1|EXP-2.6|EXP-16.2,EXP-16.1,True,True
COOPERATIVA AGRICOLA Y DE SERVICIOS LTDA,5321113,BUZO VETERINARIO 1 PIEZA TALLA 46 (M),138000,review_required,model,0.745,EXP-16.1,EXP-16.1|EXP-2.6|EXP-14.2,EXP-16.1,True,True
COOPERATIVA AGRICOLA Y DE SERVICIOS LTDA,5321113,BUZO PILOTO VARIOS COLORES TALLA S,5819,auto_accept,product_lookup,1,EXP-16.1,EXP-16.1,EXP-16.1,True,True
COOPERATIVA AGRICOLA Y DE SERVICIOS LTDA,5321113,BUZO PILOTO VARIOS COLORES TALLA M,23276,auto_accept,model,0.957,EXP-16.1,EXP-16.1|EXP-16.2|EXP-2.6,EXP-16.1,True,True
COOPERATIVA AGRICOLA Y DE SERVICIOS LTDA,5321113,BUZO PILOTO VARIOS COLORES TALLA L,17457,auto_accept,model,0.953,EXP-16.1,EXP-16.1|EXP-16.2|EXP-2.6,EXP-16.1,True,True
COOPERATIVA AGRICOLA Y DE SERVICIOS LTDA,5321113,BUZO PILOTO VARIOS COLORES TALLA XL,11638,auto_accept,product_lookup,1,EXP-16.1,EXP-16.1,EXP-16.1,True,True
COOPERATIVA AGRICOLA Y DE SERVICIOS LTDA,5321113,BUZO PILOTO VARIOS COLORES TALLA XXL,23276,auto_accept,product_lookup,1,EXP-16.1,EXP-16.1,EXP-16.1,True,True
COOPERATIVA AGRICOLA Y DE SERVICIOS LTDA,5321113,MANGA ORDENO VERDE,79144,auto_accept,product_lookup,1,EXP-16.1,EXP-16.1,EXP-16.1,True,True
COOPERATIVA AGRICOLA Y DE SERVICIOS LTDA,5321113,PECHERA AJUSTABLE AZUL REVERSIBLE,109200,auto_accept,product_lookup,1,EXP-16.1,EXP-16.1,EXP-16.1,True,True
COOPERATIVA AGRICOLA Y DE SERVICIOS LTDA,5321113,LIBRO DE NACIMIENTOS,16880,review_required,model,0.1024,EXP-16.2,EXP-16.2|EXP-2.6|EXP-12.2,EXP-16.1,False,True
COOPERATIVA AGRICOLA Y DE SERVICIOS LTDA,5321113,BOTAS BEKINA STEPLITE-X P.A.#42,53790,auto_accept,product_lookup,1,EXP-16.1,EXP-16.1,EXP-16.1,True,True
COOPERATIVA AGRICOLA Y DE SERVICIOS LTDA,5321113,BOTAS BEKINA STEPLITE-X P.A.#43,53790,auto_accept,product_lookup,1,EXP-16.1,EXP-16.1,EXP-16.1,True,True
BANCO BICE,3847674,Renta de Arrendamiento Nº17 del contrato Nº34590-1,2766683,auto_accept,model,0.9865,EXP-15.8,EXP-15.8|EXP-15.4|ADM-1.5,|?DEUDAS LEASING LARGO PLAZO,False,True
FERIA GANADEROS OSORNO S.A.,193948,005 TERNERO(S) PAR + LOMO,2205280,review_required,model,0.1501,ADM-1.6,ADM-1.6|EXP-14.1|EXP-14.4,"|?Impuestos, comisiones, multas",False,True
FERIA GANADEROS OSORNO S.A.,193948,006 TERNERO(S) NEG /\/\ LOMO,3087500,review_required,model,0.1468,ADM-1.6,ADM-1.6|ADM-1.2|EXP-14.4,"|?Impuestos, comisiones, multas",False,True
FERIA GANADEROS OSORNO S.A.,193948,005 TERNERA(S) NEG SM NEG,2025540,review_required,model,0.224,ADM-1.2,ADM-1.2|ADM-1.6|AF-1.1,"|?Impuestos, comisiones, multas",False,True
FERIA GANADEROS OSORNO S.A.,193948,005 TERNERA(S) PAR SM PAR,1827000,review_required,model,0.1127,ADM-1.2,ADM-1.2|EXP-14.4|ADM-1.6,"|?Impuestos, comisiones, multas",False,True
CIA ELECTRICA OSORNO S A,1459849,Administración del Servicio,1095,auto_accept,meter_lookup,1,EXP-11.1,EXP-11.1,EXP-11.1,True,True
CIA ELECTRICA OSORNO S A,1459849,Transporte de Electricidad,104142,auto_accept,meter_lookup,1,EXP-11.1,EXP-11.1,EXP-11.1,True,True
CIA ELECTRICA OSORNO S A,1459849,Electricidad Consumida,560611,auto_accept,meter_lookup,1,EXP-11.1,EXP-11.1,EXP-11.1,True,True
CIA ELECTRICA OSORNO S A,1459849,Cargo mensual por demanda máxima de Potencia Leída,698206,auto_accept,meter_lookup,1,EXP-11.1,EXP-11.1,EXP-11.1,True,True
CIA ELECTRICA OSORNO S A,1459849,Cargo mensual por demanda máxima de Potencia Leída Hora Punta,428985,auto_accept,meter_lookup,1,EXP-11.1,EXP-11.1,EXP-11.1,True,True
CIA ELECTRICA OSORNO S A,1459849,Cargo por Servicio Público,5079,auto_accept,meter_lookup,1,EXP-11.1,EXP-11.1,EXP-11.1,True,True
CIA ELECTRICA OSORNO S A,1459849,Cargo Fondo de Estabilización Ley 21.472,19180,auto_accept,meter_lookup,1,EXP-11.1,EXP-11.1,EXP-11.1,True,True
CIA ELECTRICA OSORNO S A,1459849,Arriendo Equipos No Regulados,163775,auto_accept,meter_lookup,1,EXP-11.1,EXP-11.1,EXP-11.1,True,True
CIA ELECTRICA OSORNO S A,1459849,"Ajuste para facilitar el pago en efectivo, mes actual",30,auto_accept,meter_lookup,1,EXP-11.1,EXP-11.1,EXP-11.1,True,True
CIA ELECTRICA OSORNO S A,1459849,"Ajuste para facilitar el pago en efectivo, mes anterior",19,auto_accept,meter_lookup,1,EXP-11.1,EXP-11.1,EXP-11.1,True,True
CIA ELECTRICA OSORNO S A,1459849,Interés por mora Energía,63,auto_accept,meter_lookup,1,EXP-11.1,EXP-11.1,EXP-11.1,True,True
CIA ELECTRICA OSORNO S A,1459849,Interés por mora Energía,4101,auto_accept,meter_lookup,1,EXP-11.1,EXP-11.1,EXP-11.1,True,True
COOPERATIVA AGRICOLA Y DE SERVICIOS LTDA,5330800,PINTURA SPRAY 500 CC DONAGHYS VERDE,95328,review_required,model,0.4769,EXP-2.6,EXP-2.6|EXP-2.2|EXP-2.5,EXP-2.6,True,True
COOPERATIVA AGRICOLA Y DE SERVICIOS LTDA,5330800,PINTURA SPRAY 500 CC DONAGHYS AZUL,7944,auto_accept,product_lookup,1,EXP-2.6,EXP-2.6,EXP-2.6,True,True
COOPERATIVA AGRICOLA Y DE SERVICIOS LTDA,5330800,CHUPETE BIBERON (PARA MAMADERA DE 2 LTS),16596,review_required,model,0.1719,ADM-1.6,ADM-1.6|EXP-16.2|EXP-2.6,EXP-2.6,False,True
COOPERATIVA AGRICOLA Y DE SERVICIOS LTDA,5330800,TERMOMETRO DIGITAL GRANDES ANIM. 212772,19221,review_required,model,0.2849,EXP-13.1,EXP-13.1|EXP-2.6|EXP-14.2,EXP-2.6,False,True
COOPERATIVA AGRICOLA Y DE SERVICIOS LTDA,5330800,TENAZA AUTOCROTALES (ALLFLEX),39652,review_required,model,0.7322,EXP-2.6,EXP-2.6|EXP-16.1|EXP-2.2,EXP-2.6,True,True
COOPERATIVA AGRICOLA Y DE SERVICIOS LTDA,5330800,BANDA ADHESIVA PATA/COLA 10M ROJO 204273,22040,review_required,model,0.4777,EXP-2.6,EXP-2.6|EXP-16.2|EXP-2.2,EXP-2.6,True,True
COOPERATIVA AGRICOLA Y DE SERVICIOS LTDA,5330800,BANDA ADHESIVA PATA/COLA 10M AMAR 204274,4408,review_required,model,0.5095,EXP-2.6,EXP-2.6|EXP-16.1|EXP-16.2,EXP-2.6,True,True
COOPERATIVA AGRICOLA Y LECHERA DE LA UNI,30307632,PETROLEO DIESEL ULTRA,43720,auto_accept,product_lookup,1,EXP-11.3,EXP-11.3,EXP-11.3,True,True
COOPERATIVA AGRICOLA Y LECHERA DE LA UNION LTDA.,30694888,DIIO DATAMARS ZEETAG HDX X 5 UN,1318770,review_required,model,0.5509,EXP-2.6,EXP-2.6|EXP-13.1|EXP-2.2,EXP-2.6,True,True
DORIS IVONNE CASTILLO KANTER,262285,DILUYENTE DUCO PIROX INVIERNO 1LT QUIMICA UNIVERSAL -@,15850,review_required,model,0.628,EXP-14.3,EXP-14.3|EXP-14.4|EXP-14.2,EXP-14.4,False,True
DORIS IVONNE CASTILLO KANTER,262285,KG SOLDADURA 7018-RH 1/8 INDURA BOLSA -@,111465,review_required,model,0.3245,EXP-14.3,EXP-14.3|EXP-14.2|EXP-14.4,EXP-14.4,False,True
DORIS IVONNE CASTILLO KANTER,262285,PAN PERNO ANCLAJE -HILTI-1 2-X4 1 4 -@,6670,review_required,model,0.4545,EXP-14.3,EXP-14.3|EXP-10.4|EXP-14.4,EXP-14.4,False,True
DORIS IVONNE CASTILLO KANTER,262285,DISCO DE LAMINAS HEMIC 115X22 23MM GR 100 882100115 -@,9130,review_required,model,0.5124,EXP-14.3,EXP-14.3|EXP-14.2|EXP-14.4,EXP-14.4,False,True
DORIS IVONNE CASTILLO KANTER,262285,GALVANIZADO EN FRIO 80% SPRAY BILLANTE 450ML SILIMAX -@,36960,review_required,model,0.2234,EXP-14.2,EXP-14.2|EXP-14.4|EXP-10.4,EXP-14.4,False,True
DORIS IVONNE CASTILLO KANTER,262285,GRA1-ESCOBILLA COPA 3 TWISTED EBC103 -@,6706,review_required,model,0.1962,EXP-14.4,EXP-14.4|EXP-13.1|EXP-14.2,EXP-14.4,True,True
DORIS IVONNE CASTILLO KANTER,262285,DISCO DESBASTE 25282886 6 115X6X22 MM ATLAS -@,10630,review_required,model,0.2594,EXP-14.3,EXP-14.3|EXP-14.2|EXP-14.4,EXP-14.4,False,True
DORIS IVONNE CASTILLO KANTER,262285,DISCO DESBASTE METAL 7 X 6.0MM KRAFTER -@,4618,review_required,model,0.4929,EXP-14.3,EXP-14.3|EXP-14.4|EXP-14.2,EXP-14.4,False,True
SALINAS Y FABRES S.A.,5352947,Item,973183,review_required,model,0.2264,EXP-14.1,EXP-14.1|EXP-10.4|EXP-14.4,EXP-13.1,False,True
ELCIRA CABEZA MENENDEZ,1290,GAS 15KG GASCO,25126,review_required,model,0.9398,EXP-11.5,EXP-11.5|EXP-11.4|EXP-16.2,EXP-11.5,True,True
DANIEL VILLAR Y CIA LTDA,420108,Gasolina 93,91031,auto_accept,business_rule,1,ADM-1.4,ADM-1.4,ADM-1.4,True,True
COOPERATIVA AGRICOLA Y LECHERA DE LA UNION LTDA.,30690116,PETROLEO DIESEL ULTRA (DISTRIBUCION),1055188,auto_accept,product_lookup,1,EXP-11.3,EXP-11.3,EXP-11.3,True,True
BANCO BICE,3824204,COMISION DE USO MENSUAL (Nro. Documento: 474150001425),5306,review_required,model,0.966,ADM-3.1,ADM-3.1|EXP-9.2|EXP-10.4,"|?Impuestos, comisiones, multas",False,True
BANCO BICE,3824204,COMISION DE USO MENSUAL (Nro. Documento: 474150001441),5306,review_required,model,0.948,ADM-3.1,ADM-3.1|EXP-9.2|EXP-10.4,"|?Impuestos, comisiones, multas",False,True
COMERCIAL Y SERVICIOS VIGU LIMITADA,68282,Gasolina 93,36585,review_required,model,0.718,ADM-1.4,ADM-1.4|EXP-11.4|EXP-16.2,EXP-11.4,False,True
ESMAX RED LIMITADA,8999876,Aramco Gasolina 93,36522,review_required,model,0.536,ADM-1.4,ADM-1.4|EXP-11.4|EXP-16.2,ADM-1.4,True,True
BANCO BICE,3864596,Renta de Arrendamiento Nº15 del contrato Nº34853-1,2714328,auto_accept,model,0.9873,EXP-15.8,EXP-15.8|EXP-15.4|ADM-1.5,|?DEUDAS LEASING LARGO PLAZO,False,True
COOPERATIVA AGRICOLA Y LECHERA DE LA UNION LTDA.,30689271,DIIO DATAMARS ZEETAG FDX X 5 UN,2315720,review_required,model,0.4777,EXP-2.6,EXP-2.6|EXP-16.2|EXP-13.1,EXP-2.6,True,True
LATAM AIRLINES GROUP SA,7422498,Vuelo Tasas y/o impuestos,230826,review_required,model,0.3982,ADM-1.4,ADM-1.4|EXP-10.1|EXP-14.1,ADM-1.7,False,True
COOPERATIVA AGRICOLA Y DE SERVICIOS LTDA,5320818,SAL MIN COOPRINSEM ANIONICA 25 kG,187680,review_required,model,0.31,EXP-2.4,EXP-2.4|EXP-8.4|EXP-5.5,EXP-2.4,True,True
SOCIEDAD COMERCIAL VITACYCLE LIMITADA,275,Manejo y disposicion,387500,review_required,model,0.4464,EXP-14.4,EXP-14.4|EXP-14.1|EXP-10.4,EXP-16.2,False,True
SOCIEDAD COMERCIAL VITACYCLE LIMITADA,275,Flete,114400,auto_accept,model,0.8597,EXP-15.3,EXP-15.3|EXP-10.1|EXP-14.1,EXP-16.2,False,True
COOPERATIVA AGRICOLA Y LECHERA DE LA UNION LTDA.,30689412,PETROLEO DIESEL ULTRA (DISTRIBUCION),711483,auto_accept,product_lookup,1,EXP-11.3,EXP-11.3,EXP-11.3,True,True
BIOGENESIS ANIMAL HEALTH SPA,11039,COW GUARD BARRERA 210KG,840000,review_required,model,0.9683,EXP-10.2,EXP-10.2|EXP-2.4|EXP-15.2,EXP-10.2,True,True
COOPERATIVA AGRICOLA Y LECHERA DE LA UNION LTDA.,4013732,ECO CMT CHECK 1 KL.,85212,auto_accept,product_lookup,1,EXP-2.2,EXP-2.2,EXP-2.2,True,True
COOPERATIVA AGRICOLA Y LECHERA DE LA UNI,30614645,GASOLINA 93,28907,review_required,model,0.6368,ADM-1.4,ADM-1.4|EXP-11.4|EXP-16.2,EXP-11.4,False,True
COOPERATIVA AGRICOLA Y LECHERA DE LA UNION LTDA.,30689569,CABESTRILLO CUNA 210065 SHOOF,58424,review_required,model,0.4604,EXP-16.1,EXP-16.1|EXP-2.6|EXP-16.2,EXP-16.1,True,True
PROA SPA,9153937,Mezcla MLV+Pellet Min Lech Podologico Gr,8610398,review_required,model,0.3046,EXP-15.2,EXP-15.2|EXP-3.1|EXP-10.1,EXP-5.1,False,True
COOPERATIVA AGRICOLA Y LECHERA DE LA UNI,30307332,PETROLEO DIESEL ULTRA,55630,auto_accept,product_lookup,1,EXP-11.3,EXP-11.3,EXP-11.3,True,True
COOPERATIVA AGRICOLA Y DE SERVICIOS LTDA,5325976,SERV TEC CHORE TIME SALA MAITEN,496040,review_required,model,0.2218,EXP-14.1,EXP-14.1|EXP-13.1|ADM-1.6,EXP-10.1,False,True
COOPERATIVA AGRICOLA Y LECHERA DE LA UNION LTDA.,30731353,PISTOLA TRUPER PIN-5X,18704,auto_accept,product_lookup,1,EXP-16.2,EXP-16.2,EXP-16.2,True,True
H2 ASESORIAS Y SERVICIOS SPA,2957,CONTROL DE ROEDORES,44118,auto_accept,model,0.9972,EXP-7.0,EXP-7.0|EXP-2.2|EXP-13.1,ADM-1.10,False,True
PATRICIO SANTIAGO CAREY BRIONES,298372,Diesel,56892,auto_accept,product_lookup,1,EXP-11.3,EXP-11.3,EXP-11.3,True,True
COMER DE COMBUSTIBLES M&D LTD,79099,Gasolina 93 octanos sin plomo,37782,review_required,model,0.5269,EXP-11.4,EXP-11.4|ADM-1.4|EXP-16.2,ADM-1.4,False,True
DISTRIBUIDORA COMERCIAL P Y G LIMITADA,627299,Diesel,56418,auto_accept,product_lookup,1,EXP-11.3,EXP-11.3,EXP-11.3,True,True
DORIS IVONNE CASTILLO KANTER,262290,TIRA CAÑERIA ISO GALV DE 2 1 2 -@,48300,review_required,model,0.6538,EXP-14.3,EXP-14.3|EXP-14.4|EXP-14.2,EXP-14.4,False,True
DORIS IVONNE CASTILLO KANTER,262290,TIRA CAÑERIA ISO GALV DE 1 1 2 -@,523108,review_required,model,0.6192,EXP-14.3,EXP-14.3|EXP-14.4|EXP-14.2,EXP-14.4,False,True
DORIS IVONNE CASTILLO KANTER,262290,TIRA PLETINA 75X 5MM -@,26663,review_required,model,0.6696,EXP-14.3,EXP-14.3|EXP-14.4|EXP-14.2,EXP-14.4,False,True
COOPERATIVA AGRICOLA Y DE SERVICIOS LTDA,5327691,SP. ECO CMT CHECK (SPARTAN CHECK),53856,auto_accept,product_lookup,1,EXP-2.6,EXP-2.6,EXP-2.2|EXP-2.5,False,False
COOPERATIVA AGRICOLA Y DE SERVICIOS LTDA,5327691,BOVICAL-P 5 LTS.,93490,review_required,model,0.1887,EXP-2.5,EXP-2.5|EXP-10.3|EXP-2.2,EXP-2.2|EXP-2.5,True,False
COPEC S.A.,32198120,Fecha-Guía,0,review_required,model,0.4874,EXP-10.4,EXP-10.4|EXP-13.3|EXP-14.1,ADM-1.4,False,True
COPEC S.A.,32198120,Total,0,review_required,model,0.8454,EXP-11.4,EXP-11.4|ADM-1.4|EXP-11.5,ADM-1.4,False,True
COPEC S.A.,32198120,DETALLE,84236,review_required,business_rule,1,ADM-1.4,ADM-1.4,ADM-1.4,True,True
COOPERATIVA AGRICOLA Y LECHERA DE LA UNI,30307595,GASOLINA 93,19271,review_required,model,0.6368,ADM-1.4,ADM-1.4|EXP-11.4|EXP-16.2,EXP-11.4,False,True
COOPERATIVA AGRICOLA Y LECHERA DE LA UNI,30614702,PETROLEO DIESEL ULTRA,88032,auto_accept,product_lookup,1,EXP-11.3,EXP-11.3,EXP-11.3,True,True
DISTRIBUIDORA COMERCIAL P Y G LIMITADA,632558,Gasolina 93,57562,review_required,model,0.7703,ADM-1.4,ADM-1.4|EXP-11.4|EXP-16.2,EXP-11.4,False,True
HGS DAIRY SOLUTIONS SPA,27814,VIAJE TECNICO,43520,auto_accept,product_lookup,1,EXP-10.1,EXP-10.1,EXP-10.1,True,True
HGS DAIRY SOLUTIONS SPA,27814,SERVICIO EMERGENCIA FA,46209,review_required,model,0.5399,EXP-10.1,EXP-10.1|EXP-10.4|EXP-12.1,EXP-10.1,True,True
STARLINK CHILE SPA,2899488,Residential,126051,auto_accept,product_lookup,1,ADM-1.2,ADM-1.2,ADM-1.2,True,True
STARLINK CHILE SPA,2899488,Local Priority Subscription,17647,auto_accept,model,0.9463,ADM-1.2,ADM-1.2|EXP-9.1|ADM-2.1,ADM-1.2,True,True
STARLINK CHILE SPA,2899488,Local Priority 50GB Data Block,14706,review_required,model,0.532,EXP-10.3,EXP-10.3|ADM-1.2|EXP-13.3,ADM-1.2,False,True
STARLINK CHILE SPA,2899488,Residential Lite,31092,review_required,model,0.8871,ADM-1.2,ADM-1.2|EXP-14.4|EXP-13.3,ADM-1.2,True,True
Manantial S.A,6607036,Botellon 20 litros,24789,review_required,model,0.6216,EXP-16.2,EXP-16.2|EXP-2.2|EXP-2.6,ADM-1.6,False,True
LIBRERIA MACKENNA SPA,2886,PUSH PINS COLOR 100 UN 11092 NUOVO AND111,1008,review_required,model,0.5392,EXP-13.1,EXP-13.1|EXP-14.2|EXP-14.4,ADM-1.6,False,True
LIBRERIA MACKENNA SPA,2886,PIZARRA CORCHO 60 X 90 355088 FULTONS PRO111,12521,review_required,model,0.4559,EXP-14.2,EXP-14.2|EXP-13.1|EXP-16.2,ADM-1.6,False,True
COOPERATIVA AGRICOLA Y LECHERA DE LA UNION LTDA.,30694666,CINTA BLANCA 40 MM X 200M (SP022),82600,auto_accept,product_lookup,1,EXP-14.2,EXP-14.2,EXP-14.2,True,True
COOPERATIVA AGRICOLA Y LECHERA DE LA UNION LTDA.,30694666,ANCLAJE 3 VIAS BLA 5UN (G64912),74000,auto_accept,product_lookup,1,EXP-14.2,EXP-14.2,EXP-14.2,True,True
COOPERATIVA AGRICOLA Y LECHERA DE LA UNION LTDA.,30694666,TENSOR C/AISLADOR (G74313),59840,auto_accept,product_lookup,1,EXP-14.2,EXP-14.2,EXP-14.2,True,True
COOPERATIVA AGRICOLA Y LECHERA DE LA UNION LTDA.,30694666,"AISLADOR ""W"" 2 CLAVOS S10291B",12500,review_required,model,0.5176,EXP-13.1,EXP-13.1|EXP-14.2|EXP-4.1,EXP-14.2,False,True
COOPERATIVA AGRICOLA Y LECHERA DE LA UNION LTDA.,30694666,MANIJA SOFT TOUCH CINTA (G69603),66072,auto_accept,product_lookup,1,EXP-14.2,EXP-14.2,EXP-14.2,True,True
COOPERATIVA AGRICOLA Y LECHERA DE LA UNI,30307594,PETROLEO DIESEL ULTRA,65580,auto_accept,product_lookup,1,EXP-11.3,EXP-11.3,EXP-11.3,True,True
COOPERATIVA AGRICOLA Y LECHERA DE LA UNION LTDA.,30731625,PANTALON TERMICO IMPERMEABLE TALLA L,23549,review_required,model,0.2707,EXP-13.1,EXP-13.1|EXP-14.2|EXP-2.6,EXP-16.1,False,True
Comercial Climent SpA,751818,"CAMLOCK ACOPLE HEMBRA ESPIGA TIPO-C MANG. 3""",25518,review_required,model,0.3787,EXP-14.4,EXP-14.4|EXP-14.3|EXP-9.2,EXP-14.3,False,True
Comercial Climent SpA,751818,"CAMLOCK ACOPLE MACHO ESPIGA TIPO-E MANG. 3""",6059,review_required,model,0.458,EXP-14.4,EXP-14.4|EXP-14.3|EXP-9.2,EXP-14.3,False,True
BANCO BICE,3864214,Renta de Arrendamiento Nº9 del contrato Nº36931-1,2186581,auto_accept,model,0.9857,EXP-15.8,EXP-15.8|EXP-15.4|ADM-1.5,|?DEUDAS LEASING LARGO PLAZO,False,True
SERVICIOS PROFESIONALES EN SEGURIDAD Y SALUD OCUPACIONAL JACQUELINE FU,440,PREVENCION DE RIESGOS,816400,review_required,model,0.7809,ADM-1.10,ADM-1.10|EXP-15.5|ADM-1.2,ADM-1.10,True,True
SOC CONCESIONARIA AUTOPISTA CENTRAL S A,13775394,Arriendo de Televía,1244,auto_accept,model,0.8444,ADM-1.2,ADM-1.2|EXP-14.1|EXP-15.3,ADM-1.4,False,True
AUDITAX SPA,6022,ASESORIA CONTABLE,1919577,review_required,model,0.6782,ADM-1.8,ADM-1.8|ADM-2.3|ADM-2.1,ADM-1.8,True,True
ELCIRA CABEZA MENENDEZ,1275,COCA COLA 350CC. LATA,5798,auto_accept,model,0.8863,EXP-1.1,EXP-1.1|ADM-1.6|ADM-1.5,EXP-1.1,True,True
ELCIRA CABEZA MENENDEZ,1275,G CEREAL MIX CACAO,832,review_required,model,0.2618,EXP-8.2,EXP-8.2|EXP-14.2|EXP-13.1,EXP-1.1,False,True
ELCIRA CABEZA MENENDEZ,1275,GALL. COSTA CHAMPANITAS 85GRS.,924,auto_accept,model,0.8097,EXP-1.1,EXP-1.1|ADM-1.6|EXP-6.4,EXP-1.1,True,True
ELCIRA CABEZA MENENDEZ,1275,GALL. COSTA GRETEL 85 GRS. YOG. FRUTILLA,2672,review_required,model,0.7227,EXP-1.1,EXP-1.1|ADM-1.6|ADM-1.5,EXP-1.1,True,True
ELCIRA CABEZA MENENDEZ,1275,ALFAJOR MANJAR ENTRTE LAGOS,840,review_required,model,0.3741,EXP-15.4,EXP-15.4|ADM-1.6|EXP-16.1,EXP-1.1,False,True
ELCIRA CABEZA MENENDEZ,1275,GALL. COSTA CHOCO CHIPS 125 GRS.,2000,review_required,model,0.7232,EXP-1.1,EXP-1.1|ADM-1.6|ADM-1.5,EXP-1.1,True,True
ELCIRA CABEZA MENENDEZ,1275,GRETEL PIE DE LIMON,2672,review_required,model,0.1558,ADM-1.6,ADM-1.6|EXP-1.1|EXP-14.1,EXP-1.1,False,True
ELCIRA CABEZA MENENDEZ,1275,TRITON NARANJA 116GRS,2395,review_required,model,0.0828,EXP-13.1,EXP-13.1|EXP-14.2|EXP-13.3,EXP-1.1,False,True
ELCIRA CABEZA MENENDEZ,1275,GALLETON CHOCOLATE CON CHIPS 30 GR,412,auto_accept,model,0.8818,EXP-1.1,EXP-1.1|EXP-10.3|ADM-1.6,EXP-1.1,True,True
ELCIRA CABEZA MENENDEZ,1275,FROOTA CIRUELA ECOVIDA 150GR,1597,review_required,model,0.1372,EXP-3.1,EXP-3.1|EXP-2.2|EXP-16.2,EXP-1.1,False,True
ELCIRA CABEZA MENENDEZ,1275,FROOTA FRUTILLA,1597,review_required,model,0.3695,EXP-1.1,EXP-1.1|EXP-10.3|EXP-13.2,EXP-1.1,True,True
ELCIRA CABEZA MENENDEZ,1275,GALLETA AGUA VIVO BIOSAL 140GR,1765,auto_accept,model,0.9739,EXP-1.1,EXP-1.1|ADM-1.6|EXP-10.3,EXP-1.1,True,True
ELCIRA CABEZA MENENDEZ,1275,QUEQUE NUTRABIEN NARANJA 250G,6681,review_required,model,0.4682,EXP-1.1,EXP-1.1|EXP-10.3|ADM-1.6,EXP-1.1,True,True
DORIS IVONNE CASTILLO KANTER,263403,PEGAMENTO TRAMPA P RATONES G F2609 FERRETOOLS -@,6670,review_required,model,0.2967,EXP-16.1,EXP-16.1|EXP-2.6|EXP-16.2,EXP-14.3|EXP-14.4|EXP-16.2,False,False
DORIS IVONNE CASTILLO KANTER,263403,CINTA TAPAGOTERA 10 MT AGOREX -@,40482,review_required,model,0.2828,EXP-14.2,EXP-14.2|EXP-14.3|EXP-14.4,EXP-14.3|EXP-14.4|EXP-16.2,False,False
DORIS IVONNE CASTILLO KANTER,263403,ABRAZADERA MANGUERA 3/4 AB-10 (44235) -@,15080,review_required,model,0.6637,EXP-14.3,EXP-14.3|EXP-14.4|EXP-14.2,EXP-14.3|EXP-14.4|EXP-16.2,True,False
DORIS IVONNE CASTILLO KANTER,263403,Ñ-CURVA SANITARIA GRIS 110 X 45 -@,1566,review_required,model,0.7006,EXP-14.3,EXP-14.3|EXP-14.4|EXP-14.2,EXP-14.3|EXP-14.4|EXP-16.2,True,False
SOCIEDAD COMERCIAL SOFLO SPA,4457,Guante Ordeña Nitrilo Soflo Bio Largo Talla L (Caja 100u),222000,review_required,model,0.1964,ADM-1.6,ADM-1.6|EXP-5.1|ADM-1.5,EXP-16.1,False,True
SOCIEDAD COMERCIAL SOFLO SPA,4457,Manga Palpación Roja Soflo VPRO 100 Unidades,50400,review_required,model,0.1769,EXP-2.2,EXP-2.2|EXP-8.3|EXP-2.6,EXP-16.1,False,True
SOCIEDAD COMERCIAL SOFLO SPA,4457,Guante Ordeña Nitrilo Verde Industrial Soflo 15Pro Talla 10/XL ( Unidad ),1287,review_required,model,0.1978,EXP-14.1,EXP-14.1|EXP-13.1|EXP-16.2,EXP-16.1,False,True
SOCIEDAD COMERCIAL SOFLO SPA,4457,Guante Ordeña Nitrilo Verde Industrial Soflo 15Pro Talla 9/L ( Unidad ),1287,review_required,model,0.2257,EXP-14.1,EXP-14.1|EXP-13.1|EXP-16.2,EXP-16.1,False,True
SOCIEDAD COMERCIAL SOFLO SPA,4457,Guante Ordeña Nitrilo Verde Industrial Soflo 15Pro Talla 8 /M ( Unidad ),2574,review_required,model,0.1893,EXP-14.1,EXP-14.1|EXP-13.1|EXP-16.2,EXP-16.1,False,True
SOCIEDAD COMERCIAL SOFLO SPA,4457,Guante Ordeña Nitrilo Verde Industrial Soflo 15Pro Talla 7 /S ( Unidad ),5148,review_required,model,0.2427,EXP-13.1,EXP-13.1|EXP-14.1|EXP-16.2,EXP-16.1,False,True
BANCO BICE,3847673,Renta de Arrendamiento Nº17 del contrato Nº34589-1,1435898,auto_accept,model,0.986,EXP-15.8,EXP-15.8|EXP-15.4|ADM-1.5,|?DEUDAS LEASING LARGO PLAZO,False,True
CIA ELECTRICA OSORNO S A,1459411,Administración del Servicio,1095,auto_accept,meter_lookup,1,EXP-9.1,EXP-9.1,EXP-9.1,True,True
CIA ELECTRICA OSORNO S A,1459411,Cargo mensual por demanda máxima de Potencia Leída,1011965,review_required,meter_lookup,1,EXP-9.1,EXP-9.1,EXP-9.1,True,True
CIA ELECTRICA OSORNO S A,1459411,Recargo Mal Factor de Potencia,12217,auto_accept,meter_lookup,1,EXP-9.1,EXP-9.1,EXP-9.1,True,True
CIA ELECTRICA OSORNO S A,1459411,"Ajuste para facilitar el pago en efectivo, mes actual",8,auto_accept,meter_lookup,1,EXP-9.1,EXP-9.1,EXP-9.1,True,True
CIA ELECTRICA OSORNO S A,1459411,"Ajuste para facilitar el pago en efectivo, mes anterior",54,auto_accept,meter_lookup,1,EXP-9.1,EXP-9.1,EXP-9.1,True,True
CIA ELECTRICA OSORNO S A,1459411,Interés por mora Energía,4,auto_accept,meter_lookup,1,EXP-9.1,EXP-9.1,EXP-9.1,True,True
CIA ELECTRICA OSORNO S A,1459411,Interés por mora Energía,13873,auto_accept,meter_lookup,1,EXP-9.1,EXP-9.1,EXP-9.1,True,True
PERSONAL COMPUTER FACTORY S.A.,5608057,"Monitor Samsung 27"" FHD, 120Hz, IPS, Essential S3, LS27F320GALXZS",101756,review_required,model,0.4731,EXP-13.1,EXP-13.1|AF-2.1|EXP-13.3,ADM-1.6,False,True
VERISURE CHILE SPA,12756753,MONITOREO MES DE 07/2026 CONTRATO 1731275,44498,auto_accept,model,0.986,ADM-1.7,ADM-1.7|ADM-3.1|EXP-15.3,ADM-1.2,False,True
COOPERATIVA AGRICOLA Y LECHERA DE LA UNI,30614674,GASOLINA 93,28907,review_required,model,0.6368,ADM-1.4,ADM-1.4|EXP-11.4|EXP-16.2,EXP-11.4,False,True
COMERCIAL SAHAR LIMITADA,23329,Gasolina 93,108945,auto_accept,business_rule,1,ADM-1.4,ADM-1.4,ADM-1.4,True,True
COOPERATIVA AGRICOLA Y LECHERA DE LA UNION LTDA.,30731494,HORQUETAS TRUPER 5 PTAS,42832,auto_accept,product_lookup,1,EXP-16.1,EXP-16.1,EXP-16.1,True,True
COOPERATIVA AGRICOLA Y LECHERA DE LA UNI,30307649,PETROLEO DIESEL ULTRA,43720,auto_accept,product_lookup,1,EXP-11.3,EXP-11.3,EXP-11.3,True,True
Comercial Climent SpA,751599,CODO PVC-SANIT.GRIS 110MM X 90§,3630,review_required,model,0.7481,EXP-14.3,EXP-14.3|EXP-14.4|EXP-10.4,EXP-14.4,False,True
Comercial Climent SpA,751599,SIKAFLEX 11FC GRIS HORMIGON 300ML,41983,review_required,model,0.1896,EXP-10.4,EXP-10.4|EXP-13.3|EXP-13.1,EXP-14.4,False,True
Comercial Climent SpA,751599,PINTURA ANTICOR.NEGRO 1GL.SOQUINA (20360401),17891,review_required,model,0.7704,EXP-14.4,EXP-14.4|EXP-13.1|EXP-14.2,EXP-14.4,True,True
COOPERATIVA AGRICOLA Y DE SERVICIOS LTDA,5326215,REPIDERMA SPRAY 250 CC,140748,auto_accept,product_lookup,1,EXP-2.5,EXP-2.5,EXP-16.1|EXP-2.5|EXP-2.6,True,False
COOPERATIVA AGRICOLA Y DE SERVICIOS LTDA,5326215,PINTURA FIL SPRAY 500 CC ROJA 213864,61872,review_required,model,0.4451,EXP-2.2,EXP-2.2|EXP-2.6|EXP-13.1,EXP-16.1|EXP-2.5|EXP-2.6,False,False
COOPERATIVA AGRICOLA Y DE SERVICIOS LTDA,5326215,"TRAJE AGUA POLIURETANO 0,55MM T-L",16980,auto_accept,product_lookup,1,EXP-16.1,EXP-16.1,EXP-16.1|EXP-2.5|EXP-2.6,True,False
COOPERATIVA AGRICOLA Y LECHERA DE LA UNI,30614528,GASOLINA 93,70527,review_required,model,0.6368,ADM-1.4,ADM-1.4|EXP-11.4|EXP-16.2,EXP-11.4,False,True
HGS DAIRY SOLUTIONS SPA,27875,RESPONDER ISO (CAJA 10 UNIDADES),4579967,review_required,model,0.2164,EXP-10.3,EXP-10.3|EXP-10.4|EXP-10.1,EXP-10.1,False,True
HGS DAIRY SOLUTIONS SPA,27875,PROTECTOR PARA RESPONDER ISO (10 U),1196491,review_required,model,0.3226,EXP-10.3,EXP-10.3|EXP-10.4|EXP-15.5,EXP-10.1,False,True
SODIMAC S.A.,148249782,PACK 3 CINTAS SCOTCH 18MMX30MT,3269,review_required,model,0.2175,EXP-14.4,EXP-14.4|EXP-14.2|ADM-1.6,ADM-1.6|EXP-14.4,True,False
SODIMAC S.A.,148249782,MARCADOR PERM. SCAB NEGRO,4521,review_required,model,0.57,EXP-14.4,EXP-14.4|EXP-16.2|EXP-14.2,ADM-1.6|EXP-14.4,True,False
SODIMAC S.A.,148249782,CINTA CRISTAL 20 MTRS CR,2345,review_required,model,0.1709,EXP-14.2,EXP-14.2|EXP-8.4|EXP-16.2,ADM-1.6|EXP-14.4,False,False
SODIMAC S.A.,148249782,MARCADOR OLEO BLANCO MEDIO,3857,review_required,model,0.186,ADM-1.6,ADM-1.6|EXP-16.2|EXP-10.4,ADM-1.6|EXP-14.4,True,False
SODIMAC S.A.,148249782,TIJERA CORTE 8,3353,review_required,model,0.1641,EXP-14.2,EXP-14.2|AF-2.1|ADM-1.6,ADM-1.6|EXP-14.4,False,False
SODIMAC S.A.,148249782,TIJERA IMPRESA SCOTCH 8 IN,4866,review_required,model,0.3161,ADM-1.6,ADM-1.6|EXP-14.4|EXP-16.2,ADM-1.6|EXP-14.4,True,False
SODIMAC S.A.,148249782,CINTA TELA MP GRIS 48MMX91M.,5118,review_required,model,0.2336,EXP-16.2,EXP-16.2|EXP-14.2|EXP-10.4,ADM-1.6|EXP-14.4,False,False
SODIMAC S.A.,148249782,CINTA EMB TRANSP 48MM X40MTS.,1336,review_required,model,0.2995,EXP-14.2,EXP-14.2|ADM-1.6|EXP-14.4,ADM-1.6|EXP-14.4,False,False
SODIMAC S.A.,148249782,MASILLA BASE ROMERAL 25 KG,17639,review_required,model,0.2254,EXP-2.4,EXP-2.4|EXP-8.1|EXP-16.2,ADM-1.6|EXP-14.4,False,False
COOPERATIVA AGRICOLA Y LECHERA DE LA UNI,30614136,QUESO RANCO LAMINADO 1 kg.,9521,review_required,model,0.2204,EXP-8.2,EXP-8.2|EXP-10.3|EXP-8.1,EXP-1.1,False,True
COOPERATIVA AGRICOLA Y LECHERA DE LA UNI,30614136,LECHE ENTERA 200 ml.,7258,review_required,model,0.4564,EXP-3.1,EXP-3.1|EXP-10.1|EXP-10.4,EXP-1.1,False,True
COOPERATIVA AGRICOLA Y LECHERA DE LA UNI,30614136,YOGHURT BATIDO FRUTOS DEL SUR PACK 12 un.,7286,review_required,model,0.1895,EXP-8.1,EXP-8.1|EXP-8.4|ADM-1.6,EXP-1.1,False,True
COOPERATIVA AGRICOLA Y LECHERA DE LA UNI,30614136,NECTAR MANZANA 200 ml.,4687,review_required,model,0.4974,EXP-1.1,EXP-1.1|EXP-10.3|ADM-1.6,EXP-1.1,True,True
COOPERATIVA AGRICOLA Y LECHERA DE LA UNI,30614136,NECTAR PINA 200 ml.,4687,review_required,model,0.2304,EXP-10.3,EXP-10.3|EXP-2.2|EXP-16.2,EXP-1.1,False,True
COOPERATIVA AGRICOLA Y LECHERA DE LA UNI,30614136,NECTAR NARANJA 200 ml.,4687,review_required,model,0.178,EXP-2.2,EXP-2.2|EXP-10.3|EXP-8.3,EXP-1.1,False,True
Tattersall Ganado S.A.,760544,VACA CARNAZA,845000,review_required,model,0.9853,AF-1.1,AF-1.1|EXP-15.2|EXP-2.3,"|?Impuestos, comisiones, multas",False,True
Tattersall Ganado S.A.,760544,VACA GORDA,2984520,review_required,model,0.9856,AF-1.1,AF-1.1|EXP-15.2|EXP-2.3,"|?Impuestos, comisiones, multas",False,True
Tattersall Ganado S.A.,760544,VACA CARNAZA,4672899,review_required,model,0.9881,AF-1.1,AF-1.1|EXP-15.2|EXP-2.3,"|?Impuestos, comisiones, multas",False,True
Tattersall Ganado S.A.,760544,VACA CARNAZA,4877196,review_required,model,0.9863,AF-1.1,AF-1.1|EXP-15.2|EXP-2.3,"|?Impuestos, comisiones, multas",False,True
Hotelera MDS Chillán S.A.,38199,Habitaciones ( 1),118692,review_required,model,0.7424,ADM-1.5,ADM-1.5|EXP-13.3|ADM-1.2,ADM-1.5,True,True
Hotelera MDS Chillán S.A.,38199,Servibar ( 1),1681,auto_accept,model,0.9101,ADM-1.5,ADM-1.5|EXP-13.3|ADM-1.6,ADM-1.5,True,True
COMERCIALIZADORA DE ART DE PROTECCION Y SEGURIDAD INDUSTRIAL MANQUEHUE LIMITADA,3699909,SERVICIO LOGO ESTAMPADO,42250,review_required,model,0.1926,ADM-1.10,ADM-1.10|ADM-1.6|EXP-14.1,ADM-1.7,False,True
COMERCIALIZADORA DE ART DE PROTECCION Y SEGURIDAD INDUSTRIAL MANQUEHUE LIMITADA,3699909,MICROPOLAR M/L AZUL MTX 730220 T M,15780,review_required,model,0.33,EXP-16.1,EXP-16.1|EXP-13.1|EXP-14.2,ADM-1.7,False,True
COMERCIALIZADORA DE ART DE PROTECCION Y SEGURIDAD INDUSTRIAL MANQUEHUE LIMITADA,3699909,MICROPOLAR M/L AZUL MTX 730220 T XL,78900,review_required,model,0.2864,EXP-13.1,EXP-13.1|EXP-16.1|EXP-14.2,ADM-1.7,False,True
COMERCIALIZADORA DE ART DE PROTECCION Y SEGURIDAD INDUSTRIAL MANQUEHUE LIMITADA,3699909,MICROPOLAR M/L AZUL MTX 730220 TXXL,7890,review_required,model,0.3452,EXP-13.1,EXP-13.1|EXP-16.1|EXP-2.6,ADM-1.7,False,True
FERIA GANADEROS OSORNO S.A.,194149,009 TERNERO(S) LAG . LOMO,3013520,review_required,model,0.1714,ADM-1.6,ADM-1.6|EXP-14.1|ADM-1.2,"|?Impuestos, comisiones, multas",False,True
FERIA GANADEROS OSORNO S.A.,194149,008 TERNERO(S) NEG PAR /\ LOMO,2224000,review_required,model,0.2636,ADM-1.6,ADM-1.6|EXP-14.1|ADM-1.2,"|?Impuestos, comisiones, multas",False,True
FERIA GANADEROS OSORNO S.A.,194149,002 TERNERO(S) NEG .. LOMO,264000,review_required,model,0.2092,ADM-1.6,ADM-1.6|EXP-14.4|ADM-1.2,"|?Impuestos, comisiones, multas",False,True
FERIA GANADEROS OSORNO S.A.,194149,004 TERNERO(S) NEG CLA H LOMO,1386000,review_required,model,0.4267,ADM-1.6,ADM-1.6|ADM-1.2|EXP-14.1,"|?Impuestos, comisiones, multas",False,True
FERIA GANADEROS OSORNO S.A.,194149,004 TERNERO(S) PAF NEG V LOMO,1560600,review_required,model,0.1186,ADM-1.6,ADM-1.6|EXP-4.1|EXP-5.3,"|?Impuestos, comisiones, multas",False,True
FERIA GANADEROS OSORNO S.A.,194149,008 TERNERO(S) NAF SM NAF,2870760,review_required,model,0.1098,EXP-14.1,EXP-14.1|ADM-1.6|EXP-4.1,"|?Impuestos, comisiones, multas",False,True
HECTOR RAUL MANCILLA LOPEZ,2112,Flete de sales a fdo Yutr,80000,auto_accept,model,0.8789,EXP-15.3,EXP-15.3|EXP-14.1|EXP-10.1,EXP-15.3,True,True
HECTOR RAUL MANCILLA LOPEZ,2112,56 vacas Pelleco Yutreco.,192000,review_required,model,0.4801,EXP-15.2,EXP-15.2|AF-1.1|EXP-15.3,EXP-15.3,False,True
HECTOR RAUL MANCILLA LOPEZ,2112,40 vacas Raices a feria d,160000,review_required,model,0.2644,EXP-15.2,EXP-15.2|EXP-10.2|EXP-15.3,EXP-15.3,False,True
HECTOR RAUL MANCILLA LOPEZ,2112,35 vacas Raices feria de.,240000,review_required,model,0.5316,EXP-15.2,EXP-15.2|EXP-10.2|AF-1.1,EXP-15.3,False,True
HECTOR RAUL MANCILLA LOPEZ,2112,18 vacas Raices feria,150000,review_required,model,0.5043,EXP-15.2,EXP-15.2|AF-1.1|EXP-10.2,EXP-15.3,False,True
COOPERATIVA AGRICOLA Y LECHERA DE LA UNION LTDA.,30690118,REFRACTROMETRO BRIX ANTAHI 225220,29024,review_required,model,0.2584,EXP-13.1,EXP-13.1|EXP-16.2|ADM-1.6,EXP-2.6,False,True
DORIS IVONNE CASTILLO KANTER,262288,DISCO DE CORTE HEMIC 7 (180 X 1.6 X 22.23MM) -@,11400,review_required,model,0.621,EXP-14.3,EXP-14.3|EXP-14.4|EXP-14.2,EXP-14.4,False,True
DORIS IVONNE CASTILLO KANTER,262288,KG SOLDADURA 7018-RH 1/8 INDURA BOLSA -@,37155,review_required,model,0.3245,EXP-14.3,EXP-14.3|EXP-14.2|EXP-14.4,EXP-14.4,False,True
DORIS IVONNE CASTILLO KANTER,262288,DILUYENTE DUCO PIROX INVIERNO 1LT QUIMICA UNIVERSAL -@,15850,review_required,model,0.628,EXP-14.3,EXP-14.3|EXP-14.4|EXP-14.2,EXP-14.4,False,True
DORIS IVONNE CASTILLO KANTER,262288,TRIPLE ACCION DIRECT 3 NEGRO GALON RECORD -@,34848,review_required,model,0.4054,EXP-14.3,EXP-14.3|EXP-14.2|EXP-14.4,EXP-14.4,False,True
DORIS IVONNE CASTILLO KANTER,262288,DISCO CORTE BOSCH 4 1 2 - 1MM -@,3770,review_required,model,0.3232,EXP-14.3,EXP-14.3|EXP-14.4|EXP-14.2,EXP-14.4,False,True
PROA SPA,9153918,Mezcla MLV+Pellet Min Lech Podologico Gr,8824569,review_required,model,0.3351,EXP-15.2,EXP-15.2|EXP-3.1|EXP-10.1,EXP-5.1,False,True
JOHN MARCELO CARRILLO SOLDAN,374,MANTENCION Y REPARACION,1770000,review_required,model,0.2496,EXP-14.4,EXP-14.4|EXP-10.4|EXP-10.1,EXP-13.1,False,True
VERISURE CHILE SPA,12728711,MONITOREO MES DE 07/2026 CONTRATO 1731305,42864,auto_accept,model,0.9916,ADM-1.7,ADM-1.7|ADM-3.1|EXP-15.3,ADM-1.2,False,True
YOAM MARCELO ORTIZ GUTIERREZ,132,LONAS YUTRECO,582000,review_required,model,0.3166,EXP-15.3,EXP-15.3|EXP-14.1|EXP-16.2,EXP-14.1,False,True
YOAM MARCELO ORTIZ GUTIERREZ,132,INSTALACIÓN LONAS YUTRECO,100000,review_required,model,0.1783,AF-2.1,AF-2.1|EXP-14.4|EXP-10.4,EXP-14.1,False,True
YOAM MARCELO ORTIZ GUTIERREZ,132,LONAS FUNDO MAITEN,1080000,review_required,model,0.3596,EXP-15.3,EXP-15.3|EXP-14.1|EXP-16.2,EXP-14.1,False,True
YOAM MARCELO ORTIZ GUTIERREZ,132,INSTALACIÓN LONA MAITEN,150000,review_required,model,0.3195,EXP-14.4,EXP-14.4|EXP-10.1|AF-2.1,EXP-14.1,False,True
COOPERATIVA AGRICOLA Y LECHERA DE LA UNION LTDA.,30731626,PANTALON TERMICO IMPERMEABLE TALLA L,23549,review_required,model,0.2707,EXP-13.1,EXP-13.1|EXP-14.2|EXP-2.6,EXP-16.1,False,True
LIBRERIA MACKENNA SPA,2884,MARCADOR PIZARRA AZUL 28202 TORRE TOR111,832,review_required,model,0.3485,EXP-2.6,EXP-2.6|EXP-13.1|EXP-16.1,ADM-1.6,False,True
LIBRERIA MACKENNA SPA,2884,MARCADOR PIZARRA ROJO 28203 TORRE TOR111,832,review_required,model,0.2896,EXP-2.6,EXP-2.6|EXP-13.1|EXP-2.2,ADM-1.6,False,True
LIBRERIA MACKENNA SPA,2884,MARCADOR PIZARRA MORADO 1007012110013 COLORWAY DEM111,487,review_required,model,0.3754,EXP-13.1,EXP-13.1|EXP-2.6|EXP-14.2,ADM-1.6,False,True
LIBRERIA MACKENNA SPA,2884,MARCADOR PIZARRA ROSADO 1007012110014 COLORWAY DEM111,487,review_required,model,0.3959,EXP-13.1,EXP-13.1|EXP-2.6|EXP-14.2,ADM-1.6,False,True
LIBRERIA MACKENNA SPA,2884,PIZARRA BLANCA 43 X 58 401260 ART CRAFT PRO111,7479,review_required,model,0.3519,EXP-14.2,EXP-14.2|EXP-13.1|EXP-14.4,ADM-1.6,False,True
LIBRERIA MACKENNA SPA,2884,PIZARRA BLANCA 90 X 120 35271 TORRE TOR111,41849,review_required,model,0.3022,EXP-13.1,EXP-13.1|EXP-14.2|EXP-14.4,ADM-1.6,False,True
LIBRERIA MACKENNA SPA,2884,PIZARRA BLANCA 60 X 90 35270 TORRE TOR111,26807,review_required,model,0.3173,EXP-13.1,EXP-13.1|EXP-14.2|EXP-14.4,ADM-1.6,False,True
LIBRERIA MACKENNA SPA,2884,MARCADOR PIZARRA ROJO EK-500-ROJ ARTLINE GAR111,1672,review_required,model,0.3011,EXP-2.6,EXP-2.6|EXP-13.1|EXP-16.2,ADM-1.6,False,True
LIBRERIA MACKENNA SPA,2884,MARCADOR PIZARRA NEGRO EK-500-NEG ARTLINE GAR111,1672,review_required,model,0.4705,EXP-14.2,EXP-14.2|EXP-13.1|EXP-16.2,ADM-1.6,False,True
SOCIEDAD TOROYO LTDA,13990,INSUMO TALLER,30000,review_required,model,0.1469,EXP-16.2,EXP-16.2|EXP-15.5|ADM-1.10,EXP-13.1,False,True
SOCIEDAD TOROYO LTDA,13990,GRUPO OXICORTE,50000,review_required,model,0.3564,EXP-2.4,EXP-2.4|EXP-2.2|EXP-13.1,EXP-13.1,False,True
SOCIEDAD TOROYO LTDA,13990,MAESTRANZA DESMONTAR EJE,60000,review_required,model,0.2912,EXP-16.2,EXP-16.2|EXP-9.2|EXP-14.4,EXP-13.1,False,True
SOCIEDAD TOROYO LTDA,13990,REPARACION CARRO FORRAJERO,280000,review_required,model,0.2483,ADM-3.1,ADM-3.1|EXP-10.4|EXP-10.1,EXP-13.1,False,True
SOCIEDAD TOROYO LTDA,13990,KM Y TRASLADO PEAJES,90000,review_required,model,0.1313,EXP-13.3,EXP-13.3|EXP-10.1|EXP-16.2,EXP-13.1,False,True
COOPERATIVA AGRICOLA Y LECHERA DE LA UNI,30307677,PETROLEO DIESEL ULTRA,62301,auto_accept,product_lookup,1,EXP-11.3,EXP-11.3,EXP-11.3,True,True
VERISURE CHILE SPA,12687178,MONITOREO MES DE 07/2026 CONTRATO 1731576,40823,auto_accept,model,0.9884,ADM-1.7,ADM-1.7|ADM-3.1|EXP-15.3,ADM-1.2,False,True
COOPERATIVA AGRICOLA Y LECHERA DE LA UNION LTDA.,30694607,"CAÑERIA NEGRA PN4 1""",73200,auto_accept,product_lookup,1,EXP-14.3,EXP-14.3,EXP-14.2|EXP-14.3|EXP-5.3,True,False
COOPERATIVA AGRICOLA Y LECHERA DE LA UNION LTDA.,30694607,ALAMBRE GALV. # 14 POR KILOS,96000,auto_accept,product_lookup,1,EXP-14.2,EXP-14.2,EXP-14.2|EXP-14.3|EXP-5.3,True,False
COOPERATIVA AGRICOLA Y LECHERA DE LA UNION LTDA.,30694607,MANIJA SOFT TOUCH CUERDA (G69703),91380,auto_accept,product_lookup,1,EXP-14.2,EXP-14.2,EXP-14.2|EXP-14.3|EXP-5.3,True,False
COOPERATIVA AGRICOLA Y LECHERA DE LA UNION LTDA.,30694607,CORDON BUNGY ROLLO 50 MT (G89106),129321,auto_accept,product_lookup,1,EXP-14.2,EXP-14.2,EXP-14.2|EXP-14.3|EXP-5.3,True,False
COOPERATIVA AGRICOLA Y LECHERA DE LA UNION LTDA.,30694607,"CABLE SUB 2,5MM 50M DURO NEG (G62702)",97508,auto_accept,product_lookup,1,EXP-14.2,EXP-14.2,EXP-14.2|EXP-14.3|EXP-5.3,True,False
COOPERATIVA AGRICOLA Y LECHERA DE LA UNION LTDA.,30694607,FLOTADOR AUTOMATICO ALUMINIO (USA),103908,review_required,model,0.1842,EXP-13.1,EXP-13.1|EXP-10.1|EXP-13.3,EXP-14.2|EXP-14.3|EXP-5.3,False,False
COOPERATIVA AGRICOLA Y LECHERA DE LA UNION LTDA.,30694607,PERRO FIT FORMULA ADULTO X 20 KG,69298,auto_accept,product_lookup,1,EXP-5.3,EXP-5.3,EXP-14.2|EXP-14.3|EXP-5.3,True,False
COOPERATIVA AGRICOLA Y LECHERA DE LA UNI,30614449,GASOLINA 93,26038,review_required,model,0.6368,ADM-1.4,ADM-1.4|EXP-11.4|EXP-16.2,EXP-11.4,False,True
NETSKY SPA,4310,Adaptador Starlink,49571,auto_accept,model,0.8243,ADM-1.2,ADM-1.2|EXP-13.3|ADM-1.6,ADM-1.2,True,True
NETSKY SPA,4310,Metro de Cable,70789,review_required,model,0.2279,EXP-8.3,EXP-8.3|ADM-1.6|ADM-1.2,ADM-1.2,False,True
NETSKY SPA,4310,Router EC220-G5,78000,review_required,model,0.2902,ADM-1.2,ADM-1.2|EXP-13.3|ADM-1.6,ADM-1.2,True,True
NETSKY SPA,4310,Instalacion cableado,133413,review_required,model,0.241,EXP-14.1,EXP-14.1|ADM-1.2|ADM-1.6,ADM-1.2,False,True
NETSKY SPA,4310,Configuracion access,30000,review_required,model,0.2408,ADM-1.2,ADM-1.2|EXP-13.3|EXP-15.3,ADM-1.2,True,True
CENCOSUD RETAIL S.A.,27316663,BOLSA REUTILIZABLE DURABAG MEDIANA VERDE,2180,review_required,model,0.28,ADM-1.6,ADM-1.6|EXP-14.4|EXP-14.1,EXP-1.1,False,True
CENCOSUD RETAIL S.A.,27316663,LECHE COLUN LIGHT CAPUCCINO PRISMA 330ML,7260,review_required,model,0.7466,EXP-3.1,EXP-3.1|EXP-10.1|EXP-15.2,EXP-1.1,False,True
CENCOSUD RETAIL S.A.,27316663,LECHE COLUN LIGHT CARAMELO PRISMA 330ML,7260,review_required,model,0.7205,EXP-3.1,EXP-3.1|EXP-10.1|EXP-15.2,EXP-1.1,False,True
CENCOSUD RETAIL S.A.,27316663,LECHE COLUN CAPUCCINO PRISMA 330ML PACK,7260,review_required,model,0.7295,EXP-3.1,EXP-3.1|EXP-10.1|EXP-15.2,EXP-1.1,False,True
CENCOSUD RETAIL S.A.,27316663,AGUA DE FRUTA GUALLARAUCO MANZANA 200 ML,3870,auto_accept,model,0.7931,EXP-1.1,EXP-1.1|ADM-1.5|ADM-1.6,EXP-1.1,True,True
CENCOSUD RETAIL S.A.,27316663,AGUA DE FRUTA GUALLARAUCO PINA 200 ML PA,3870,review_required,model,0.6595,EXP-1.1,EXP-1.1|ADM-1.6|ADM-1.5,EXP-1.1,True,True
CENCOSUD RETAIL S.A.,27316663,ALFAJOR LAGO DEL SUR LAGUITO 280G,5340,review_required,model,0.5786,EXP-1.1,EXP-1.1|ADM-1.6|EXP-10.3,EXP-1.1,True,True
CENCOSUD RETAIL S.A.,27316663,LECHE COLUN DESAYU NOW CHOCO AVENA 330ML,3810,review_required,model,0.6271,EXP-3.1,EXP-3.1|EXP-10.1|EXP-15.2,EXP-1.1,False,True
CENCOSUD RETAIL S.A.,27316663,BARRA CEREAL CORNY FREE MANI NOUGA 6X20G,6502,review_required,model,0.6229,EXP-1.1,EXP-1.1|ADM-1.5|ADM-1.6,EXP-1.1,True,True
CENCOSUD RETAIL S.A.,27316663,BARRA NATURE VALLEY PROTEIN CARAM. 5UN,4990,review_required,model,0.426,EXP-1.1,EXP-1.1|EXP-10.3|EXP-3.1,EXP-1.1,True,True
CENCOSUD RETAIL S.A.,27316663,BARRA NATURE VALLEY PROTEIN ALM CHOC 5UN,5050,review_required,model,0.3815,EXP-1.1,EXP-1.1|EXP-10.3|EXP-3.1,EXP-1.1,True,True
CENCOSUD RETAIL S.A.,27316663,CARAMELOS CAVENDISH GUINDA 200G,2590,auto_accept,model,0.7643,EXP-1.1,EXP-1.1|ADM-1.6|EXP-10.3,EXP-1.1,True,True
CENCOSUD RETAIL S.A.,27316663,GOMITA FRUGELE XL AMBROSOLI 360 GRS,2550,review_required,model,0.7438,EXP-1.1,EXP-1.1|ADM-1.6|ADM-1.5,EXP-1.1,True,True
CENCOSUD RETAIL S.A.,27316663,CARAMELOS GOYAK AMBROSOLI 480 GR,2610,review_required,model,0.6715,EXP-1.1,EXP-1.1|ADM-1.6|EXP-10.3,EXP-1.1,True,True
CENCOSUD RETAIL S.A.,27316663,CAFE NESCAFE MIXES CAPPUCCINO 8UN,3295,auto_accept,model,0.8886,EXP-1.1,EXP-1.1|ADM-1.6|ADM-1.5,EXP-1.1,True,True
CENCOSUD RETAIL S.A.,27316663,CAFE NESCAFE DOUBLE CHOCA MOCHA 8UN,3295,auto_accept,model,0.894,EXP-1.1,EXP-1.1|ADM-1.6|ADM-1.5,EXP-1.1,True,True
CENCOSUD RETAIL S.A.,27316663,BEBIDA BASE DE JUGO BLESS 09 LIMON 310ML,2090,review_required,model,0.5761,EXP-1.1,EXP-1.1|EXP-10.3|ADM-1.6,EXP-1.1,True,True
CENCOSUD RETAIL S.A.,27316663,PLATANO EXTRA GRANEL,1762,review_required,model,0.6401,EXP-1.1,EXP-1.1|ADM-1.5|ADM-1.6,EXP-1.1,True,True
CENCOSUD RETAIL S.A.,27316663,PACK MINIBROWNIE 6UN 180G,5460,review_required,model,0.74,EXP-1.1,EXP-1.1|ADM-1.6|EXP-10.3,EXP-1.1,True,True
CENCOSUD RETAIL S.A.,27316663,TOALLITAS DESINF D WIPES LAVANDA 80UN,2990,review_required,model,0.4027,EXP-1.1,EXP-1.1|ADM-1.6|ADM-1.10,EXP-1.1,True,True
CENCOSUD RETAIL S.A.,27316663,SNACK ENERGYBALLS CACAO ALME 200G. 10UN,5690,review_required,model,0.4869,EXP-1.1,EXP-1.1|ADM-1.6|EXP-10.3,EXP-1.1,True,True
CENCOSUD RETAIL S.A.,27316663,TABLETA DULCE DE LECHE CLAS VAUQUITA 80G,3180,review_required,model,0.191,EXP-1.1,EXP-1.1|EXP-3.1|EXP-10.1,EXP-1.1,True,True
Comercial Climent SpA,751280,"NIPLE HEXAGONO GALVANIZADO 3/4""",1653,review_required,model,0.5911,EXP-14.3,EXP-14.3|EXP-14.4|EXP-10.4,EXP-14.3,True,True
Comercial Climent SpA,751280,"BUSHING PLAST.BCO.HI HE 1 X 3/4""",671,review_required,model,0.6902,EXP-14.3,EXP-14.3|EXP-14.4|EXP-10.4,EXP-14.3,True,True
Comercial Climent SpA,751280,TEFLON GAS CINTA AMARILLA 1/2,172,auto_accept,model,0.871,EXP-16.2,EXP-16.2|EXP-15.3|EXP-11.5,EXP-14.3,False,True
Comercial Climent SpA,751280,"TEFLON MAESTRO 3/4""",407,review_required,model,0.6601,EXP-14.3,EXP-14.3|EXP-14.4|EXP-10.4,EXP-14.3,True,True
Comercial Climent SpA,751280,"CARTUCHO GAS BUTANO-PROPANO 227 G ""OFERTA""",5983,review_required,model,0.3954,EXP-11.5,EXP-11.5|EXP-16.2|EXP-11.4,EXP-14.3,False,True
Comercial Climent SpA,751280,"VALVULA DE BOLA PVC-HILO S/UNION 32MM = 1""",3686,auto_accept,model,0.7741,EXP-14.3,EXP-14.3|EXP-14.4|EXP-10.4,EXP-14.3,True,True
Comercial Climent SpA,751280,FLEXIBLE GAS 1/2HI X 1/2HI 60CM HOFFENS/COFLEX,6856,auto_accept,model,0.7535,EXP-16.2,EXP-16.2|EXP-14.4|EXP-9.2,EXP-14.3,False,True
Comercial Climent SpA,751280,UNION HDPE 32 X 1HE,4167,review_required,model,0.5188,EXP-14.3,EXP-14.3|EXP-10.4|EXP-14.4,EXP-14.3,True,True
Comercial Climent SpA,751280,CODO HDPE 32MM,9452,review_required,model,0.5907,EXP-14.3,EXP-14.3|EXP-14.4|EXP-10.4,EXP-14.3,True,True
Comercial Climent SpA,751280,TEE HDPE 32MM,13092,review_required,model,0.6356,EXP-14.3,EXP-14.3|EXP-14.4|EXP-10.4,EXP-14.3,True,True
Comercial Climent SpA,751280,TEE HDPE 32 X 1 HI,15088,review_required,model,0.6035,EXP-14.3,EXP-14.3|EXP-14.4|EXP-10.4,EXP-14.3,True,True
Comercial Climent SpA,751280,CODO HDPE 32MM HI,5005,review_required,model,0.6533,EXP-14.3,EXP-14.3|EXP-14.4|EXP-10.4,EXP-14.3,True,True
Comercial Climent SpA,751280,"SET 3 CONECTORES HE + 1 HI 3/4"" P/MANGUERA (12730) TRUPER",1589,review_required,model,0.2062,EXP-9.2,EXP-9.2|EXP-14.4|EXP-14.2,EXP-14.3,False,True
Comercial Climent SpA,751280,CONECTOR RAPIDO 1/2 C/STOP 116126 EDR,631,review_required,model,0.4494,EXP-14.3,EXP-14.3|EXP-14.4|EXP-10.4,EXP-14.3,True,True
AUDISOFT SPA,26660,LICENCIA AUDISOFT,204197,review_required,model,0.6675,ADM-2.3,ADM-2.3|ADM-1.8|ADM-2.1,ADM-1.8,False,True
AUDISOFT SPA,26660,FACTURACION ELECTRONICA,40839,auto_accept,model,0.7869,ADM-1.8,ADM-1.8|ADM-2.3|EXP-15.5,ADM-1.8,True,True
SERVICIOS TECNICOS DE CAPACITACION VICTOR HERMINIO MIRANDA HERNANDEZ E,1719,Capacitacion,1980000,review_required,model,0.2885,ADM-2.1,ADM-2.1|AF-2.1|EXP-13.2,EXP-1.1,False,True
COOPERATIVA AGRICOLA Y LECHERA DE LA UNION LTDA.,30729355,PETROLEO DIESEL ULTRA (DISTRIBUCION),762276,auto_accept,product_lookup,1,EXP-11.3,EXP-11.3,EXP-11.3,True,True
COOPERATIVA RURAL ELECT.R.BUENO LTDA.,1402352,Administracion del servicio,4280,auto_accept,meter_lookup,1,EXP-11.1,EXP-11.1,EXP-11.1,True,True
COOPERATIVA RURAL ELECT.R.BUENO LTDA.,1402352,Electricidad consumida 6300 KwH,642077,auto_accept,meter_lookup,1,EXP-11.1,EXP-11.1,EXP-11.1,True,True
COOPERATIVA RURAL ELECT.R.BUENO LTDA.,1402352,Demanda maxima potencia leida 14.4 x $ 28994.375,417519,auto_accept,meter_lookup,1,EXP-11.1,EXP-11.1,EXP-11.1,True,True
COOPERATIVA RURAL ELECT.R.BUENO LTDA.,1402352,Demanda maxima suministrada 40.53 x $ 18320.33061929435,742523,auto_accept,meter_lookup,1,EXP-11.1,EXP-11.1,EXP-11.1,True,True
COOPERATIVA RURAL ELECT.R.BUENO LTDA.,1402352,Perdida por transformacion,63074,auto_accept,meter_lookup,1,EXP-11.1,EXP-11.1,EXP-11.1,True,True
COOPERATIVA RURAL ELECT.R.BUENO LTDA.,1402352,Uso del sistema de transmision,80136,auto_accept,meter_lookup,1,EXP-11.1,EXP-11.1,EXP-11.1,True,True
COOPERATIVA RURAL ELECT.R.BUENO LTDA.,1402352,Servicio publico,4416,auto_accept,meter_lookup,1,EXP-11.1,EXP-11.1,EXP-11.1,True,True
COOPERATIVA RURAL ELECT.R.BUENO LTDA.,1402352,(R.M.E.),57534,auto_accept,meter_lookup,1,EXP-11.1,EXP-11.1,EXP-11.1,True,True
COOPERATIVA RURAL ELECT.R.BUENO LTDA.,1402352,Cargo fondo de estabilizacion ley 21.472,21313,auto_accept,meter_lookup,1,EXP-11.1,EXP-11.1,EXP-11.1,True,True
EMPRESAS DE CORREOS DE CHILE,3160064,Renovación Casilla CL 1372,120800,review_required,model,0.4476,EXP-13.1,EXP-13.1|EXP-14.4|EXP-15.3,ADM-1.7,False,True
PATRICIO SANTIAGO CAREY BRIONES,297793,Gasolina 93,15544,review_required,model,0.7638,ADM-1.4,ADM-1.4|EXP-11.4|EXP-16.2,EXP-11.4,False,True
COOPERATIVA AGRICOLA Y LECHERA DE LA UNI,30614470,GASOLINA 93,26038,review_required,model,0.6368,ADM-1.4,ADM-1.4|EXP-11.4|EXP-16.2,EXP-11.4,False,True
COOPERATIVA AGRICOLA Y LECHERA DE LA UNION LTDA.,30731700,BOTA BEKINA STEPLITE PUNTA ACERO N° 43,55789,auto_accept,product_lookup,1,EXP-16.1,EXP-16.1,EXP-16.1|EXP-2.6,True,False
COOPERATIVA AGRICOLA Y LECHERA DE LA UNION LTDA.,30731700,TRAJE DE AGUA ALASKA L,14638,auto_accept,product_lookup,1,EXP-16.1,EXP-16.1,EXP-16.1|EXP-2.6,True,False
COOPERATIVA AGRICOLA Y LECHERA DE LA UNION LTDA.,30731700,AUTOCROTAL AGROLUVIC EXTRA GRANDE BLANCO,53760,review_required,model,0.2747,EXP-2.6,EXP-2.6|EXP-13.1|EXP-14.2,EXP-16.1|EXP-2.6,True,False
COOPERATIVA AGRICOLA Y DE SERVICIOS LTDA,5320763,REPIDERMA SPRAY 250 CC,46916,auto_accept,product_lookup,1,EXP-2.5,EXP-2.5,EXP-2.5|EXP-2.6,True,False
COOPERATIVA AGRICOLA Y DE SERVICIOS LTDA,5320763,CHUPETE BIBERON (PARA MAMADERA DE 2 LTS),12447,review_required,model,0.1719,ADM-1.6,ADM-1.6|EXP-16.2|EXP-2.6,EXP-2.5|EXP-2.6,False,False
DISTRIBUIDORA ENTRETECHO SPA,113469,Gasolina 93 octanos sin plomo,18907,review_required,model,0.5425,EXP-11.4,EXP-11.4|ADM-1.4|EXP-16.2,EXP-11.4,True,True
COOPERATIVA AGRICOLA Y LECHERA DE LA UNI,30307377,GASOLINA 95,36227,review_required,model,0.6048,EXP-11.4,EXP-11.4|ADM-1.4|EXP-11.5,ADM-1.4,False,True
MAESTRANZA Y MONTAJE DIKAR SPA,1001,Reparación puerta carro,45000,review_required,model,0.2952,EXP-13.1,EXP-13.1|EXP-13.3|EXP-14.1,EXP-13.1,True,True
MAESTRANZA Y MONTAJE DIKAR SPA,1001,Reparación pata carro,75000,review_required,model,0.3723,EXP-13.1,EXP-13.1|EXP-14.1|EXP-10.4,EXP-13.1,True,True
SONDAJES PERFOMAQ SA,12528,VISITA A TERRENO,100000,review_required,model,0.2724,EXP-13.3,EXP-13.3|EXP-15.3|ADM-1.7,EXP-14.3,False,True
COOPERATIVA AGRICOLA Y LECHERA DE LA UNION LTDA.,30689568,OVEROLES PILOTO POPLIN T 48 AZUL M,6231,auto_accept,product_lookup,1,EXP-16.1,EXP-16.1,EXP-16.1,True,True
COOPERATIVA AGRICOLA Y LECHERA DE LA UNION LTDA.,30689568,OVEROLES PILOTO POPLIN T 52 AZUL XL,6231,auto_accept,product_lookup,1,EXP-16.1,EXP-16.1,EXP-16.1,True,True
COOPERATIVA AGRICOLA Y LECHERA DE LA UNION LTDA.,30689568,BOTA BEKINA STEPLITE PUNTA ACERO N° 38,55858,auto_accept,product_lookup,1,EXP-16.1,EXP-16.1,EXP-16.1,True,True
SALINAS Y FABRES S.A.,5324624,Item,66016,review_required,model,0.3671,EXP-14.4,EXP-14.4|EXP-13.3|EXP-10.4,EXP-13.1,False,True
SALINAS Y FABRES S.A.,5324624,Item,57783,review_required,model,0.1648,EXP-16.2,EXP-16.2|EXP-13.1|EXP-10.1,EXP-13.1,False,True
SALINAS Y FABRES S.A.,5324624,Item,31119,review_required,model,0.2115,EXP-15.3,EXP-15.3|EXP-3.1|ADM-1.2,EXP-13.1,False,True
SALINAS Y FABRES S.A.,5324624,Item,67278,review_required,model,0.2351,ADM-1.5,ADM-1.5|EXP-13.3|ADM-1.6,EXP-13.1,False,True
COOPERATIVA AGRICOLA Y DE SERVICIOS LTDA,158353,SAL MIN COOPRINSEM ANIONICA 25 kG,20880,review_required,model,0.31,EXP-2.4,EXP-2.4|EXP-8.4|EXP-5.5,EXP-2.4,True,True
SOCIEDAD COMERCIAL Y DE TRANSPORTES BERDEL SPA,36,VIAJE 35 TRENEROS/AS,200000,review_required,model,0.284,EXP-15.3,EXP-15.3|EXP-14.1|ADM-1.7,EXP-15.3,True,True
COMERCIAL TCS SPA,1171,TUBO PVC 110mmx6mt GRIS,22672,auto_accept,model,0.7515,EXP-14.3,EXP-14.3|EXP-10.4|EXP-14.4,EXP-14.1,False,True
DIFOR CHILE S.A.,645410,Marca Modelo Patente Stock Km.Veh. Fec Recep. Hr.Fa No. Orden,452781,review_required,model,0.7269,EXP-13.3,EXP-13.3|EXP-15.3|EXP-14.1,EXP-13.3,True,True
DIFOR CHILE S.A.,645410,FORD F150 LARIAT TBFK-28 47019 13/07/2026 15:49 843884,0,review_required,model,0.3877,EXP-13.1,EXP-13.1|EXP-13.3|EXP-4.1,EXP-13.3,False,True
DIFOR CHILE S.A.,645410,--------------------------------------------------------------------------------,0,review_required,model,0.32,EXP-14.2,EXP-14.2|EXP-13.1|EXP-14.4,EXP-13.3,False,True
DIFOR CHILE S.A.,645410,CODIGO DESCRIPCION,0,review_required,model,0.1566,EXP-9.2,EXP-9.2|EXP-1.1|ADM-1.10,EXP-13.3,False,True
DIFOR CHILE S.A.,645410,--------------------------------------------------------------------------------,0,review_required,model,0.32,EXP-14.2,EXP-14.2|EXP-13.1|EXP-14.4,EXP-13.3,False,True
DIFOR CHILE S.A.,645410,S-MD30 TERCERA MANTENCION,0,review_required,model,0.918,EXP-13.3,EXP-13.3|EXP-10.4|EXP-14.4,EXP-13.3,True,True
DIFOR CHILE S.A.,645410,SCO-MO SIN ROTACION DE NEUMATICOS,0,review_required,model,0.2776,EXP-13.3,EXP-13.3|ADM-1.6|EXP-14.4,EXP-13.3,True,True
DIFOR CHILE S.A.,645410,--------------------------Valores Netos con Descto. Incluido--------------------,0,review_required,model,0.6131,EXP-1.1,EXP-1.1|ADM-1.6|EXP-6.4,EXP-13.3,False,True
DIFOR CHILE S.A.,645410,MO elec Mec Repuestos Accesorios Servicios LubricacionTrabajos Fue,0,review_required,model,0.3873,EXP-13.3,EXP-13.3|EXP-10.1|EXP-16.2,EXP-13.3,True,True
DIFOR CHILE S.A.,645410,--------------------------------------------------------------------------------,0,review_required,model,0.3061,EXP-14.2,EXP-14.2|EXP-13.1|EXP-14.3,EXP-13.3,False,True
DIFOR CHILE S.A.,645410,168167 50408 10433 2527 136829 16500,0,review_required,model,0.2107,ADM-2.3,ADM-2.3|EXP-13.1|EXP-14.1,EXP-13.3,False,True
DIFOR CHILE S.A.,645410,VIM : undefined,0,review_required,model,0.5575,EXP-13.3,EXP-13.3|EXP-10.4|AF-2.1,EXP-13.3,True,True
DIFOR CHILE S.A.,645410,Taller Ford Osorno.,0,review_required,model,0.2384,EXP-10.1,EXP-10.1|EXP-13.3|EXP-14.4,EXP-13.3,False,True
DIFOR CHILE S.A.,645410,RECUERDE PROGRAMAR SU PROXIMA VISITA A SERVICIO AL NUMERO : 600 262 05 55.,0,review_required,model,0.3502,EXP-13.3,EXP-13.3|EXP-10.4|EXP-15.3,EXP-13.3,True,True
Tattersall Ganado S.A.,760331,VACA GORDA,4674600,review_required,model,0.984,AF-1.1,AF-1.1|EXP-15.2|EXP-2.3,"|?Impuestos, comisiones, multas",False,True
Tattersall Ganado S.A.,760331,VACA ENGORDA,5405750,review_required,model,0.9841,AF-1.1,AF-1.1|EXP-15.2|EXP-2.3,"|?Impuestos, comisiones, multas",False,True
Tattersall Ganado S.A.,760331,VACA ENGORDA,4746959,review_required,model,0.9822,AF-1.1,AF-1.1|EXP-15.2|EXP-2.3,"|?Impuestos, comisiones, multas",False,True
Tattersall Ganado S.A.,760331,VACA CARNAZA,4082995,review_required,model,0.9867,AF-1.1,AF-1.1|EXP-15.2|EXP-2.3,"|?Impuestos, comisiones, multas",False,True
Tattersall Ganado S.A.,760331,VACA CARNAZA,4114800,review_required,model,0.9857,AF-1.1,AF-1.1|EXP-15.2|EXP-2.3,"|?Impuestos, comisiones, multas",False,True
Tattersall Ganado S.A.,760331,VACA ENGORDA,2455480,review_required,model,0.9807,AF-1.1,AF-1.1|EXP-15.2|EXP-2.3,"|?Impuestos, comisiones, multas",False,True
Tattersall Ganado S.A.,760331,VACA ENGORDA,338000,review_required,model,0.9773,AF-1.1,AF-1.1|EXP-15.2|EXP-2.3,"|?Impuestos, comisiones, multas",False,True
Tattersall Ganado S.A.,760331,VAQUILLA ENGORDA,361080,review_required,model,0.9769,AF-1.1,AF-1.1|EXP-15.2|EXP-2.3,"|?Impuestos, comisiones, multas",False,True
SALINAS Y FABRES S.A.,5337829,Item,211421,review_required,model,0.222,EXP-10.4,EXP-10.4|EXP-13.1|EXP-14.4,EXP-13.1,False,True
COOPERATIVA AGRICOLA Y LECHERA DE LA UNION LTDA.,30689896,LUTALYSE X 100 ML,238020,auto_accept,product_lookup,1,EXP-3.1,EXP-3.1,EXP-3.1,True,True
BANCO BICE,3820562,Renta de Arrendamiento Nº18 del contrato Nº34379-1,575921,auto_accept,model,0.9876,EXP-15.8,EXP-15.8|EXP-15.4|ADM-1.5,|?DEUDAS LEASING LARGO PLAZO,False,True
TRANSPORTES BRAULIO ERARDO SAN MARTÍN HENRÍQUEZ E.I.R.L.,247,servicio,190000,review_required,model,0.3433,EXP-14.1,EXP-14.1|ADM-1.7|EXP-15.3,EXP-15.3,False,True
SERVICIOS PROFESIONALES EN SEGURIDAD Y SALUD OCUPACIONAL JACQUELINE FU,439,RECURSOS HUMANOS,1224600,auto_accept,model,0.9578,ADM-1.10,ADM-1.10|EXP-14.1|EXP-15.3,ADM-1.10,True,True
INGRID MARION HERNANDEZ KANTER,15597,CORDEL,31932,review_required,model,0.463,EXP-14.2,EXP-14.2|EXP-13.1|EXP-8.3,EXP-10.4,False,True
INGRID MARION HERNANDEZ KANTER,15597,ARGOLLA,1680,review_required,model,0.1423,EXP-14.4,EXP-14.4|EXP-6.4|EXP-13.1,EXP-10.4,False,True
COOPERATIVA AGRICOLA Y LECHERA DE LA UNI,30614586,GASOLINA 93,55271,review_required,model,0.6368,ADM-1.4,ADM-1.4|EXP-11.4|EXP-16.2,EXP-11.4,False,True
RENDIC HERMANOS S.A.,44839066,PAPEL HIG SENSACION DH FAVORITA 22MTX40,9655,review_required,model,0.7651,ADM-1.6,ADM-1.6|EXP-1.1|ADM-1.5,ADM-1.6|EXP-1.1,True,False
RENDIC HERMANOS S.A.,44839066,AZUCAR GRANULADA BLANCA IANSA 1.7 KG,6723,auto_accept,model,0.7678,EXP-1.1,EXP-1.1|ADM-1.6|ADM-1.5,ADM-1.6|EXP-1.1,True,False
RENDIC HERMANOS S.A.,44839066,"LIMPIADOR LIQUIDO POETT 4 LT, PRIMAVERA",5874,review_required,model,0.6413,EXP-1.1,EXP-1.1|ADM-1.6|ADM-1.5,ADM-1.6|EXP-1.1,True,False
RENDIC HERMANOS S.A.,44839066,"LIMPIADOR LIQUIDO POETT 4 LT, LAVANDA",11748,review_required,model,0.6305,EXP-1.1,EXP-1.1|ADM-1.6|EXP-6.4,ADM-1.6|EXP-1.1,True,False
RENDIC HERMANOS S.A.,44839066,TRAPERO P PISOS 50X57 SMART CLEAN UN,6723,review_required,model,0.5433,ADM-1.6,ADM-1.6|EXP-1.1|ADM-1.5,ADM-1.6|EXP-1.1,True,False
RENDIC HERMANOS S.A.,44839066,MANZANA PINK LADY BOLSA 1KG,3345,auto_accept,model,0.813,EXP-1.1,EXP-1.1|ADM-1.6|ADM-1.5,ADM-1.6|EXP-1.1,True,False
RENDIC HERMANOS S.A.,44839066,FRUTA COLACION BOLSA 1.5 KG,3681,review_required,model,0.7219,EXP-1.1,EXP-1.1|ADM-1.6|EXP-10.3,ADM-1.6|EXP-1.1,True,False
RENDIC HERMANOS S.A.,44839066,TE CEYLAN MILDRED 100 UN,2101,review_required,model,0.6836,EXP-1.1,EXP-1.1|ADM-1.6|ADM-1.5,ADM-1.6|EXP-1.1,True,False
RENDIC HERMANOS S.A.,44839066,CAFE INSTANTANEO GOLD 170 GR,20671,review_required,model,0.7484,EXP-1.1,EXP-1.1|ADM-1.6|EXP-10.3,ADM-1.6|EXP-1.1,True,False
RENDIC HERMANOS S.A.,44839066,MORTADELA JAMONADA RDA 100G,5882,review_required,model,0.7301,EXP-1.1,EXP-1.1|ADM-1.6|EXP-10.3,ADM-1.6|EXP-1.1,True,False
RENDIC HERMANOS S.A.,44839066,ESPONJA MULTIUSO ACANALADA VIRUTEX 4 UN,1647,review_required,model,0.6899,EXP-1.1,EXP-1.1|ADM-1.6|ADM-1.5,ADM-1.6|EXP-1.1,True,False
RENDIC HERMANOS S.A.,44839066,REC LAVALOZA LIMON SMART CLEAN 1.5 LT,8403,review_required,model,0.7257,ADM-1.6,ADM-1.6|EXP-1.1|ADM-1.5,ADM-1.6|EXP-1.1,True,False
RENDIC HERMANOS S.A.,44839066,PAN MOLDE BLANCO XL AMADA MASA 750 GR,6782,review_required,model,0.6807,EXP-1.1,EXP-1.1|ADM-1.6|ADM-1.5,ADM-1.6|EXP-1.1,True,False
COOPERATIVA AGRICOLA Y LECHERA DE LA UNI,30307733,PETROLEO DIESEL ULTRA,48237,auto_accept,product_lookup,1,EXP-11.3,EXP-11.3,EXP-11.3,True,True
COOPERATIVA AGRICOLA Y LECHERA DE LA UNI,30307333,GASOLINA 93,35263,review_required,model,0.6368,ADM-1.4,ADM-1.4|EXP-11.4|EXP-16.2,EXP-11.4,False,True
HECTOR RAUL MANCILLA LOPEZ,2122,4 vacas Yutrteco a feria,120000,review_required,model,0.4476,EXP-15.2,EXP-15.2|AF-1.1|EXP-10.2,EXP-15.3,False,True
HECTOR RAUL MANCILLA LOPEZ,2122,Traslado 148 vacas desde.,480000,review_required,model,0.6579,EXP-15.3,EXP-15.3|EXP-10.2|EXP-15.2,EXP-15.3,True,True
COMERCIAL E INVERSIONES SERVICID LTDA.,26237,MECANICA,106400,review_required,model,0.1143,ADM-1.5,ADM-1.5|EXP-16.1|EXP-10.1,EXP-13.3,False,True
COMERCIAL E INVERSIONES SERVICID LTDA.,26237,REPUESTOS,106363,review_required,model,0.2502,EXP-15.3,EXP-15.3|EXP-10.1|EXP-14.1,EXP-13.3,False,True
COMERCIAL E INVERSIONES SERVICID LTDA.,26237,DEDUCIBLE,0,review_required,model,0.137,EXP-12.1,EXP-12.1|EXP-3.1|EXP-10.4,EXP-13.3,False,True
COMERCIAL E INVERSIONES SERVICID LTDA.,26237,SEGURO,1600,review_required,model,0.0962,EXP-14.4,EXP-14.4|ADM-1.5|EXP-14.1,EXP-13.3,False,True
HGS DAIRY SOLUTIONS SPA,27892,"PARTIDOR SUAVE PSE30-600-70, 400V 30A 15KW",892369,review_required,model,0.3433,EXP-10.1,EXP-10.1|EXP-10.4|EXP-14.4,EXP-10.1,True,True
HGS DAIRY SOLUTIONS SPA,27892,"CONTACTOR 3 PLOLOS 52A, 24 A 60 VAC",502027,review_required,model,0.7158,AF-1.1,AF-1.1|EXP-15.2|EXP-14.4,EXP-10.1,False,True
HGS DAIRY SOLUTIONS SPA,27892,"RELE TEMPORIZADOR 0 05S-100H, MULTIFUNCION",104258,review_required,model,0.3933,EXP-10.1,EXP-10.1|EXP-10.4|EXP-10.3,EXP-10.1,True,True
HGS DAIRY SOLUTIONS SPA,27892,INTERRUPTOR 3PX50A 6/10KA,70945,review_required,model,0.1627,EXP-10.1,EXP-10.1|EXP-10.3|EXP-10.4,EXP-10.1,True,True
HGS DAIRY SOLUTIONS SPA,27892,SELECTOR COMPACTO ABB 1-0-2,13120,review_required,model,0.3119,EXP-10.4,EXP-10.4|EXP-10.1|EXP-14.4,EXP-10.1,False,True
HGS DAIRY SOLUTIONS SPA,27892,CAJA METAL 500X400X250MM,79792,review_required,model,0.3847,EXP-10.1,EXP-10.1|EXP-10.4|EXP-14.4,EXP-10.1,True,True
HGS DAIRY SOLUTIONS SPA,27892,CELOSIA EMBUTIDA TERMOPLASTICA,55718,review_required,model,0.2669,EXP-10.1,EXP-10.1|EXP-14.4|EXP-10.4,EXP-10.1,True,True
HGS DAIRY SOLUTIONS SPA,27892,SERVICIO INSTALACION Y PUESTA EN MARCHA,430992,review_required,model,0.3533,EXP-10.1,EXP-10.1|EXP-14.4|EXP-10.4,EXP-10.1,True,True
HGS DAIRY SOLUTIONS SPA,27892,MATERIAL NACIONAL,38760,review_required,model,0.5558,EXP-10.1,EXP-10.1|EXP-10.3|EXP-14.4,EXP-10.1,True,True
COOPERATIVA RURAL ELECT.R.BUENO LTDA.,1402831,Administracion del servicio,4280,auto_accept,meter_lookup,1,EXP-11.2,EXP-11.2,EXP-11.2,True,True
COOPERATIVA RURAL ELECT.R.BUENO LTDA.,1402831,Electricidad consumida 403 KwH,76397,auto_accept,meter_lookup,1,EXP-11.2,EXP-11.2,EXP-11.2,True,True
COOPERATIVA RURAL ELECT.R.BUENO LTDA.,1402831,Uso del sistema de transmision,5126,auto_accept,meter_lookup,1,EXP-11.2,EXP-11.2,EXP-11.2,True,True
COOPERATIVA RURAL ELECT.R.BUENO LTDA.,1402831,Servicio publico,283,auto_accept,meter_lookup,1,EXP-11.2,EXP-11.2,EXP-11.2,True,True
COOPERATIVA RURAL ELECT.R.BUENO LTDA.,1402831,(R.M.E.),3366,auto_accept,meter_lookup,1,EXP-11.2,EXP-11.2,EXP-11.2,True,True
COOPERATIVA RURAL ELECT.R.BUENO LTDA.,1402831,Cargo fondo de estabilizacion ley 21.472,434,auto_accept,meter_lookup,1,EXP-11.2,EXP-11.2,EXP-11.2,True,True
DISTRIBUIDORA COMERCIAL P Y G LIMITADA,630179,Diesel,70476,auto_accept,product_lookup,1,EXP-11.3,EXP-11.3,EXP-11.3,True,True
COMERCIAL COPIAPO LTDA,66534,STIHL CARBURADOR MS 210-250 NUEVO,45798,review_required,model,0.3031,EXP-13.1,EXP-13.1|EXP-13.3|EXP-16.2,EXP-13.1,True,True
COMERCIAL COPIAPO LTDA,66534,STIHL FILTRO MEZCLA ORIGINAL,3782,review_required,model,0.4329,EXP-2.6,EXP-2.6|EXP-16.1|EXP-2.2,EXP-13.1,False,True
COMERCIAL COPIAPO LTDA,66534,STIHL BUJIA NGK BPMR7A STIHL,4454,review_required,model,0.3297,EXP-13.1,EXP-13.1|EXP-2.2|EXP-16.2,EXP-13.1,True,True
COMERCIAL COPIAPO LTDA,66534,STIHL EMPAQ CARB CIL 021-023-025,1849,review_required,model,0.2563,EXP-13.1,EXP-13.1|EXP-2.2|EXP-2.6,EXP-13.1,True,True
COMERCIAL COPIAPO LTDA,66534,AA TALLER INSUMOS VARIOS,4202,review_required,model,0.1983,EXP-16.2,EXP-16.2|EXP-13.1|EXP-2.6,EXP-13.1,False,True
COMERCIAL COPIAPO LTDA,66534,MANO DE OBRA TALLER NORMAL,33613,review_required,model,0.1213,EXP-14.2,EXP-14.2|EXP-16.2|ADM-1.6,EXP-13.1,False,True
COMERCIAL COPIAPO LTDA,66534,FERRETERIA LIMA MOTOSIERRA 4 8 3 16 STIHL,2185,review_required,model,0.3704,EXP-16.2,EXP-16.2|ADM-1.6|AF-2.1,EXP-13.1,False,True
COMERCIAL COPIAPO LTDA,66534,STIHL CADENA P MICRO 3 8 1 3,17059,review_required,model,0.3003,EXP-13.1,EXP-13.1|EXP-14.2|EXP-14.4,EXP-13.1,True,True
COPEC S.A.,32206356,Fecha-Guía,0,review_required,model,0.555,EXP-10.4,EXP-10.4|EXP-13.3|EXP-14.1,ADM-1.4,False,True
COPEC S.A.,32206356,Total,0,review_required,model,0.848,EXP-11.4,EXP-11.4|ADM-1.4|EXP-11.5,ADM-1.4,False,True
COPEC S.A.,32206356,DETALLE,38692,review_required,business_rule,1,ADM-1.4,ADM-1.4,ADM-1.4,True,True
DORIS IVONNE CASTILLO KANTER,262294,CEMENTO OFERTA ESPECIAL -@,8706,review_required,model,0.5724,EXP-14.3,EXP-14.3|EXP-14.4|EXP-14.2,EXP-14.4,False,True
COPEC S.A.,32174273,Fecha-Guía,0,review_required,model,0.5345,EXP-10.4,EXP-10.4|EXP-13.3|EXP-15.3,ADM-1.4,False,True
COPEC S.A.,32174273,Total,0,review_required,model,0.8277,EXP-11.4,EXP-11.4|ADM-1.4|EXP-11.5,ADM-1.4,False,True
COPEC S.A.,32174273,DETALLE,74168,review_required,business_rule,1,ADM-1.4,ADM-1.4,ADM-1.4,True,True
COOPERATIVA AGRICOLA Y LECHERA DE LA UNION LTDA.,30363943,IVOMEC GOLD 500 CC,451974,auto_accept,product_lookup,1,EXP-2.5,EXP-2.5,EXP-2.5|EXP-2.6,True,False
COOPERATIVA AGRICOLA Y LECHERA DE LA UNION LTDA.,30363943,"AGUJA DESECHABLE 16G X 1/2""",21000,auto_accept,product_lookup,1,EXP-2.6,EXP-2.6,EXP-2.5|EXP-2.6,True,False
Comercial Climent SpA,66743,"CAMLOCK ACOPLE MACHO ESPIGA TIPO-E MANG. 3""",6059,review_required,model,0.458,EXP-14.4,EXP-14.4|EXP-14.3|EXP-9.2,EXP-14.3,False,True
Comercial Climent SpA,66743,"CAMLOCK ACOPLE HEMBRA ESPIGA TIPO-C MANG. 3""",25518,review_required,model,0.3787,EXP-14.4,EXP-14.4|EXP-14.3|EXP-9.2,EXP-14.3,False,True
SALINAS Y FABRES S.A.,5353258,Item,4977,review_required,model,0.2704,EXP-13.1,EXP-13.1|EXP-10.1|EXP-13.2,EXP-13.1,True,True
SALINAS Y FABRES S.A.,5353258,Item,24818,review_required,model,0.2375,AF-2.1,AF-2.1|EXP-13.1|EXP-13.2,EXP-13.1,False,True
IMPORTADORA SOMAGEL SPA,185458,CIALDE EXQUISIt GR 7 *150,100000,review_required,model,0.138,EXP-13.1,EXP-13.1|EXP-14.4|ADM-1.6,ADM-1.6,False,True
IMPORTADORA SOMAGEL SPA,185458,CAFFE EN GRANO EXQUISIT KG. 1,31053,review_required,model,0.2179,EXP-1.1,EXP-1.1|EXP-10.3|ADM-1.6,ADM-1.6,False,True
EASY RETAIL S.A.,38593703,SILLA BAR SPOT COOPER 44X44X101 NEGRO,55984,review_required,model,0.3741,ADM-1.6,ADM-1.6|ADM-1.5|EXP-13.3,EXP-16.2,False,True
SOC DE TRANSPORTES STEUER HOLMGREN Y COM,573771,Diesel,62636,auto_accept,product_lookup,1,EXP-11.3,EXP-11.3,EXP-11.3,True,True
SOC DE TRANSPORTES STEUER HOLMGREN Y COM,576265,Gasolina 93,111205,auto_accept,business_rule,1,ADM-1.4,ADM-1.4,ADM-1.4,True,True
COOPERATIVA AGRICOLA Y LECHERA DE LA UNI,30307307,GASOLINA 93,47737,review_required,model,0.6368,ADM-1.4,ADM-1.4|EXP-11.4|EXP-16.2,ADM-1.4,True,True
COOPERATIVA AGRICOLA Y LECHERA DE LA UNION LTDA.,30167973,LUBRICANTE OBSTETRICO 5L (SHOOF),20275,auto_accept,product_lookup,1,EXP-2.6,EXP-2.6,EXP-16.1|EXP-2.4|EXP-2.6,True,False
COOPERATIVA AGRICOLA Y LECHERA DE LA UNION LTDA.,30167973,TRAJE DESECHABLE TYVEK DUPONT XL,41700,auto_accept,product_lookup,1,EXP-16.1,EXP-16.1,EXP-16.1|EXP-2.4|EXP-2.6,True,False
COOPERATIVA AGRICOLA Y LECHERA DE LA UNION LTDA.,30167973,SALFORT PASTOREO X 25 KG,222000,auto_accept,product_lookup,1,EXP-2.4,EXP-2.4,EXP-16.1|EXP-2.4|EXP-2.6,True,False
COOPERATIVA AGRICOLA Y LECHERA DE LA UNION LTDA.,30167973,TOALLA PAPEL INTERFOLIADA 320 UN,27135,auto_accept,product_lookup,1,EXP-2.6,EXP-2.6,EXP-16.1|EXP-2.4|EXP-2.6,True,False
GALLAGHER CHILE SPA,22192,PASADOR FINAL HIDRAULICO LEVANTE (2),62825,review_required,model,0.1696,EXP-14.4,EXP-14.4|AF-2.1|EXP-14.2,EXP-13.1,False,True
COOPERATIVA AGRICOLA Y LECHERA DE LA UNI,30307380,PETROLEO DIESEL ULTRA,41723,auto_accept,product_lookup,1,EXP-11.3,EXP-11.3,EXP-11.3,True,True
Tattersall Ganado S.A.,761674,TERNERO,486000,review_required,model,0.804,AF-1.1,AF-1.1|EXP-15.2|EXP-14.4,"|?Impuestos, comisiones, multas",False,True
Tattersall Ganado S.A.,761674,TERNERO,2535320,review_required,model,0.437,AF-1.1,AF-1.1|EXP-14.4|ADM-1.6,"|?Impuestos, comisiones, multas",False,True
Tattersall Ganado S.A.,761674,TERNERA,1923480,review_required,model,0.5979,AF-1.1,AF-1.1|EXP-14.4|EXP-15.2,"|?Impuestos, comisiones, multas",False,True
Tattersall Ganado S.A.,761674,TERNERA,2165994,review_required,model,0.9157,AF-1.1,AF-1.1|EXP-15.2|ADM-1.2,"|?Impuestos, comisiones, multas",False,True
Tattersall Ganado S.A.,761674,TERNERA,2474154,review_required,model,0.8333,AF-1.1,AF-1.1|EXP-15.2|EXP-14.4,"|?Impuestos, comisiones, multas",False,True
ADDVISE SPA,6200,Arriendo julio 26,627945,review_required,model,0.5688,EXP-15.5,EXP-15.5|ADM-1.3|ADM-2.3,ADM-1.3,False,True
Santander - Chile,56451121,PAGO ARRIENDO OPERACION:,608807,review_required,model,0.5074,EXP-14.1,EXP-14.1|EXP-15.4|EXP-15.8,|?DEUDAS LEASING LARGO PLAZO,False,True
Santander - Chile,56451121,LEASING 614747 JULIO 2026 CUOTA 13 DE 25,0,review_required,model,0.3965,ADM-2.3,ADM-2.3|EXP-14.1|EXP-13.1,|?DEUDAS LEASING LARGO PLAZO,False,True
CECILIA PATRICIA PACHECO ALVAREZ,140,SERVICIOS CON MAQUINARIA,10230000,review_required,model,0.1707,EXP-13.1,EXP-13.1|EXP-14.4|EXP-2.6,EXP-15.4,False,True
DORIS IVONNE CASTILLO KANTER,264574,FU-TIRA PPR20 MM O FUSION 20MM -@,4117,review_required,model,0.7438,EXP-14.3,EXP-14.3|EXP-14.4|EXP-10.4,EXP-14.4,False,True
DORIS IVONNE CASTILLO KANTER,264574,Ñ-1 METRO PVC SANITARIO GRIS 50 MM -@,753,auto_accept,model,0.7921,EXP-14.3,EXP-14.3|EXP-14.4|EXP-10.4,EXP-14.4,False,True
DORIS IVONNE CASTILLO KANTER,264574,Ñ-CODO SANITARIO GRIS 40MM -@,280,review_required,model,0.732,EXP-14.3,EXP-14.3|EXP-14.4|EXP-14.2,EXP-14.4,False,True
DORIS IVONNE CASTILLO KANTER,264574,VALVULA DE SEGURIDAD 1 2 HI HI 8 BAR -@,13510,auto_accept,model,0.7584,EXP-14.3,EXP-14.3|EXP-14.4|EXP-10.4,EXP-14.4,False,True
DORIS IVONNE CASTILLO KANTER,264574,Ñ-CODO SANITARIO GRIS 75MM -@,879,review_required,model,0.7378,EXP-14.3,EXP-14.3|EXP-14.4|EXP-14.2,EXP-14.4,False,True
DORIS IVONNE CASTILLO KANTER,264574,Ñ-REDUCCION GRIS 50 X 40 -@,309,review_required,model,0.5874,EXP-14.3,EXP-14.3|EXP-14.4|EXP-14.2,EXP-14.4,False,True
DORIS IVONNE CASTILLO KANTER,264574,Ñ-REDUCCION GRIS 75 X50 -@,483,review_required,model,0.54,EXP-14.3,EXP-14.3|EXP-14.4|EXP-14.2,EXP-14.4,False,True
DORIS IVONNE CASTILLO KANTER,264574,ADAPTADOR BI MANGUERA 3 4 Y 1 HI EDR 116114 -@,1740,review_required,model,0.3921,EXP-14.3,EXP-14.3|EXP-14.4|EXP-14.2,EXP-14.4,False,True
DORIS IVONNE CASTILLO KANTER,264574,CONECTOR RAPIDO 3 4 SIMPLE EDR 116124 -@,2030,review_required,model,0.6569,EXP-14.3,EXP-14.3|EXP-14.2|EXP-14.4,EXP-14.4,False,True
DORIS IVONNE CASTILLO KANTER,264574,FU-TERMINAL HE 1 2 X 20MM METALICO PEGAR PPR -@,1614,auto_accept,model,0.7854,EXP-14.3,EXP-14.3|EXP-14.4|EXP-10.4,EXP-14.4,False,True
DORIS IVONNE CASTILLO KANTER,264574,Ñ-1 METRO PVC SANITARIO GRIS 40 MM -@,560,auto_accept,model,0.7952,EXP-14.3,EXP-14.3|EXP-14.4|EXP-10.4,EXP-14.4,False,True
DORIS IVONNE CASTILLO KANTER,264574,FU-CODO 20MM PPR -@,155,auto_accept,model,0.7657,EXP-14.3,EXP-14.3|EXP-14.4|EXP-14.2,EXP-14.4,False,True
DORIS IVONNE CASTILLO KANTER,264574,TT- TORNILLO TURBO CABEZA TORX T-25 5 X 70MM ZINCADO -@,720,review_required,model,0.6323,EXP-14.3,EXP-14.3|EXP-14.4|EXP-14.2,EXP-14.4,False,True
FERIA GANADEROS OSORNO S.A.,193428,005 VACA(S) EXPORT. JER CAB - LOMO,2718800,review_required,model,0.9718,AF-1.1,AF-1.1|EXP-15.2|EXP-2.3,"|?Impuestos, comisiones, multas",False,True
FERIA GANADEROS OSORNO S.A.,193428,005 VACA(S) EXPORT. JER . LOMO,4070500,review_required,model,0.9734,AF-1.1,AF-1.1|EXP-15.2|EXP-2.3,"|?Impuestos, comisiones, multas",False,True
FERIA GANADEROS OSORNO S.A.,193428,004 VACA(S) EXPORT. CAB /\ LOMO,3123000,review_required,model,0.9697,AF-1.1,AF-1.1|EXP-15.2|EXP-2.3,"|?Impuestos, comisiones, multas",False,True
FERIA GANADEROS OSORNO S.A.,193428,004 VACA(S) EXPORT. NEG O LOMO,3400320,review_required,model,0.9688,AF-1.1,AF-1.1|EXP-15.2|EXP-2.3,"|?Impuestos, comisiones, multas",False,True
FERIA GANADEROS OSORNO S.A.,193428,001 VACA(S) EXPORT. BAY 14,1404620,review_required,model,0.974,AF-1.1,AF-1.1|EXP-15.2|EXP-2.3,"|?Impuestos, comisiones, multas",False,True
FERIA GANADEROS OSORNO S.A.,193428,004 VAQ(S) EXPORT. CAB COIP - LOMO,3000900,review_required,model,0.9508,AF-1.1,AF-1.1|EXP-15.2|ADM-1.2,"|?Impuestos, comisiones, multas",False,True
FERIA GANADEROS OSORNO S.A.,193428,001 VAQ(S) EXPORT. CAB 15,696150,review_required,model,0.9649,AF-1.1,AF-1.1|EXP-15.2|EXP-2.3,"|?Impuestos, comisiones, multas",False,True
FERIA GANADEROS OSORNO S.A.,193428,004 VAQ(S) EXPORT. CAB O LOMO,2878040,review_required,model,0.9566,AF-1.1,AF-1.1|EXP-15.2|ADM-1.2,"|?Impuestos, comisiones, multas",False,True
Comercial Climent SpA,752821,"TEE PLAST.BCO.HI HI 1,1/4""",15807,review_required,model,0.6505,EXP-14.3,EXP-14.3|EXP-14.4|EXP-10.4,EXP-14.3,True,True
Comercial Climent SpA,752821,"NIPLE PLAST.BCO.HE HE 1,1/4""",9261,review_required,model,0.6585,EXP-14.3,EXP-14.3|EXP-14.4|EXP-10.4,EXP-14.3,True,True
Comercial Climent SpA,752821,"TEFLON MAESTRO 3/4""",814,review_required,model,0.6601,EXP-14.3,EXP-14.3|EXP-14.4|EXP-10.4,EXP-14.3,True,True
Comercial Climent SpA,752821,"VALVULA DE BOLA PVC-HILO S/UNION 40MM = 1,1/4""",19455,auto_accept,model,0.7837,EXP-14.3,EXP-14.3|EXP-14.4|EXP-10.4,EXP-14.3,True,True
Comercial Climent SpA,752821,UNION HDPE 32 X 1HE,6945,review_required,model,0.5188,EXP-14.3,EXP-14.3|EXP-10.4|EXP-14.4,EXP-14.3,True,True
CUMBRE CONSULTORES LTDA,361,Cobertura fotografica,300000,review_required,model,0.2796,EXP-4.1,EXP-4.1|ADM-1.6|EXP-14.4,ADM-1.7,False,True
CUMBRE CONSULTORES LTDA,361,Diseño de PPT,30000,review_required,model,0.1058,EXP-13.3,EXP-13.3|ADM-1.2|EXP-14.4,ADM-1.7,False,True
SODIMAC S.A.,148745110,VALVULA DE INFLADO 11GB71D,18479,review_required,model,0.1954,EXP-14.4,EXP-14.4|EXP-10.4|ADM-1.6,ADM-1.6|EXP-13.1|EXP-14.4,True,False
SODIMAC S.A.,148745110,BISAGRA LIN 38 2 PR ZINC 2 UN,1756,review_required,model,0.2081,ADM-1.6,ADM-1.6|EXP-10.4|EXP-14.4,ADM-1.6|EXP-13.1|EXP-14.4,True,False
SODIMAC S.A.,148745110,MANILLA CROMADA 5 PULG,1672,review_required,model,0.2423,EXP-16.2,EXP-16.2|ADM-1.6|EXP-8.4,ADM-1.6|EXP-13.1|EXP-14.4,False,False
SODIMAC S.A.,148745110,HERVIDOR UT-DUNKEL17P,12597,review_required,model,0.2117,EXP-10.4,EXP-10.4|EXP-16.2|ADM-1.6,ADM-1.6|EXP-13.1|EXP-14.4,False,False
SODIMAC S.A.,148745110,BASURERO TAPA VAIVEN GRIS 60L,12597,review_required,model,0.4993,EXP-14.4,EXP-14.4|EXP-16.2|EXP-10.4,ADM-1.6|EXP-13.1|EXP-14.4,True,False
SODIMAC S.A.,148745110,BOLSA BASUR 50X70 30L 10U NG,664,review_required,model,0.2314,EXP-16.2,EXP-16.2|EXP-14.4|ADM-1.6,ADM-1.6|EXP-13.1|EXP-14.4,False,False
SODIMAC S.A.,148745110,BOLSA BASU BIO 80X120 140L 10U,3353,review_required,model,0.2603,EXP-14.4,EXP-14.4|ADM-1.6|EXP-16.2,ADM-1.6|EXP-13.1|EXP-14.4,True,False
SODIMAC S.A.,148745110,PACK DOBLE ROLLOPERFIL P PDQ,5034,review_required,model,0.2868,EXP-14.4,EXP-14.4|EXP-16.2|EXP-10.4,ADM-1.6|EXP-13.1|EXP-14.4,True,False
Kaudat SpA,13564249,TRANSPORTE DE CARGA Y ENCOMIENDA: 274002306,7437,review_required,model,0.7069,ADM-1.7,ADM-1.7|EXP-14.1|EXP-15.3,ADM-1.7,True,True
Banco de Chile,48134909,COMISION MENSUAL PLAN CUENTA CORRIENTE ]PYME,20410,review_required,model,0.598,ADM-3.1,ADM-3.1|EXP-9.2|EXP-6.2,"|?Impuestos, comisiones, multas",False,True
COOPERATIVA AGRICOLA Y LECHERA DE LA UNION LTDA.,30363576,PETROLEO DIESEL ULTRA,30052,auto_accept,product_lookup,1,EXP-11.3,EXP-11.3,EXP-11.3,True,True
COOPERATIVA AGRICOLA Y LECHERA DE LA UNI,30307582,PETROLEO DIESEL ULTRA,55477,auto_accept,product_lookup,1,EXP-11.3,EXP-11.3,EXP-11.3,True,True
Telefónica Móviles Chile S.A.,73530497,Cargo Fijo BAM,19927,review_required,model,0.821,ADM-1.2,ADM-1.2|EXP-14.1|EXP-12.1,ADM-1.2,True,True
COOPERATIVA AGRICOLA Y DE SERVICIOS LTDA,5319070,BUZO VETERINARIO 1 PIEZA TALLA 48 (L),69000,review_required,model,0.7099,EXP-16.1,EXP-16.1|EXP-2.6|EXP-16.2,EXP-16.1,True,True
COOPERATIVA AGRICOLA Y DE SERVICIOS LTDA,5319070,BUZO VETERINARIO 1 PIEZA TALLA 50 (XL),241500,review_required,model,0.7179,EXP-16.1,EXP-16.1|EXP-2.6|EXP-16.2,EXP-16.1,True,True
COOPERATIVA AGRICOLA Y DE SERVICIOS LTDA,5319070,BUZO VETERINARIO 1 PIEZA TALLA 52 (XXL),34500,review_required,model,0.7302,EXP-16.1,EXP-16.1|EXP-2.6|EXP-16.2,EXP-16.1,True,True
COOPERATIVA AGRICOLA Y DE SERVICIOS LTDA,5319070,PECHERA ORDENO AZUL 2150021187,340560,auto_accept,product_lookup,1,EXP-16.1,EXP-16.1,EXP-16.1,True,True
SODIMAC S.A.,148400140,SILLON PC RESP ALTO PU NG SILC,90748,review_required,model,0.3949,ADM-1.6,ADM-1.6|EXP-14.4|EXP-10.4,ADM-1.6,True,True
SODIMAC S.A.,148400140,FLETE VENTA INTERNET. FLECU,5874,review_required,model,0.5954,EXP-15.3,EXP-15.3|EXP-14.1|ADM-1.2,ADM-1.6,False,True
ESMAX RED LIMITADA,8990720,Aramco Gasolina 93,69160,review_required,model,0.536,ADM-1.4,ADM-1.4|EXP-11.4|EXP-16.2,ADM-1.4,True,True
COOPERATIVA AGRICOLA Y DE SERVICIOS LTDA,5330858,SERV TEC CHORE TIME INF 39806 39813,180000,review_required,model,0.2475,EXP-13.1,EXP-13.1|EXP-10.4|EXP-14.1,EXP-10.1,False,True
COOPERATIVA AGRICOLA Y DE SERVICIOS LTDA,5330858,CT 3261-10 REDUCTOR MOTOR,155666,review_required,model,0.6068,EXP-13.1,EXP-13.1|EXP-10.1|EXP-13.2,EXP-10.1,False,True
COOPERATIVA AGRICOLA Y DE SERVICIOS LTDA,5330858,CT 47870-10 ACOPLE MTR 108,68794,review_required,model,0.6705,EXP-13.1,EXP-13.1|EXP-14.2|EXP-2.6,EXP-10.1,False,True
COOPERATIVA AGRICOLA Y DE SERVICIOS LTDA,5330858,CT 47869-1 UNIDAD CONTROL,164694,auto_accept,model,0.9473,EXP-7.0,EXP-7.0|EXP-13.1|EXP-2.5,EXP-10.1,False,True
COOPERATIVA AGRICOLA Y DE SERVICIOS LTDA,5330858,MOVILIZACION OMEC,40180,review_required,model,0.3002,EXP-15.3,EXP-15.3|EXP-10.1|ADM-1.7,EXP-10.1,False,True
COOPERATIVA AGRICOLA Y DE SERVICIOS LTDA,5321768,PINTURA SPRAY 500 CC DONAGHYS ROJA,47664,review_required,model,0.4774,EXP-2.2,EXP-2.2|EXP-2.6|EXP-3.1,EXP-2.6,False,True
COOPERATIVA AGRICOLA Y DE SERVICIOS LTDA,5321768,PINTURA SPRAY 500 CC DONAGHYS AZUL,47664,auto_accept,product_lookup,1,EXP-2.6,EXP-2.6,EXP-2.6,True,True
INVERSIONES ENEX S.A.,6013864,Petroleo Diesel G-B,23201,auto_accept,product_lookup,1,EXP-11.3,EXP-11.3,EXP-11.3,True,True
SOC DE TRANSPORTES STEUER HOLMGREN Y COM,575621,Gasolina 93,57865,review_required,model,0.7593,ADM-1.4,ADM-1.4|EXP-11.4|EXP-16.2,EXP-11.4,False,True
BANCO BICE,3864546,Renta de Arrendamiento Nº19 del contrato Nº34359-1,2816710,auto_accept,model,0.9865,EXP-15.8,EXP-15.8|EXP-15.4|ADM-1.5,|?DEUDAS LEASING LARGO PLAZO,False,True
SODIMAC S.A.,148780261,SET 8 PANOS DE MICROFIBRA CUN0,10059,review_required,model,0.2408,EXP-14.2,EXP-14.2|ADM-1.6|EXP-8.4,ADM-1.6,False,True
SODIMAC S.A.,148780261,AROMATIZANTE 3-PACK BLACK ICE,5193,review_required,model,0.2776,EXP-16.2,EXP-16.2|EXP-14.4|EXP-8.4,ADM-1.6,False,True
SODIMAC S.A.,148780261,BASURERO PEDAL BLANCO 25L CUN1,16790,review_required,model,0.4008,EXP-14.4,EXP-14.4|EXP-16.2|AF-2.1,ADM-1.6,False,True
SODIMAC S.A.,148780261,REPUESTO ESCOBA SUAVE BOR 32CM,1924,review_required,model,0.3399,EXP-14.4,EXP-14.4|ADM-1.6|EXP-10.1,ADM-1.6,False,True
SODIMAC S.A.,148780261,CABO ACERO INOX EXT 120CM CUN0,1840,review_required,model,0.3053,EXP-14.4,EXP-14.4|ADM-1.6|EXP-14.2,ADM-1.6,False,True
CENTRO DE CAPACITACION LECHERO DEL SUR SPA,857,Nombre:,800000,review_required,model,0.2785,EXP-14.1,EXP-14.1|EXP-15.3|EXP-10.4,EXP-1.1,False,True
COOPERATIVA AGRICOLA Y LECHERA DE LA UNI,30307189,PETROLEO DIESEL ULTRA,37807,auto_accept,product_lookup,1,EXP-11.3,EXP-11.3,EXP-11.3,True,True
HGS DAIRY SOLUTIONS SPA,27791,VIAJE TECNICO,43520,auto_accept,product_lookup,1,EXP-10.1,EXP-10.1,EXP-10.1,True,True
HGS DAIRY SOLUTIONS SPA,27791,SERVICIO EMERGENCIA LH,46209,review_required,model,0.2935,EXP-10.3,EXP-10.3|EXP-10.1|EXP-7.0,EXP-10.1,False,True
IMPORTADORA SOMAGEL SPA,185512,DECALCIFICANTE EN SOBRE 25 GRS.,10800,review_required,model,0.2254,EXP-2.2,EXP-2.2|ADM-1.2|EXP-5.5,ADM-1.6,False,True
COOPERATIVA AGRICOLA Y DE SERVICIOS LTDA,5333346,INYECTORAS CALCIO DESECHABLE,6500,auto_accept,product_lookup,1,EXP-2.6,EXP-2.6,EXP-2.6,True,True
COOPERATIVA AGRICOLA Y DE SERVICIOS LTDA,5333346,LAZOS OBSTETRICOS,63000,auto_accept,product_lookup,1,EXP-2.6,EXP-2.6,EXP-2.6,True,True
COOPERATIVA AGRICOLA Y DE SERVICIOS LTDA,5333346,AGUJA DESECHABLE (C/PLAST) 16 G X 1 1/2,8800,auto_accept,product_lookup,1,EXP-2.6,EXP-2.6,EXP-2.6,True,True
BANCO BICE,3853892,Renta de Arrendamiento Nº19 del contrato Nº34350-1,1487279,auto_accept,model,0.986,EXP-15.8,EXP-15.8|EXP-15.4|ADM-1.5,|?DEUDAS POR LEASING CORTO PLAZO,False,True
DISTRIBUIDORA COMERCIAL P Y G LIMITADA,632554,Diesel,72457,auto_accept,product_lookup,1,EXP-11.3,EXP-11.3,EXP-11.3,True,True
HGS DAIRY SOLUTIONS SPA,27766,ORACID 60 L,131438,auto_accept,model,0.9141,EXP-10.3,EXP-10.3|EXP-2.2|EXP-3.1,EXP-10.3,True,True
HYK MANTENIMIENTO MAKINARÍA AGRÍCOLA SPA,141,MANTENCION,1650500,review_required,model,0.3403,EXP-14.4,EXP-14.4|EXP-13.3|EXP-13.1,EXP-14.3,False,True
COOPERATIVA AGRICOLA Y LECHERA DE LA UNION LTDA.,30731264,DIIO DATAMARS ZEETAG HDX X 5 UN,293060,review_required,model,0.5509,EXP-2.6,EXP-2.6|EXP-13.1|EXP-2.2,EXP-2.6,True,True
JOHN MARCELO CARRILLO SOLDAN,24,MANTENCION Y REPARACION,1770000,review_required,model,0.2496,EXP-14.4,EXP-14.4|EXP-10.4|EXP-10.1,EXP-13.1,False,True
BANCO BICE,3844579,Comision por Nominas en Linea CCA,297311,review_required,model,0.6181,ADM-1.7,ADM-1.7|EXP-15.7|ADM-3.1,"|?Impuestos, comisiones, multas;Impuestos, comisiones, multas;Impuestos, comisiones, multas;Impuestos, comisiones, multas;Impuestos, comisiones, multas",False,True
COOPERATIVA AGRICOLA Y LECHERA DE LA UNI,30307482,PETROLEO DIESEL ULTRA,37087,auto_accept,product_lookup,1,EXP-11.3,EXP-11.3,EXP-11.3,True,True
HGS DAIRY SOLUTIONS SPA,27774,ORING RACOR 50 MM.,10465,review_required,model,0.6499,EXP-10.1,EXP-10.1|EXP-14.4|EXP-9.2,EXP-10.4,False,True
HGS DAIRY SOLUTIONS SPA,27774,PIOLA PERLON 4MM DE ALTA RESISTENCIA,159715,review_required,model,0.2912,EXP-10.1,EXP-10.1|EXP-9.2|EXP-14.4,EXP-10.4,False,True
COMERCIALIZADORA RBM SPA,2840,ampolleta h15,10840,review_required,model,0.3098,EXP-13.3,EXP-13.3|EXP-10.1|EXP-10.4,EXP-13.3,True,True
HARDY JOEL CARRILLO PALMA,1377,transporte,158400,review_required,model,0.4981,EXP-15.3,EXP-15.3|EXP-4.2|ADM-1.7,EXP-15.3,True,True
DANIEL VILLAR Y CIA LTDA,420815,Gasolina 93,98581,auto_accept,business_rule,1,ADM-1.4,ADM-1.4,ADM-1.4,True,True
DISTRIBUIDORA DE NEUMATICOS DEL SUR LIMITADA,200094,MANO OBRA ALINEACION TIPO C,21008,review_required,model,0.133,EXP-14.2,EXP-14.2|ADM-1.6|EXP-13.1,EXP-13.3,False,True
DISTRIBUIDORA DE NEUMATICOS DEL SUR LIMITADA,200094,NEU WRL TERRITORY AT 275/60 R20 115S,1058824,review_required,model,0.3177,EXP-7.0,EXP-7.0|EXP-13.3|EXP-13.1,EXP-13.3,False,True
DISTRIBUIDORA DE NEUMATICOS DEL SUR LIMITADA,200094,MANO OBRA BALANCEO CONVENIO &gt;R16,12605,review_required,model,0.2833,EXP-14.4,EXP-14.4|EXP-8.3|EXP-13.1,EXP-13.3,False,True
ADMIN. DE SUPERMERCADOS EXPRESS LIMITADA,58491382,AZUCAR,3504,auto_accept,model,0.8178,EXP-1.1,EXP-1.1|ADM-1.6|EXP-6.4,ADM-1.6|EXP-1.1,True,False
ADMIN. DE SUPERMERCADOS EXPRESS LIMITADA,58491382,PANO MULTIUSO X6,8050,review_required,model,0.2122,EXP-2.1,EXP-2.1|EXP-14.2|EXP-8.3,ADM-1.6|EXP-1.1,False,False
ADMIN. DE SUPERMERCADOS EXPRESS LIMITADA,58491382,PAPEL DOBLE H 40MX18,25697,auto_accept,model,0.9263,ADM-1.6,ADM-1.6|EXP-2.6|EXP-2.2,ADM-1.6|EXP-1.1,True,False
ADMIN. DE SUPERMERCADOS EXPRESS LIMITADA,58491382,CAF INS TRDICION150,18126,review_required,model,0.364,EXP-1.1,EXP-1.1|ADM-1.6|ADM-1.5,ADM-1.6|EXP-1.1,True,False
ADMIN. DE SUPERMERCADOS EXPRESS LIMITADA,58491382,TRITON NARANJA,1429,review_required,model,0.169,EXP-1.1,EXP-1.1|ADM-1.6|EXP-6.5,ADM-1.6|EXP-1.1,True,False
ADMIN. DE SUPERMERCADOS EXPRESS LIMITADA,58491382,TRITON VAINILLA,2857,review_required,model,0.1273,ADM-1.6,ADM-1.6|EXP-13.3|ADM-1.5,ADM-1.6|EXP-1.1,True,False
ADMIN. DE SUPERMERCADOS EXPRESS LIMITADA,58491382,GALL DONUTS ORANGE,4202,review_required,model,0.2324,EXP-6.4,EXP-6.4|ADM-1.6|EXP-1.1,ADM-1.6|EXP-1.1,False,False
ADMIN. DE SUPERMERCADOS EXPRESS LIMITADA,58491382,PACK TRITON CHOC,2092,review_required,model,0.143,EXP-13.3,EXP-13.3|ADM-1.6|EXP-14.1,ADM-1.6|EXP-1.1,False,False
ADMIN. DE SUPERMERCADOS EXPRESS LIMITADA,58491382,GALL GRETEL CHOCOLAT,1681,review_required,model,0.2784,EXP-1.1,EXP-1.1|ADM-1.6|EXP-6.4,ADM-1.6|EXP-1.1,True,False
ADMIN. DE SUPERMERCADOS EXPRESS LIMITADA,58491382,SPRAY NEUTRA LAVANDA,3185,review_required,model,0.2009,EXP-14.1,EXP-14.1|EXP-1.1|ADM-1.5,ADM-1.6|EXP-1.1,False,False
ADMIN. DE SUPERMERCADOS EXPRESS LIMITADA,58491382,GALLETA LIMON,2244,auto_accept,model,0.9848,EXP-1.1,EXP-1.1|ADM-1.6|EXP-10.3,ADM-1.6|EXP-1.1,True,False
ADMIN. DE SUPERMERCADOS EXPRESS LIMITADA,58491382,GALL GRETEL YOGHURT,1681,review_required,model,0.3484,EXP-6.4,EXP-6.4|EXP-1.1|ADM-1.6,ADM-1.6|EXP-1.1,False,False
ADMIN. DE SUPERMERCADOS EXPRESS LIMITADA,58491382,CEREAL MILO 230G,1429,review_required,model,0.4506,ADM-1.5,ADM-1.5|ADM-1.6|EXP-1.1,ADM-1.6|EXP-1.1,False,False
ADMIN. DE SUPERMERCADOS EXPRESS LIMITADA,58491382,CIF CR MULTIUSO ORIG,9378,review_required,model,0.2827,ADM-1.5,ADM-1.5|ADM-1.6|EXP-2.2,ADM-1.6|EXP-1.1,False,False
ADMIN. DE SUPERMERCADOS EXPRESS LIMITADA,58491382,CLORO LIQUIDO 4KG,14756,review_required,model,0.2546,EXP-8.1,EXP-8.1|EXP-8.2|EXP-10.3,ADM-1.6|EXP-1.1,False,False
ADMIN. DE SUPERMERCADOS EXPRESS LIMITADA,58491382,SUPER 8 PACK 4X29G,840,review_required,model,0.291,EXP-14.2,EXP-14.2|EXP-13.3|AF-2.1,ADM-1.6|EXP-1.1,False,False
ADMIN. DE SUPERMERCADOS EXPRESS LIMITADA,58491382,GALL OBSESION MENTA,840,review_required,model,0.1683,EXP-10.1,EXP-10.1|EXP-10.4|EXP-12.1,ADM-1.6|EXP-1.1,False,False
ADMIN. DE SUPERMERCADOS EXPRESS LIMITADA,58491382,GALLETA KUKY CLASICA,2101,auto_accept,model,0.9672,EXP-1.1,EXP-1.1|ADM-1.6|ADM-1.5,ADM-1.6|EXP-1.1,True,False
ADMIN. DE SUPERMERCADOS EXPRESS LIMITADA,58491382,PACK GALLETA VAINIL,840,auto_accept,model,0.9834,EXP-1.1,EXP-1.1|ADM-1.6|ADM-1.5,ADM-1.6|EXP-1.1,True,False
ADMIN. DE SUPERMERCADOS EXPRESS LIMITADA,58491382,MANZANA FUJI EXP,1929,review_required,model,0.4069,EXP-1.1,EXP-1.1|ADM-1.6|ADM-1.5,ADM-1.6|EXP-1.1,True,False
ADMIN. DE SUPERMERCADOS EXPRESS LIMITADA,58491382,TRIX CEREAL,1429,review_required,model,0.2214,ADM-1.6,ADM-1.6|ADM-1.5|EXP-1.1,ADM-1.6|EXP-1.1,True,False
ADMIN. DE SUPERMERCADOS EXPRESS LIMITADA,58491382,BOLSA LAZO AZUL,655,review_required,model,0.2241,ADM-1.6,ADM-1.6|EXP-2.2|EXP-16.1,ADM-1.6|EXP-1.1,True,False
ADMIN. DE SUPERMERCADOS EXPRESS LIMITADA,58491382,PAN BCO XL,5042,review_required,model,0.3568,ADM-1.6,ADM-1.6|EXP-5.1|EXP-12.1,ADM-1.6|EXP-1.1,True,False
ADMIN. DE SUPERMERCADOS EXPRESS LIMITADA,58491382,ACEITE MARAVILLA,8899,review_required,model,0.4421,EXP-13.1,EXP-13.1|EXP-14.2|EXP-2.2,ADM-1.6|EXP-1.1,False,False
ADMIN. DE SUPERMERCADOS EXPRESS LIMITADA,58491382,LECHE CHOCO ORIG SEM,941,review_required,model,0.3877,EXP-3.1,EXP-3.1|EXP-10.1|EXP-15.2,ADM-1.6|EXP-1.1,False,False
ADMIN. DE SUPERMERCADOS EXPRESS LIMITADA,58491382,WIPES REGULAR 100UN,840,review_required,model,0.2051,EXP-13.3,EXP-13.3|ADM-1.6|EXP-2.2,ADM-1.6|EXP-1.1,False,False
ADMIN. DE SUPERMERCADOS EXPRESS LIMITADA,58491382,MANZANA FUJI EXP,1936,review_required,model,0.4069,EXP-1.1,EXP-1.1|ADM-1.6|ADM-1.5,ADM-1.6|EXP-1.1,True,False
ADMIN. DE SUPERMERCADOS EXPRESS LIMITADA,58491382,NARANJA MALLA 2KG,4185,review_required,model,0.3879,EXP-8.1,EXP-8.1|EXP-14.2|EXP-6.4,ADM-1.6|EXP-1.1,False,False
ADMIN. DE SUPERMERCADOS EXPRESS LIMITADA,58491382,PLATANO REGIONAL,1645,review_required,model,0.2843,EXP-8.2,EXP-8.2|EXP-8.1|EXP-2.4,ADM-1.6|EXP-1.1,False,False
ADMIN. DE SUPERMERCADOS EXPRESS LIMITADA,58491382,MANZANA FUJI EXP,1913,review_required,model,0.4069,EXP-1.1,EXP-1.1|ADM-1.6|ADM-1.5,ADM-1.6|EXP-1.1,True,False
ADMIN. DE SUPERMERCADOS EXPRESS LIMITADA,58491382,PLATANO REGIONAL,1935,review_required,model,0.2843,EXP-8.2,EXP-8.2|EXP-8.1|EXP-2.4,ADM-1.6|EXP-1.1,False,False
SOCIEDAD COMERCIAL SERLAC CHILE S.A.,4544,REPARACION DE EQUIPOS DE REFRIGERACION EN TALLER 2,171000,review_required,model,0.3661,EXP-10.1,EXP-10.1|EXP-14.1|EXP-15.3,EXP-10.1,True,True
TRANSPORTES PINILLA SPA,744,TRASLADO DE RODILLO DE,420000,review_required,model,0.4482,EXP-14.1,EXP-14.1|ADM-1.7|EXP-15.3,EXP-14.1,True,True
TRANSPORTES PINILLA SPA,744,TRASLADO DE EXCAVADORA,200000,review_required,model,0.3683,ADM-1.7,ADM-1.7|EXP-14.1|EXP-15.3,EXP-14.1,False,True
TRANSPORTES PINILLA SPA,744,ARRIENDO RODILLO,750000,review_required,model,0.7758,EXP-14.1,EXP-14.1|EXP-15.3|EXP-15.4,EXP-14.1,True,True
RENDIC HERMANOS S.A.,44839450,GALLETA SURTIDO HOLANDA DEU 400 GR,5041,auto_accept,model,0.958,EXP-1.1,EXP-1.1|ADM-1.6|ADM-1.5,EXP-1.1,True,True
RENDIC HERMANOS S.A.,44839450,CALUGA CLASICA SUNY AMBROSOLI 360 GR,2429,review_required,model,0.6928,EXP-1.1,EXP-1.1|ADM-1.6|ADM-1.5,EXP-1.1,True,True
RENDIC HERMANOS S.A.,44839450,"GALLETA GRETEL COSTA 85 GR, YOG FRUTILLA",1681,auto_accept,model,0.9427,EXP-1.1,EXP-1.1|ADM-1.6|ADM-1.5,EXP-1.1,True,True
RENDIC HERMANOS S.A.,44839450,"GALLETA GRETEL COSTA 85 GR, CHOCOLATE",1681,auto_accept,model,0.9452,EXP-1.1,EXP-1.1|ADM-1.6|ADM-1.5,EXP-1.1,True,True
RENDIC HERMANOS S.A.,44839450,"GALLETA DONUTS COSTA 100 GR, BITTER",2521,auto_accept,model,0.9555,EXP-1.1,EXP-1.1|ADM-1.6|ADM-1.5,EXP-1.1,True,True
RENDIC HERMANOS S.A.,44839450,"GALLETA GRAN CEREAL COSTA 135GR, MUESLI",3000,auto_accept,model,0.9457,EXP-1.1,EXP-1.1|ADM-1.6|ADM-1.5,EXP-1.1,True,True
RENDIC HERMANOS S.A.,44839450,"GALLETA GRETEL COSTA 85 GR, CHOC BLANCO",1681,auto_accept,model,0.9429,EXP-1.1,EXP-1.1|ADM-1.6|ADM-1.5,EXP-1.1,True,True
RENDIC HERMANOS S.A.,44839450,PACK GALLETA CHOCOLATE TRITON 2X95GR,3361,auto_accept,model,0.9342,EXP-1.1,EXP-1.1|ADM-1.6|ADM-1.5,EXP-1.1,True,True
MULTIMOTOS OSORNO SPA,1703,MANTENCION MOTO HONDA,201555,auto_accept,model,0.9577,EXP-13.2,EXP-13.2|EXP-13.3|EXP-10.1,EXP-13.2,True,True
Cia de Seguros de Vida Consorcio Nacional de Seguros SA,712682,Seguro Colectivo. Poliza Nro. 12799,959316,review_required,model,0.899,ADM-2.2,ADM-2.2|ADM-2.3|ADM-2.1,ADM-2.2,True,True
Cia de Seguros de Vida Consorcio Nacional de Seguros SA,712682,Periodo de Cobertura julio 2026,32373,auto_accept,model,0.891,ADM-2.3,ADM-2.3|ADM-2.2|ADM-2.1,ADM-2.2,False,True
Cia de Seguros de Vida Consorcio Nacional de Seguros SA,712682,RUTCOBRANZA 96685810,0,review_required,model,0.6416,ADM-2.2,ADM-2.2|ADM-2.3|ADM-2.1,ADM-2.2,True,True
BETHEL ELECTROMECANICA SPA,826,MANTENCION G.E. 22 KVA,440000,review_required,model,0.2993,EXP-13.1,EXP-13.1|EXP-13.3|EXP-14.4,EXP-14.4,False,True
SALINAS Y FABRES S.A.,5337825,Item,197743,review_required,model,0.2183,EXP-10.4,EXP-10.4|EXP-14.4|EXP-13.1,EXP-13.1,False,True
COOPERATIVA AGRICOLA Y LECHERA DE LA UNION LTDA.,30731286,OVEROLES GABARDINA TALLA L,53628,auto_accept,product_lookup,1,EXP-16.1,EXP-16.1,EXP-14.2|EXP-16.1,True,False
COOPERATIVA AGRICOLA Y LECHERA DE LA UNION LTDA.,30731286,OVEROLES GABARDINA TALLA M,26220,auto_accept,product_lookup,1,EXP-16.1,EXP-16.1,EXP-14.2|EXP-16.1,True,False
COOPERATIVA AGRICOLA Y LECHERA DE LA UNION LTDA.,30731286,OVEROLES GABARDINA TALLA XL,71504,auto_accept,product_lookup,1,EXP-16.1,EXP-16.1,EXP-14.2|EXP-16.1,True,False
COOPERATIVA AGRICOLA Y LECHERA DE LA UNION LTDA.,30731286,OVEROLES GABARDINA TALLA XXL,26814,auto_accept,product_lookup,1,EXP-16.1,EXP-16.1,EXP-14.2|EXP-16.1,True,False
COOPERATIVA AGRICOLA Y LECHERA DE LA UNION LTDA.,30731286,BOTA BEKINA STEPLITE PUNTA ACERO N° 41,55753,auto_accept,product_lookup,1,EXP-16.1,EXP-16.1,EXP-14.2|EXP-16.1,True,False
COOPERATIVA AGRICOLA Y LECHERA DE LA UNION LTDA.,30731286,TRAJE DE AGUA ALASKA XL,14638,auto_accept,product_lookup,1,EXP-16.1,EXP-16.1,EXP-14.2|EXP-16.1,True,False
COOPERATIVA AGRICOLA Y LECHERA DE LA UNION LTDA.,30731286,"CABLE SUB 2,5MM 50M DURO NEG (G62702)",48754,auto_accept,product_lookup,1,EXP-14.2,EXP-14.2,EXP-14.2|EXP-16.1,True,False
SOC ROBERTO AICHELE Y CIA LIMITADA,387,ASESORIA AGROPECUARIA,815863,auto_accept,product_lookup,1,EXP-15.1,EXP-15.1,EXP-15.1,True,True
FALABELLA RETAIL S.A.,5725026,ACCESORIOS FO,39990,review_required,model,0.2916,EXP-6.1,EXP-6.1|EXP-10.1|EXP-10.4,ADM-1.6,False,True
AGROCOMERCIAL IANSA S.A.,76274,BIOLACT TERNERO INICIAL,3369600,auto_accept,product_lookup,1,EXP-5.2,EXP-5.2,EXP-5.2,True,True
Manantial S.A,6601521,Botellon 20 litros,17905,review_required,model,0.6216,EXP-16.2,EXP-16.2|EXP-2.2|EXP-2.6,ADM-1.6,False,True
Manantial S.A,6601521,Arriendo Dispensador Agua Fria-Caliente,13520,review_required,model,0.3412,ADM-1.6,ADM-1.6|EXP-9.2|ADM-1.5,ADM-1.6,True,True
Manantial S.A,6601521,DIFERENCIA CARGO MINIMO,3581,review_required,model,0.6472,ADM-1.2,ADM-1.2|EXP-13.3|ADM-1.5,ADM-1.6,False,True
COOPERATIVA AGRICOLA Y LECHERA DE LA UNION LTDA.,30694608,SULFATO DE MAGNESIO X 25 KG.,388740,auto_accept,product_lookup,1,EXP-2.4,EXP-2.4,EXP-2.4,True,True
COOPERATIVA AGRICOLA Y LECHERA DE LA UNION LTDA.,30456724,UBRISEC X 48 JER,743400,review_required,model,0.9268,EXP-2.1,EXP-2.1|EXP-16.2|EXP-2.2,EXP-2.1,True,True
Tattersall Ganado S.A.,761193,VACA CARNAZA,463600,review_required,model,0.9853,AF-1.1,AF-1.1|EXP-15.2|EXP-2.3,"|?Impuestos, comisiones, multas",False,True
Tattersall Ganado S.A.,761193,VAQUILLA ENGORDA,529760,review_required,model,0.975,AF-1.1,AF-1.1|EXP-15.2|EXP-2.3,"|?Impuestos, comisiones, multas",False,True
Tattersall Ganado S.A.,761193,VACA ENGORDA,1086800,review_required,model,0.9823,AF-1.1,AF-1.1|EXP-15.2|EXP-2.3,"|?Impuestos, comisiones, multas",False,True
PATRICIO SANTIAGO CAREY BRIONES,298544,Gasolina 93,29269,review_required,model,0.7638,ADM-1.4,ADM-1.4|EXP-11.4|EXP-16.2,EXP-11.4,False,True
RICARDO GERMAN OSWALD BUCHNER,8891,carga gas 15 kg,23445,review_required,model,0.942,EXP-11.5,EXP-11.5|EXP-16.2|ADM-1.4,EXP-11.5,True,True
RICARDO GERMAN OSWALD BUCHNER,8891,carga gas 45 kg,84874,review_required,model,0.9238,EXP-11.5,EXP-11.5|EXP-16.2|ADM-1.4,EXP-11.5,True,True
COOPERATIVA AGRICOLA Y DE SERVICIOS LTDA,5323602,BIOPECT 5 KILOS,866462,review_required,model,0.5687,EXP-2.6,EXP-2.6|EXP-16.1|EXP-16.2,EXP-2.6,True,True
COMERCIAL SAHAR LIMITADA,22912,Gasolina 93,78345,auto_accept,business_rule,1,ADM-1.4,ADM-1.4,ADM-1.4,True,True
COOPERATIVA AGRICOLA Y LECHERA DE LA UNION LTDA.,30689483,MANGO ESCOBILLA ESTANQUE 988.801-16 ALFA,13259,auto_accept,product_lookup,1,EXP-16.1,EXP-16.1,EXP-16.1|EXP-2.4,True,False
COOPERATIVA AGRICOLA Y LECHERA DE LA UNION LTDA.,30689483,SULFATO DE MAGNESIO X 25 KG.,129580,auto_accept,product_lookup,1,EXP-2.4,EXP-2.4,EXP-16.1|EXP-2.4,True,False
COOPERATIVA AGRICOLA Y LECHERA DE LA UNION LTDA.,30689483,BOTA BEKINA STEPLITE PUNTA ACERO N° 39,55286,auto_accept,model,0.8996,EXP-16.1,EXP-16.1|EXP-2.6|EXP-16.2,EXP-16.1|EXP-2.4,True,False
COOPERATIVA AGRICOLA Y DE SERVICIOS LTDA,5321114,BOTAS DUNLOP THERMO+ # 37-38 (-40 C),89943,auto_accept,product_lookup,1,EXP-16.1,EXP-16.1,EXP-16.1,True,True
COOPERATIVA AGRICOLA Y DE SERVICIOS LTDA,5321114,BOTAS DUNLOP THERMO+ # 39-40 (-40 C),89943,auto_accept,product_lookup,1,EXP-16.1,EXP-16.1,EXP-16.1,True,True
COOPERATIVA AGRICOLA Y DE SERVICIOS LTDA,5321114,BOTAS DUNLOP THERMO+ # 41 (-40 C),89943,auto_accept,product_lookup,1,EXP-16.1,EXP-16.1,EXP-16.1,True,True
COOPERATIVA AGRICOLA Y DE SERVICIOS LTDA,5321114,BOTAS DUNLOP THERMO+ # 42 (-40 C),89943,auto_accept,product_lookup,1,EXP-16.1,EXP-16.1,EXP-16.1,True,True
COOPERATIVA AGRICOLA Y DE SERVICIOS LTDA,5321114,BOTAS DUNLOP THERMO+ # 43 (-40 C),179886,auto_accept,product_lookup,1,EXP-16.1,EXP-16.1,EXP-16.1,True,True
COOPERATIVA AGRICOLA Y LECHERA DE LA UNION LTDA.,30729368,PETROLEO DIESEL ULTRA (DISTRIBUCION),1055188,auto_accept,product_lookup,1,EXP-11.3,EXP-11.3,EXP-11.3,True,True
COMERCIAL CERES SPA,52302,10.510.470.137.R0013,567739,review_required,model,0.4793,EXP-13.1,EXP-13.1|EXP-14.2|AF-2.1,EXP-13.1,True,True
COMERCIAL CERES SPA,52302,10.420.150.106.R0087,91034,review_required,model,0.2345,EXP-10.4,EXP-10.4|EXP-14.1|EXP-13.1,EXP-13.1,False,True
COMERCIAL CERES SPA,52302,10.420.150.106.R0041,10811,review_required,model,0.5026,EXP-13.1,EXP-13.1|EXP-14.1|EXP-10.4,EXP-13.1,True,True
COMERCIAL CERES SPA,52302,10.420.150.106.R0089,29582,review_required,model,0.2874,EXP-13.1,EXP-13.1|EXP-14.1|EXP-10.4,EXP-13.1,True,True
COMERCIAL CERES SPA,52302,10.510.470.106.R0003,69125,review_required,model,0.5008,EXP-13.1,EXP-13.1|EXP-13.3|EXP-10.4,EXP-13.1,True,True
COMERCIAL CERES SPA,52302,10.510.470.106.R0035,18702,review_required,model,0.493,EXP-13.1,EXP-13.1|EXP-14.2|EXP-14.1,EXP-13.1,True,True
COMERCIAL CERES SPA,52302,10.510.470.106.R0036,24936,review_required,model,0.4531,EXP-13.1,EXP-13.1|EXP-14.2|ADM-1.6,EXP-13.1,True,True
COMERCIAL CERES SPA,52302,10.510.470.106.R0007,24671,review_required,model,0.5279,EXP-13.1,EXP-13.1|EXP-14.2|AF-2.1,EXP-13.1,True,True
COMERCIAL CERES SPA,52302,10.420.150.106.R0106,10585,review_required,model,0.526,EXP-13.1,EXP-13.1|EXP-13.3|EXP-14.1,EXP-13.1,True,True
COMERCIAL CERES SPA,52302,10.420.150.106.R0130,11376,review_required,model,0.3897,EXP-13.1,EXP-13.1|EXP-13.3|EXP-10.4,EXP-13.1,True,True
COMERCIAL CERES SPA,52302,10.510.470.139.R0060,47726,review_required,model,0.5214,EXP-13.1,EXP-13.1|EXP-14.2|AF-2.1,EXP-13.1,True,True
COMERCIAL CERES SPA,52302,21.510.290.128.R0005,29974,review_required,model,0.3289,EXP-14.1,EXP-14.1|ADM-2.3|EXP-10.4,EXP-13.1,False,True
COMERCIAL CERES SPA,52302,21.420.150.106.R0165,958035,review_required,model,0.2362,EXP-14.1,EXP-14.1|EXP-13.1|EXP-10.4,EXP-13.1,False,True
COMERCIAL CERES SPA,52302,21.500.530.165.R0015,14987,review_required,model,0.1771,EXP-14.1,EXP-14.1|ADM-2.3|EXP-13.1,EXP-13.1,False,True
COMERCIAL CERES SPA,52302,21.420.150.106.R0160,16504,review_required,model,0.2112,EXP-14.1,EXP-14.1|EXP-13.1|EXP-10.4,EXP-13.1,False,True
COMERCIAL CERES SPA,52302,21.510.450.145.R0006,13371,review_required,model,0.2754,EXP-14.1,EXP-14.1|ADM-2.3|EXP-10.4,EXP-13.1,False,True
COMERCIAL CERES SPA,52302,21.420.150.106.R0032,31493,review_required,model,0.2148,EXP-14.1,EXP-14.1|EXP-13.1|EXP-10.4,EXP-13.1,False,True
COMERCIAL CERES SPA,52302,10.510.470.106.R0013,219768,review_required,model,0.6123,EXP-13.1,EXP-13.1|EXP-14.2|EXP-13.3,EXP-13.1,True,True
COMERCIAL CERES SPA,52302,10.510.470.106.R0003,69125,review_required,model,0.5008,EXP-13.1,EXP-13.1|EXP-13.3|EXP-10.4,EXP-13.1,True,True
COMERCIAL CERES SPA,52302,10.420.150.106.R0128,37674,review_required,model,0.3422,EXP-13.1,EXP-13.1|EXP-13.3|EXP-15.3,EXP-13.1,True,True
COMERCIAL CERES SPA,52302,10.510.290.128.R0044,429686,review_required,model,0.4525,EXP-13.1,EXP-13.1|EXP-14.1|EXP-14.2,EXP-13.1,True,True
COMERCIAL CERES SPA,52302,10.410.280.154.R0033,10176,review_required,model,0.3121,EXP-13.1,EXP-13.1|EXP-10.4|EXP-13.3,EXP-13.1,True,True
COMERCIAL CERES SPA,52302,MC.RFO.KUHN,560000,review_required,model,0.323,EXP-14.4,EXP-14.4|EXP-13.3|EXP-13.1,EXP-13.1,False,True
COMERCIAL CERES SPA,52302,TV.KUHN,105000,review_required,model,0.4815,ADM-1.2,ADM-1.2|EXP-13.3|EXP-13.1,EXP-13.1,False,True
COMERCIAL CERES SPA,52302,KM.KUHN,61600,review_required,model,0.1774,EXP-16.2,EXP-16.2|EXP-10.1|EXP-13.3,EXP-13.1,False,True
COMERCIAL CERES SPA,52302,IN.KUHN,180000,review_required,model,0.1037,EXP-14.1,EXP-14.1|ADM-1.10|EXP-10.1,EXP-13.1,False,True
CENCOSUD RETAIL S.A.,27173192,VINO GATO CARMENERE 12G BOT 1500CC,8380,review_required,model,0.2699,EXP-1.1,EXP-1.1|ADM-1.6|EXP-10.3,EXP-1.1,True,True
CENCOSUD RETAIL S.A.,27173192,CARAMELOS ICE BREAKER FRUT ACID S AZ 42G,3390,review_required,model,0.4154,EXP-1.1,EXP-1.1|ADM-1.6|EXP-10.3,EXP-1.1,True,True
CENCOSUD RETAIL S.A.,27173192,CARAMELOS MENTOS CLEARBREATH VERDE 17.5,1650,review_required,model,0.443,EXP-1.1,EXP-1.1|EXP-10.3|ADM-1.6,EXP-1.1,True,True
CENCOSUD RETAIL S.A.,27173192,CHICLE BIGTIME POCKET MENTA 12X2G,3590,review_required,model,0.2261,EXP-1.1,EXP-1.1|ADM-1.6|EXP-16.2,EXP-1.1,True,True
CENCOSUD RETAIL S.A.,27173192,CERVEZA HEINEKEN X12 5.0G PAK 350CC,16980,review_required,model,0.7272,EXP-1.1,EXP-1.1|ADM-1.6|ADM-1.5,EXP-1.1,True,True
CENCOSUD RETAIL S.A.,27173192,BEBIDA COCA COLA PET 1.5 LT,2990,auto_accept,model,0.9166,EXP-1.1,EXP-1.1|ADM-1.6|ADM-1.5,EXP-1.1,True,True
CENCOSUD RETAIL S.A.,27173192,CERVEZA CRISTAL CERO RADLER 0 350CC PAC,7966,review_required,model,0.7406,EXP-1.1,EXP-1.1|ADM-1.6|ADM-1.5,EXP-1.1,True,True
CENCOSUD RETAIL S.A.,27173192,CERVEZA CRISTAL CERO 0 LATA 350CC PACK,7966,auto_accept,model,0.7662,EXP-1.1,EXP-1.1|ADM-1.6|ADM-1.5,EXP-1.1,True,True
CENCOSUD RETAIL S.A.,27173192,BEBIDA SPRITE ZERO PET 1.5LT,2990,review_required,model,0.6922,EXP-1.1,EXP-1.1|ADM-1.6|ADM-1.5,EXP-1.1,True,True
CENCOSUD RETAIL S.A.,27173192,BEBIDA FANTA PET 1.5L,2990,auto_accept,model,0.766,EXP-1.1,EXP-1.1|ADM-1.6|ADM-1.5,EXP-1.1,True,True
COOPERATIVA AGRICOLA Y LECHERA DE LA UNI,30614128,QUESO REGGIANITO TROZO 200 gr.,35940,review_required,model,0.1994,EXP-10.3,EXP-10.3|EXP-8.2|EXP-2.2,EXP-1.1,False,True
ORLANDO RICARDO BERTIN MONSALVE,976,VIAJE 35 TERNEROS,140000,review_required,model,0.3016,EXP-15.3,EXP-15.3|EXP-14.1|ADM-1.7,EXP-15.3,True,True
SOCIEDAD PRESTACIÓN DE SERVICIOS AGRÍCOLA MYO SPA,124,Arriendo mensual tractor,2500000,review_required,model,0.5493,EXP-15.4,EXP-15.4|EXP-15.5|AF-2.1,EXP-15.4,True,True
SOCIEDAD PRESTACIÓN DE SERVICIOS AGRÍCOLA MYO SPA,124,traslado,150000,review_required,model,0.61,EXP-15.3,EXP-15.3|ADM-1.7|EXP-14.1,EXP-15.4,False,True
PROVEEDORES INTEGRALES DEL SUR S.A.,1815066,PAPEL FOTOC. CARTA 75 GR PRISA 500 HJ,29900,auto_accept,model,0.9334,ADM-1.6,ADM-1.6|EXP-2.6|EXP-14.2,ADM-1.6,True,True
PROVEEDORES INTEGRALES DEL SUR S.A.,1815066,PLUMON PIZARRA ROJO P.REDONDA PROARTE,1624,review_required,model,0.163,EXP-16.2,EXP-16.2|EXP-10.1|EXP-3.1,ADM-1.6,False,True
PROVEEDORES INTEGRALES DEL SUR S.A.,1815066,PLUMON PIZARRA AZUL P.REDONDA PROARTE,1624,review_required,model,0.2378,EXP-10.1,EXP-10.1|EXP-14.4|EXP-13.1,ADM-1.6,False,True
PROVEEDORES INTEGRALES DEL SUR S.A.,1815066,PLUMON PIZARRA NEGRO P.REDONDA PROARTE,1624,review_required,model,0.3378,EXP-14.2,EXP-14.2|EXP-4.1|EXP-14.4,ADM-1.6,False,True
PROVEEDORES INTEGRALES DEL SUR S.A.,1815066,MARCADOR PERMAN.ARTEL P.REDONDA 50 NEGRO,1110,review_required,model,0.4658,EXP-14.2,EXP-14.2|EXP-4.1|EXP-14.4,ADM-1.6,False,True
PROVEEDORES INTEGRALES DEL SUR S.A.,1815066,CLIPS N 1 PUNTA REDONDA TORRE X 100 UND,286,review_required,model,0.3277,EXP-8.3,EXP-8.3|EXP-2.2|EXP-10.3,ADM-1.6,False,True
PROVEEDORES INTEGRALES DEL SUR S.A.,1815066,CINTA EMBALAJE TRANSP. 48 X 40 MT OFIXPRES,750,review_required,model,0.6344,EXP-14.2,EXP-14.2|AF-2.1|EXP-14.4,ADM-1.6,False,True
PROVEEDORES INTEGRALES DEL SUR S.A.,1815066,ADHESIVO BARRA 36 GR. TORRE.,1800,review_required,model,0.223,EXP-10.4,EXP-10.4|EXP-15.2|EXP-14.4,ADM-1.6,False,True
PROVEEDORES INTEGRALES DEL SUR S.A.,1815066,CORRECTOR CINTA 5MM STAND UP TORRE SURTIDO,3400,review_required,model,0.2682,EXP-14.2,EXP-14.2|EXP-14.4|AF-2.1,ADM-1.6,False,True
PROVEEDORES INTEGRALES DEL SUR S.A.,1815066,TONER BROTHER TN-3429 DCP-L56500DN/5100DN 3000PAG,73000,review_required,model,0.7288,ADM-1.6,ADM-1.6|EXP-5.2|EXP-15.3,ADM-1.6,True,True
PROVEEDORES INTEGRALES DEL SUR S.A.,1815066,CUADERNO UNIV. E/D 100 HJ M7 COLON LISO T/E,9500,review_required,model,0.1136,EXP-13.1,EXP-13.1|EXP-16.2|EXP-13.3,ADM-1.6,False,True
COOPERATIVA AGRICOLA Y LECHERA DE LA UNION LTDA.,30731267,CORDON BUNGY ROLLO 50 MT (G89106),129321,auto_accept,product_lookup,1,EXP-14.2,EXP-14.2,EXP-14.2,True,True
COOPERATIVA AGRICOLA Y LECHERA DE LA UNION LTDA.,30731267,TENSOR C/AISLADOR (G74313),119680,auto_accept,product_lookup,1,EXP-14.2,EXP-14.2,EXP-14.2,True,True
COOPERATIVA AGRICOLA Y LECHERA DE LA UNION LTDA.,30731267,AISLA. ESQUINERO TIPO S1031B,21200,auto_accept,product_lookup,1,EXP-14.2,EXP-14.2,EXP-14.2,True,True
COOPERATIVA AGRICOLA Y LECHERA DE LA UNI,30614527,PETROLEO DIESEL ULTRA,35232,auto_accept,product_lookup,1,EXP-11.3,EXP-11.3,EXP-11.3,True,True
LUIS ANTONIO TORRES JARAMILLO,77,TRASLADO VAQUILLAS,250000,auto_accept,model,0.9105,AF-1.1,AF-1.1|EXP-15.2|EXP-2.3,EXP-15.3,False,True
LUIS ANTONIO TORRES JARAMILLO,77,TRASLADO TERNERAS,100000,review_required,model,0.4643,EXP-14.1,EXP-14.1|EXP-15.3|ADM-1.7,EXP-15.3,False,True
LUIS ANTONIO TORRES JARAMILLO,77,TRASLADO MAQUINARIA,390000,review_required,model,0.3128,EXP-14.1,EXP-14.1|ADM-1.6|EXP-15.3,EXP-15.3,False,True
Entel PCS Telecomunicaciones S.A.,53946349,Servicios de acceso a Internet,21765,auto_accept,model,0.954,ADM-1.2,ADM-1.2|ADM-1.6|EXP-14.1,ADM-1.2,True,True
Entel PCS Telecomunicaciones S.A.,53946349,Servicio Telefónico Móvil,618260,review_required,model,0.4681,ADM-1.2,ADM-1.2|ADM-1.6|EXP-14.1,ADM-1.2,True,True
Entel PCS Telecomunicaciones S.A.,53946349,Larga Distancia Internacional,17522,review_required,model,0.431,ADM-1.2,ADM-1.2|EXP-14.1|ADM-1.6,ADM-1.2,True,True
Entel PCS Telecomunicaciones S.A.,53946349,Otros cobros y descuentos no facturable,20364,review_required,model,0.7116,ADM-1.2,ADM-1.2|EXP-14.1|ADM-1.6,ADM-1.2,True,True
Entel PCS Telecomunicaciones S.A.,53946349,Otros cobros y descuentos,840,auto_accept,model,0.7772,ADM-1.2,ADM-1.2|ADM-1.6|EXP-14.1,ADM-1.2,True,True
ALBERTO JESUS LARA GUZMAN,157,Trabajos eléctricos fundo,736000,review_required,model,0.32,EXP-11.1,EXP-11.1|EXP-9.1|EXP-14.1,EXP-14.4,False,True
Comercial Climent SpA,742798,"CLAVO CORRIENTE 6"" BOLSA (KG)",3528,review_required,model,0.2348,EXP-14.4,EXP-14.4|EXP-14.2|EXP-14.3,EXP-14.2,False,True
Comercial Climent SpA,742798,"CLAVO CORRIENTE 3"" BOLSA (1KG)",4261,review_required,model,0.381,EXP-14.2,EXP-14.2|EXP-8.1|EXP-14.4,EXP-14.2,True,True
Comercial Climent SpA,742798,"CLAVO CORRIENTE 5"" BOLSA(1KG)",3429,review_required,model,0.5121,EXP-14.2,EXP-14.2|EXP-8.1|EXP-16.2,EXP-14.2,True,True
Comercial Climent SpA,742798,"MALLA RASCHEL 80% 2,1MT X M.LINEAL",64706,review_required,model,0.4788,EXP-14.2,EXP-14.2|EXP-4.1|EXP-14.4,EXP-14.2,True,True
JOHN MARCELO CARRILLO SOLDAN,375,MANTENCION Y REPARACION,1770000,review_required,model,0.2496,EXP-14.4,EXP-14.4|EXP-10.4|EXP-10.1,EXP-13.1,False,True
COOPERATIVA AGRICOLA Y LECHERA DE LA UNION LTDA.,30363559,GASOLINA 93,53726,review_required,model,0.6979,ADM-1.4,ADM-1.4|EXP-11.4|EXP-16.2,ADM-1.4,True,True
HDI SEGUROS S.A.,10276464,Ramo VEHICULOS MOTORIZADOS - HDI/ Poliza 586507 Item 1,48391,auto_accept,model,0.9111,ADM-2.1,ADM-2.1|EXP-15.4|EXP-13.2,ADM-2.1,True,True
HDI SEGUROS S.A.,10276464,Ramo VEHICULOS MOTORIZADOS - HDI/ Poliza 586507 Item 2,96447,auto_accept,model,0.9123,ADM-2.1,ADM-2.1|EXP-15.4|EXP-13.2,ADM-2.1,True,True
HDI SEGUROS S.A.,10276464,Ramo VEHICULOS MOTORIZADOS - HDI/ Poliza 586507 Item 3,79934,auto_accept,model,0.9193,ADM-2.1,ADM-2.1|EXP-15.4|EXP-13.2,ADM-2.1,True,True
HDI SEGUROS S.A.,10276464,Ramo VEHICULOS MOTORIZADOS - HDI/ Poliza 586507 Item 4,80342,auto_accept,model,0.9155,ADM-2.1,ADM-2.1|EXP-15.4|EXP-13.2,ADM-2.1,True,True
HDI SEGUROS S.A.,10276464,Ramo VEHICULOS MOTORIZADOS - HDI/ Poliza 586507 Item 5,84535,auto_accept,model,0.9227,ADM-2.1,ADM-2.1|EXP-15.4|EXP-13.2,ADM-2.1,True,True
SANDRA PAULINA VALLADARES RIOS,43,Arreglo carro forrajero,225000,review_required,model,0.1998,EXP-10.4,EXP-10.4|EXP-9.2|EXP-15.4,EXP-13.1,False,True
SANDRA PAULINA VALLADARES RIOS,43,Mantención tractor 6100 D,195000,review_required,model,0.3693,EXP-13.3,EXP-13.3|EXP-13.1|EXP-10.4,EXP-13.1,False,True
SANDRA PAULINA VALLADARES RIOS,43,Reparación carro,275000,review_required,model,0.2159,EXP-10.4,EXP-10.4|EXP-15.4|EXP-4.1,EXP-13.1,False,True
BANCO BICE,3844577,Comisión por Pagos de Nominas,2453,auto_accept,model,0.8132,ADM-1.7,ADM-1.7|ADM-3.1|EXP-15.5,"|?Impuestos, comisiones, multas",False,True
COOPERATIVA AGRICOLA Y LECHERA DE LA UNI,30614573,GASOLINA 93,35263,review_required,model,0.6368,ADM-1.4,ADM-1.4|EXP-11.4|EXP-16.2,EXP-11.4,False,True
COOPERATIVA AGRICOLA Y LECHERA DE LA UNION LTDA.,30731283,JERINGA DESECHABLE 10 ML C/AGUJA (L.L.),8100,auto_accept,product_lookup,1,EXP-2.6,EXP-2.6,EXP-10.3|EXP-2.6,True,False
COOPERATIVA AGRICOLA Y LECHERA DE LA UNION LTDA.,30731283,JERINGA DESECHABLE 60 ML (L.L.),9375,auto_accept,product_lookup,1,EXP-2.6,EXP-2.6,EXP-10.3|EXP-2.6,True,False
COOPERATIVA AGRICOLA Y LECHERA DE LA UNION LTDA.,30731283,JERINGA DESECHABLE 60 ML PUNTA CATETER,8950,auto_accept,product_lookup,1,EXP-2.6,EXP-2.6,EXP-10.3|EXP-2.6,True,False
COOPERATIVA AGRICOLA Y LECHERA DE LA UNION LTDA.,30731283,"AGUJA DESECHABLE 18G X 1 1/2""",17400,auto_accept,product_lookup,1,EXP-2.6,EXP-2.6,EXP-10.3|EXP-2.6,True,False
COOPERATIVA AGRICOLA Y LECHERA DE LA UNION LTDA.,30731283,"AGUJA DESECHABLE 18G X 1""",17400,auto_accept,product_lookup,1,EXP-2.6,EXP-2.6,EXP-10.3|EXP-2.6,True,False
COOPERATIVA AGRICOLA Y LECHERA DE LA UNION LTDA.,30731283,"AGUJA DESECHABLE 21G X 1""",10000,auto_accept,model,0.7804,EXP-2.6,EXP-2.6|EXP-16.1|EXP-2.2,EXP-10.3|EXP-2.6,True,False
COOPERATIVA AGRICOLA Y LECHERA DE LA UNION LTDA.,30731283,BAJADA DE SUERO MACROGOTA,6250,auto_accept,product_lookup,1,EXP-2.6,EXP-2.6,EXP-10.3|EXP-2.6,True,False
COOPERATIVA AGRICOLA Y LECHERA DE LA UNION LTDA.,30731283,TACO DE MADERA X 10 UNID.,21354,auto_accept,product_lookup,1,EXP-2.6,EXP-2.6,EXP-10.3|EXP-2.6,True,False
COOPERATIVA AGRICOLA Y LECHERA DE LA UNION LTDA.,30731283,PEGAMENTO BOVIBOND X 210 ML,122727,auto_accept,product_lookup,1,EXP-2.6,EXP-2.6,EXP-10.3|EXP-2.6,True,False
COOPERATIVA AGRICOLA Y LECHERA DE LA UNION LTDA.,30731283,VENDA COHESIVA IMPORTADA VERDE,35712,auto_accept,product_lookup,1,EXP-2.6,EXP-2.6,EXP-10.3|EXP-2.6,True,False
COOPERATIVA AGRICOLA Y LECHERA DE LA UNION LTDA.,30731283,PINTURA CELO TELL TAIL SPRAY AZU 500CC,98412,auto_accept,product_lookup,1,EXP-2.6,EXP-2.6,EXP-10.3|EXP-2.6,True,False
COOPERATIVA AGRICOLA Y LECHERA DE LA UNION LTDA.,30731283,PINTURA CELO TELL TAIL SPRAY ROJ 500CC,98412,auto_accept,product_lookup,1,EXP-2.6,EXP-2.6,EXP-10.3|EXP-2.6,True,False
COOPERATIVA AGRICOLA Y LECHERA DE LA UNION LTDA.,30731283,DUPLALIM DESINF. X 5 LT.,53171,auto_accept,product_lookup,1,EXP-10.3,EXP-10.3,EXP-10.3|EXP-2.6,True,False
COOPERATIVA AGRICOLA Y LECHERA DE LA UNION LTDA.,30731283,TIJERA RECORTE COLAS 205606 SHOOF,9788,auto_accept,product_lookup,1,EXP-2.6,EXP-2.6,EXP-10.3|EXP-2.6,True,False
COOPERATIVA AGRICOLA Y LECHERA DE LA UNION LTDA.,30731421,MAIZ HOJUELA COLUN X 25 KG,36200,auto_accept,product_lookup,1,EXP-5.3,EXP-5.3,EXP-5.3,True,True
COOPERATIVA AGRICOLA Y LECHERA DE LA UNION LTDA.,30731421,COLMILLO BLANCO X 20KG (ADULTO&CACHORRO),37500,auto_accept,product_lookup,1,EXP-5.3,EXP-5.3,EXP-5.3,True,True
