gold_id,category_code,leaf,source,item_text,description,provider,farm,audit_reason,verify_flag,direction,split
RG-00001,EXP-2.6,Otros Gastos Salud Animal,client_product_rule,ALCOHOL 95° LITRO,10000026,COOPRINSEM,,Client-confirmed product-to-category mapping.,,,
RG-00002,EXP-2.5,Otros Medicamentos,client_product_rule,CALFODEX 500 CC.,10000114,COOPRINSEM,,Client-confirmed product-to-category mapping.,,,
RG-00003,EXP-2.5,Otros Medicamentos,client_product_rule,CALFOMA PLUS 500 CC.,10000116,COOPRINSEM,,Client-confirmed product-to-category mapping.,,,
RG-00004,EXP-2.5,Otros Medicamentos,client_product_rule,CARDIOTONICO (VIVEFORT) CAJA 3X10 CC.,10000128,COOPRINSEM,,Client-confirmed product-to-category mapping.,,,
RG-00005,EXP-2.2,Medicamentos Mastitis,client_product_rule,"COBACTAN 100 CC CEFQUINOMA 2,5%",10000155,COOPRINSEM,,Client-confirmed product-to-category mapping.,,,
RG-00006,EXP-2.2,Medicamentos Mastitis,client_product_rule,COBACTAN LC CAJA 15 JERINGAS LACTAN,10000157,COOPRINSEM,,Client-confirmed product-to-category mapping.,,,
RG-00007,EXP-2.5,Otros Medicamentos,client_product_rule,COFORTA 100 CC.,10000159,COOPRINSEM,,Client-confirmed product-to-category mapping.,,,
RG-00008,EXP-2.5,Otros Medicamentos,client_product_rule,COLIMIC 50 CC. (ESPASMOLITICO),10000161,COOPRINSEM,,Client-confirmed product-to-category mapping.,,,
RG-00009,EXP-2.5,Otros Medicamentos,client_product_rule,REPIDERMA SPRAY 250 CC,10000175,COOPRINSEM,,Client-confirmed product-to-category mapping.,,,
RG-00010,EXP-2.5,Otros Medicamentos,client_product_rule,"CORTEXONA 50 CC. (DEXAMETASONA 0,2%)",10000185,COOPRINSEM,,Client-confirmed product-to-category mapping.,,,
RG-00011,EXP-2.6,Otros Gastos Salud Animal,client_product_rule,FORMALINA 37 % CON 12% MEOH 22 KILOS,10000377,COOPRINSEM,,Client-confirmed product-to-category mapping.,,,
RG-00012,EXP-2.5,Otros Medicamentos,client_product_rule,LIQUAMICINA LA FCO. 100 CC.,10000516,COOPRINSEM,,Client-confirmed product-to-category mapping.,,,
RG-00013,EXP-2.5,Otros Medicamentos,client_product_rule,LIQUAMICINA LA FCO. 250 CC.,10000517,COOPRINSEM,,Client-confirmed product-to-category mapping.,,,
RG-00014,EXP-2.5,Otros Medicamentos,client_product_rule,MAGNEKAL 100 CC. (CLORURO DE MG),10000531,COOPRINSEM,,Client-confirmed product-to-category mapping.,,,
RG-00015,EXP-2.5,Otros Medicamentos,client_product_rule,MOSKIMIC FORTE POUR ON 1 LITRO,10000571,COOPRINSEM,,Client-confirmed product-to-category mapping.,,,
RG-00016,EXP-2.5,Otros Medicamentos,client_product_rule,MOSKIMIC FORTE POUR ON 3 LITRO,10000572,COOPRINSEM,,Client-confirmed product-to-category mapping.,,,
RG-00017,EXP-3.1,Inseminacion Artificial,client_product_rule,NOVORMON 5.000 UI (25 CC.),10000595,COOPRINSEM,,Client-confirmed product-to-category mapping.,,,
RG-00018,EXP-2.1,Terapias Secado,client_product_rule,ORBENIN E.D.C CAJA 36 JER SECADO,10000601,COOPRINSEM,,Client-confirmed product-to-category mapping.,,,
RG-00019,EXP-2.2,Medicamentos Mastitis,client_product_rule,PATHOZONE CAJA 10 JERINGAS LACTAN,10000635,COOPRINSEM,,Client-confirmed product-to-category mapping.,,,
RG-00020,EXP-2.5,Otros Medicamentos,client_product_rule,PEDEROL 2% 250 CC.,10000637,COOPRINSEM,,Client-confirmed product-to-category mapping.,,,
RG-00021,EXP-2.5,Otros Medicamentos,client_product_rule,PENCIVET 1 FCO. 6.000.000 U.I.,10000641,COOPRINSEM,,Client-confirmed product-to-category mapping.,,,
RG-00022,EXP-2.5,Otros Medicamentos,client_product_rule,RIMADYL INYECTABLE 50 CC.,10000720,COOPRINSEM,,Client-confirmed product-to-category mapping.,,,
RG-00023,EXP-2.6,Otros Gastos Salud Animal,client_product_rule,SUERO GLUCOSADO 5% 500 CC (DEXTROSA 5%),10000855,COOPRINSEM,,Client-confirmed product-to-category mapping.,,,
RG-00024,EXP-2.5,Otros Medicamentos,client_product_rule,TERIL 5 LTS.,10000892,COOPRINSEM,,Client-confirmed product-to-category mapping.,,,
RG-00025,EXP-2.3,Vacunas,client_product_rule,VACUNA CATTLEMASTER GOLD 25 DOSIS,10000950,COOPRINSEM,,Client-confirmed product-to-category mapping.,,,
RG-00026,EXP-2.3,Vacunas,client_product_rule,VACUNA CLOSTRIBAC 9P 50 DOSIS,10000953,COOPRINSEM,,Client-confirmed product-to-category mapping.,,,
RG-00027,EXP-2.3,Vacunas,client_product_rule,VACUNA CLOSTRIBAC-8 GOLD 50 DOSIS,10000956,COOPRINSEM,,Client-confirmed product-to-category mapping.,,,
RG-00028,EXP-2.3,Vacunas,client_product_rule,VACUNA FORTRESS 50 DS BORGPETERSENIL HAR,10000969,COOPRINSEM,,Client-confirmed product-to-category mapping.,,,
RG-00029,EXP-2.3,Vacunas,client_product_rule,VACUNA VISION-8 100 ML. (50 DOSIS),10001000,COOPRINSEM,,Client-confirmed product-to-category mapping.,,,
RG-00030,EXP-2.5,Otros Medicamentos,client_product_rule,VITAMINA E + SELENIO 100 CC.,10001028,COOPRINSEM,,Client-confirmed product-to-category mapping.,,,
RG-00031,EXP-2.5,Otros Medicamentos,client_product_rule,KET-10 50 CC. BOVINO (KETOPROFENO),10001118,COOPRINSEM,,Client-confirmed product-to-category mapping.,,,
RG-00032,EXP-3.1,Inseminacion Artificial,client_product_rule,CIPIOSYN 50 CC (CIPIONATO ESTRADIOL),10001184,COOPRINSEM,,Client-confirmed product-to-category mapping.,,,
RG-00033,EXP-2.3,Vacunas,client_product_rule,VACUNA LEPTOFERM 5 50 DOSIS,10001558,COOPRINSEM,,Client-confirmed product-to-category mapping.,,,
RG-00034,EXP-2.3,Vacunas,client_product_rule,VACUNA CATTLEMASTER GOLD FP5 L5 25 DOSIS,10001598,COOPRINSEM,,Client-confirmed product-to-category mapping.,,,
RG-00035,EXP-2.6,Otros Gastos Salud Animal,client_product_rule,AGUJA DESECHABLE (C/PLAST) 18 G x 1,11000046,COOPRINSEM,,Client-confirmed product-to-category mapping.,,,
RG-00036,EXP-2.6,Otros Gastos Salud Animal,client_product_rule,ALLFLEX MAXI(H)-BOTON(M) ESTAMPADO,11000085,COOPRINSEM,,Client-confirmed product-to-category mapping.,,,
RG-00037,EXP-2.6,Otros Gastos Salud Animal,client_product_rule,ALLFLEX MAXI(H)-BOTON(M) S/EST AMARILLO,11000086,COOPRINSEM,,Client-confirmed product-to-category mapping.,,,
RG-00038,EXP-2.6,Otros Gastos Salud Animal,client_product_rule,BANDA MARCADORA ADHESIVA 50MMx10M ROJO,11000229,COOPRINSEM,,Client-confirmed product-to-category mapping.,,,
RG-00039,EXP-2.6,Otros Gastos Salud Animal,client_product_rule,BANDA PATA O COLA 10 MTS ROJA 204273,11000244,COOPRINSEM,,Client-confirmed product-to-category mapping.,,,
RG-00040,EXP-16.1,Ropa y Herramientas de Trabajo,client_product_rule,BOTAS BEKINA STEPLITE-X P.A.#42,11000355,COOPRINSEM,,Client-confirmed product-to-category mapping.,,,
RG-00041,EXP-16.1,Ropa y Herramientas de Trabajo,client_product_rule,BOTAS BEKINA STEPLITE-X P.A.#43,11000356,COOPRINSEM,,Client-confirmed product-to-category mapping.,,,
RG-00042,EXP-2.6,Otros Gastos Salud Animal,client_product_rule,CORTA PEZUNAS D-ACCION ECONOMI 203641,11000726,COOPRINSEM,,Client-confirmed product-to-category mapping.,,,
RG-00043,EXP-16.1,Ropa y Herramientas de Trabajo,client_product_rule,GUANTE NITRIL GRUESO LARGO-XL 50U 209080,11001011,COOPRINSEM,,Client-confirmed product-to-category mapping.,,,
RG-00044,EXP-16.1,Ropa y Herramientas de Trabajo,client_product_rule,GUANTE NITRIL SHOOF CORTO-L 100UN 204631,11001016,COOPRINSEM,,Client-confirmed product-to-category mapping.,,,
RG-00045,EXP-16.1,Ropa y Herramientas de Trabajo,client_product_rule,GUANTE NITRIL SHOOF CORTO-M 100UN 204632,11001017,COOPRINSEM,,Client-confirmed product-to-category mapping.,,,
RG-00046,EXP-16.1,Ropa y Herramientas de Trabajo,client_product_rule,GUANTE NITRIL SHOOF CORTO-XL 100U 204634,11001019,COOPRINSEM,,Client-confirmed product-to-category mapping.,,,
RG-00047,EXP-2.6,Otros Gastos Salud Animal,client_product_rule,INYECTORAS CALCIO DESECHABLE,11001109,COOPRINSEM,,Client-confirmed product-to-category mapping.,,,
RG-00048,EXP-2.6,Otros Gastos Salud Animal,client_product_rule,JERINGAS DESECHABLES 3 CC.,11001172,COOPRINSEM,,Client-confirmed product-to-category mapping.,,,
RG-00049,EXP-2.6,Otros Gastos Salud Animal,client_product_rule,JERINGAS DESECHABLES 5 CC.,11001173,COOPRINSEM,,Client-confirmed product-to-category mapping.,,,
RG-00050,EXP-2.6,Otros Gastos Salud Animal,client_product_rule,JERINGAS DESECHABLES 10 CC.,11001174,COOPRINSEM,,Client-confirmed product-to-category mapping.,,,
RG-00051,EXP-2.6,Otros Gastos Salud Animal,client_product_rule,LAZOS OBSTETRICOS,11001211,COOPRINSEM,,Client-confirmed product-to-category mapping.,,,
RG-00052,EXP-16.1,Ropa y Herramientas de Trabajo,client_product_rule,MANGA ORDENO VERDE,11001274,COOPRINSEM,,Client-confirmed product-to-category mapping.,,,
RG-00053,EXP-2.6,Otros Gastos Salud Animal,client_product_rule,PINTURA FIL C/APLICADOR LT AZUL 213868,11001459,COOPRINSEM,,Client-confirmed product-to-category mapping.,,,
RG-00054,EXP-2.6,Otros Gastos Salud Animal,client_product_rule,TIJERA CORTADORA COLAS 205606,11002094,COOPRINSEM,,Client-confirmed product-to-category mapping.,,,
RG-00055,EXP-2.6,Otros Gastos Salud Animal,client_product_rule,VENOJECT VIDRIO 10 CC TAPA ROJA VT*100,11002247,COOPRINSEM,,Client-confirmed product-to-category mapping.,,,
RG-00056,EXP-16.1,Ropa y Herramientas de Trabajo,client_product_rule,BUZO PILOTO VARIOS COLORES TALLA S,11002577,COOPRINSEM,,Client-confirmed product-to-category mapping.,,,
RG-00057,EXP-2.6,Otros Gastos Salud Animal,client_product_rule,AGUJA DESECHABLE (C/PLAST) 18 G x 1 1/2,11002648,COOPRINSEM,,Client-confirmed product-to-category mapping.,,,
RG-00058,EXP-2.6,Otros Gastos Salud Animal,client_product_rule,AGUJA DESECHABLE (C/PLAST) 26 G x 1/2,11002651,COOPRINSEM,,Client-confirmed product-to-category mapping.,,,
RG-00059,EXP-2.6,Otros Gastos Salud Animal,client_product_rule,AGUJA DESECHABLE (C/PLAST) 21 G x 1,11002652,COOPRINSEM,,Client-confirmed product-to-category mapping.,,,
RG-00060,EXP-2.6,Otros Gastos Salud Animal,client_product_rule,AGUJA DESECHABLE (C/PLAST) 16 G x 1/2,11002654,COOPRINSEM,,Client-confirmed product-to-category mapping.,,,
RG-00061,EXP-2.6,Otros Gastos Salud Animal,client_product_rule,AGUJA DESECHABLE (C/PLAST) 16 G x 1 1/2,11002655,COOPRINSEM,,Client-confirmed product-to-category mapping.,,,
RG-00062,EXP-2.6,Otros Gastos Salud Animal,client_product_rule,AGUJA DESECHABLE (C/PLAST) 25 G x 5/8,11002656,COOPRINSEM,,Client-confirmed product-to-category mapping.,,,
RG-00063,EXP-2.6,Otros Gastos Salud Animal,client_product_rule,RUBBER BLOCK UNIDAD,11003304,COOPRINSEM,,Client-confirmed product-to-category mapping.,,,
RG-00064,EXP-2.6,Otros Gastos Salud Animal,client_product_rule,VENDA PRODETECT,11003348,COOPRINSEM,,Client-confirmed product-to-category mapping.,,,
RG-00065,EXP-2.6,Otros Gastos Salud Animal,client_product_rule,PINT DETECTAR CELOS DONAGHYS LT AZUL,11003349,COOPRINSEM,,Client-confirmed product-to-category mapping.,,,
RG-00066,EXP-2.6,Otros Gastos Salud Animal,client_product_rule,PINT DETECTAR CELOS DONAGHYS LT AMARILLA,11003350,COOPRINSEM,,Client-confirmed product-to-category mapping.,,,
RG-00067,EXP-2.6,Otros Gastos Salud Animal,client_product_rule,PINT DETECTAR CELOS DONAGHYS LT VERDE,11003352,COOPRINSEM,,Client-confirmed product-to-category mapping.,,,
RG-00068,EXP-2.6,Otros Gastos Salud Animal,client_product_rule,TACO MADERA NATIVA 10 UNIDADES,11003424,COOPRINSEM,,Client-confirmed product-to-category mapping.,,,
RG-00069,EXP-2.6,Otros Gastos Salud Animal,client_product_rule,PINTURA SPRAY 500 CC DONAGHYS AZUL,11003493,COOPRINSEM,,Client-confirmed product-to-category mapping.,,,
RG-00070,EXP-2.6,Otros Gastos Salud Animal,client_product_rule,BOVIBOND 210 ML C/10 BOQUILLAS,11003662,COOPRINSEM,,Client-confirmed product-to-category mapping.,,,
RG-00071,EXP-5.2,Concentrado Crianza,client_product_rule,C-B SURALIM TERNERO INICIAL 25 KG,12000541,COOPRINSEM,,Client-confirmed product-to-category mapping.,,,
RG-00072,EXP-5.5,Sustituto Lacteo,client_product_rule,SUST. EUROLAC BLUE 25 KGS. SCHILS,13000232,COOPRINSEM,,Client-confirmed product-to-category mapping.,,,
RG-00073,EXP-5.5,Sustituto Lacteo,client_product_rule,SUST. KALMILAC PLUS 25 KGS SCHILS,13000237,COOPRINSEM,,Client-confirmed product-to-category mapping.,,,
RG-00074,EXP-8.4,Otros Cultivos,client_product_rule,SEMILLA ARVEJA PERFECT FREEZER ( 1 KG.,22000183,COOPRINSEM,,Client-confirmed product-to-category mapping.,,,
RG-00075,EXP-8.4,Otros Cultivos,client_product_rule,SEM.AVENA URANO CERT.,22000374,COOPRINSEM,,Client-confirmed product-to-category mapping.,,,
RG-00076,EXP-14.2,Mantencion Cercos,client_product_rule,CORDON BUNGY ROLLO 50M - GAL,23000447,COOPRINSEM,,Client-confirmed product-to-category mapping.,,,
RG-00077,EXP-14.2,Mantencion Cercos,client_product_rule,"ALAMBRE SUBTE. AGRI-FENCE 2,5 MM 50 MT",23000554,COOPRINSEM,,Client-confirmed product-to-category mapping.,,,
RG-00078,EXP-16.1,Ropa y Herramientas de Trabajo,client_product_rule,BOTAS BEKINA STEPLITE-X P.A.#38,25001457,COOPRINSEM,,Client-confirmed product-to-category mapping.,,,
RG-00079,EXP-16.1,Ropa y Herramientas de Trabajo,client_product_rule,BOTAS BEKINA STEPLITE-X P.A.#44,25001463,COOPRINSEM,,Client-confirmed product-to-category mapping.,,,
RG-00080,EXP-16.1,Ropa y Herramientas de Trabajo,client_product_rule,BOTAS DUNLOP THERMO+ # 37-38 (-40 C),25001464,COOPRINSEM,,Client-confirmed product-to-category mapping.,,,
RG-00081,EXP-16.1,Ropa y Herramientas de Trabajo,client_product_rule,BOTAS DUNLOP THERMO+ # 39-40 (-40 C),25001465,COOPRINSEM,,Client-confirmed product-to-category mapping.,,,
RG-00082,EXP-16.1,Ropa y Herramientas de Trabajo,client_product_rule,BOTAS DUNLOP THERMO+ # 41 (-40 C),25001466,COOPRINSEM,,Client-confirmed product-to-category mapping.,,,
RG-00083,EXP-16.1,Ropa y Herramientas de Trabajo,client_product_rule,BOTAS DUNLOP THERMO+ # 42 (-40 C),25001467,COOPRINSEM,,Client-confirmed product-to-category mapping.,,,
RG-00084,EXP-16.1,Ropa y Herramientas de Trabajo,client_product_rule,BOTAS DUNLOP THERMO+ # 43 (-40 C),25001468,COOPRINSEM,,Client-confirmed product-to-category mapping.,,,
RG-00085,EXP-16.1,Ropa y Herramientas de Trabajo,client_product_rule,BOTAS DUNLOP THERMO+ # 44-45 (-40 C),25001469,COOPRINSEM,,Client-confirmed product-to-category mapping.,,,
RG-00086,EXP-16.1,Ropa y Herramientas de Trabajo,client_product_rule,BUZO PILOTO VARIOS COLORES TALLA XXL,25001470,COOPRINSEM,,Client-confirmed product-to-category mapping.,,,
RG-00087,EXP-16.1,Ropa y Herramientas de Trabajo,client_product_rule,FILTRO (PAR) 3M # 6003 VAP.ORGANIC/GASES,25001473,COOPRINSEM,,Client-confirmed product-to-category mapping.,,,
RG-00088,EXP-16.1,Ropa y Herramientas de Trabajo,client_product_rule,"TRAJE AGUA POLIURETANO 0,55MM T-L",25001501,COOPRINSEM,,Client-confirmed product-to-category mapping.,,,
RG-00089,EXP-16.1,Ropa y Herramientas de Trabajo,client_product_rule,"TRAJE AGUA POLIURETANO 0,55MM T-XL",25001502,COOPRINSEM,,Client-confirmed product-to-category mapping.,,,
RG-00090,EXP-16.1,Ropa y Herramientas de Trabajo,client_product_rule,BUZO PILOTO VARIOS COLORES TALLA XL,25001533,COOPRINSEM,,Client-confirmed product-to-category mapping.,,,
RG-00091,EXP-16.1,Ropa y Herramientas de Trabajo,client_product_rule,BUZO VETERINARIO 1 PIEZA TALLA 50,25001537,COOPRINSEM,,Client-confirmed product-to-category mapping.,,,
RG-00092,EXP-16.1,Ropa y Herramientas de Trabajo,client_product_rule,BUZO VETERINARIO 1 PIEZA TALLA 52,25001538,COOPRINSEM,,Client-confirmed product-to-category mapping.,,,
RG-00093,EXP-16.1,Ropa y Herramientas de Trabajo,client_product_rule,BUZO VETERINARIO 1 PIEZA TALLA 56,25001539,COOPRINSEM,,Client-confirmed product-to-category mapping.,,,
RG-00094,EXP-16.1,Ropa y Herramientas de Trabajo,client_product_rule,BUZO CANVAS AZUL 240 GRS X M2 TALLA M,25001571,COOPRINSEM,,Client-confirmed product-to-category mapping.,,,
RG-00095,EXP-16.1,Ropa y Herramientas de Trabajo,client_product_rule,BUZO CANVAS AZUL 240 GRS X M2 TALLA XL,25001573,COOPRINSEM,,Client-confirmed product-to-category mapping.,,,
RG-00096,EXP-16.1,Ropa y Herramientas de Trabajo,client_product_rule,BUZO CANVAS AZUL 240 GRS X M2 TALLA XXL,25001574,COOPRINSEM,,Client-confirmed product-to-category mapping.,,,
RG-00097,EXP-16.1,Ropa y Herramientas de Trabajo,client_product_rule,BOTA DUNLOP PUROFORT + FULLSAFETY # 36,25001623,COOPRINSEM,,Client-confirmed product-to-category mapping.,,,
RG-00098,EXP-16.1,Ropa y Herramientas de Trabajo,client_product_rule,BUZO VETERINARIO 1 PIEZA TALLA 54,25001718,COOPRINSEM,,Client-confirmed product-to-category mapping.,,,
RG-00099,EXP-16.1,Ropa y Herramientas de Trabajo,client_product_rule,ESCOBILLON # 101 MUNIC MAD ESPERANZA-OSO,25001767,COOPRINSEM,,Client-confirmed product-to-category mapping.,,,
RG-00100,EXP-16.1,Ropa y Herramientas de Trabajo,client_product_rule,ESCOBILLON # 103 MUNICIPAL CHICO MADERA,25001769,COOPRINSEM,,Client-confirmed product-to-category mapping.,,,
RG-00101,EXP-16.1,Ropa y Herramientas de Trabajo,client_product_rule,MASCARILLA SILICONA 3M MOD # 7503 T-L,25001884,COOPRINSEM,,Client-confirmed product-to-category mapping.,,,
RG-00102,EXP-3.1,Inseminacion Artificial,client_product_rule,HORM. CIDR BOVINO APLICADOR,30000579,COOPRINSEM,,Client-confirmed product-to-category mapping.,,,
RG-00103,EXP-16.1,Ropa y Herramientas de Trabajo,client_product_rule,MANGA DESECHABLE GIA POLYSEM,30001646,COOPRINSEM,,Client-confirmed product-to-category mapping.,,,
RG-00104,EXP-16.1,Ropa y Herramientas de Trabajo,client_product_rule,MANGA DESECHABLE INSEM. SUPER SENSITIVE,30001648,COOPRINSEM,,Client-confirmed product-to-category mapping.,,,
RG-00105,EXP-16.1,Ropa y Herramientas de Trabajo,client_product_rule,MANGA ORDENO AZUL,43000072,COOPRINSEM,,Client-confirmed product-to-category mapping.,,,
RG-00106,EXP-16.1,Ropa y Herramientas de Trabajo,client_product_rule,PM ESCOBILLA ESTANQUE,43000323,COOPRINSEM,,Client-confirmed product-to-category mapping.,,,
RG-00107,EXP-16.1,Ropa y Herramientas de Trabajo,client_product_rule,PM ESCOBILLA MANGO P/ EST.,43000326,COOPRINSEM,,Client-confirmed product-to-category mapping.,,,
RG-00108,EXP-16.1,Ropa y Herramientas de Trabajo,client_product_rule,PM ESCOB. MANGO LAR. 410MM,43001116,COOPRINSEM,,Client-confirmed product-to-category mapping.,,,
RG-00109,EXP-2.2,Medicamentos Mastitis,client_product_rule,PM CMT REACTIVO 1 LT.,43001521,COOPRINSEM,,Client-confirmed product-to-category mapping.,,,
RG-00110,EXP-2.6,Otros Gastos Salud Animal,client_product_rule,PM CMT PALETA,43001678,COOPRINSEM,,Client-confirmed product-to-category mapping.,,,
RG-00111,EXP-2.6,Otros Gastos Salud Animal,client_product_rule,CAJA TOALLA PAPEL INTERFOLIADA 20720,43001802,COOPRINSEM,,Client-confirmed product-to-category mapping.,,,
RG-00112,EXP-16.1,Ropa y Herramientas de Trabajo,client_product_rule,PECHERA AJUSTABLE AZUL REVERSIBLE,43003710,COOPRINSEM,,Client-confirmed product-to-category mapping.,,,
RG-00113,EXP-16.1,Ropa y Herramientas de Trabajo,client_product_rule,COMBO ORDEï¾‘ADOR (PECHERA MANGAS),43004493,COOPRINSEM,,Client-confirmed product-to-category mapping.,,,
RG-00114,EXP-16.1,Ropa y Herramientas de Trabajo,client_product_rule,PECHERA ORDENO AZUL 2150021187,43004596,COOPRINSEM,,Client-confirmed product-to-category mapping.,,,
RG-00115,ADM-1.6,Utiles y gastos de oficina.,client_product_rule,RESMA HOJA CARTA PARA IMPRESORA,60000801,COOPRINSEM,,Client-confirmed product-to-category mapping.,,,
RG-00116,ADM-1.6,Utiles y gastos de oficina.,client_product_rule,BATERIA HP ORIGINAL HT03XL,60001018,COOPRINSEM,,Client-confirmed product-to-category mapping.,,,
RG-00117,ADM-1.6,Utiles y gastos de oficina.,client_product_rule,CABLE TIPO-C A HDMI 1.8M TM-100539,60003677,COOPRINSEM,,Client-confirmed product-to-category mapping.,,,
RG-00118,ADM-1.6,Utiles y gastos de oficina.,client_product_rule,SERVICIOS + OFFICE,61000020,COOPRINSEM,,Client-confirmed product-to-category mapping.,,,
RG-00119,EXP-2.6,Otros Gastos Salud Animal,client_product_rule,JERINGA DESECHABLE 3 ML C/AGUJA (L.L.),7600833,COLUN,,Client-confirmed product-to-category mapping.,,,
RG-00120,EXP-11.3,Petroleo,client_product_rule,PETROLEO DIESEL ULTRA (DISTRIBUCION),7602487,COLUN,,Client-confirmed product-to-category mapping.,,,
RG-00121,EXP-5.2,Concentrado Crianza,client_product_rule,T. COLUN CRECIMIENTO X 25 KG,7607641,COLUN,,Client-confirmed product-to-category mapping.,,,
RG-00122,EXP-5.3,Concentrado Otros Animales,client_product_rule,MAIZ HOJUELA COLUN X 25 KG,7607738,COLUN,,Client-confirmed product-to-category mapping.,,,
RG-00123,EXP-5.3,Concentrado Otros Animales,client_product_rule,COLMILLO BLANCO X 20KG (ADULTO&CACHORRO),7612709,COLUN,,Client-confirmed product-to-category mapping.,,,
RG-00124,EXP-5.3,Concentrado Otros Animales,client_product_rule,PERRO FIT FORMULA ADULTO X 20 KG,7603663,COLUN,,Client-confirmed product-to-category mapping.,,,
RG-00125,EXP-2.6,Otros Gastos Salud Animal,client_product_rule,AGUJAS TUBERCULINA METALICA,7600137,COLUN,,Client-confirmed product-to-category mapping.,,,
RG-00126,EXP-4.2,Bolos Silo,client_product_rule,PARCHE SILO BOLO,7604183,COLUN,,Client-confirmed product-to-category mapping.,,,
RG-00127,EXP-2.6,Otros Gastos Salud Animal,client_product_rule,TACO DE MADERA X 10 UNID.,7601725,COLUN,,Client-confirmed product-to-category mapping.,,,
RG-00128,EXP-2.6,Otros Gastos Salud Animal,client_product_rule,PEGAMENTO BOVIBOND X 210 ML,7610215,COLUN,,Client-confirmed product-to-category mapping.,,,
RG-00129,EXP-2.6,Otros Gastos Salud Animal,client_product_rule,VENDAS COADHESIVAS MOO WARP,7612043,COLUN,,Client-confirmed product-to-category mapping.,,,
RG-00130,EXP-2.6,Otros Gastos Salud Animal,client_product_rule,FORMALINA X 22 LTS,7615484,COLUN,,Client-confirmed product-to-category mapping.,,,
RG-00131,EXP-14.2,Mantencion Cercos,client_product_rule,CORDON BUNGY ROLLO 50 MT (G89106),7606335,COLUN,,Client-confirmed product-to-category mapping.,,,
RG-00132,EXP-2.4,Sales Minerales,client_product_rule,SALFORT PASTOREO X 25 KG,7605684,COLUN,,Client-confirmed product-to-category mapping.,,,
RG-00133,EXP-14.2,Mantencion Cercos,client_product_rule,CABLE POLY BLA 6SS 500M (G62007),7606133,COLUN,,Client-confirmed product-to-category mapping.,,,
RG-00134,EXP-5.5,Sustituto Lacteo,client_product_rule,SUSTITUTO LACTEO COLUN (SPT) 25 KG,7603359,COLUN,,Client-confirmed product-to-category mapping.,,,
RG-00135,EXP-14.2,Mantencion Cercos,client_product_rule,CLAVOS TERRANO 1 1/2 !¡,7056294,COLUN,,Client-confirmed product-to-category mapping.,,,
RG-00136,EXP-14.2,Mantencion Cercos,client_product_rule,CLAVOS 2 1/2 X 11,7004936,COLUN,,Client-confirmed product-to-category mapping.,,,
RG-00137,EXP-14.2,Mantencion Cercos,client_product_rule,AISLA. ESQUINERO TIPO S1031B,7055140,COLUN,,Client-confirmed product-to-category mapping.,,,
RG-00138,EXP-3.1,Inseminacion Artificial,client_product_rule,CIDR BOVINOS X 10 DISP,7613751,COLUN,,Client-confirmed product-to-category mapping.,,,
RG-00139,EXP-16.2,Otros Gastos Campo,client_product_rule,TERMOMETRO DIGITAL PARA SUELOS SHOOF,7603873,COLUN,,Client-confirmed product-to-category mapping.,,,
RG-00140,EXP-14.2,Mantencion Cercos,client_product_rule,ALAMBRE GALV. # 14 POR KILOS,7003972,COLUN,,Client-confirmed product-to-category mapping.,,,
RG-00141,EXP-2.2,Medicamentos Mastitis,client_product_rule,PATHOZONE X 10 JER,7613741,COLUN,,Client-confirmed product-to-category mapping.,,,
RG-00142,EXP-2.5,Otros Medicamentos,client_product_rule,LIQUAMICINA LA 250 CC.,7023574,COLUN,,Client-confirmed product-to-category mapping.,,,
RG-00143,EXP-2.5,Otros Medicamentos,client_product_rule,AZOVETRIL X 5 LT.,7056871,COLUN,,Client-confirmed product-to-category mapping.,,,
RG-00144,EXP-2.5,Otros Medicamentos,client_product_rule,TERRACORTRIL 125 CC SPRAY QUERATITIS,7027693,COLUN,,Client-confirmed product-to-category mapping.,,,
RG-00145,EXP-2.5,Otros Medicamentos,client_product_rule,VIGANTOL ADE 100 CC.,7028177,COLUN,,Client-confirmed product-to-category mapping.,,,
RG-00146,EXP-2.5,Otros Medicamentos,client_product_rule,PEDEROL SPRAY 250 ML,7602242,COLUN,,Client-confirmed product-to-category mapping.,,,
RG-00147,EXP-14.2,Mantencion Cercos,client_product_rule,ALAMBRE PUAS MOTTO GANADERO X 500 MTS.,7051110,COLUN,,Client-confirmed product-to-category mapping.,,,
RG-00148,EXP-14.2,Mantencion Cercos,client_product_rule,GRAPAS 11/4 X 10 X 1 KG,7601066,COLUN,,Client-confirmed product-to-category mapping.,,,
RG-00149,EXP-2.3,Vacunas,client_product_rule,VACUNA FORTRESS X 50 DOSIS,7600834,COLUN,,Client-confirmed product-to-category mapping.,,,
RG-00150,EXP-2.6,Otros Gastos Salud Animal,client_product_rule,"AGUJA DESECHABLE 16G X 1/2""",7605412,COLUN,,Client-confirmed product-to-category mapping.,,,
RG-00151,EXP-2.4,Sales Minerales,client_product_rule,COLUBLOCK SUPERCRIANZA COX X 18 KG,7611084,COLUN,,Client-confirmed product-to-category mapping.,,,
RG-00152,EXP-2.6,Otros Gastos Salud Animal,client_product_rule,PINTURA CELO TELL TAIL SPRAY AZU 500CC,7607585,COLUN,,Client-confirmed product-to-category mapping.,,,
RG-00153,EXP-16.2,Otros Gastos Campo,client_product_rule,SCHNELL ROSTLOSER LIQ 1612,7074233,COLUN,,Client-confirmed product-to-category mapping.,,,
RG-00154,EXP-14.2,Mantencion Cercos,client_product_rule,AISLADOR W NEGRO X 25 UN (G67304),7606081,COLUN,,Client-confirmed product-to-category mapping.,,,
RG-00155,EXP-14.2,Mantencion Cercos,client_product_rule,TENSOR C/AISLADOR (G74313),7606206,COLUN,,Client-confirmed product-to-category mapping.,,,
RG-00156,EXP-14.2,Mantencion Cercos,client_product_rule,CLAVOS 4 X 8 X 1 KG,7601064,COLUN,,Client-confirmed product-to-category mapping.,,,
RG-00157,EXP-14.2,Mantencion Cercos,client_product_rule,MANIJA SOFT TOUCH CUERDA (G69703),7605926,COLUN,,Client-confirmed product-to-category mapping.,,,
RG-00158,EXP-14.2,Mantencion Cercos,client_product_rule,"CLAVO TERRANO 1 1/2"" X 1 KG",7611933,COLUN,,Client-confirmed product-to-category mapping.,,,
RG-00159,EXP-13.1,Mantencion Maquinaria,client_product_rule,A.MOBIL HD 80-90 X 19 LT,7070416,COLUN,,Client-confirmed product-to-category mapping.,,,
RG-00160,EXP-2.6,Otros Gastos Salud Animal,client_product_rule,TOALLA PAPEL INTERFOLIADA 320 UN,7613010,COLUN,,Client-confirmed product-to-category mapping.,,,
RG-00161,EXP-14.2,Mantencion Cercos,client_product_rule,CARRETE C/ENGRANAJE MED (G61150),7606062,COLUN,,Client-confirmed product-to-category mapping.,,,
RG-00162,EXP-14.2,Mantencion Cercos,client_product_rule,ESTACA COLA CHANCHO 850MM 10UN (G64213),7606018,COLUN,,Client-confirmed product-to-category mapping.,,,
RG-00163,EXP-5.2,Concentrado Crianza,client_product_rule,T. SURALIM CRECIMIENTO RF X 25 KG,7607650,COLUN,,Client-confirmed product-to-category mapping.,,,
RG-00164,EXP-2.6,Otros Gastos Salud Animal,client_product_rule,BIOPECT X 5 KG,7036390,COLUN,,Client-confirmed product-to-category mapping.,,,
RG-00165,EXP-2.6,Otros Gastos Salud Animal,client_product_rule,PINTURA CELO TELL TAIL AZUL 1 LT,7607579,COLUN,,Client-confirmed product-to-category mapping.,,,
RG-00166,EXP-2.5,Otros Medicamentos,client_product_rule,OXITOCINA FCO. 100 CC RECALCINE,7603114,COLUN,,Client-confirmed product-to-category mapping.,,,
RG-00167,EXP-2.5,Otros Medicamentos,client_product_rule,FEBRECTAL BOVINO X 50 CC,7600754,COLUN,,Client-confirmed product-to-category mapping.,,,
RG-00168,EXP-2.6,Otros Gastos Salud Animal,client_product_rule,PINTURA CELO TELL TAIL SPRAY VER 500CC,7607586,COLUN,,Client-confirmed product-to-category mapping.,,,
RG-00169,EXP-2.5,Otros Medicamentos,client_product_rule,COMMANDER 20/20 X 3 LT,7600187,COLUN,,Client-confirmed product-to-category mapping.,,,
RG-00170,EXP-2.6,Otros Gastos Salud Animal,client_product_rule,FORMALINA X 20 LTS,7029980,COLUN,,Client-confirmed product-to-category mapping.,,,
RG-00171,EXP-16.1,Ropa y Herramientas de Trabajo,client_product_rule,ESCOBILLON INDUSTRIAL 50 CM,7615332,COLUN,,Client-confirmed product-to-category mapping.,,,
RG-00172,EXP-16.1,Ropa y Herramientas de Trabajo,client_product_rule,ESCOBILLON INDUSTRIAL 30 CM,7615333,COLUN,,Client-confirmed product-to-category mapping.,,,
RG-00173,EXP-12.2,Analisis Animales,client_product_rule,PLANILLA NÚMERO 75033 - ANÁLISIS : COOP,3600326,COLUN,,Client-confirmed product-to-category mapping.,,,
RG-00174,EXP-2.5,Otros Medicamentos,client_product_rule,COLIMIC X 50 ML,7604898,COLUN,,Client-confirmed product-to-category mapping.,,,
RG-00175,EXP-2.6,Otros Gastos Salud Animal,client_product_rule,"AGUJA DESECHABLE 18G X 1 1/2""",7038814,COLUN,,Client-confirmed product-to-category mapping.,,,
RG-00176,EXP-2.6,Otros Gastos Salud Animal,client_product_rule,PINTURA CELO TELL TAIL SPRAY ROJ 500CC,7607589,COLUN,,Client-confirmed product-to-category mapping.,,,
RG-00177,EXP-16.1,Ropa y Herramientas de Trabajo,client_product_rule,ESCOBILLA ESTANQUE 988.801-15 ALFA/LAVAL,7058661,COLUN,,Client-confirmed product-to-category mapping.,,,
RG-00178,EXP-16.1,Ropa y Herramientas de Trabajo,client_product_rule,MANGO ESCOBILLA ESTANQUE 988.801-16 ALFA,7058670,COLUN,,Client-confirmed product-to-category mapping.,,,
RG-00179,EXP-16.1,Ropa y Herramientas de Trabajo,client_product_rule,ESCOBILLA UNIDAD FINAL 988801-07,7053317,COLUN,,Client-confirmed product-to-category mapping.,,,
RG-00180,EXP-14.2,Mantencion Cercos,client_product_rule,"CABLE SUB 2,5MM 50M DURO NEG (G62702)",7606184,COLUN,,Client-confirmed product-to-category mapping.,,,
RG-00181,EXP-14.2,Mantencion Cercos,client_product_rule,CLAVOS 4 X 8,7004960,COLUN,,Client-confirmed product-to-category mapping.,,,
RG-00182,EXP-14.2,Mantencion Cercos,client_product_rule,AISLADOR W NEGRO X 1000 UN (G67309),7607173,COLUN,,Client-confirmed product-to-category mapping.,,,
RG-00183,EXP-14.2,Mantencion Cercos,client_product_rule,CINTA BLANCA 40 MM X 200M (SP022),7601144,COLUN,,Client-confirmed product-to-category mapping.,,,
RG-00184,EXP-3.1,Inseminacion Artificial,client_product_rule,CONCEPTAL-FACTOR LIBERA.HORMONAL X 50ML,7601830,COLUN,,Client-confirmed product-to-category mapping.,,,
RG-00185,EXP-2.6,Otros Gastos Salud Animal,client_product_rule,JERINGA DESECHABLE 60 ML PUNTA CATETER,7603597,COLUN,,Client-confirmed product-to-category mapping.,,,
RG-00186,EXP-3.1,Inseminacion Artificial,client_product_rule,LUTALYSE X 100 ML,7027979,COLUN,,Client-confirmed product-to-category mapping.,,,
RG-00187,EXP-3.1,Inseminacion Artificial,client_product_rule,NOVORMON 5000,7601368,COLUN,,Client-confirmed product-to-category mapping.,,,
RG-00188,EXP-14.2,Mantencion Cercos,client_product_rule,TENSOR ALAMBRE C/AISLADOR NEGRO SA018,7061832,COLUN,,Client-confirmed product-to-category mapping.,,,
RG-00189,EXP-4.2,Bolos Silo,client_product_rule,SILOSOLVE MC X 100 G,7605618,COLUN,,Client-confirmed product-to-category mapping.,,,
RG-00190,EXP-16.2,Otros Gastos Campo,client_product_rule,BIDON CERT. AMARILLO DIESEL 20 L,7602640,COLUN,,Client-confirmed product-to-category mapping.,,,
RG-00191,EXP-3.1,Inseminacion Artificial,client_product_rule,"BENZOATO DE ESTRADIOL 0,1% X 50 ML",7601366,COLUN,,Client-confirmed product-to-category mapping.,,,
RG-00192,EXP-16.2,Otros Gastos Campo,client_product_rule,PISTOLA TRUPER PIN-5X,7054917,COLUN,,Client-confirmed product-to-category mapping.,,,
RG-00193,EXP-10.3,Detergentes e higenizantes,client_product_rule,CLORO ORGANICO 5 KG,7601630,COLUN,,Client-confirmed product-to-category mapping.,,,
RG-00194,EXP-2.6,Otros Gastos Salud Animal,client_product_rule,VENDA COHESIVA IMPORTADA VERDE,7605075,COLUN,,Client-confirmed product-to-category mapping.,,,
RG-00195,EXP-14.3,Mantencion Agua y Purines,client_product_rule,BEBEDERO CIRCULAR 150 LTS WENCO,7606250,COLUN,,Client-confirmed product-to-category mapping.,,,
RG-00196,EXP-14.3,Mantencion Agua y Purines,client_product_rule,VALV FLOT MAX-FLO LARGO 1 -3/4 (217210),7605288,COLUN,,Client-confirmed product-to-category mapping.,,,
RG-00197,EXP-14.2,Mantencion Cercos,client_product_rule,ESTACA MULTIPLE 50UN (G63705),7606008,COLUN,,Client-confirmed product-to-category mapping.,,,
RG-00198,EXP-14.3,Mantencion Agua y Purines,client_product_rule,BEBEDERO / COMEDERO PLAST. RECT. C/TAPON,7601053,COLUN,,Client-confirmed product-to-category mapping.,,,
RG-00199,EXP-2.6,Otros Gastos Salud Animal,client_product_rule,CINTA MARCADORA AMARILLA SHOOF,7603687,COLUN,,Client-confirmed product-to-category mapping.,,,
RG-00200,EXP-2.6,Otros Gastos Salud Animal,client_product_rule,CINTA MARCADORA ROJO SHOOF,7603479,COLUN,,Client-confirmed product-to-category mapping.,,,
RG-00201,EXP-2.6,Otros Gastos Salud Animal,client_product_rule,CINTA MARCADORA VERDE SHOOF,7603478,COLUN,,Client-confirmed product-to-category mapping.,,,
RG-00202,EXP-2.3,Vacunas,client_product_rule,VACUNA CLOSTRIBAC 8 GOLD X 50 DOS.,7603781,COLUN,,Client-confirmed product-to-category mapping.,,,
RG-00203,EXP-2.5,Otros Medicamentos,client_product_rule,IVOMEC GOLD 500 CC,7606317,COLUN,,Client-confirmed product-to-category mapping.,,,
RG-00204,EXP-2.5,Otros Medicamentos,client_product_rule,MOSKIMIC FORTE X 3 LT.,7021946,COLUN,,Client-confirmed product-to-category mapping.,,,
RG-00205,EXP-14.3,Mantencion Agua y Purines,client_product_rule,"CAÑERIA NEGRA PN4 1""",7004723,COLUN,,Client-confirmed product-to-category mapping.,,,
RG-00206,EXP-16.1,Ropa y Herramientas de Trabajo,client_product_rule,"LIMA PLANA 8"" SANDVIK CON MANGO",7603786,COLUN,,Client-confirmed product-to-category mapping.,,,
RG-00207,EXP-16.1,Ropa y Herramientas de Trabajo,client_product_rule,OVEROLES GABARDINA TALLA S,7603719,COLUN,,Client-confirmed product-to-category mapping.,,,
RG-00208,EXP-14.3,Mantencion Agua y Purines,client_product_rule,COPLA COMPRESION 32MM PN16 ARANGÜL,7609661,COLUN,,Client-confirmed product-to-category mapping.,,,
RG-00209,EXP-14.2,Mantencion Cercos,client_product_rule,AISLADOR S TERMINAL NEG X 25 UN (G67704),7606321,COLUN,,Client-confirmed product-to-category mapping.,,,
RG-00210,EXP-16.1,Ropa y Herramientas de Trabajo,client_product_rule,BOTA BEKINA STEPLITE NORMAL N° 41,7604407,COLUN,,Client-confirmed product-to-category mapping.,,,
RG-00211,EXP-2.6,Otros Gastos Salud Animal,client_product_rule,PINTURA CELO TELL TAIL VERDE 1 LT,7607580,COLUN,,Client-confirmed product-to-category mapping.,,,
RG-00212,EXP-16.1,Ropa y Herramientas de Trabajo,client_product_rule,OVEROLES GABARDINA TALLA L,7600314,COLUN,,Client-confirmed product-to-category mapping.,,,
RG-00213,EXP-16.1,Ropa y Herramientas de Trabajo,client_product_rule,OVEROLES GABARDINA TALLA XL,7600317,COLUN,,Client-confirmed product-to-category mapping.,,,
RG-00214,EXP-16.1,Ropa y Herramientas de Trabajo,client_product_rule,OVEROLES PILOTO POPLIN T 54 AZUL XXL,7042366,COLUN,,Client-confirmed product-to-category mapping.,,,
RG-00215,EXP-5.2,Concentrado Crianza,client_product_rule,T. SURALIM INICIAL RF X 25 KG,7607648,COLUN,,Client-confirmed product-to-category mapping.,,,
RG-00216,EXP-14.2,Mantencion Cercos,client_product_rule,"ROLLETE IMPREGNADO 4 A 5"" X 2,4M",7603201,COLUN,,Client-confirmed product-to-category mapping.,,,
RG-00217,EXP-3.1,Inseminacion Artificial,client_product_rule,METRICURE X 12 JER,7613750,COLUN,,Client-confirmed product-to-category mapping.,,,
RG-00218,EXP-2.6,Otros Gastos Salud Animal,client_product_rule,TACO AMARILLO X 10 UN (SHOOF),7603546,COLUN,,Client-confirmed product-to-category mapping.,,,
RG-00219,EXP-10.3,Detergentes e higenizantes,client_product_rule,"DETERGENTE OMO MATIC X 13,7 KG",7613005,COLUN,,Client-confirmed product-to-category mapping.,,,
RG-00220,EXP-16.2,Otros Gastos Campo,client_product_rule,DESODORANTE PINOS BLACK ICE,7075078,COLUN,,Client-confirmed product-to-category mapping.,,,
RG-00221,EXP-13.1,Mantencion Maquinaria,client_product_rule,ADBLUE BIDON 10 LTS.,7071560,COLUN,,Client-confirmed product-to-category mapping.,,,
RG-00222,EXP-16.1,Ropa y Herramientas de Trabajo,client_product_rule,MACHETE FISKARS,7606001,COLUN,,Client-confirmed product-to-category mapping.,,,
RG-00223,EXP-16.2,Otros Gastos Campo,client_product_rule,MULTIHERRAMIENTA HANDYONE,7614368,COLUN,,Client-confirmed product-to-category mapping.,,,
RG-00224,EXP-16.1,Ropa y Herramientas de Trabajo,client_product_rule,MARTILLO M/MADERA,7602147,COLUN,,Client-confirmed product-to-category mapping.,,,
RG-00225,EXP-16.1,Ropa y Herramientas de Trabajo,client_product_rule,TESTER SMARTFIX (G50905),7606165,COLUN,,Client-confirmed product-to-category mapping.,,,
RG-00226,EXP-13.1,Mantencion Maquinaria,client_product_rule,ACEITE 2T STHIL X 5 LTS,7602271,COLUN,,Client-confirmed product-to-category mapping.,,,
RG-00227,EXP-16.1,Ropa y Herramientas de Trabajo,client_product_rule,HORQUETAS TRUPER 5 PTAS,7012815,COLUN,,Client-confirmed product-to-category mapping.,,,
RG-00228,EXP-2.5,Otros Medicamentos,client_product_rule,TOCOPER X 250 ML,7027839,COLUN,,Client-confirmed product-to-category mapping.,,,
RG-00229,EXP-2.5,Otros Medicamentos,client_product_rule,KET - 10 X 50 ML,7600953,COLUN,,Client-confirmed product-to-category mapping.,,,
RG-00230,EXP-16.1,Ropa y Herramientas de Trabajo,client_product_rule,BLOQ. SOLAR BANANA BOAT FPS 50 X 1 L,7604872,COLUN,,Client-confirmed product-to-category mapping.,,,
RG-00231,EXP-16.1,Ropa y Herramientas de Trabajo,client_product_rule,BOTA BEKINA STEPLITE NORMAL N° 40,7604406,COLUN,,Client-confirmed product-to-category mapping.,,,
RG-00232,EXP-2.6,Otros Gastos Salud Animal,client_product_rule,VASELINA LIQUIDA 5 LT.,7035718,COLUN,,Client-confirmed product-to-category mapping.,,,
RG-00233,EXP-16.1,Ropa y Herramientas de Trabajo,client_product_rule,TRAJE DE AGUA ALASKA M,7037885,COLUN,,Client-confirmed product-to-category mapping.,,,
RG-00234,EXP-10.3,Detergentes e higenizantes,client_product_rule,DUPLALIM DESINF. X 5 LT.,7055760,COLUN,,Client-confirmed product-to-category mapping.,,,
RG-00235,EXP-6.2,Nitrogeno,client_product_rule,UREA GRANULADA FUNDO,7600523,COLUN,,Client-confirmed product-to-category mapping.,,,
RG-00236,EXP-16.1,Ropa y Herramientas de Trabajo,client_product_rule,TRAJE DE AGUA ALASKA S,7005096,COLUN,,Client-confirmed product-to-category mapping.,,,
RG-00237,EXP-2.6,Otros Gastos Salud Animal,client_product_rule,JERINGA DESECHABLE 5 ML C/AGUJA (L.L.),7600727,COLUN,,Client-confirmed product-to-category mapping.,,,
RG-00238,EXP-10.3,Detergentes e higenizantes,client_product_rule,QUIX 10 LT.,7041386,COLUN,,Client-confirmed product-to-category mapping.,,,
RG-00239,EXP-16.1,Ropa y Herramientas de Trabajo,client_product_rule,GUANTE LARGO NITRILO L SHOOF 204627,7613734,COLUN,,Client-confirmed product-to-category mapping.,,,
RG-00240,EXP-16.1,Ropa y Herramientas de Trabajo,client_product_rule,MANGA PALPACION ECOGAN SHOOF 219511,7613062,COLUN,,Client-confirmed product-to-category mapping.,,,
RG-00241,EXP-2.2,Medicamentos Mastitis,client_product_rule,COBACTAN LC X 15 JER,7613739,COLUN,,Client-confirmed product-to-category mapping.,,,
RG-00242,EXP-2.6,Otros Gastos Salud Animal,client_product_rule,CINTA MARCADORA AZUL SHOOF,7603477,COLUN,,Client-confirmed product-to-category mapping.,,,
RG-00243,EXP-2.6,Otros Gastos Salud Animal,client_product_rule,JERINGA DESECHABLE 20 ML C/AGUJA (L.L.),7029190,COLUN,,Client-confirmed product-to-category mapping.,,,
RG-00244,EXP-16.1,Ropa y Herramientas de Trabajo,client_product_rule,GUANTE LARGO NITRILO M SHOOF 204628,7613735,COLUN,,Client-confirmed product-to-category mapping.,,,
RG-00245,EXP-2.6,Otros Gastos Salud Animal,client_product_rule,VENDAS COHESIVA DR. BORKERT,7603032,COLUN,,Client-confirmed product-to-category mapping.,,,
RG-00246,EXP-2.6,Otros Gastos Salud Animal,client_product_rule,TROCAR P/EMPASTADURA F06013,7027880,COLUN,,Client-confirmed product-to-category mapping.,,,
RG-00247,EXP-6.1,Fosforo,client_product_rule,SUPERFOSFATO TRIPLE FUNDO,7012521,COLUN,,Client-confirmed product-to-category mapping.,,,
RG-00248,EXP-10.3,Detergentes e higenizantes,client_product_rule,MISTRAL X 25 KG,7605616,COLUN,,Client-confirmed product-to-category mapping.,,,
RG-00249,EXP-14.2,Mantencion Cercos,client_product_rule,CINTA CONDUCTORA C/ELECT.X 200 MTS,7047023,COLUN,,Client-confirmed product-to-category mapping.,,,
RG-00250,EXP-2.6,Otros Gastos Salud Animal,client_product_rule,PINTURA CELO TELL TAIL ROSADO 1 LT,7607582,COLUN,,Client-confirmed product-to-category mapping.,,,
RG-00251,EXP-14.2,Mantencion Cercos,client_product_rule,ESTACA P/CERCO ELEC.SA024,7014583,COLUN,,Client-confirmed product-to-category mapping.,,,
RG-00252,EXP-8.4,Otros Cultivos,client_product_rule,SEMILLA PASTO PRADO MZ MNQHUE PLS X 5 KG,7601451,COLUN,,Client-confirmed product-to-category mapping.,,,
RG-00253,EXP-2.4,Sales Minerales,client_product_rule,BILIFAR X 120 G,7602954,COLUN,,Client-confirmed product-to-category mapping.,,,
RG-00254,EXP-16.1,Ropa y Herramientas de Trabajo,client_product_rule,TIJERA ESQUILADORA,7603189,COLUN,,Client-confirmed product-to-category mapping.,,,
RG-00255,EXP-14.2,Mantencion Cercos,client_product_rule,ALAMBRE GALV. # 17/15 ACERADO ROLL.50 KG,7003980,COLUN,,Client-confirmed product-to-category mapping.,,,
RG-00256,EXP-16.2,Otros Gastos Campo,client_product_rule,NYLON 3.0 MM 15 MTS (DESBROZADORA)NYLON,7608727,COLUN,,Client-confirmed product-to-category mapping.,,,
RG-00257,EXP-6.3,Cal,client_product_rule,CAL IM MINERALS FUNDO,7607706,COLUN,,Client-confirmed product-to-category mapping.,,,
RG-00258,EXP-6.2,Nitrogeno,client_product_rule,SMARTBLUE FUNDO,7613930,COLUN,,Client-confirmed product-to-category mapping.,,,
RG-00259,EXP-2.5,Otros Medicamentos,client_product_rule,MAGNEKAL X 100 CC.,7020648,COLUN,,Client-confirmed product-to-category mapping.,,,
RG-00260,EXP-2.5,Otros Medicamentos,client_product_rule,VIVEFORT 3 AMPOLLAS X 10 ML,7025712,COLUN,,Client-confirmed product-to-category mapping.,,,
RG-00261,EXP-2.6,Otros Gastos Salud Animal,client_product_rule,JERINGA DESECHABLE 10 ML C/AGUJA (L.L.),7045306,COLUN,,Client-confirmed product-to-category mapping.,,,
RG-00262,EXP-12.2,Analisis Animales,client_product_rule,PLANILLA NÚMERO 73697 - ANÁLISIS : COOP,3600326,COLUN,,Client-confirmed product-to-category mapping.,,,
RG-00263,EXP-12.2,Analisis Animales,client_product_rule,PLANILLA NÚMERO 73698 - ANÁLISIS : COOP,3600326,COLUN,,Client-confirmed product-to-category mapping.,,,
RG-00264,EXP-16.1,Ropa y Herramientas de Trabajo,client_product_rule,INYECTOR ACCURUS 6 ML SHOOF 220095,7607324,COLUN,,Client-confirmed product-to-category mapping.,,,
RG-00265,EXP-16.1,Ropa y Herramientas de Trabajo,client_product_rule,ESCOBA PLASTICA CLORINDA,7614438,COLUN,,Client-confirmed product-to-category mapping.,,,
RG-00266,EXP-14.2,Mantencion Cercos,client_product_rule,CERCO THONE ELECT. RE220 100 KM,7011355,COLUN,,Client-confirmed product-to-category mapping.,,,
RG-00267,EXP-2.5,Otros Medicamentos,client_product_rule,ADVOCIN 180 X 50 CC,7062316,COLUN,,Client-confirmed product-to-category mapping.,,,
RG-00268,EXP-2.5,Otros Medicamentos,client_product_rule,BAYTRIL MAX X 100 CC,7054968,COLUN,,Client-confirmed product-to-category mapping.,,,
RG-00269,EXP-2.5,Otros Medicamentos,client_product_rule,DEVAN 50 ML. CORTICOIDE,7015407,COLUN,,Client-confirmed product-to-category mapping.,,,
RG-00270,EXP-2.5,Otros Medicamentos,client_product_rule,COFORTA 100 CC.,7025887,COLUN,,Client-confirmed product-to-category mapping.,,,
RG-00271,EXP-16.1,Ropa y Herramientas de Trabajo,client_product_rule,BOQUILLA LAVADO TURBOTWIST HANSEN 224341,7613811,COLUN,,Client-confirmed product-to-category mapping.,,,
RG-00272,EXP-13.1,Mantencion Maquinaria,client_product_rule,LUBRICANTE CP 40 X 400 ML,7009156,COLUN,,Client-confirmed product-to-category mapping.,,,
RG-00273,EXP-2.5,Otros Medicamentos,client_product_rule,ZANIL 80% X 1 KG,7603741,COLUN,,Client-confirmed product-to-category mapping.,,,
RG-00274,EXP-2.5,Otros Medicamentos,client_product_rule,ENROMIC 10% X 1 L,7604599,COLUN,,Client-confirmed product-to-category mapping.,,,
RG-00275,EXP-2.5,Otros Medicamentos,client_product_rule,INTRA REPIDERMA X 250 CC,7612421,COLUN,,Client-confirmed product-to-category mapping.,,,
RG-00276,EXP-2.5,Otros Medicamentos,client_product_rule,TERIL - S X 5 LT,7604868,COLUN,,Client-confirmed product-to-category mapping.,,,
RG-00277,EXP-14.2,Mantencion Cercos,client_product_rule,CINTA CONDUCTORA BLANCO 200 MT.P.CERCO,7039950,COLUN,,Client-confirmed product-to-category mapping.,,,
RG-00278,EXP-2.2,Medicamentos Mastitis,client_product_rule,SPECTRAMAST LC X 12 JER,7613742,COLUN,,Client-confirmed product-to-category mapping.,,,
RG-00279,EXP-2.5,Otros Medicamentos,client_product_rule,CALFODEX 500 CC.,7025704,COLUN,,Client-confirmed product-to-category mapping.,,,
RG-00280,EXP-2.6,Otros Gastos Salud Animal,client_product_rule,BAJADA DE SUERO MACROGOTA,7026930,COLUN,,Client-confirmed product-to-category mapping.,,,
RG-00281,EXP-16.1,Ropa y Herramientas de Trabajo,client_product_rule,GUANTE LARGO NITRILO S SHOOF 204629,7613736,COLUN,,Client-confirmed product-to-category mapping.,,,
RG-00282,EXP-14.2,Mantencion Cercos,client_product_rule,ESTACA PLASTICA BLANCA 50UN (OB10510),7607127,COLUN,,Client-confirmed product-to-category mapping.,,,
RG-00283,EXP-6.5,Otros Fertilizantes,client_product_rule,VITRAMAG FUNDO,7059498,COLUN,,Client-confirmed product-to-category mapping.,,,
RG-00284,EXP-2.6,Otros Gastos Salud Animal,client_product_rule,REACTIVO MASTITIS CHECK X 1L (DA),7604428,COLUN,,Client-confirmed product-to-category mapping.,,,
RG-00285,EXP-2.6,Otros Gastos Salud Animal,client_product_rule,TIJERA RECORTE COLAS 205606 SHOOF,7605706,COLUN,,Client-confirmed product-to-category mapping.,,,
RG-00286,EXP-2.5,Otros Medicamentos,client_product_rule,CALFOMA PLUS X 500 CC,7029394,COLUN,,Client-confirmed product-to-category mapping.,,,
RG-00287,EXP-2.5,Otros Medicamentos,client_product_rule,LIDOCALM X 50 ML,7021598,COLUN,,Client-confirmed product-to-category mapping.,,,
RG-00288,EXP-2.5,Otros Medicamentos,client_product_rule,MOBEXVET X 50 ML,7604069,COLUN,,Client-confirmed product-to-category mapping.,,,
RG-00289,EXP-2.5,Otros Medicamentos,client_product_rule,RIMADYL X 50 ML,7601740,COLUN,,Client-confirmed product-to-category mapping.,,,
RG-00290,EXP-13.1,Mantencion Maquinaria,client_product_rule,ACEITE 2T STIHL X 250 CC,7602216,COLUN,,Client-confirmed product-to-category mapping.,,,
RG-00291,EXP-2.5,Otros Medicamentos,client_product_rule,BAYCOX 5% X 1 LT,7607286,COLUN,,Client-confirmed product-to-category mapping.,,,
RG-00292,EXP-2.5,Otros Medicamentos,client_product_rule,GORBAN X 100 ML,7013374,COLUN,,Client-confirmed product-to-category mapping.,,,
RG-00293,EXP-2.4,Sales Minerales,client_product_rule,HIDRATANTE - ENERGIZANTE TERNEROS X 55 G,7603978,COLUN,,Client-confirmed product-to-category mapping.,,,
RG-00294,EXP-2.5,Otros Medicamentos,client_product_rule,HEPROTEC INY 3x10 ML,7026352,COLUN,,Client-confirmed product-to-category mapping.,,,
RG-00295,EXP-2.4,Sales Minerales,client_product_rule,SALFORT PREPARTO ANIONICA X 25 KG,7605683,COLUN,,Client-confirmed product-to-category mapping.,,,
RG-00296,EXP-2.6,Otros Gastos Salud Animal,client_product_rule,CHUPETE PEACH TEAT ROSADO (SHOOF),7603898,COLUN,,Client-confirmed product-to-category mapping.,,,
RG-00297,EXP-2.5,Otros Medicamentos,client_product_rule,PENCIVET FCO.,7060860,COLUN,,Client-confirmed product-to-category mapping.,,,
RG-00298,EXP-2.5,Otros Medicamentos,client_product_rule,"PANACUR X 2,5 LTS",7057185,COLUN,,Client-confirmed product-to-category mapping.,,,
RG-00299,EXP-2.6,Otros Gastos Salud Animal,client_product_rule,CANULA INFUSION MAMARIA 206705,7606746,COLUN,,Client-confirmed product-to-category mapping.,,,
RG-00300,EXP-16.2,Otros Gastos Campo,client_product_rule,GAS BUTANO 190 GR,7602643,COLUN,,Client-confirmed product-to-category mapping.,,,
RG-00301,EXP-16.2,Otros Gastos Campo,client_product_rule,RECARGA GAS BUTANO 300 ML 216059,7607620,COLUN,,Client-confirmed product-to-category mapping.,,,
RG-00302,EXP-2.6,Otros Gastos Salud Animal,client_product_rule,AGUA OXIGENADA X 1 L,7605464,COLUN,,Client-confirmed product-to-category mapping.,,,
RG-00303,EXP-2.2,Medicamentos Mastitis,client_product_rule,ECO CMT CHECK 1 KL.,7057959,COLUN,,Client-confirmed product-to-category mapping.,,,
RG-00304,EXP-16.1,Ropa y Herramientas de Trabajo,client_product_rule,GUANTE NITRILO VERDE FLOCADO - L,7600549,COLUN,,Client-confirmed product-to-category mapping.,,,
RG-00305,EXP-16.1,Ropa y Herramientas de Trabajo,client_product_rule,BOTA BEKINA STEPLITE PUNTA ACERO N° 45,7603284,COLUN,,Client-confirmed product-to-category mapping.,,,
RG-00306,EXP-14.2,Mantencion Cercos,client_product_rule,GRAPAS 1 1/4 X 10,7005894,COLUN,,Client-confirmed product-to-category mapping.,,,
RG-00307,EXP-16.1,Ropa y Herramientas de Trabajo,client_product_rule,TRAJE DE AGUA ALASKA XXL,7602641,COLUN,,Client-confirmed product-to-category mapping.,,,
RG-00308,EXP-10.1,Mantencion Sala,client_product_rule,SERVICIO MANTENCION HORAS HOMBRE,3600094,COLUN,,Client-confirmed product-to-category mapping.,,,
RG-00309,EXP-10.1,Mantencion Sala,client_product_rule,MOVILIZACION MANTENCION ESTANQUES,3600095,COLUN,,Client-confirmed product-to-category mapping.,,,
RG-00310,EXP-8.1,Pradera Perenne,client_product_rule,SEMILLA TREBOL BLANCO RURU X 4 KG,7613577,COLUN,,Client-confirmed product-to-category mapping.,,,
RG-00311,EXP-8.1,Pradera Perenne,client_product_rule,SEMILLA TREBOL BLANCO KOTUKU X 4 KG,7609002,COLUN,,Client-confirmed product-to-category mapping.,,,
RG-00312,EXP-2.5,Otros Medicamentos,client_product_rule,CALFOMA CARDIO X 500 ML,7607284,COLUN,,Client-confirmed product-to-category mapping.,,,
RG-00313,EXP-16.1,Ropa y Herramientas de Trabajo,client_product_rule,BOTA BEKINA STEPLITE PUNTA ACERO N° 37,7604262,COLUN,,Client-confirmed product-to-category mapping.,,,
RG-00314,EXP-6.2,Nitrogeno,client_product_rule,CAN 27 FUNDO,7601377,COLUN,,Client-confirmed product-to-category mapping.,,,
RG-00315,EXP-16.2,Otros Gastos Campo,client_product_rule,TRAMPA PEGAJOSA 48 RB,7602388,COLUN,,Client-confirmed product-to-category mapping.,,,
RG-00316,EXP-16.2,Otros Gastos Campo,client_product_rule,"LIMA MOTOSIERRA 3/16""",7611944,COLUN,,Client-confirmed product-to-category mapping.,,,
RG-00317,EXP-2.6,Otros Gastos Salud Animal,client_product_rule,SONDA PARA TERNEROS IMPORTADA,7603199,COLUN,,Client-confirmed product-to-category mapping.,,,
RG-00318,EXP-2.6,Otros Gastos Salud Animal,client_product_rule,APLICADOR ORAL 20 ML SHOOF 220099,7607323,COLUN,,Client-confirmed product-to-category mapping.,,,
RG-00319,EXP-2.2,Medicamentos Mastitis,client_product_rule,MASTIPLAN LC X 20 JER,7613740,COLUN,,Client-confirmed product-to-category mapping.,,,
RG-00320,EXP-2.5,Otros Medicamentos,client_product_rule,VITAMINA ADE X 100 ML,7614073,COLUN,,Client-confirmed product-to-category mapping.,,,
RG-00321,EXP-2.6,Otros Gastos Salud Animal,client_product_rule,DIIO ZEETAG HDX X 5 UN,7602756,COLUN,,Client-confirmed product-to-category mapping.,,,
RG-00322,EXP-16.2,Otros Gastos Campo,client_product_rule,"LIMAS PLANAS 10"" SANDVIK CON MANGO",7006270,COLUN,,Client-confirmed product-to-category mapping.,,,
RG-00323,EXP-16.1,Ropa y Herramientas de Trabajo,client_product_rule,TRAJE DESECHABLE TYVEK DUPONT XL,7607939,COLUN,,Client-confirmed product-to-category mapping.,,,
RG-00324,EXP-16.1,Ropa y Herramientas de Trabajo,client_product_rule,RESPIRADOR 3M 6200 MEDIUM,7045942,COLUN,,Client-confirmed product-to-category mapping.,,,
RG-00325,EXP-16.1,Ropa y Herramientas de Trabajo,client_product_rule,FILTRO P RESPIRADOR 3M 6001,7602001,COLUN,,Client-confirmed product-to-category mapping.,,,
RG-00326,EXP-2.6,Otros Gastos Salud Animal,client_product_rule,EIMU DRACHENBLUT SCHUTZSPRAY 500 ML,7613416,COLUN,,Client-confirmed product-to-category mapping.,,,
RG-00327,EXP-16.1,Ropa y Herramientas de Trabajo,client_product_rule,TRAJE DE AGUA ALASKA L,7038032,COLUN,,Client-confirmed product-to-category mapping.,,,
RG-00328,EXP-2.5,Otros Medicamentos,client_product_rule,ZUPREVO X 50 ML,7607083,COLUN,,Client-confirmed product-to-category mapping.,,,
RG-00329,EXP-2.5,Otros Medicamentos,client_product_rule,CLORAFUR 50% X 500 GR,7607781,COLUN,,Client-confirmed product-to-category mapping.,,,
RG-00330,EXP-14.2,Mantencion Cercos,client_product_rule,CINTA POLY BLA 40MM 200M (G62404),7608760,COLUN,,Client-confirmed product-to-category mapping.,,,
RG-00331,EXP-14.2,Mantencion Cercos,client_product_rule,MANIJA SOFT TOUCH CINTA (G69603),7607611,COLUN,,Client-confirmed product-to-category mapping.,,,
RG-00332,EXP-2.5,Otros Medicamentos,client_product_rule,COLIPRIM X 1 L,7602737,COLUN,,Client-confirmed product-to-category mapping.,,,
RG-00333,EXP-2.5,Otros Medicamentos,client_product_rule,TRIPLE VITAMINICO X 3 AMP X 5 ML,7601346,COLUN,,Client-confirmed product-to-category mapping.,,,
RG-00334,EXP-2.5,Otros Medicamentos,client_product_rule,HASYUN INYECTABLE X 50 ML,7601732,COLUN,,Client-confirmed product-to-category mapping.,,,
RG-00335,EXP-2.6,Otros Gastos Salud Animal,client_product_rule,TERMOMETRO DIGITAL (TA804C),7602287,COLUN,,Client-confirmed product-to-category mapping.,,,
RG-00336,EXP-2.5,Otros Medicamentos,client_product_rule,ACTIGOR X 100 CC,7062251,COLUN,,Client-confirmed product-to-category mapping.,,,
RG-00337,EXP-16.1,Ropa y Herramientas de Trabajo,client_product_rule,MANGAS PALPACION IMPORTADAS,7028495,COLUN,,Client-confirmed product-to-category mapping.,,,
RG-00338,EXP-13.1,Mantencion Maquinaria,client_product_rule,A.MOBIL HD 80-90 X 4 LT,7070580,COLUN,,Client-confirmed product-to-category mapping.,,,
RG-00339,EXP-2.6,Otros Gastos Salud Animal,client_product_rule,SUERO GLUCOSADO 500 CC.,7029254,COLUN,,Client-confirmed product-to-category mapping.,,,
RG-00340,EXP-2.5,Otros Medicamentos,client_product_rule,CORTEXONA 50 ML,7614406,COLUN,,Client-confirmed product-to-category mapping.,,,
RG-00341,EXP-2.4,Sales Minerales,client_product_rule,REHSAL - VET X 25 SOB,7029432,COLUN,,Client-confirmed product-to-category mapping.,,,
RG-00342,EXP-2.5,Otros Medicamentos,client_product_rule,DIARREVET X 50 GRS,7600955,COLUN,,Client-confirmed product-to-category mapping.,,,
RG-00343,EXP-16.2,Otros Gastos Campo,client_product_rule,REPELENTE RATON M. SCHUTZ SPRAY 1515,7602702,COLUN,,Client-confirmed product-to-category mapping.,,,
RG-00344,EXP-14.2,Mantencion Cercos,client_product_rule,GRAPAS 1 1/2 X 8,7005916,COLUN,,Client-confirmed product-to-category mapping.,,,
RG-00345,EXP-2.6,Otros Gastos Salud Animal,client_product_rule,MOCHETAS LEIGH CORTA,7029947,COLUN,,Client-confirmed product-to-category mapping.,,,
RG-00346,EXP-2.5,Otros Medicamentos,client_product_rule,EXCEDE 200 X 100 ML,7601315,COLUN,,Client-confirmed product-to-category mapping.,,,
RG-00347,EXP-2.6,Otros Gastos Salud Animal,client_product_rule,BANDEJAS TEST MASTITIS,7013145,COLUN,,Client-confirmed product-to-category mapping.,,,
RG-00348,EXP-2.4,Sales Minerales,client_product_rule,OXIDO DE MAGNESIO X 25 KG,7614415,COLUN,,Client-confirmed product-to-category mapping.,,,
RG-00349,EXP-16.1,Ropa y Herramientas de Trabajo,client_product_rule,"SERRUCHO TRUPER TF 22""",7612399,COLUN,,Client-confirmed product-to-category mapping.,,,
RG-00350,EXP-16.1,Ropa y Herramientas de Trabajo,client_product_rule,ALICATE UNIVERSAL T201-8,7604158,COLUN,,Client-confirmed product-to-category mapping.,,,
RG-00351,EXP-16.1,Ropa y Herramientas de Trabajo,client_product_rule,MARTILLO M/FIBRA,7602148,COLUN,,Client-confirmed product-to-category mapping.,,,
RG-00352,EXP-16.1,Ropa y Herramientas de Trabajo,client_product_rule,OVEROLES PILOTO POPLIN T 52 AZUL XL,7042358,COLUN,,Client-confirmed product-to-category mapping.,,,
RG-00353,EXP-2.6,Otros Gastos Salud Animal,client_product_rule,LAPICES MARCAR RAIDEX ROJO,7008109,COLUN,,Client-confirmed product-to-category mapping.,,,
RG-00354,EXP-2.4,Sales Minerales,client_product_rule,SULFATO DE MAGNESIO X 25 KG.,7601551,COLUN,,Client-confirmed product-to-category mapping.,,,
RG-00355,EXP-14.2,Mantencion Cercos,client_product_rule,CORDEL BUNGY X 50 M,7019500,COLUN,,Client-confirmed product-to-category mapping.,,,
RG-00356,EXP-14.2,Mantencion Cercos,client_product_rule,"CABLE L/OUT 2,5MM 100M DURO NEG (G62703)",7606310,COLUN,,Client-confirmed product-to-category mapping.,,,
RG-00357,EXP-16.2,Otros Gastos Campo,client_product_rule,CORTAPLUMA JACKNIFE,7614362,COLUN,,Client-confirmed product-to-category mapping.,,,
RG-00358,EXP-14.2,Mantencion Cercos,client_product_rule,ALAMBRE GALV. #12 INCHALAM X 25 KG,7603592,COLUN,,Client-confirmed product-to-category mapping.,,,
RG-00359,EXP-16.2,Otros Gastos Campo,client_product_rule,CANDADOS # 360,7035831,COLUN,,Client-confirmed product-to-category mapping.,,,
RG-00360,EXP-16.1,Ropa y Herramientas de Trabajo,client_product_rule,TRAJE DE AGUA ALASKA XL,7037656,COLUN,,Client-confirmed product-to-category mapping.,,,
RG-00361,EXP-2.5,Otros Medicamentos,client_product_rule,POMADRAG X 500 GRAMOS,7600047,COLUN,,Client-confirmed product-to-category mapping.,,,
RG-00362,EXP-2.6,Otros Gastos Salud Animal,client_product_rule,TAPON CIERRE PEZONERA 6201-5,7059714,COLUN,,Client-confirmed product-to-category mapping.,,,
RG-00363,EXP-2.6,Otros Gastos Salud Animal,client_product_rule,EIMU MINT + 500 ML,7613419,COLUN,,Client-confirmed product-to-category mapping.,,,
RG-00364,EXP-2.6,Otros Gastos Salud Animal,client_product_rule,LUBRICANTE OBSTETRICO 5L (SHOOF),7605886,COLUN,,Client-confirmed product-to-category mapping.,,,
RG-00365,EXP-16.1,Ropa y Herramientas de Trabajo,client_product_rule,BOTA BEKINA STEPLITE PUNTA ACERO N° 41,7603280,COLUN,,Client-confirmed product-to-category mapping.,,,
RG-00366,EXP-16.1,Ropa y Herramientas de Trabajo,client_product_rule,BOTA BEKINA STEPLITE PUNTA ACERO N° 42,7603281,COLUN,,Client-confirmed product-to-category mapping.,,,
RG-00367,EXP-16.1,Ropa y Herramientas de Trabajo,client_product_rule,OVEROLES GABARDINA TALLA XXL,7033987,COLUN,,Client-confirmed product-to-category mapping.,,,
RG-00368,EXP-16.1,Ropa y Herramientas de Trabajo,client_product_rule,BOTA BEKINA STEPLITE PUNTA ACERO N° 40,7603279,COLUN,,Client-confirmed product-to-category mapping.,,,
RG-00369,EXP-14.3,Mantencion Agua y Purines,client_product_rule,BEBEDERO PLASTICO AUTOMATICO,7600713,COLUN,,Client-confirmed product-to-category mapping.,,,
RG-00370,EXP-2.5,Otros Medicamentos,client_product_rule,RESFLOR X 100 CC,7602699,COLUN,,Client-confirmed product-to-category mapping.,,,
RG-00371,EXP-16.1,Ropa y Herramientas de Trabajo,client_product_rule,BOTA BEKINA STEPLITE PUNTA ACERO N° 43,7603282,COLUN,,Client-confirmed product-to-category mapping.,,,
RG-00372,EXP-14.2,Mantencion Cercos,client_product_rule,ANCLAJE 3 VIAS BLA 5UN (G64912),7606309,COLUN,,Client-confirmed product-to-category mapping.,,,
RG-00373,EXP-2.6,Otros Gastos Salud Animal,client_product_rule,MAMADERAS PARA TERNERO,7022365,COLUN,,Client-confirmed product-to-category mapping.,,,
RG-00374,EXP-5.3,Concentrado Otros Animales,client_product_rule,FIT FORMULA GATO ADULTO X 10 KG,7609331,COLUN,,Client-confirmed product-to-category mapping.,,,
RG-00375,EXP-2.6,Otros Gastos Salud Animal,client_product_rule,"MAMADERA SPEEDY FEEDER X 2,5 L (SHOOF)",7603507,COLUN,,Client-confirmed product-to-category mapping.,,,
RG-00376,EXP-16.1,Ropa y Herramientas de Trabajo,client_product_rule,MANGAS PARA ORDEÑA MECANICA,7601552,COLUN,,Client-confirmed product-to-category mapping.,,,
RG-00377,EXP-2.6,Otros Gastos Salud Animal,client_product_rule,AUTOC. ALLFLEX MED/D.S/E. AMARILLO,7600400,COLUN,,Client-confirmed product-to-category mapping.,,,
RG-00378,EXP-2.5,Otros Medicamentos,client_product_rule,DUPLOCILLINE X 100ML,7611298,COLUN,,Client-confirmed product-to-category mapping.,,,
RG-00379,EXP-2.5,Otros Medicamentos,client_product_rule,PLANIPART FCO 50 CC,7052159,COLUN,,Client-confirmed product-to-category mapping.,,,
RG-00380,EXP-2.5,Otros Medicamentos,client_product_rule,HEMODRAG X 20 ML,7601546,COLUN,,Client-confirmed product-to-category mapping.,,,
RG-00381,EXP-2.6,Otros Gastos Salud Animal,client_product_rule,LAZOS PARA PARTO,7013641,COLUN,,Client-confirmed product-to-category mapping.,,,
RG-00382,EXP-2.6,Otros Gastos Salud Animal,client_product_rule,LAPICES ALLFLEX,7026778,COLUN,,Client-confirmed product-to-category mapping.,,,
RG-00383,EXP-2.6,Otros Gastos Salud Animal,client_product_rule,PINTURA CELO TELL TAIL ROJO 1 LT,7607583,COLUN,,Client-confirmed product-to-category mapping.,,,
RG-00384,EXP-2.6,Otros Gastos Salud Animal,client_product_rule,AUTOC. ALLFLEX GRAN/D.S/E. BLANCO,7600407,COLUN,,Client-confirmed product-to-category mapping.,,,
RG-00385,EXP-2.6,Otros Gastos Salud Animal,client_product_rule,AUTOC. ALLFLEX MED/D.S/E. BLANCO,7600401,COLUN,,Client-confirmed product-to-category mapping.,,,
RG-00386,EXP-2.6,Otros Gastos Salud Animal,client_product_rule,AUTOC. MEDIANO ZEETAGS ROJO,7613452,COLUN,,Client-confirmed product-to-category mapping.,,,
RG-00387,EXP-2.6,Otros Gastos Salud Animal,client_product_rule,AUTOC. ALLFLEX GRAN/D.S/E. ROJO,7600411,COLUN,,Client-confirmed product-to-category mapping.,,,
RG-00388,EXP-2.5,Otros Medicamentos,client_product_rule,INVEADE INYECTABLE X 100 CC,7055859,COLUN,,Client-confirmed product-to-category mapping.,,,
RG-00389,EXP-2.6,Otros Gastos Salud Animal,client_product_rule,"AGUJA DESECHABLE 18G X 1""",7052701,COLUN,,Client-confirmed product-to-category mapping.,,,
RG-00390,EXP-2.6,Otros Gastos Salud Animal,client_product_rule,APLICADOR DIPPING S/RETORNO,7058122,COLUN,,Client-confirmed product-to-category mapping.,,,
RG-00391,EXP-16.1,Ropa y Herramientas de Trabajo,client_product_rule,OVEROLES GABARDINA TALLA M,7600315,COLUN,,Client-confirmed product-to-category mapping.,,,
RG-00392,EXP-2.6,Otros Gastos Salud Animal,client_product_rule,APLICADOR DIPPING HORIZONTAL,7028703,COLUN,,Client-confirmed product-to-category mapping.,,,
RG-00393,EXP-2.5,Otros Medicamentos,client_product_rule,HEMATON B12 INYECTABLE 100 ML,7007587,COLUN,,Client-confirmed product-to-category mapping.,,,
RG-00394,EXP-13.1,Mantencion Maquinaria,client_product_rule,BAT. YOKO NX120-7 L90AMP. 12 VOLT KOREA,7601895,COLUN,,Client-confirmed product-to-category mapping.,,,
RG-00395,EXP-13.1,Mantencion Maquinaria,client_product_rule,"A. SPIRAX S4 TXM X 18,9 L (958955)",7604371,COLUN,,Client-confirmed product-to-category mapping.,,,
RG-00396,EXP-16.1,Ropa y Herramientas de Trabajo,client_product_rule,BOTA BEKINA STEPLITE PUNTA ACERO N° 38,7604263,COLUN,,Client-confirmed product-to-category mapping.,,,
RG-00397,EXP-16.1,Ropa y Herramientas de Trabajo,client_product_rule,OVEROLES PILOTO POPLIN T 48 AZUL M,7020044,COLUN,,Client-confirmed product-to-category mapping.,,,
RG-00398,EXP-16.1,Ropa y Herramientas de Trabajo,client_product_rule,BOTA BEKINA STEPLITE PUNTA ACERO N° 36,7604261,COLUN,,Client-confirmed product-to-category mapping.,,,
RG-00399,EXP-16.1,Ropa y Herramientas de Trabajo,client_product_rule,GUANTE CABRETILLA CON FORRO,7600548,COLUN,,Client-confirmed product-to-category mapping.,,,
RG-00400,EXP-2.6,Otros Gastos Salud Animal,client_product_rule,DIIO ZEETAG FDX X 5 UN,7602645,COLUN,,Client-confirmed product-to-category mapping.,,,
RG-00401,EXP-2.5,Otros Medicamentos,client_product_rule,SOLUTION X 500 ML,7603742,COLUN,,Client-confirmed product-to-category mapping.,,,
RG-00402,EXP-16.1,Ropa y Herramientas de Trabajo,client_product_rule,BOTA BEKINA STEPLITE NORMAL N° 42,7604408,COLUN,,Client-confirmed product-to-category mapping.,,,
RG-00403,EXP-12.2,Analisis Animales,client_product_rule,PLANILLA NÚMERO 71815 - ANÁLISIS : COOP,3600326,COLUN,,Client-confirmed product-to-category mapping.,,,
RG-00404,EXP-12.2,Analisis Animales,client_product_rule,PLANILLA NÚMERO 72162 - ANÁLISIS : COOP,3600326,COLUN,,Client-confirmed product-to-category mapping.,,,
RG-00405,EXP-12.2,Analisis Animales,client_product_rule,PLANILLA NÚMERO 72163 - ANÁLISIS : COOP,3600326,COLUN,,Client-confirmed product-to-category mapping.,,,
RG-00406,EXP-12.2,Analisis Animales,client_product_rule,PLANILLA NÚMERO 72183 - ANÁLISIS : COOP,3600326,COLUN,,Client-confirmed product-to-category mapping.,,,
RG-00407,EXP-2.4,Sales Minerales,client_product_rule,SALFORT ALTA BIOTINA X 25 KG,7605687,COLUN,,Client-confirmed product-to-category mapping.,,,
RG-00408,EXP-2.6,Otros Gastos Salud Animal,client_product_rule,AYUDA PARTOS ESTANDAR SHOOF 201006,7610470,COLUN,,Client-confirmed product-to-category mapping.,,,
RG-00409,EXP-16.1,Ropa y Herramientas de Trabajo,client_product_rule,"MACHETE 18"" TRAMONTINA",7604884,COLUN,,Client-confirmed product-to-category mapping.,,,
RG-00410,EXP-14.3,Mantencion Agua y Purines,client_product_rule,"CAÑERIA NEGRA PN4 3/4""",7004715,COLUN,,Client-confirmed product-to-category mapping.,,,
RG-00411,EXP-16.1,Ropa y Herramientas de Trabajo,client_product_rule,ESCOBILLA COLECTOR 988.801-01 ALFA/LAVAL,7058718,COLUN,,Client-confirmed product-to-category mapping.,,,
RG-00412,EXP-14.2,Mantencion Cercos,client_product_rule,MANIJA AISLADA DOBLE PROP 20UN (G73830),7607921,COLUN,,Client-confirmed product-to-category mapping.,,,
RG-00413,EXP-14.2,Mantencion Cercos,client_product_rule,"MALLA CUADRADA 1,50 M. 5014",7006408,COLUN,,Client-confirmed product-to-category mapping.,,,
RG-00414,EXP-2.1,Terapias Secado,client_product_rule,ORBENIN X 36 JER,7613746,COLUN,,Client-confirmed product-to-category mapping.,,,
RG-00415,EXP-12.2,Analisis Animales,client_product_rule,PLANILLA NÚMERO 71334 - ANÁLISIS : COOP,3600326,COLUN,,Client-confirmed product-to-category mapping.,,,
RG-00416,EXP-12.2,Analisis Animales,client_product_rule,PLANILLA NÚMERO 71335 - ANÁLISIS : COOP,3600326,COLUN,,Client-confirmed product-to-category mapping.,,,
RG-00417,EXP-12.2,Analisis Animales,client_product_rule,PLANILLA NÚMERO 71336 - ANÁLISIS : COOP,3600326,COLUN,,Client-confirmed product-to-category mapping.,,,
RG-00418,EXP-12.2,Analisis Animales,client_product_rule,PLANILLA NÚMERO 71339 - ANÁLISIS : COOP,3600326,COLUN,,Client-confirmed product-to-category mapping.,,,
RG-00419,EXP-12.2,Analisis Animales,client_product_rule,PLANILLA NÚMERO 71617 - ANÁLISIS : COOP,3600326,COLUN,,Client-confirmed product-to-category mapping.,,,
RG-00420,EXP-12.2,Analisis Animales,client_product_rule,PLANILLA NÚMERO 71694 - ANÁLISIS : COOP,3600326,COLUN,,Client-confirmed product-to-category mapping.,,,
RG-00421,EXP-12.2,Analisis Animales,client_product_rule,PLANILLA NÚMERO 71726 - ANÁLISIS : COOP,3600326,COLUN,,Client-confirmed product-to-category mapping.,,,
RG-00422,EXP-16.1,Ropa y Herramientas de Trabajo,client_product_rule,ESCOBAS PLASTICAS 75,7005215,COLUN,,Client-confirmed product-to-category mapping.,,,
RG-00423,EXP-2.3,Vacunas,client_product_rule,VACUNA LEPTOFERM 5 X 50 DOSIS,7610430,COLUN,,Client-confirmed product-to-category mapping.,,,
RG-00424,EXP-14.3,Mantencion Agua y Purines,client_product_rule,HANSEN REP VARILLA CORTA 202MM SUPER-FLO,7613310,COLUN,,Client-confirmed product-to-category mapping.,,,
RG-00425,EXP-2.3,Vacunas,client_product_rule,VACUNA VISION 8 X 50 DOSIS,7602116,COLUN,,Client-confirmed product-to-category mapping.,,,
RG-00426,EXP-16.1,Ropa y Herramientas de Trabajo,client_product_rule,BOTA BEKINA STEPLITEX SOLIDGRIP N° 42,7610560,COLUN,,Client-confirmed product-to-category mapping.,,,
RG-00427,EXP-16.1,Ropa y Herramientas de Trabajo,client_product_rule,INYECTOR PREMIUM 2 ML SHOOF 220097,7608886,COLUN,,Client-confirmed product-to-category mapping.,,,
RG-00428,EXP-16.1,Ropa y Herramientas de Trabajo,client_product_rule,PALAS CARRILANA TRUPER,7006726,COLUN,,Client-confirmed product-to-category mapping.,,,
RG-00429,EXP-16.1,Ropa y Herramientas de Trabajo,client_product_rule,PICOTA TRUPER 5 LB C/MANGO,7037524,COLUN,,Client-confirmed product-to-category mapping.,,,
RG-00430,EXP-14.2,Mantencion Cercos,client_product_rule,AISLADOR POSTE MADERA C/SEGURO X 25 UN,7603581,COLUN,,Client-confirmed product-to-category mapping.,,,
RG-00431,EXP-13.1,Mantencion Maquinaria,client_product_rule,A. RIMULA R4 X 15W40 X 20 L (959430),7011576,COLUN,,Client-confirmed product-to-category mapping.,,,
RG-00432,EXP-13.1,Mantencion Maquinaria,client_product_rule,"A. TELLUS S2 MX 68 X 18,9 L (964630)",7604163,COLUN,,Client-confirmed product-to-category mapping.,,,
RG-00433,EXP-2.6,Otros Gastos Salud Animal,client_product_rule,ALCOHOL X 1 LT.,7025135,COLUN,,Client-confirmed product-to-category mapping.,,,
RG-00434,EXP-16.2,Otros Gastos Campo,client_product_rule,TERMOMETRO PLASTICO PARA SUELOS SHOOF,7603838,COLUN,,Client-confirmed product-to-category mapping.,,,
RG-00435,EXP-16.2,Otros Gastos Campo,client_product_rule,PLUVIOMETRO RAIN MAXX SHOOF,7604127,COLUN,,Client-confirmed product-to-category mapping.,,,
RG-00436,EXP-13.1,Mantencion Maquinaria,client_product_rule,A.MOBIL NUTO 68 X 19LTS,7070530,COLUN,,Client-confirmed product-to-category mapping.,,,
RG-00437,EXP-12.2,Analisis Animales,client_product_rule,PLANILLA NÚMERO 70927 - ANÁLISIS : COOP,3600326,COLUN,,Client-confirmed product-to-category mapping.,,,
RG-00438,EXP-12.2,Analisis Animales,client_product_rule,PLANILLA NÚMERO 71035 - ANÁLISIS : COOP,3600326,COLUN,,Client-confirmed product-to-category mapping.,,,
RG-00439,EXP-12.2,Analisis Animales,client_product_rule,PLANILLA NÚMERO 71080 - ANÁLISIS : COOP,3600326,COLUN,,Client-confirmed product-to-category mapping.,,,
RG-00440,EXP-12.2,Analisis Animales,client_product_rule,PLANILLA NÚMERO 71081 - ANÁLISIS : COOP,3600326,COLUN,,Client-confirmed product-to-category mapping.,,,
RG-00441,EXP-12.2,Analisis Animales,client_product_rule,PLANILLA NÚMERO 71082 - ANÁLISIS : COOP,3600326,COLUN,,Client-confirmed product-to-category mapping.,,,
RG-00442,EXP-12.2,Analisis Animales,client_product_rule,PLANILLA NÚMERO 71083 - ANÁLISIS : COOP,3600326,COLUN,,Client-confirmed product-to-category mapping.,,,
RG-00443,EXP-12.2,Analisis Animales,client_product_rule,PLANILLA NÚMERO 70374 - ANÁLISIS : COOP,3600326,COLUN,,Client-confirmed product-to-category mapping.,,,
RG-00444,EXP-12.2,Analisis Animales,client_product_rule,PLANILLA NÚMERO 70563 - ANÁLISIS : COOP,3600326,COLUN,,Client-confirmed product-to-category mapping.,,,
RG-00445,EXP-12.2,Analisis Animales,client_product_rule,PLANILLA NÚMERO 70564 - ANÁLISIS : COOP,3600326,COLUN,,Client-confirmed product-to-category mapping.,,,
RG-00446,EXP-12.2,Analisis Animales,client_product_rule,PLANILLA NÚMERO 70701 - ANÁLISIS : COOP,3600326,COLUN,,Client-confirmed product-to-category mapping.,,,
RG-00447,EXP-12.2,Analisis Animales,client_product_rule,PLANILLA NÚMERO 70746 - ANÁLISIS : COOP,3600326,COLUN,,Client-confirmed product-to-category mapping.,,,
RG-00448,EXP-12.2,Analisis Animales,client_product_rule,PLANILLA NÚMERO 70912 - ANÁLISIS : COOP,3600326,COLUN,,Client-confirmed product-to-category mapping.,,,
RG-00449,EXP-12.2,Analisis Animales,client_product_rule,PLANILLA NÚMERO 70914 - ANÁLISIS : COOP,3600326,COLUN,,Client-confirmed product-to-category mapping.,,,
RG-00450,EXP-12.2,Analisis Animales,client_product_rule,PLANILLA NÚMERO 70917 - ANÁLISIS : COOP,3600326,COLUN,,Client-confirmed product-to-category mapping.,,,
RG-00451,EXP-12.2,Analisis Animales,client_product_rule,PLANILLA NÚMERO 70919 - ANÁLISIS : COOP,3600326,COLUN,,Client-confirmed product-to-category mapping.,,,
RG-00452,EXP-12.2,Analisis Animales,client_product_rule,PLANILLA NÚMERO 70921 - ANÁLISIS : COOP,3600326,COLUN,,Client-confirmed product-to-category mapping.,,,
RG-00453,EXP-12.2,Analisis Animales,client_product_rule,PLANILLA NÚMERO 70922 - ANÁLISIS : COOP,3600326,COLUN,,Client-confirmed product-to-category mapping.,,,
RG-00454,EXP-12.2,Analisis Animales,client_product_rule,PLANILLA NÚMERO 70926 - ANÁLISIS : COOP,3600326,COLUN,,Client-confirmed product-to-category mapping.,,,
RG-00455,EXP-16.2,Otros Gastos Campo,client_product_rule,RATAMIX PASTA X 500 GR (50 X 10 GR),7609580,COLUN,,Client-confirmed product-to-category mapping.,,,
RG-00456,EXP-16.2,Otros Gastos Campo,client_product_rule,SACOS PAPEROS 45 X 70 CM,7607691,COLUN,,Client-confirmed product-to-category mapping.,,,
RG-00457,EXP-13.1,Mantencion Maquinaria,client_product_rule,ADBLUE GRANEL X L,7605414,COLUN,,Client-confirmed product-to-category mapping.,,,
RG-00458,EXP-2.6,Otros Gastos Salud Animal,client_product_rule,CUCHILLO DESPALMADOR DERECHO AESCULAP,7602859,COLUN,,Client-confirmed product-to-category mapping.,,,
RG-00459,EXP-16.1,Ropa y Herramientas de Trabajo,client_product_rule,PECHERA REVERSIBLE CON LOGO COLUN,7612006,COLUN,,Client-confirmed product-to-category mapping.,,,
RG-00460,EXP-2.2,Medicamentos Mastitis,client_product_rule,MAMYSIN - S X 20 JER,7604878,COLUN,,Client-confirmed product-to-category mapping.,,,
RG-00461,EXP-2.5,Otros Medicamentos,client_product_rule,"EPRINEX POUR-ON X 2,5 L",7605484,COLUN,,Client-confirmed product-to-category mapping.,,,
RG-00462,EXP-14.3,Mantencion Agua y Purines,client_product_rule,"MANGUERA STAR GARDEN 3/4"" 5 BAR",7605006,COLUN,,Client-confirmed product-to-category mapping.,,,
RG-00463,EXP-16.2,Otros Gastos Campo,client_product_rule,PITA SAQUERA NYLON,7006874,COLUN,,Client-confirmed product-to-category mapping.,,,
RG-00464,EXP-2.3,Vacunas,client_product_rule,VACUNA BRUCELLA ABORTUS CEPA RB-51,7058050,COLUN,,Client-confirmed product-to-category mapping.,,,
RG-00465,EXP-10.3,Detergentes e higenizantes,client_product_rule,ESPUMA CLORADA DA X 20 LT,7607575,COLUN,,Client-confirmed product-to-category mapping.,,,
RG-00466,EXP-2.5,Otros Medicamentos,client_product_rule,TUBERCULINA PPD BOVINA (AGROVET),7600242,COLUN,,Client-confirmed product-to-category mapping.,,,
RG-00467,EXP-2.6,Otros Gastos Salud Animal,client_product_rule,JERINGA DESECHABLE 60 ML (L.L.),7034460,COLUN,,Client-confirmed product-to-category mapping.,,,
RG-00468,EXP-2.6,Otros Gastos Salud Animal,client_product_rule,MANGO BISTURI N°4,7045560,COLUN,,Client-confirmed product-to-category mapping.,,,
RG-00469,EXP-2.5,Otros Medicamentos,client_product_rule,TREO ACE X 500 CC,7024040,COLUN,,Client-confirmed product-to-category mapping.,,,
RG-00470,EXP-12.2,Analisis Animales,client_product_rule,PLANILLA NÚMERO 69867 - ANÁLISIS : COOP,3600326,COLUN,,Client-confirmed product-to-category mapping.,,,
RG-00471,EXP-12.2,Analisis Animales,client_product_rule,PLANILLA NÚMERO 70202 - ANÁLISIS : COOP,3600326,COLUN,,Client-confirmed product-to-category mapping.,,,
RG-00472,EXP-12.2,Analisis Animales,client_product_rule,PLANILLA NÚMERO 70203 - ANÁLISIS : COOP,3600326,COLUN,,Client-confirmed product-to-category mapping.,,,
RG-00473,EXP-14.3,Mantencion Agua y Purines,client_product_rule,"MANGUERA STAR GARDEN 1/2"" 5 BAR",7605005,COLUN,,Client-confirmed product-to-category mapping.,,,
RG-00474,EXP-16.1,Ropa y Herramientas de Trabajo,client_product_rule,ROZON DERECHO TRAMONTINA,7600927,COLUN,,Client-confirmed product-to-category mapping.,,,
RG-00475,EXP-2.5,Otros Medicamentos,client_product_rule,ALU - FARM SPRAY X 150 ML,7614573,COLUN,,Client-confirmed product-to-category mapping.,,,
RG-00476,EXP-2.3,Vacunas,client_product_rule,VACUNA CATTLEMASTER GOLD FP5L5 X 25 DS,7610914,COLUN,,Client-confirmed product-to-category mapping.,,,
RG-00477,EXP-5.3,Concentrado Otros Animales,client_product_rule,PERRO FIT FORMULA CACHORRO X 10 KG,7603664,COLUN,,Client-confirmed product-to-category mapping.,,,
RG-00478,EXP-14.3,Mantencion Agua y Purines,client_product_rule,"CAÑERIA NEGRA PN4 1/2""",7004707,COLUN,,Client-confirmed product-to-category mapping.,,,
RG-00479,EXP-14.3,Mantencion Agua y Purines,client_product_rule,"CAÑERIA NEGRA PN4 1 1/2""",7004740,COLUN,,Client-confirmed product-to-category mapping.,,,
RG-00480,EXP-6.5,Otros Fertilizantes,client_product_rule,MURIATO DE POTASIO 60% FUNDO,7602289,COLUN,,Client-confirmed product-to-category mapping.,,,
RG-00481,EXP-6.2,Nitrogeno,client_product_rule,UREA ADHERO FUNDO,7608529,COLUN,,Client-confirmed product-to-category mapping.,,,
RG-00482,EXP-2.6,Otros Gastos Salud Animal,client_product_rule,PEGAMENTO PARA TACOS (SHOOF),7603548,COLUN,,Client-confirmed product-to-category mapping.,,,
RG-00483,EXP-13.1,Mantencion Maquinaria,client_product_rule,ANTICONG.PERMAZONE X19LT,7076040,COLUN,,Client-confirmed product-to-category mapping.,,,
RG-00484,EXP-6.1,Fosforo,client_product_rule,SUPERFOSFATO TRIPLE X 25 KG,7609387,COLUN,,Client-confirmed product-to-category mapping.,,,
RG-00485,EXP-15.3,Fletes,client_product_rule,FLETE,3600241,COLUN,,Client-confirmed product-to-category mapping.,,,
RG-00486,EXP-14.2,Mantencion Cercos,client_product_rule,CINTA BLANCA 40 MM X 50M (SP023),7601143,COLUN,,Client-confirmed product-to-category mapping.,,,
RG-00487,EXP-14.2,Mantencion Cercos,client_product_rule,CABLE SUBTERRANEO 50 MT X 2.5 MM,7014001,COLUN,,Client-confirmed product-to-category mapping.,,,
RG-00488,EXP-14.3,Mantencion Agua y Purines,client_product_rule,TAPA BEBEDERO AUSTRALPLASTICS,7609114,COLUN,,Client-confirmed product-to-category mapping.,,,
RG-00489,EXP-12.2,Analisis Animales,client_product_rule,PLANILLA NÚMERO 69220 - ANÁLISIS : COOP,3600326,COLUN,,Client-confirmed product-to-category mapping.,,,
RG-00490,EXP-12.2,Analisis Animales,client_product_rule,PLANILLA NÚMERO 69221 - ANÁLISIS : COOP,3600326,COLUN,,Client-confirmed product-to-category mapping.,,,
RG-00491,EXP-12.2,Analisis Animales,client_product_rule,PLANILLA NÚMERO 69305 - ANÁLISIS : COOP,3600326,COLUN,,Client-confirmed product-to-category mapping.,,,
RG-00492,EXP-12.2,Analisis Animales,client_product_rule,PLANILLA NÚMERO 69306 - ANÁLISIS : COOP,3600326,COLUN,,Client-confirmed product-to-category mapping.,,,
RG-00493,EXP-6.1,Fosforo,client_product_rule,FOSFATO MONOAMONICO FUNDO,7608527,COLUN,,Client-confirmed product-to-category mapping.,,,
RG-00494,EXP-6.2,Nitrogeno,client_product_rule,UREA GRANULADA X 25 KG,7609389,COLUN,,Client-confirmed product-to-category mapping.,,,
RG-00495,EXP-16.1,Ropa y Herramientas de Trabajo,client_product_rule,BOTA BEKINA STEPLITE PUNTA ACERO N° 44,7603283,COLUN,,Client-confirmed product-to-category mapping.,,,
RG-00496,EXP-16.1,Ropa y Herramientas de Trabajo,client_product_rule,OVEROL POPLIN AZUL C/CINTA T. XL,7608353,COLUN,,Client-confirmed product-to-category mapping.,,,
RG-00497,EXP-14.2,Mantencion Cercos,client_product_rule,TENSOR DE CARGA MAXIMO 1000 KG,7607365,COLUN,,Client-confirmed product-to-category mapping.,,,
RG-00498,EXP-2.6,Otros Gastos Salud Animal,client_product_rule,VASELINA LIQUIDA X 1 LT.,7028029,COLUN,,Client-confirmed product-to-category mapping.,,,
RG-00499,EXP-13.1,Mantencion Maquinaria,client_product_rule,BAT. YOKO 31-930 100AMP 12VOLT C/H KOREA,7604423,COLUN,,Client-confirmed product-to-category mapping.,,,
RG-00500,EXP-13.1,Mantencion Maquinaria,client_product_rule,BATERIA ENERCEL HYUNDAI CMF 105 D 31L,7605963,COLUN,,Client-confirmed product-to-category mapping.,,,
RG-00501,EXP-14.2,Mantencion Cercos,client_product_rule,TERMINAL DE ENERG. PARA PUERTA 807883,7602695,COLUN,,Client-confirmed product-to-category mapping.,,,
RG-00502,EXP-2.6,Otros Gastos Salud Animal,client_product_rule,CUCHILLO DESPALMADOR IZQUIERDO AESCULAP,7602860,COLUN,,Client-confirmed product-to-category mapping.,,,
RG-00503,EXP-6.4,Guano,client_product_rule,GUANO DE GALLINA FUNDO,7611645,COLUN,,Client-confirmed product-to-category mapping.,,,
RG-00504,EXP-13.1,Mantencion Maquinaria,client_product_rule,A. GADUS S2 V220 2 X 18 KG (958644),7009725,COLUN,,Client-confirmed product-to-category mapping.,,,
RG-00505,EXP-14.2,Mantencion Cercos,client_product_rule,CLAVOS 3 1/2 X 9 X 1 KG,7608133,COLUN,,Client-confirmed product-to-category mapping.,,,
RG-00506,EXP-14.2,Mantencion Cercos,client_product_rule,CLAVOS 2 1/2 X 11 X 1 KG,7601119,COLUN,,Client-confirmed product-to-category mapping.,,,
RG-00507,EXP-16.1,Ropa y Herramientas de Trabajo,client_product_rule,OVEROLES PILOTO POPLIN T 50 AZUL L,7042340,COLUN,,Client-confirmed product-to-category mapping.,,,
RG-00508,EXP-13.1,Mantencion Maquinaria,client_product_rule,CAMARA 14.9/13 X 24 EX-DIAMOND,7059978,COLUN,,Client-confirmed product-to-category mapping.,,,
RG-00509,EXP-14.3,Mantencion Agua y Purines,client_product_rule,VALV FLOT MAX-FLO CORTO 1 -3/4 (217209),7605299,COLUN,,Client-confirmed product-to-category mapping.,,,
RG-00510,EXP-14.3,Mantencion Agua y Purines,client_product_rule,BEBEDERO PLASTICO DE 1000 LT.,7600786,COLUN,,Client-confirmed product-to-category mapping.,,,
RG-00511,EXP-16.1,Ropa y Herramientas de Trabajo,client_product_rule,GUANTE CORTO NITRILO L SHOOF 204631,7613733,COLUN,,Client-confirmed product-to-category mapping.,,,
RG-00512,EXP-16.1,Ropa y Herramientas de Trabajo,client_product_rule,BOTAS DESECHABLE PLASTICO GRUESO,7600134,COLUN,,Client-confirmed product-to-category mapping.,,,
RG-00513,EXP-16.1,Ropa y Herramientas de Trabajo,client_product_rule,GORRO CLIP TIPO DUCHA BLANCO X 100 UN,7605167,COLUN,,Client-confirmed product-to-category mapping.,,,
RG-00514,EXP-16.1,Ropa y Herramientas de Trabajo,client_product_rule,ESCOBILLON MUNICIPAL GRANDE,7606513,COLUN,,Client-confirmed product-to-category mapping.,,,
RG-00515,EXP-16.2,Otros Gastos Campo,client_product_rule,"NEXGARD SPECTRA X 1 TABLETA (30,1-60 KG)",7610046,COLUN,,Client-confirmed product-to-category mapping.,,,
RG-00516,EXP-5.3,Concentrado Otros Animales,client_product_rule,PERRO BAVARO WORK 26 (ADULTO) 18 KG,7610155,COLUN,,Client-confirmed product-to-category mapping.,,,
RG-00517,EXP-16.1,Ropa y Herramientas de Trabajo,client_product_rule,OVEROL POPLIN AZUL C/CINTA T. L,7608352,COLUN,,Client-confirmed product-to-category mapping.,,,
RG-00518,EXP-10.3,Detergentes e higenizantes,client_product_rule,QUIX 5 LT,7614383,COLUN,,Client-confirmed product-to-category mapping.,,,
RG-00519,EXP-16.1,Ropa y Herramientas de Trabajo,client_product_rule,OVEROL POPLIN AZUL C/CINTA T. XXL,7608354,COLUN,,Client-confirmed product-to-category mapping.,,,
RG-00520,EXP-13.1,Mantencion Maquinaria,client_product_rule,CAMARAS 18/400 X 15.5 TR16,7602816,COLUN,,Client-confirmed product-to-category mapping.,,,
RG-00521,EXP-14.3,Mantencion Agua y Purines,client_product_rule,"TUBERIA HDPE 63MM 2"" PN6 DIN 3,6MM",7609663,COLUN,,Client-confirmed product-to-category mapping.,,,
RG-00522,EXP-14.3,Mantencion Agua y Purines,client_product_rule,"TUBERIA HDPE 90MM 3"" PN6 DIN 5,4MM",7614593,COLUN,,Client-confirmed product-to-category mapping.,,,
RG-00523,EXP-2.6,Otros Gastos Salud Animal,client_product_rule,APLICADORES AUTOCR.ALLFLEX,7025275,COLUN,,Client-confirmed product-to-category mapping.,,,
RG-00524,EXP-10.3,Detergentes e higenizantes,client_product_rule,CLORO ORGANICO 10 KG,7601631,COLUN,,Client-confirmed product-to-category mapping.,,,
RG-00525,ADM-1.6,Utiles y gastos de oficina.,client_product_rule,PAPEL HIGIENICO ECONOMICO 500 M ELITE,7606212,COLUN,,Client-confirmed product-to-category mapping.,,,
RG-00526,EXP-13.1,Mantencion Maquinaria,direct_client_example,SERVICIO CONTRATO MANTENCION SEPTIEMBRE EQUIPO 1P06105EER6300230,,SALINAS Y FABRES S.A.,YUTRECO,Client-confirmed row-level example.,,,
RG-00527,EXP-15.5,Servicios Agricolas,direct_client_example,FERTILIZACION UREA 50 kg,,SERVICIOS AGRICOLAS SCHUCK SPA,YUTRECO,Client-confirmed row-level example.,,,
RG-00528,EXP-13.2,Mantencion Motos,direct_client_example,MANTENCION MOTO HONDA TRX 420,,MULTIMOTOS OSORNO SPA,TINEO,Client-confirmed row-level example.,,,
RG-00529,ADM-1.2,Comunicaciones e Internet,direct_client_example,KIT INSTALACION 0 VISION 100,,VERISURE CHILE SPA,RAICES,Client-confirmed row-level example.,,,
RG-00530,ADM-1.7,Otros Gastos Administracion,direct_client_example,TRANSPORTE DE CARGA Y ENCOMIENDA,,EGT LIMITADA,MAITEN,Client-confirmed row-level example.,,,
RG-00531,EXP-12.2,Analisis Animales,direct_client_example,PLANILLA N° 73697 ANALISIS:COOP_FECCAS_SEDIMENTACION,,COLUN,MAITEN,Client-confirmed row-level example.,,,
RG-00532,EXP-12.2,Analisis Animales,direct_client_example,PLANILLA N° 73698 ANALISIS:COOP_FECCAS_PARASITOS PUL,,COLUN,MAITEN,Client-confirmed row-level example.,,,
RG-00533,EXP-9.2,Otros Gastos Riego,direct_client_example,"HI PLANZA 1/2 """,,RICARDO FRANCISCO WULFF MULLER,RAICES,Client-confirmed row-level example.,,,
RG-00534,EXP-9.2,Otros Gastos Riego,direct_client_example,"HI PLANZA 1""",,RICARDO FRANCISCO WULFF MULLER,RAICES,Client-confirmed row-level example.,,,
RG-00535,EXP-9.2,Otros Gastos Riego,direct_client_example,ABRASADERAS MET,,RICARDO FRANCISCO WULFF MULLER,RAICES,Client-confirmed row-level example.,,,
RG-00536,ADM-1.5,Colacion y Alojamiento,direct_client_example,SERVICIO DE ALOJAMIENTO,,COMERCIAL MAIFA LTDA.,MAITEN,Client-confirmed row-level example.,,,
RG-00537,ADM-1.5,Colacion y Alojamiento,direct_client_example,SERVICIO DE ALOJAMIENTO,,COMERCIAL MAIFA LTDA.,TINEO,Client-confirmed row-level example.,,,
RG-00538,ADM-1.5,Colacion y Alojamiento,direct_client_example,SERVICIO DE ALOJAMIENTO,,COMERCIAL MAIFA LTDA.,RAICES,Client-confirmed row-level example.,,,
RG-00539,ADM-1.5,Colacion y Alojamiento,direct_client_example,SERVICIO DE ALOJAMIENTO,,COMERCIAL MAIFA LTDA.,BRAMADERO,Client-confirmed row-level example.,,,
RG-00540,ADM-1.5,Colacion y Alojamiento,direct_client_example,SERVICIO DE ALOJAMIENTO,,COMERCIAL MAIFA LTDA.,YUTRECO,Client-confirmed row-level example.,,,
RG-00541,ADM-1.10,Otros Servicios y Asesorias,direct_client_example,CONSULTORIA EN GESTION DE PERSONAS,,SERVICIOS PROFESIONALES EN SEGURIDAD Y SALUD OCUPA,MAITEN,Client-confirmed row-level example.,,,
RG-00542,ADM-1.10,Otros Servicios y Asesorias,direct_client_example,CONSULTORIA EN GESTION DE PERSONAS,,SERVICIOS PROFESIONALES EN SEGURIDAD Y SALUD OCUPA,TINEO,Client-confirmed row-level example.,,,
RG-00543,ADM-1.10,Otros Servicios y Asesorias,direct_client_example,CONSULTORIA EN GESTION DE PERSONAS,,SERVICIOS PROFESIONALES EN SEGURIDAD Y SALUD OCUPA,RAICES,Client-confirmed row-level example.,,,
RG-00544,ADM-1.10,Otros Servicios y Asesorias,direct_client_example,CONSULTORIA EN GESTION DE PERSONAS,,SERVICIOS PROFESIONALES EN SEGURIDAD Y SALUD OCUPA,BRAMADERO,Client-confirmed row-level example.,,,
RG-00545,ADM-1.10,Otros Servicios y Asesorias,direct_client_example,CONSULTORIA EN GESTION DE PERSONAS,,SERVICIOS PROFESIONALES EN SEGURIDAD Y SALUD OCUPA,YUTRECO,Client-confirmed row-level example.,,,
RG-00546,EXP-15.3,Fletes,direct_client_example,FLETE DE FDO YUTRECO A FERIA,,EDGARDO EDMUNDO MANCILLA CARRION,YUTRECO,Client-confirmed row-level example.,,,
RG-00547,EXP-11.1,Electricidad Lecheria,direct_client_example,SERVICIO ELECTRICO SALA MAITEN,,COOP ELECTRICA PAILLACO LTDA,MAITEN,Client-confirmed row-level example.,,,
RG-00548,EXP-11.2,Electricidad Casas e Instalaciones,direct_client_example,SERVICIO ELECTRICO CASA,,COOP ELECTRICA PAILLACO LTDA,MAITEN,Client-confirmed row-level example.,,,
RG-00549,EXP-9.1,Energia Electrica Riego,direct_client_example,SERVICIO ELECTRICO RIEGO PIVOTE,,COOP ELECTRICA PAILLACO LTDA,MAITEN,Client-confirmed row-level example.,,,
RG-00550,EXP-11.1,Electricidad Lecheria,direct_client_example,SERVICIO ELECTRICO SALA RAICES,,COOP RURAL ELECTRICA RIO BUENO LTDA,RAICES,Client-confirmed row-level example.,,,
RG-00551,ADM-2.2,Seguros Trabajadores,direct_client_example,SEGURO COLECTIVO. POLIZA N°12799,,CIA DE SEGUROS DE VIDA CONSORCIO,MAITEN,Client-confirmed row-level example.,,,
RG-00552,ADM-2.2,Seguros Trabajadores,direct_client_example,SEGURO COLECTIVO. POLIZA N°12799,,CIA DE SEGUROS DE VIDA CONSORCIO,TINEO,Client-confirmed row-level example.,,,
RG-00553,ADM-2.2,Seguros Trabajadores,direct_client_example,SEGURO COLECTIVO. POLIZA N°12799,,CIA DE SEGUROS DE VIDA CONSORCIO,RAICES,Client-confirmed row-level example.,,,
RG-00554,ADM-2.2,Seguros Trabajadores,direct_client_example,SEGURO COLECTIVO. POLIZA N°12799,,CIA DE SEGUROS DE VIDA CONSORCIO,BRMADERO,Client-confirmed row-level example.,,,
RG-00555,ADM-2.2,Seguros Trabajadores,direct_client_example,SEGURO COLECTIVO. POLIZA N°12799,,CIA DE SEGUROS DE VIDA CONSORCIO,YUTRECO,Client-confirmed row-level example.,,,
RG-00556,EXP-12.2,Analisis Animales,direct_client_example,T3 LOTE (S),,COOPERATIVA AGRICOLA Y DE SERVICIO LTDA.,YUTRECO,Client-confirmed row-level example.,,,
RG-00557,EXP-12.2,Analisis Animales,direct_client_example,T3 RCS,,COOPERATIVA AGRICOLA Y DE SERVICIO LTDA.,YUTRECO,Client-confirmed row-level example.,,,
RG-00558,EXP-5.1,Concentrado Vacas,direct_client_example,BIOLACT ANTILLANCA R GRANEL,,AGROCOMERCIAL IANSA S.A.,YUTRECO,Client-confirmed row-level example.,,,
RG-00559,EXP-4.2,Bolos Silo,direct_client_example,TRASLADO DE BOLOS,,SERGIO FABIAN RODRIGUEZ DELGADO,YUTRECO,Client-confirmed row-level example.,,,
RG-00560,ADM-1.3,Arriendo Oficina,direct_client_example,ARRIENDO OCTUBRE 25,,ADDVISE SPA,MAITEN,Client-confirmed row-level example.,,,
RG-00561,ADM-1.3,Arriendo Oficina,direct_client_example,ARRIENDO OCTUBRE 25,,ADDVISE SPA,TINEO,Client-confirmed row-level example.,,,
RG-00562,ADM-1.3,Arriendo Oficina,direct_client_example,ARRIENDO OCTUBRE 25,,ADDVISE SPA,BRAMADERO,Client-confirmed row-level example.,,,
RG-00563,ADM-1.3,Arriendo Oficina,direct_client_example,ARRIENDO OCTUBRE 25,,ADDVISE SPA,RAICES,Client-confirmed row-level example.,,,
RG-00564,ADM-1.3,Arriendo Oficina,direct_client_example,ARRIENDO OCTUBRE 25,,ADDVISE SPA,YUTRECO,Client-confirmed row-level example.,,,
RG-00565,EXP-10.2,Diping,direct_client_example,FULLDIP 5000 PROMOCION 230 kg,,GEA Farm Technologies Osorno Ltda.,RAICES,Client-confirmed row-level example.,,,
RG-00566,EXP-10.3,Detergentes e higenizantes,direct_client_example,SOLUTION 60 lts,,GEA Farm Technologies Osorno Ltda.,RAICES,Client-confirmed row-level example.,,,
RG-00567,EXP-10.3,Detergentes e higenizantes,direct_client_example,ZINICIN 70 kgs,,GEA Farm Technologies Osorno Ltda.,RAICES,Client-confirmed row-level example.,,,
RG-00568,EXP-12.1,Analisis Suelo y forraje,direct_client_example,MUES.SUELO FDO. PELLECO,,JAVIER ARIEL SILVA VERA,PELLECO,Client-confirmed row-level example.,,,
RG-00569,ADM-1.8,Asesoria Contable,direct_client_example,ASESORIA CONTABLE PERIDO OCTUBRE 2025,,AUDITAX SPA,MAITEN,Client-confirmed row-level example.,,,
RG-00570,ADM-1.8,Asesoria Contable,direct_client_example,ASESORIA CONTABLE PERIDO OCTUBRE 2025,,AUDITAX SPA,TINEO,Client-confirmed row-level example.,,,
RG-00571,ADM-1.8,Asesoria Contable,direct_client_example,ASESORIA CONTABLE PERIDO OCTUBRE 2025,,AUDITAX SPA,RAICES,Client-confirmed row-level example.,,,
RG-00572,ADM-1.8,Asesoria Contable,direct_client_example,ASESORIA CONTABLE PERIDO OCTUBRE 2025,,AUDITAX SPA,BRAMADERO,Client-confirmed row-level example.,,,
RG-00573,ADM-1.8,Asesoria Contable,direct_client_example,ASESORIA CONTABLE PERIDO OCTUBRE 2025,,AUDITAX SPA,YUTRECO,Client-confirmed row-level example.,,,
RG-00574,EXP-13.3,Mantencion Vehiculos,direct_client_example,BLUEMAX,,DISTRIBUIDORA COMERCIAL P Y G LIMITADA,YUTRECO,Client-confirmed row-level example.,,,
RG-00575,EXP-13.3,Mantencion Vehiculos,direct_client_example,MARCA FORD MODELO RANGER XLT PATENTE TJXS63,,DIFOR CHILE S.A.,MAITEN,Client-confirmed row-level example.,,,
RG-00576,EXP-13.3,Mantencion Vehiculos,direct_client_example,MARCA FORD MODELO RANGER XLT PATENTE TJXS63,,DIFOR CHILE S.A.,TINEO,Client-confirmed row-level example.,,,
RG-00577,EXP-13.3,Mantencion Vehiculos,direct_client_example,MARCA FORD MODELO RANGER XLT PATENTE TJXS63,,DIFOR CHILE S.A.,BRAMADERO,Client-confirmed row-level example.,,,
RG-00578,EXP-8.4,Otros Cultivos,direct_client_example,SEM.RAPS FORR.SPITFIRE DES. CTE,,COOPERATIVA AGRICOLA Y DE SERVICIO LTDA.,BRAMADERO,Client-confirmed row-level example.,,,
RG-00579,EXP-2.4,Sales Minerales,direct_client_example,BILIFAR * 120 grs,,COLUN,MAITEN,Client-confirmed row-level example.,,,
RG-00580,EXP-2.6,Otros Gastos Salud Animal,direct_client_example,PINTURA CELO TELL TAIL SPRAY ROJ 500 cc,,COLUN,MAITEN,Client-confirmed row-level example.,,,
RG-00581,EXP-16.1,Ropa y Herramientas de Trabajo,direct_client_example,GUANTE LARGO NITRILO L SHOOF 204627,,COLUN,MAITEN,Client-confirmed row-level example.,,,
RG-00582,EXP-14.2,Mantencion Cercos,direct_client_example,CABLE POLY BLA 6SS 500M (G62007),,COLUN,MAITEN,Client-confirmed row-level example.,,,
RG-00583,EXP-11.4,Bencina,direct_client_example,GASOLINA 93,,COLUN,TINEO,Client-confirmed row-level example.,,,
RG-00584,ADM-1.4,Movilizacion,direct_client_example,GASOLINA 93,,ESTACION DE SERVICIOS PAOLA USLAR MOLINA EIRL,MAITEN,Client-confirmed row-level example.,,,
RG-00585,ADM-1.4,Movilizacion,direct_client_example,GASOLINA 93,,ESTACION DE SERVICIOS PAOLA USLAR MOLINA EIRL,TINEO,Client-confirmed row-level example.,,,
RG-00586,ADM-1.4,Movilizacion,direct_client_example,GASOLINA 93,,ESTACION DE SERVICIOS PAOLA USLAR MOLINA EIRL,RAICES,Client-confirmed row-level example.,,,
RG-00587,ADM-1.4,Movilizacion,direct_client_example,GASOLINA 93,,ESTACION DE SERVICIOS PAOLA USLAR MOLINA EIRL,BRAMADERO,Client-confirmed row-level example.,,,
RG-00588,ADM-1.4,Movilizacion,direct_client_example,GASOLINA 93,,ESTACION DE SERVICIOS PAOLA USLAR MOLINA EIRL,YUTRECO,Client-confirmed row-level example.,,,
RG-00589,ADM-1.2,Comunicaciones e Internet,direct_client_example,RESIDENTIAL,,STARLINK CHILE SPA,MAITEN,Client-confirmed row-level example.,,,
RG-00590,ADM-1.2,Comunicaciones e Internet,direct_client_example,RESIDENTIAL,,STARLINK CHILE SPA,TINEO,Client-confirmed row-level example.,,,
RG-00591,ADM-1.2,Comunicaciones e Internet,direct_client_example,RESIDENTIAL,,STARLINK CHILE SPA,RAICES,Client-confirmed row-level example.,,,
RG-00592,ADM-1.2,Comunicaciones e Internet,direct_client_example,RESIDENTIAL,,STARLINK CHILE SPA,BRAMADERO,Client-confirmed row-level example.,,,
RG-00593,ADM-1.2,Comunicaciones e Internet,direct_client_example,RESIDENTIAL,,STARLINK CHILE SPA,YUTRECO,Client-confirmed row-level example.,,,
RG-00594,EXP-14.4,Mantencion Instalaciones,direct_client_example,INSTALACION ELECTRICA BODEGA - INSTALACION BOMBA TRITURADORA,,ALBERTO JESUS LARA GUZMAN,MAITEN,Client-confirmed row-level example.,,,
RG-00595,ADM-2.1,Seguros Vehiculos,direct_client_example,"POLIZA 6615118,",,Cia de Seguros Generales Consorcio Nacional de Seg,MAITEN,Client-confirmed row-level example.,,,
RG-00596,ADM-2.1,Seguros Vehiculos,direct_client_example,"POLIZA 6615118,",,Cia de Seguros Generales Consorcio Nacional de Seg,TINEO,Client-confirmed row-level example.,,,
RG-00597,ADM-2.1,Seguros Vehiculos,direct_client_example,"POLIZA 6615118,",,Cia de Seguros Generales Consorcio Nacional de Seg,YUTRECO,Client-confirmed row-level example.,,,
RG-00598,EXP-5.5,Sustituto Lacteo,direct_client_example,SUSTITUTO LACTEO COLUN (SPT) 25 kg,,COLUN,BRAMADERO,Client-confirmed row-level example.,,,
RG-00599,EXP-5.2,Concentrado Crianza,direct_client_example,BIOLACT TERNERO INICIAL,,AGROCOMERCIAL IANSA S.A.,MAITEN,Client-confirmed row-level example.,,,
RG-00600,EXP-16.2,Otros Gastos Campo,direct_client_example,SERVICIO DE RETIRO Y DISPOSICION FINAL DE RESIDUOS PLASTICOS,,SOCIEDAD COMERCIAL VITACYCLE LIMITADA,YUTRECO,Client-confirmed row-level example.,,,
RG-00601,EXP-11.1,Electricidad Lecheria,direct_client_example,SERVICIO ELECTRICO SALA YUTRECO,,CIA ELECTRICA OSORNO S A,YUTRECO,Client-confirmed row-level example.,,,
RG-00602,EXP-13.1,Mantencion Maquinaria,direct_client_example,SERVICIO DE MANTENCION SERVICIO MANTENIMIENTO PREVENTIVO 1BM6115JCRD601743,,SALINAS Y FABRES S.A.,MAITEN,Client-confirmed row-level example.,,,
RG-00603,EXP-2.5,Otros Medicamentos,direct_client_example,CONCEPTAL_FACTOR LIBERA.HORMONAL * 50 ml,,COLUN,MAITEN,Client-confirmed row-level example.,,,
RG-00604,EXP-6.2,Nitrogeno,direct_client_example,UREA GRANULADA FUNDO,,COLUN,MAITEN,Client-confirmed row-level example.,,,
RG-00605,EXP-6.2,Nitrogeno,direct_client_example,UREA GRANULADA FUNDO,,COLUN,RAICES,Client-confirmed row-level example.,,,
RG-00606,EXP-6.2,Nitrogeno,direct_client_example,UREA GRANULADA FUNDO,,COLUN,YUTRECO,Client-confirmed row-level example.,,,
RG-00607,EXP-14.1,Mantencion Caminos,direct_client_example,HORAS RETRO,,GUARDA SPA,TINEO,Client-confirmed row-level example.,,,
RG-00608,EXP-11.5,Gas,direct_client_example,GAS 45 kg,,JULIA IGNACIA FUENTES FLORES,MAITEN,Client-confirmed row-level example.,,,
RG-00609,ADM-1.5,Colacion y Alojamiento,direct_client_example,ALMUERZO,,CANAL BAJO SPA,MAITEN,Client-confirmed row-level example.,,,
RG-00610,ADM-1.5,Colacion y Alojamiento,direct_client_example,ALMUERZO,,CANAL BAJO SPA,TINEO,Client-confirmed row-level example.,,,
RG-00611,ADM-1.5,Colacion y Alojamiento,direct_client_example,ALMUERZO,,CANAL BAJO SPA,RAICES,Client-confirmed row-level example.,,,
RG-00612,ADM-1.5,Colacion y Alojamiento,direct_client_example,ALMUERZO,,CANAL BAJO SPA,BRAMADERO,Client-confirmed row-level example.,,,
RG-00613,ADM-1.5,Colacion y Alojamiento,direct_client_example,ALMUERZO,,CANAL BAJO SPA,YUTRECO,Client-confirmed row-level example.,,,
RG-00614,EXP-16.1,Ropa y Herramientas de Trabajo,direct_client_example,BOTA BEKINA STE PLITE ESPACIO NORMAL N°40,,COLUN,TINEO,Client-confirmed row-level example.,,,
RG-00615,ADM-1.2,Comunicaciones e Internet,direct_client_example,"SERVICIOS DE INTERNET RURAL TITAN 15Mnbps/10Mbps,MES DE NOVIEMBRE 2025",,NETSKY SPA,MAITEN,Client-confirmed row-level example.,,,
RG-00616,EXP-14.3,Mantencion Agua y Purines,direct_client_example,SERVICIO TECNICO LIMPIEZA DE POZO,,SONDAJE PERFOMAQ S.A.,YUTRECO,Client-confirmed row-level example.,,,
RG-00617,EXP-3.1,Inseminacion Artificial,direct_client_example,SEMEN BOVINO LECHE CONVENCIONAL EMERALD,,ABS CHILE LIMITADA,MAITEN,Client-confirmed row-level example.,,,
RG-00618,EXP-3.1,Inseminacion Artificial,direct_client_example,IMPLEMENTOS PARA INSEMINACION INYECTOR CLASICO,,ABS CHILE LIMITADA,MAITEN,Client-confirmed row-level example.,,,
RG-00619,EXP-15.1,Servicios Agronomicos,direct_client_example,ASESORIA AGROPECUARIA,,SOCIEDAD ROBERTO AICHELE Y CIA LTDA.,MAITEN,Client-confirmed row-level example.,,,
RG-00620,EXP-15.1,Servicios Agronomicos,direct_client_example,ASESORIA AGROPECUARIA,,SOCIEDAD ROBERTO AICHELE Y CIA LTDA.,TINEO,Client-confirmed row-level example.,,,
RG-00621,EXP-15.1,Servicios Agronomicos,direct_client_example,ASESORIA AGROPECUARIA,,SOCIEDAD ROBERTO AICHELE Y CIA LTDA.,RAICES,Client-confirmed row-level example.,,,
RG-00622,EXP-15.1,Servicios Agronomicos,direct_client_example,ASESORIA AGROPECUARIA,,SOCIEDAD ROBERTO AICHELE Y CIA LTDA.,BRAMADERO,Client-confirmed row-level example.,,,
RG-00623,EXP-15.1,Servicios Agronomicos,direct_client_example,ASESORIA AGROPECUARIA,,SOCIEDAD ROBERTO AICHELE Y CIA LTDA.,YUTRECO,Client-confirmed row-level example.,,,
RG-00624,ADM-1.6,Utiles y gastos de oficina.,direct_client_example,REGARGA AGUA PURIFICADA,,PURIFICADORA DE AGUA ALEJANDRO SALAZAR RIVERA E.I.,RAICES,Client-confirmed row-level example.,,,
RG-00625,EXP-10.1,Mantencion Sala,direct_client_example,VIAJE TECNICO,,GEA Farm Technologies Osorno Ltda.,MAITEN,Client-confirmed row-level example.,,,
RG-00626,EXP-10.1,Mantencion Sala,direct_client_example,HORA TECNICA AM,,GEA Farm Technologies Osorno Ltda.,MAITEN,Client-confirmed row-level example.,,,
RG-00627,EXP-11.3,Petroleo,direct_client_example,PETROLEO DIESEL,,FEROSOR AGRICOLA S.A.,YUTRECO,Client-confirmed row-level example.,,,
RG-00628,EXP-14.2,Mantencion Cercos,direct_client_example,ALAMBRE GALV.#14 * KILOS,,COLUN,BRAMADERO,Client-confirmed row-level example.,,,
RG-00629,EXP-16.1,Ropa y Herramientas de Trabajo,direct_client_example,BLOQUEADOR SOLAR,,COLUN,MAITEN,Client-confirmed row-level example.,,,
RG-00630,EXP-2.2,Medicamentos Mastitis,direct_client_example,PATHOZONE,,COLUN,MAITEN,Client-confirmed row-level example.,,,
RG-00631,EXP-2.6,Otros Gastos Salud Animal,direct_client_example,TOCOPER,,COLUN,MAITEN,Client-confirmed row-level example.,,,
RG-00632,EXP-2.5,Otros Medicamentos,direct_client_example,KET 10,,COLUN,MAITEN,Client-confirmed row-level example.,,,
RG-00633,EXP-7.0,AGROQUIMICOS,direct_client_example,PRESIDE 80 WP * 300 grs,,COLUN,MAITEN,Client-confirmed row-level example.,,,
RG-00634,EXP-8.1,Pradera Perenne,direct_client_example,SEMILLA BALLICA COLUN 4*5*25 kg,,COLUN,MAITEN,Client-confirmed row-level example.,,,
RG-00635,EXP-2.3,Vacunas,direct_client_example,VACUNA CATTLEMASTER GOLD FP5 L5 25 DOSIS,,COOPERATIVA AGRICOLA Y DE SERVICIO LTDA.,RAICES,Client-confirmed row-level example.,,,
RG-00636,EXP-2.3,Vacunas,direct_client_example,VACUNA CATTLEMASTER GOLD FP5 L5 25 DOSIS,,COOPERATIVA AGRICOLA Y DE SERVICIO LTDA.,YUTRECO,Client-confirmed row-level example.,,,
RG-00637,EXP-2.3,Vacunas,direct_client_example,VACUNA CATTLEMASTER GOLD FP5 L5 25 DOSIS,,COOPERATIVA AGRICOLA Y DE SERVICIO LTDA.,MAITEN,Client-confirmed row-level example.,,,
RG-00638,EXP-2.3,Vacunas,direct_client_example,VACUNA CATTLEMASTER GOLD 25 DOSIS,,COOPERATIVA AGRICOLA Y DE SERVICIO LTDA.,BRAMADERO,Client-confirmed row-level example.,,,
RG-00639,EXP-2.1,Terapias Secado,direct_client_example,ORBENIN X 36 JER,,COLUN,YUTRECO,Client-confirmed row-level example.,,,
RG-00640,EXP-4.1,Parva Silo,direct_client_example,SILO PARVA,,AGRO SERVICIOS NAVARRETE SPA,YUTRECO,Client-confirmed row-level example.,,,
RG-00641,EXP-4.1,Parva Silo,direct_client_example,PLASTICOS PARVA,,COLUN,YUTRECO,Client-confirmed row-level example.,,,
RG-00642,EXP-4.2,Bolos Silo,direct_client_example,FLETE TRASLADO DE BOLOS DE SILO,,"SERVICIOS, COMERCIAL, AGRICOLA Y FORESTAL MORALES OPITZ SPA",MAITEN,Client-confirmed row-level example.,,,
RG-00643,EXP-4.2,Bolos Silo,direct_client_example,CONFECCION BOLOS PRADERA,,SERVICIOS AGRICOLA CORPAL SPA,,Client-confirmed row-level example.,,,
RG-00644,EXP-4.3,Bolos Heno,direct_client_example,BOLOS PAJA PLASTIFICADOS,,SERVICIOS AGRICOLA CORPAL SPA,YUTRECO,Client-confirmed row-level example.,,,
RG-00645,EXP-15.2,Servicios Veterinarios,direct_client_example,HONORARIOS VETERINARIOS LDS,,LECHERIAS DEL SUR,MAITEN,Client-confirmed row-level example.,,,
RG-00646,EXP-15.2,Servicios Veterinarios,direct_client_example,HONORARIOS VETERINARIOS LDS,,LECHERIAS DEL SUR,YUTRECO,Client-confirmed row-level example.,,,
RG-00647,EXP-15.2,Servicios Veterinarios,direct_client_example,HONORARIOS VETERINARIOS LDS,,LECHERIAS DEL SUR,BRAMADERO,Client-confirmed row-level example.,,,
RG-00648,EXP-15.2,Servicios Veterinarios,direct_client_example,HONORARIOS VETERINARIOS LDS,,LECHERIAS DEL SUR,RAICES,Client-confirmed row-level example.,,,
RG-00649,EXP-15.2,Servicios Veterinarios,direct_client_example,HONORARIOS VETERINARIOS LDS,,LECHERIAS DEL SUR,TINEO,Client-confirmed row-level example.,,,
RG-00650,EXP-15.4,Arriendo Maquinaria y Vehiculos,direct_client_example,ARRIENDO TRACTOR AGOSTO,,JORGE HECTOR KIESSLING PINUER,TINEO,Client-confirmed row-level example.,,,
RG-00651,EXP-5.3,Concentrado Otros Animales,direct_client_example,PERRO FIT FORMULA ADULTO X 20 KG,,COLUN,RAICES,Client-confirmed row-level example.,,,
RG-00652,EXP-5.3,Concentrado Otros Animales,direct_client_example,COLMILLO BLANCO X 20KG (ADULTO&CACHORRO),,COLUN,MAITEN,Client-confirmed row-level example.,,,
RG-00653,EXP-5.3,Concentrado Otros Animales,direct_client_example,MAIZ HOJUELA COLUN X 25 KG,,COLUN,MAITEN,Client-confirmed row-level example.,,,
SA-00001,EXP-11.1,Electricidad Lecheria,silver_audit,Administracion del servicio,,COOPERATIVA RURAL ELECT.R.BUENO LTDA.,,[high] Admin charge; 34320 KwH with demanda maxima industrial dairy scale | sibling 34320 KwH + demanda maxima + provider COOP RURAL ELECT,,,
SA-00002,EXP-1.1,Otros Gastos RRHH,silver_audit,CURSO OPERADOR MOTOS,,SERVICIOS TECNICOS DE CAPACITACION VICTOR HERMINIO MIRANDA HERNANDEZ E,,[high] Motorcycle operator training course for staff; EXP-1.1 explicitly covers staff training/capacitaciones. | taxonomy desc EXP-1.1 (capacitaciones) vs ADM-1.10; giro=prestacion servicios capacitacion,,,
SA-00003,EXP-11.1,Electricidad Lecheria,silver_audit,Administracion del servicio,,COOPERATIVA RURAL ELECT.R.BUENO LTDA.,,[high] Admin charge on electricity bill from rural electricity coop; sibling shows 923 KwH | provider COOP RURAL ELECT RIO BUENO + client hint EXP-11.1,,,
SA-00004,ADM-1.7,Otros Gastos Administracion,silver_audit,COMISION MANTENCION PLAN (EXENTO DE IVA),COMISION MANTENCION PLAN (EXENTO DE IVA),Santander - Chile,,[high] Santander bank plan maintenance commission; IVA exento bank fee = Otros Gastos Administracion. | taxonomy ADM-1.7 + Banco Comercial + bank commission,,,
SA-00005,ADM-1.7,Otros Gastos Administracion,silver_audit,COMISION MANTENCION PLAN (EXENTO DE IVA),COMISION MANTENCION PLAN (EXENTO DE IVA),Santander - Chile,,[high] Bank plan maintenance fee from Santander; no office lease evidence. | taxonomy ADM-1.7 admin expenses; Santander banco comercial provider,,,
SA-00006,ADM-1.7,Otros Gastos Administracion,silver_audit,COMISION MENSUAL ADMINISTRACION CONVENIO]REMUNERACIONES,COMISION MENSUAL ADMINISTRACION CONVENIO]REMUNERACIONES ]NUMERO DE OPERACION 02600554401 .,Banco de Chile,,[high] Bank commission for payroll convenio; not actual staff remuneration payment. | rule: ADM-1.1 needs explicit wages; bank fee fits ADM-1.7,,,
SA-00007,EXP-13.1,Mantencion Maquinaria,silver_audit,MANTENCION Y REPARACION,SE ADJUNTA DETALLE,JOHN MARCELO CARRILLO SOLDAN,,[high] Maintenance and repair service; giro explicitly states maquinaria e implementos agricolas. | taxonomy desc EXP-13.1; provider giro=mantencion maquinaria e implementos agricolas,,,
SA-00008,ADM-1.7,Otros Gastos Administracion,silver_audit,Comisión por Pagos de Nominas,,BANCO BICE,,"[high] Bank fee for payroll payment processing; not wages, not legal advisory. | taxonomy ADM-1.7; rule: ADM-1.1 requires explicit wages/sueldo",,,
SA-00009,EXP-12.2,Analisis Animales,silver_audit,LEUCOSIS ELISA SUERO POOL 10 MUESTRAS,,COOPERATIVA AGRICOLA Y DE SERVICIOS LTDA,,[high] Bovine leukosis ELISA serology test; sibling=Brucelosis; animal disease diagnostics. | taxonomy desc EXP-12.2 + sibling Brucelosis serology test,,,
SA-00010,EXP-11.1,Electricidad Lecheria,silver_audit,Administracion del servicio,,COOPERATIVA RURAL ELECT.R.BUENO LTDA.,,[high] Admin charge on electricity bill; provider = dairy electricity cooperative | provider COOP RURAL ELECT RIO BUENO + sibling 720 KwH,,,
SA-00011,EXP-11.1,Electricidad Lecheria,silver_audit,Administracion del servicio,,COOPERATIVA RURAL ELECT.R.BUENO LTDA.,,[high] Admin charge; 41220 KwH with demanda maxima clearly industrial dairy-scale consumption | sibling 41220 KwH + demanda maxima + provider COOP RURAL ELECT,,,
SA-00012,ADM-1.7,Otros Gastos Administracion,silver_audit,MONITOREO MES DE 03/2025 CONTRATO 1731576,,VERISURE CHILE SPA,,[high] Verisure monthly security monitoring is service fee not vehicle insurance | taxonomy desc ADM-2.1 vehicle insurance; monitoring not insurance; ADM-1.7 fits,,,
SA-00013,ADM-1.7,Otros Gastos Administracion,silver_audit,INTERES MORA MAYOR PLAZO,,COOPERATIVA AGRICOLA Y DE SERVICIOS LTDA,,[high] Late payment interest (mora) on extended credit = administrative financial charge | item: INTERES MORA MAYOR PLAZO; ADM-1.7 covers financial admin charges,,,
SA-00014,EXP-12.2,Analisis Animales,silver_audit,NEOSPOROSIS ELISA SUERO,,COOPERATIVA AGRICOLA Y DE SERVICIOS LTDA,,[high] ELISA serology for Neospora; siblings Paratuberculosis/IBR/Leptospira confirm animal diagnostic panel. | taxonomy desc EXP-12.2 + sibling animal serology tests,,,
SA-00015,ADM-1.10,Otros Servicios y Asesorias,silver_audit,RECURSOS HUMANOS,CONSULTORIA EN GESTIÓN DE PERSONAS MAYO,SERVICIOS PROFESIONALES EN SEGURIDAD Y SALUD OCUPACIONAL JACQUELINE FU,,"[high] HR consultancy service, professional fee not wages | client hint: same provider+item = ADM-1.10",,,
SA-00016,ADM-1.10,Otros Servicios y Asesorias,silver_audit,PREVENCION DE RIESGOS,CONSULTORIA POR PROFESIONAL EN SEGURIDAD Y SALUD OCUPACIONAL OCTUBRE,SERVICIOS PROFESIONALES EN SEGURIDAD Y SALUD OCUPACIONAL JACQUELINE FU,,[high] OHS consultancy; client hint ADM-1.10 explicitly shows 'SEGURIDAD Y SALUD OCUPA' as example. | client hint ADM-1.10 example provider 'SERVICIOS PROFESIONALES EN SEGURIDAD Y SALUD OCUPA',,,
SA-00017,ADM-1.7,Otros Gastos Administracion,silver_audit,COMISION MENSUAL ADMINISTRACION CONVENIO]REMUNERACIONES,COMISION MENSUAL ADMINISTRACION CONVENIO]REMUNERACIONES ]NUMERO DE OPERACION 02600554401 .,Banco de Chile,,[high] Bank commission for payroll admin service; rule: 'administracion del servicio' is NOT wages. | rule ADM-1.1 'administracion del servicio NOT wages'; taxonomy ADM-1.7 misc admin,,,
SA-00018,ADM-1.4,Movilizacion,silver_audit,Venta de asiento,Venta de asiento,LATAM AIRLINES GROUP SA,,[high] Airline ticket (venta de asiento) from LATAM = administration travel/mobilization. | taxonomy ADM-1.4 plane tickets; provider LATAM AIRLINES,,,
SA-00019,ADM-1.7,Otros Gastos Administracion,silver_audit,COMISION DE MANTENCION DE PLAN,COMISION DE MANTENCION DE PLAN,Santander - Chile,,[high] Bank plan maintenance commission fits otros gastos administracion | taxonomy desc ADM-1.7 + provider Santander Banco Comercial,,,
SA-00020,ADM-1.7,Otros Gastos Administracion,silver_audit,COMISION MANTENCION PLAN (EXENTO DE IVA),COMISION MANTENCION PLAN (EXENTO DE IVA),Santander - Chile,,[high] Santander bank plan maintenance commission; IVA exento bank fee = Otros Gastos Administracion. | taxonomy ADM-1.7 + Banco Comercial + bank commission,,,
SA-00021,EXP-11.1,Electricidad Lecheria,silver_audit,Administracion del servicio,,COOPERATIVA RURAL ELECT.R.BUENO LTDA.,,[high] Admin charge; 8640 KwH with demanda maxima consistent with dairy shed operation | sibling demanda maxima + KwH + provider COOP RURAL ELECT,,,
SA-00022,ADM-1.7,Otros Gastos Administracion,silver_audit,MONITOREO MES DE 06/2025 CONTRATO 1731305,,VERISURE CHILE SPA,,[high] Verisure monthly security monitoring is service fee not vehicle insurance | taxonomy desc ADM-2.1 vehicle insurance; monitoring not insurance; ADM-1.7 fits,,,
SA-00023,ADM-1.7,Otros Gastos Administracion,silver_audit,COMISION MENSUAL ADMINISTRACION CONVENIO]REMUNERACIONES,COMISION MENSUAL ADMINISTRACION CONVENIO]REMUNERACIONES ]NUMERO DE OPERACION 02600554401 .,Banco de Chile,,[high] Bank commission for payroll administration service; not direct employee wages. | rule: ADM-1.1 needs explicit wages; Banco de Chile bank fee ADM-1.7,,,
SA-00024,ADM-1.7,Otros Gastos Administracion,silver_audit,MONITOREO MES DE 11/2025 CONTRATO 1731275,,VERISURE CHILE SPA,,[high] Verisure monthly security monitoring is a service fee not insurance policy | taxonomy desc ADM-2.3 requires insurance; monitoring=service; ADM-1.7 fits,,,
SA-00025,ADM-1.8,Asesoria Contable,silver_audit,FACTURACION ELECTRONICA,GestionDTE Facturas Periodo Octubre de 2025,AUDISOFT SPA,,[high] AUDISOFT electronic invoicing software; AUDISOFT named in ADM-1.8 taxonomy example. | taxonomy ADM-1.8 'audysoft'; provider AUDISOFT SPA sibling Licencia Audisoft,,,
SA-00026,ADM-1.7,Otros Gastos Administracion,silver_audit,COMISION DE MANTENCION DE PLAN,COMISION DE MANTENCION DE PLAN,Santander - Chile,,[high] Bank plan maintenance commission fits otros gastos administracion | taxonomy desc ADM-1.7 + provider Santander Banco Comercial,,,
SA-00027,ADM-1.4,Movilizacion,silver_audit,Intereses Exentos,,SOCIEDAD CONCESIONARIA RUTA 5 TALCA-CHILLAN S.A.,,[high/toll] Toll/peaje charge; ADM-1.4 lists 'peajes'. | client desc ADM-1.4,,,
SA-00028,ADM-1.7,Otros Gastos Administracion,silver_audit,MONITOREO MES DE 05/2025 CONTRATO 1731275,,VERISURE CHILE SPA,,[high] Verisure monthly security monitoring is service fee not vehicle insurance | taxonomy desc ADM-2.1 vehicle insurance; monitoring not insurance; ADM-1.7 fits,,,
SA-00029,ADM-1.4,Movilizacion,silver_audit,Intereses Exentos,,SOCIEDAD CONCESIONARIA RUTA 5 TALCA-CHILLAN S.A.,,[high/toll] Toll/peaje charge; ADM-1.4 lists 'peajes'. | client desc ADM-1.4,,,
SA-00030,ADM-1.10,Otros Servicios y Asesorias,silver_audit,RECURSOS HUMANOS,CONSULTORIA EN GESTIÓN DE PERSONAS ABRIL,SERVICIOS PROFESIONALES EN SEGURIDAD Y SALUD OCUPACIONAL JACQUELINE FU,,[high/consultancy] External HR/OHS advisory; ADM-1.10 Otros Servicios y Asesorias. | client hint->ADM-1.10,,,
SA-00031,EXP-12.2,Analisis Animales,silver_audit,NEOSPOROSIS ELISA SUERO,,COOPERATIVA AGRICOLA Y DE SERVICIOS LTDA,,[high] ELISA serology for Neospora; siblings IBR/Leptospira/BVD confirm infectious disease diagnostic panel. | taxonomy desc EXP-12.2 + sibling animal serology tests,,,
SA-00032,EXP-11.1,Electricidad Lecheria,silver_audit,Administracion del servicio,,COOPERATIVA RURAL ELECT.R.BUENO LTDA.,,[high] Admin charge; 7860 KwH with demanda maxima consistent with dairy shed | sibling demanda maxima + KwH + provider COOP RURAL ELECT,,,
SA-00033,ADM-1.7,Otros Gastos Administracion,silver_audit,MONITOREO MES DE 02/2025 CONTRATO 1731305,,VERISURE CHILE SPA,,[high] Verisure monthly security monitoring is service fee not vehicle insurance | taxonomy desc ADM-2.1 vehicle insurance; monitoring not insurance; ADM-1.7 fits,,,
SA-00034,ADM-1.7,Otros Gastos Administracion,silver_audit,Administracion de Contratos,,BANCO BICE,,[high] Bank contract administration fee not legal advisory; sibling is lease payment | sibling arrendamiento + provider BANCO BICE Banco Comercial; ADM-1.7 bank fee,,,
SA-00035,ADM-1.9,Asesoria Legal,silver_audit,Representacion Casub RBM,,AWÜA CONSULTORES SPA,,[high] Legal representation service from law advisory firm confirmed | taxonomy desc ADM-1.9 + giro ASESORIAS Y SERVICIOS LEGALES,,,
SA-00036,ADM-1.7,Otros Gastos Administracion,silver_audit,MONITOREO MES DE 10/2025 CONTRATO 1697527,,VERISURE CHILE SPA,,[high] Verisure monthly security monitoring is service fee not vehicle insurance | taxonomy desc ADM-2.1 vehicle insurance; monitoring not insurance; ADM-1.7 fits,,,
SA-00037,EXP-15.5,Servicios Agricolas,silver_audit,OCTUBRE,SERVICIO DE CARRO PURINERO CORRESPONDIENTE A ( 36 CARROS X 11.000 LT),AGRÍCOLA RIBERAS DEL SAUCE SPA,,[high] Slurry cart service; purines explicitly listed under EXP-15.5 servicios agricolas. | taxonomy EXP-15.5 'purines'; dsc_item 'CARRO PURINERO',,,
SA-00038,ADM-1.7,Otros Gastos Administracion,silver_audit,TRANSPORTE DE CARGA Y ENCOMIENDA: 252700360,,Kaudat SpA,,[high] Courier/parcel/encomienda service; client example hint matches exactly this item type. | client hint ADM-1.7 example: TRANSPORTE DE CARGA Y ENCOMIENDA; taxonomy desc envios/encomienda,,,
SA-00039,EXP-12.2,Analisis Animales,silver_audit,LEUCOSIS ELISA SUERO POOL 10 MUESTRAS,,COOPERATIVA AGRICOLA Y DE SERVICIOS LTDA,,[high] Bovine leukosis ELISA serology test; siblings=Brucelosis+Leucosis ELISA; animal diagnostics. | taxonomy desc EXP-12.2 + sibling animal serology tests,,,
SA-00040,EXP-11.1,Electricidad Lecheria,silver_audit,Administracion del servicio,,COOPERATIVA RURAL ELECT.R.BUENO LTDA.,,[high] Admin charge on electricity bill; rural coop electricity provider | provider COOP RURAL ELECT + sibling 456 KwH electricity consumed,,,
SA-00041,ADM-1.7,Otros Gastos Administracion,silver_audit,COMISION MANTENCION PLAN (EXENTO DE IVA),COMISION MANTENCION PLAN (EXENTO DE IVA),Santander - Chile,,[high] Santander bank plan maintenance commission; bank admin fee fits Otros Gastos Administracion. | taxonomy ADM-1.7 + Banco Comercial + bank commission,,,
SA-00042,ADM-1.8,Asesoria Contable,silver_audit,FACTURACION ELECTRONICA,GestionDTE Facturas Periodo Febrero de 2025,AUDISOFT SPA,,[high] Electronic invoicing service AUDISOFT; rubric explicitly lists audysoft under ADM-1.8. | taxonomy ADM-1.8 audysoft; sibling LICENCIA AUDISOFT,,,
SA-00043,EXP-12.2,Analisis Animales,silver_audit,LEUCOSIS ELISA SUERO POOL 10 MUESTRAS,,COOPERATIVA AGRICOLA Y DE SERVICIOS LTDA,,[high] Bovine leukosis ELISA serology; siblings=Brucelosis+Paratuberculosis; animal disease panel. | taxonomy desc EXP-12.2 + sibling animal serology tests,,,
SA-00044,EXP-12.1,Analisis Suelo y forraje,silver_audit,NIRS ENSILAJE PRADERA FORRAJE,,COOPERATIVA AGRICOLA Y DE SERVICIOS LTDA,,[high] NIRS forage/silage analysis with sibling muestreo forraje; rule: NIRS->EXP-12.1 | rule: NIRS -> analysis category EXP-12.1; sibling: MUESTREO FORRAJE,,,
SA-00045,EXP-9.2,Otros Gastos Riego,silver_audit,K-L NIPLE ADAPTADOR ASPERSOR NELSON,,COOPERATIVA AGRICOLA Y DE SERVICIOS LTDA,,"[high] Nelson sprinkler adapter niple; siblings are irrigation system components | siblings: Nelson R2000 sprinkler, tubes, fittings, pressure regulator",,,
SA-00046,ADM-1.7,Otros Gastos Administracion,silver_audit,Administracion de Contratos,,BANCO BICE,,[high] Bank contract administration fee not legal advisory; sibling is lease payment | sibling arrendamiento + provider BANCO BICE Banco Comercial; ADM-1.7 bank fee,,,
SA-00047,ADM-1.4,Movilizacion,silver_audit,Gastos Cobranza,,"RUTA DEL MAIPO SOCIEDAD CONCESIONARIA, S.A.",,[high/toll] Toll/peaje charge; ADM-1.4 lists 'peajes'. | client desc ADM-1.4,,,
SA-00048,ADM-1.7,Otros Gastos Administracion,silver_audit,MONITOREO MES DE 07/2025 CONTRATO 1731275,,VERISURE CHILE SPA,,[high] Verisure monthly security monitoring is service fee not vehicle insurance | taxonomy desc ADM-2.1 vehicle insurance; monitoring not insurance; ADM-1.7 fits,,,
SA-00049,ADM-1.7,Otros Gastos Administracion,silver_audit,COMISION MANTENCION PLAN (EXENTO DE IVA),COMISION MANTENCION PLAN (EXENTO DE IVA),Santander - Chile,,[high] Santander bank plan maintenance commission; bank admin fee fits Otros Gastos Administracion. | taxonomy ADM-1.7 + Banco Comercial + bank commission,,,
SA-00050,ADM-1.7,Otros Gastos Administracion,silver_audit,COMISION MANTENCION PLAN (EXENTO DE IVA),COMISION MANTENCION PLAN (EXENTO DE IVA),Santander - Chile,,[high] Santander bank plan maintenance commission; IVA exento bank fee = Otros Gastos Administracion. | taxonomy ADM-1.7 + Banco Comercial + bank commission,,,
SA-00051,EXP-12.2,Analisis Animales,silver_audit,LEUCOSIS ELISA SUERO POOL 10 MUESTRAS,,COOPERATIVA AGRICOLA Y DE SERVICIOS LTDA,,[high] Bovine leukosis ELISA serology test; sibling=Brucelosis; animal disease diagnostics. | taxonomy desc EXP-12.2 + sibling Brucelosis serology test,,,
SA-00052,ADM-1.7,Otros Gastos Administracion,silver_audit,MONITOREO MES DE 04/2025 CONTRATO 1731576,,VERISURE CHILE SPA,,[high] Verisure monthly security monitoring is service fee not vehicle insurance | taxonomy desc ADM-2.1 vehicle insurance; monitoring not insurance; ADM-1.7 fits,,,
SA-00053,ADM-1.7,Otros Gastos Administracion,silver_audit,MONITOREO MES DE 03/2025 CONTRATO 1731275,,VERISURE CHILE SPA,,[high] Verisure monthly security monitoring is a service fee not insurance policy | taxonomy desc ADM-2.3 requires insurance; monitoring=service; ADM-1.7 fits,,,
SA-00054,ADM-1.7,Otros Gastos Administracion,silver_audit,MONITOREO MES DE 10/2025 CONTRATO 1731576,,VERISURE CHILE SPA,,[high] Verisure monthly security monitoring is service fee not vehicle insurance | taxonomy desc ADM-2.1 vehicle insurance; monitoring not insurance; ADM-1.7 fits,,,
SA-00055,ADM-1.7,Otros Gastos Administracion,silver_audit,COMISION MENSUAL ADMINISTRACION CONVENIO]REMUNERACIONES,COMISION MENSUAL ADMINISTRACION CONVENIO]REMUNERACIONES ]NUMERO DE OPERACION 02600554401 .,Banco de Chile,,[high] Bank commission for payroll processing service; not actual wages paid to staff. | rule: ADM-1.1 needs explicit wages; item is bank fee for convenio remuneraciones,,,
SA-00056,ADM-1.7,Otros Gastos Administracion,silver_audit,COMISION MENSUAL ADMINISTRACION CONVENIO]REMUNERACIONES,COMISION MENSUAL ADMINISTRACION CONVENIO]REMUNERACIONES ]NUMERO DE OPERACION 02600554401 .,Banco de Chile,,[high] Bank commission for payroll convenio administration; not actual salary/wages payment. | rule: ADM-1.1 needs explicit wages; Banco de Chile commission is admin fee,,,
SA-00057,EXP-14.4,Mantencion Instalaciones,silver_audit,RETIRO ALIMENTO,,MANTENCION INDUSTRIAL DEL SUR LIMITADA,,[high] Feed removal from silo before cleaning; same invoice as lavado silo interior; facility maintenance. | taxonomy desc EXP-14.4; sibling=LAVADO SILO INTERIOR+CAMION; provider giro=lecherias silos,,,
SA-00058,ADM-1.7,Otros Gastos Administracion,silver_audit,MONITOREO MES DE 06/2025 CONTRATO 1731275,,VERISURE CHILE SPA,,[high] Verisure monthly security monitoring is service fee not vehicle insurance | taxonomy desc ADM-2.1 vehicle insurance; monitoring not insurance; ADM-1.7 fits,,,
SA-00059,ADM-1.7,Otros Gastos Administracion,silver_audit,COMISION DE MANTENCION DE PLAN,COMISION DE MANTENCION DE PLAN,Santander - Chile,,[high] Bank plan maintenance commission fits otros gastos administracion | taxonomy desc ADM-1.7 + provider Santander Banco Comercial,,,
SA-00060,EXP-15.3,Fletes,silver_audit,Flete de insumos de Colun,a Futrono El Maitén,JUAN ANGEL ANIBAL VERGARA OBANDO,,[high] Freight of Colun farm inputs from origin to farm; transport company giro confirms flete. | taxonomy EXP-15.3 + client product hint FLETE COLUN + transport giro,,,
SA-00061,ADM-1.8,Asesoria Contable,silver_audit,FACTURACION ELECTRONICA,GestionDTE Facturas Periodo Abril de 2025,AUDISOFT SPA,,[high] Electronic invoicing service AUDISOFT; rubric explicitly lists audysoft under ADM-1.8. | taxonomy ADM-1.8 audysoft; provider AUDISOFT SPA,,,
SA-00062,ADM-1.7,Otros Gastos Administracion,silver_audit,MONITOREO MES DE 11/2025 CONTRATO 1731305,,VERISURE CHILE SPA,,[high] Verisure monthly security monitoring is service fee not vehicle insurance | taxonomy desc ADM-2.1 vehicle insurance; monitoring not insurance; ADM-1.7 fits,,,
SA-00063,EXP-12.2,Analisis Animales,silver_audit,LEUCOSIS ELISA SUERO POOL 10 MUESTRAS,,COOPERATIVA AGRICOLA Y DE SERVICIOS LTDA,,[high] Bovine leukosis ELISA serology test; sibling=Brucelosis; animal disease diagnostics. | taxonomy desc EXP-12.2 + sibling Brucelosis serology test,,,
SA-00064,EXP-14.4,Mantencion Instalaciones,silver_audit,ROSCO,,MANTENCION INDUSTRIAL DEL SUR LIMITADA,,[high] Rosco used in silo cleaning job; siblings lavado silo = maintenance of farm installation | siblings: LAVADO SILO INTERIOR + PINTURA CONO Y ANILLO; silo = installation,,,
SA-00065,EXP-14.2,Mantencion Cercos,silver_audit,dias trabajados,,CONSTRUCCIONES Y PRESTACIÓN DE SERVICIOS VICENTE DIOCARES E.I.R.L.,,"[high] Labor days with fence repair siblings confirms fence maintenance work | siblings: cerco salas sur y norte, cerco pozo lastre, etc.",,,
SA-00066,EXP-12.2,Analisis Animales,silver_audit,LEUCOSIS ELISA SUERO POOL 10 MUESTRAS,,COOPERATIVA AGRICOLA Y DE SERVICIOS LTDA,,[high] Bovine leukosis ELISA serology test; siblings=Brucelosis+Leucosis; animal disease diagnostics. | taxonomy desc EXP-12.2 + sibling animal serology tests,,,
SA-00067,EXP-13.1,Mantencion Maquinaria,silver_audit,MANO DE OBRA JOSE Q,MANO DE OBRA JOSE Q,LIDIA ANGELICA SANHUEZA FUENTES,,[high] Labour on invoice with Stihl engine parts and greasing; all machinery maintenance context. | taxonomy desc EXP-13.1; siblings=Stihl engine parts+engrace; giro=maquinarias servicio tecnico,,,
SA-00068,ADM-1.7,Otros Gastos Administracion,silver_audit,TRANSPORTE DE CARGA Y ENCOMIENDA: 254539329,,Kaudat SpA,,[high] Courier/parcel/encomienda service; client example hint matches exactly this item type. | client hint ADM-1.7 example: TRANSPORTE DE CARGA Y ENCOMIENDA; taxonomy desc envios/encomienda,,,
SA-00069,ADM-1.7,Otros Gastos Administracion,silver_audit,COMISION MENSUAL ADMINISTRACION CONVENIO]REMUNERACIONES,COMISION MENSUAL ADMINISTRACION CONVENIO]REMUNERACIONES ]NUMERO DE OPERACION 02600554401 .,Banco de Chile,,[high] Banco de Chile monthly commission for payroll service; not an actual wage payment. | rule: ADM-1.1 needs explicit wages; item is bank commission for convenio,,,
SA-00070,ADM-1.7,Otros Gastos Administracion,silver_audit,MONITOREO MES DE 08/2025 CONTRATO 1731275,,VERISURE CHILE SPA,,[high] Verisure monthly security monitoring is service fee not vehicle insurance | taxonomy desc ADM-2.1 vehicle insurance; monitoring not insurance; ADM-1.7 fits,,,
SA-00071,ADM-1.4,Movilizacion,silver_audit,Intereses Exentos,,"RUTA DEL MAIPO SOCIEDAD CONCESIONARIA, S.A.",,[high/toll] Toll/peaje charge; ADM-1.4 lists 'peajes'. | client desc ADM-1.4,,,
SA-00072,EXP-11.1,Electricidad Lecheria,silver_audit,Administracion del servicio,,COOPERATIVA RURAL ELECT.R.BUENO LTDA.,,[high] Admin charge; 6180 KwH with demanda maxima consistent with dairy shed | sibling electricity + demanda maxima + provider COOP RURAL ELECT,,,
SA-00073,ADM-1.7,Otros Gastos Administracion,silver_audit,Interes Exento por mora,,Sociedad Concesionaria Costanera Norte S.A.,,[high] Late payment interest on toll road; administrative miscellaneous expense. Sibling: Gastos Cobranzas. | taxonomy ADM-1.7 misc admin; provider=toll road concession; sibling Gastos Cobranza,,,
SA-00074,ADM-1.7,Otros Gastos Administracion,silver_audit,COMISION MENSUAL ADMINISTRACION CONVENIO]REMUNERACIONES,COMISION MENSUAL ADMINISTRACION CONVENIO]REMUNERACIONES ]NUMERO DE OPERACION 02600554401 .,Banco de Chile,,[high] Bank commission for payroll admin service; rule: 'administracion del servicio' is NOT wages. | rule ADM-1.1 'administracion del servicio NOT wages'; taxonomy ADM-1.7 misc admin,,,
SA-00075,EXP-12.2,Analisis Animales,silver_audit,LEUCOSIS ELISA SUERO POOL 10 MUESTRAS,,COOPERATIVA AGRICOLA Y DE SERVICIOS LTDA,,[high] Bovine leukosis ELISA serology test; sibling=Brucelosis; animal disease diagnostics. | taxonomy desc EXP-12.2 + sibling Brucelosis serology test,,,
SA-00076,ADM-1.10,Otros Servicios y Asesorias,silver_audit,RECURSOS HUMANOS,CONSULTORIA EN GESTIÓN DE PERSONAS SEPTIEMBRE,SERVICIOS PROFESIONALES EN SEGURIDAD Y SALUD OCUPACIONAL JACQUELINE FU,,[high/consultancy] External HR/OHS advisory; ADM-1.10 Otros Servicios y Asesorias. | client hint->ADM-1.10,,,
SA-00077,EXP-12.1,Analisis Suelo y forraje,silver_audit,MUESTREO DE SUELOS,,COOPERATIVA AGRICOLA Y DE SERVICIOS LTDA,,[high] Soil sampling with sibling analisis suelo+azufre = soil lab testing | siblings: ANALISIS SIRD-S BASICO SUELO + AZUFRE; client hint EXP-12.1,,,
SA-00078,EXP-12.2,Analisis Animales,silver_audit,BOH BUTIRATO SUERO,,COOPERATIVA AGRICOLA Y DE SERVICIOS LTDA,,"[high] Beta-hydroxybutyrate (ketosis marker) serum test; siblings confirm animal blood chemistry panel. | taxonomy desc EXP-12.2 + sibling serum markers (GOT, GGT, minerales)",,,
SA-00079,EXP-11.1,Electricidad Lecheria,silver_audit,Administracion del servicio,,COOPERATIVA RURAL ELECT.R.BUENO LTDA.,,[high] Admin charge on electricity bill; rural coop electricity provider | provider COOP RURAL ELECT + sibling 583 KwH electricity consumed,,,
SA-00080,ADM-1.7,Otros Gastos Administracion,silver_audit,MONITOREO MES DE 02/2025 CONTRATO 1731275,,VERISURE CHILE SPA,,[high] Verisure monthly security monitoring is service fee not vehicle insurance | taxonomy desc ADM-2.1 vehicle insurance; monitoring not insurance; ADM-1.7 fits,,,
SA-00081,ADM-1.7,Otros Gastos Administracion,silver_audit,MONITOREO MES DE 05/2025 CONTRATO 1731305,,VERISURE CHILE SPA,,[high] Verisure monthly security monitoring is service fee not vehicle insurance | taxonomy desc ADM-2.1 vehicle insurance; monitoring not insurance; ADM-1.7 fits,,,
SA-00082,ADM-1.7,Otros Gastos Administracion,silver_audit,COMISION MANTENCION PLAN (EXENTO DE IVA),COMISION MANTENCION PLAN (EXENTO DE IVA),Santander - Chile,,[high] Santander bank plan maintenance commission; bank admin fee fits Otros Gastos Administracion. | taxonomy ADM-1.7 + Banco Comercial + bank commission,,,
SA-00083,ADM-1.10,Otros Servicios y Asesorias,silver_audit,RECURSOS HUMANOS,CONSULTORIA EN GESTIÓN DE PERSONAS SEPTIEMBRE,SERVICIOS PROFESIONALES EN SEGURIDAD Y SALUD OCUPACIONAL JACQUELINE FU,,"[high] HR consultancy service, professional fee not wages | client hint: same provider+item = ADM-1.10",,,
SA-00084,EXP-14.4,Mantencion Instalaciones,silver_audit,Raspado y bruñido,,MANTENCION INDUSTRIAL DEL SUR LIMITADA,,[high] Raspado y bruñido with sibling Limpieza silo + Pintura cono y anillo = silo maintenance | siblings: Limpieza silo 33 T; Pintura cono y anillo; EXP-14.4,,,
SA-00085,ADM-1.4,Movilizacion,silver_audit,Intereses Exentos,,SOCIEDAD CONCESIONARIA RUTA 5 TALCA-CHILLAN S.A.,,[high/toll] Toll/peaje charge; ADM-1.4 lists 'peajes'. | client desc ADM-1.4,,,
SA-00086,ADM-1.7,Otros Gastos Administracion,silver_audit,MONITOREO MES DE 04/2025 CONTRATO 1731305,,VERISURE CHILE SPA,,[high] Verisure monthly security monitoring is service fee not vehicle insurance | taxonomy desc ADM-2.1 vehicle insurance; monitoring not insurance; ADM-1.7 fits,,,
SA-00087,EXP-11.1,Electricidad Lecheria,silver_audit,Administracion del servicio,,COOPERATIVA RURAL ELECT.R.BUENO LTDA.,,[high] Admin charge on electricity bill; provider = dairy electricity coop | provider COOP RURAL ELECT RIO BUENO + client hint EXP-11.1 for this provider,,,
SA-00088,ADM-1.10,Otros Servicios y Asesorias,silver_audit,RECURSOS HUMANOS,CONSULTORIA EN GESTIÓN DE PERSONAS DICIEMBRE,SERVICIOS PROFESIONALES EN SEGURIDAD Y SALUD OCUPACIONAL JACQUELINE FU,,[high/consultancy] External HR/OHS advisory; ADM-1.10 Otros Servicios y Asesorias. | client hint->ADM-1.10,,,
SA-00089,EXP-15.5,Servicios Agricolas,silver_audit,TRASLADO DE ABONO,2 VUELTAS - TINEO,PRESTACIONES DE SERVICIOS AGRICOLAS EL SIERVO LIMITADA,,"[high] Traslado de abono = manure transport service; agricultural contracting; EXP-5.1 is feed not manure | siblings: SMART BLUE fertilizer, CULTIVO; EXP-15.5 includes purines service",,,
SA-00090,EXP-11.1,Electricidad Lecheria,silver_audit,Administracion del servicio,,COOPERATIVA RURAL ELECT.R.BUENO LTDA.,,[high] Admin charge; 17400 KwH with demanda maxima industrial dairy scale consumption | sibling 17400 KwH + demanda maxima + provider COOP RURAL ELECT,,,
SA-00091,ADM-1.7,Otros Gastos Administracion,silver_audit,MONITOREO MES DE 11/2025 CONTRATO 1697527,,VERISURE CHILE SPA,,[high] Verisure monthly security monitoring is service fee not vehicle insurance | taxonomy desc ADM-2.1 vehicle insurance; monitoring not insurance; ADM-1.7 fits,,,
SA-00092,EXP-13.1,Mantencion Maquinaria,silver_audit,ACEITE DE CADENA LTS,ACEITE DE CADENA LTS,LIDIA ANGELICA SANHUEZA FUENTES,,[high] Chain oil on invoice with Stihl chainsaw/brushcutter parts; rule: aceite/repuestos -> EXP-13.1. | rule: aceite/lubricante/repuestos=EXP-13.1; siblings=Stihl engine parts,,,
SA-00093,ADM-1.7,Otros Gastos Administracion,silver_audit,COMISION MENSUAL ADMINISTRACION CONVENIO]REMUNERACIONES,COMISION MENSUAL ADMINISTRACION CONVENIO]REMUNERACIONES ]NUMERO DE OPERACION 02600554401 .,Banco de Chile,,[high] Bank commission for payroll admin service; rule: 'administracion del servicio' is NOT wages. | rule ADM-1.1 'administracion del servicio NOT wages'; taxonomy ADM-1.7 misc admin,,,
SA-00094,EXP-14.4,Mantencion Instalaciones,silver_audit,MANO DE OBRA,CONSTRUCCION SALA ENFRIADORES,ALEJANDRO RICARDO CARRASCO AGUILAR,,[high] Labour for building cooling room; construction of farm installation fits EXP-14.4. | taxonomy desc EXP-14.4 (casas galpones construccion); dsc_item=construccion sala enfriadores,,,
SA-00095,EXP-11.1,Electricidad Lecheria,silver_audit,Administracion del servicio,,COOPERATIVA RURAL ELECT.R.BUENO LTDA.,,[high] Admin charge; 5400 KwH with demanda maxima consistent with dairy shed | sibling demanda maxima + KwH + provider COOP RURAL ELECT,,,
SA-00096,ADM-1.10,Otros Servicios y Asesorias,silver_audit,RECURSOS HUMANOS,CONSULTORIA EN GESTIÓN DE PERSONAS AGOSTO,SERVICIOS PROFESIONALES EN SEGURIDAD Y SALUD OCUPACIONAL JACQUELINE FU,,[high] HR consultancy service; not wages/payroll; client hint confirms ADM-1.10 for this provider/item. | client hint ADM-1.10 + rule: ADM-1.1 requires explicit wages,,,
SA-00097,EXP-11.1,Electricidad Lecheria,silver_audit,Administracion del servicio,,COOPERATIVA RURAL ELECT.R.BUENO LTDA.,,[high] Admin charge on electricity bill; 7440 KwH with demanda maxima consistent with dairy shed | rule: utility-bill lines follow provider+sibling; client hint EXP-11.1 for COOP RURAL ELECT,,,
SA-00098,EXP-12.2,Analisis Animales,silver_audit,LEUCOSIS ELISA SUERO POOL 10 MUESTRAS,,COOPERATIVA AGRICOLA Y DE SERVICIOS LTDA,,[high] Bovine leukosis ELISA serology test; siblings=Brucelosis+Leucosis ELISA; animal diagnostics. | taxonomy desc EXP-12.2 + sibling animal serology tests,,,
SA-00099,EXP-11.1,Electricidad Lecheria,silver_audit,Administracion del servicio,,COOPERATIVA RURAL ELECT.R.BUENO LTDA.,,[high] Admin charge on electricity bill; rural coop electricity provider | provider COOP RURAL ELECT + sibling 115 KwH electricity consumed,,,
SA-00100,ADM-1.7,Otros Gastos Administracion,silver_audit,MONITOREO MES DE 05/2025 CONTRATO 1731576,,VERISURE CHILE SPA,,[high] Verisure monthly security monitoring is service fee not vehicle insurance | taxonomy desc ADM-2.1 vehicle insurance; monitoring not insurance; ADM-1.7 fits,,,
SA-00101,ADM-1.4,Movilizacion,silver_audit,Venta de asiento,Venta de asiento,LATAM AIRLINES GROUP SA,,[high] Airline ticket (venta de asiento) from LATAM = administration travel/mobilization. | taxonomy ADM-1.4 plane tickets; provider LATAM AIRLINES,,,
SA-00102,EXP-13.1,Mantencion Maquinaria,silver_audit,MANO DE OBRA SERVICIO TECNICO GILTRAP,MANO DE OBRA SERVICIO TECNICO GILTRAP,GALLAGHER CHILE SPA,,[high] GILTRAP technical service labor; sibling 'Trabajo maestranza' confirms machinery repair context. | taxonomy EXP-13.1 + sibling maestranza/workshop + Gallagher giro,,,
SA-00103,ADM-1.8,Asesoria Contable,silver_audit,FACTURACION ELECTRONICA,GestionDTE Facturas Periodo Agosto de 2025,AUDISOFT SPA,,[high] GestionDTE electronic invoicing from AUDISOFT; rubric names audysoft under ADM-1.8. | taxonomy ADM-1.8 audysoft; provider AUDISOFT SPA,,,
SA-00104,ADM-1.7,Otros Gastos Administracion,silver_audit,COMISION MANTENCION PLAN (EXENTO DE IVA),COMISION MANTENCION PLAN (EXENTO DE IVA),Santander - Chile,,[high] Santander bank plan maintenance commission; IVA exento bank fee = Otros Gastos Administracion. | taxonomy ADM-1.7 + Banco Comercial + IVA exento bank commission,,,
SA-00105,ADM-1.7,Otros Gastos Administracion,silver_audit,COMISION MENSUAL ADMINISTRACION CONVENIO]REMUNERACIONES,COMISION MENSUAL ADMINISTRACION CONVENIO]REMUNERACIONES ]NUMERO DE OPERACION 02600554401 .,Banco de Chile,,[high] Bank commission for payroll admin service; rule: 'administracion del servicio' is NOT wages. | rule ADM-1.1 'administracion del servicio NOT wages'; taxonomy ADM-1.7 misc admin,,,
SA-00106,EXP-11.1,Electricidad Lecheria,silver_audit,Administracion del servicio,,COOPERATIVA RURAL ELECT.R.BUENO LTDA.,,[high] Utility admin charge on electricity invoice; sibings show electricity consumption | rule: utility-bill lines follow provider+sibling electricity category; provider COOP RURAL ELECT,,,
SA-00107,ADM-1.7,Otros Gastos Administracion,silver_audit,COMISION DE MANTENCION DE PLAN,COMISION DE MANTENCION DE PLAN,Santander - Chile,,[high] Bank plan maintenance commission fits otros gastos administracion | taxonomy desc ADM-1.7 + provider Santander Banco Comercial,,,
SA-00108,ADM-1.7,Otros Gastos Administracion,silver_audit,MONITOREO MES DE 12/2025 CONTRATO 1697527,,VERISURE CHILE SPA,,[high] Verisure monthly security monitoring is service fee not vehicle insurance | taxonomy desc ADM-2.1 vehicle insurance; monitoring not insurance; ADM-1.7 fits,,,
SA-00109,ADM-1.7,Otros Gastos Administracion,silver_audit,MONITOREO MES DE 12/2025 CONTRATO 1731305,,VERISURE CHILE SPA,,[high] Verisure monthly security monitoring is service fee not vehicle insurance | taxonomy desc ADM-2.1 vehicle insurance; monitoring not insurance; ADM-1.7 fits,,,
SA-00110,EXP-12.2,Analisis Animales,silver_audit,MUESTREO ADICIONAL,,COOPERATIVA AGRICOLA Y DE SERVICIOS LTDA,,[high] Additional sampling with siblings vacas en control + cuota control lechero = herd testing | siblings: VACAS EN CONTROL; CUOTA CONTROL LECHERO OFICIAL,,,
SA-00111,ADM-1.7,Otros Gastos Administracion,silver_audit,COMISION MANTENCION PLAN (EXENTO DE IVA),COMISION MANTENCION PLAN (EXENTO DE IVA),Santander - Chile,,[high] Bank account plan maintenance commission; administrative miscellaneous bank fee. | taxonomy ADM-1.7 misc admin; provider Santander; item=bank commission,,,
SA-00112,ADM-1.7,Otros Gastos Administracion,silver_audit,Comisión por Nóminas en Línea CCA,,BANCO BICE,,"[high] Bank commission for online payroll service; no legal advisory element. | taxonomy ADM-1.7; ADM-1.9 requires legal advisory, none present",,,
SA-00113,ADM-1.4,Movilizacion,silver_audit,Venta de asiento,Venta de asiento,LATAM AIRLINES GROUP SA,,[high] Airline ticket (venta de asiento) from LATAM = administration travel/mobilization. | taxonomy ADM-1.4 plane tickets; provider LATAM AIRLINES,,,
SA-00114,EXP-14.4,Mantencion Instalaciones,silver_audit,CAMION,,MANTENCION INDUSTRIAL DEL SUR LIMITADA,,"[high] Truck for silo interior washing service; siblings=lavado silo, traslado equipo; facility maintenance. | taxonomy desc EXP-14.4; sibling=LAVADO SILO INTERIOR; provider giro=lecheria silos",,,
SA-00115,ADM-1.4,Movilizacion,silver_audit,Intereses Exentos,,SOCIEDAD CONCESIONARIA RUTA 5 TALCA-CHILLAN S.A.,,[high/toll] Toll/peaje charge; ADM-1.4 lists 'peajes'. | client desc ADM-1.4,,,
SA-00116,ADM-1.7,Otros Gastos Administracion,silver_audit,MONITOREO MES DE 03/2025 CONTRATO 1731305,,VERISURE CHILE SPA,,[high] Verisure monthly security monitoring is service fee not vehicle insurance | taxonomy desc ADM-2.1 vehicle insurance; monitoring not insurance; ADM-1.7 fits,,,
SA-00117,EXP-14.4,Mantencion Instalaciones,silver_audit,TRASLADO EQUIPO,,MANTENCION INDUSTRIAL DEL SUR LIMITADA,,[high] Equipment transport as part of silo cleaning operation; follows silo maintenance category | siblings: LAVADO SILO INTERIOR; all lines = silo maintenance job,,,
SA-00118,EXP-12.2,Analisis Animales,silver_audit,SELENIO (SE) SUERO,,COOPERATIVA AGRICOLA Y DE SERVICIOS LTDA,,"[high] Serum biochemical panel (Se, GOT, GGT, P, Cu, Zn, Cholesterol, BHB) = cattle metabolic testing | siblings: full metabolic blood panel serum analyses for cattle",,,
SA-00120,EXP-11.1,Electricidad Lecheria,silver_audit,Administracion del servicio,,COOPERATIVA RURAL ELECT.R.BUENO LTDA.,,[high] Admin charge; 7020 KwH with demanda maxima consistent with dairy shed | sibling electricity lines + demanda maxima + provider COOP RURAL ELECT,,,
SA-00121,EXP-8.1,Pradera Perenne,silver_audit,SIEMBRA VEGA 1- MAITEN,,PRESTACIONES DE SERVICIOS AGRICOLAS EL SIERVO LIMITADA,,[high] Pasture seeding in vega area; sibling quema vega and siembra sala confirm perennial pasture establishment. | taxonomy EXP-8.1 siembra pradera; sibling quema vega siembra sala MAITEN,,,
SA-00122,ADM-1.10,Otros Servicios y Asesorias,silver_audit,RECURSOS HUMANOS,CONSULTORIA EN GESTIÓN DE PERSONAS NOVIEMBRE,SERVICIOS PROFESIONALES EN SEGURIDAD Y SALUD OCUPACIONAL JACQUELINE FU,,[high] HR consultancy service by safety/health professional firm | client hint: same provider+item = ADM-1.10,,,
SA-00123,ADM-1.10,Otros Servicios y Asesorias,silver_audit,RECURSOS HUMANOS,CONSULTORIA EN GESTIÓN DE PERSONAS JULIO,SERVICIOS PROFESIONALES EN SEGURIDAD Y SALUD OCUPACIONAL JACQUELINE FU,,[high/consultancy] External HR/OHS advisory; ADM-1.10 Otros Servicios y Asesorias. | client hint->ADM-1.10,,,
SA-00124,ADM-1.10,Otros Servicios y Asesorias,silver_audit,RECURSOS HUMANOS,CONSULTORIA EN GESTIÓN DE PERSONAS MARZO,SERVICIOS PROFESIONALES EN SEGURIDAD Y SALUD OCUPACIONAL JACQUELINE FU,,"[high] HR consultancy service, professional fee not wages | client hint: same provider+item = ADM-1.10",,,
SA-00125,ADM-1.8,Asesoria Contable,silver_audit,FACTURACION ELECTRONICA,GestionDTE Facturas Periodo Septiembre de 2025,AUDISOFT SPA,,[high] AUDISOFT electronic invoicing software; AUDISOFT named in ADM-1.8 taxonomy example. | taxonomy ADM-1.8 'audysoft'; provider AUDISOFT SPA sibling Licencia Audisoft,,,
SA-00126,ADM-1.8,Asesoria Contable,silver_audit,FACTURACION ELECTRONICA,GestionDTE Facturas Periodo Marzo de 2025,AUDISOFT SPA,,[high] GestionDTE electronic invoicing AUDISOFT; rubric names audysoft under ADM-1.8; model top1 wrong. | taxonomy ADM-1.8 audysoft; sibling LICENCIA AUDISOFT,,,
SA-00127,ADM-1.7,Otros Gastos Administracion,silver_audit,COURIER,10000158,CHILEXPRESS S.A.,,[high] Courier/parcel/encomienda service; client example hint matches exactly this item type. | client hint ADM-1.7 example: TRANSPORTE DE CARGA Y ENCOMIENDA; taxonomy desc envios/encomienda,,,
SA-00128,ADM-1.7,Otros Gastos Administracion,silver_audit,COMISION DE MANTENCION DE PLAN,COMISION DE MANTENCION DE PLAN,Santander - Chile,,[high] Santander bank plan maintenance commission; bank admin fee = Otros Gastos Administracion. | taxonomy ADM-1.7 + Banco Comercial + bank commission,,,
SA-00129,EXP-11.1,Electricidad Lecheria,silver_audit,Administracion del servicio,,COOPERATIVA RURAL ELECT.R.BUENO LTDA.,,[high] Admin charge; 6240 KwH with demanda maxima potencia leida consistent with dairy shed | sibling demanda maxima + KwH + provider COOP RURAL ELECT,,,
SA-00130,ADM-1.7,Otros Gastos Administracion,silver_audit,MONITOREO MES DE 12/2025 CONTRATO 1731576,,VERISURE CHILE SPA,,[high] Verisure monthly security monitoring is service fee not vehicle insurance | taxonomy desc ADM-2.1 vehicle insurance; monitoring not insurance; ADM-1.7 fits,,,
SA-00131,ADM-1.7,Otros Gastos Administracion,silver_audit,COMISION MANTENCION PLAN (EXENTO DE IVA),COMISION MANTENCION PLAN (EXENTO DE IVA),Santander - Chile,,[high] Bank account plan maintenance commission; administrative miscellaneous bank fee. | taxonomy ADM-1.7 misc admin; provider Santander; item=bank commission,,,
SA-00132,ADM-1.7,Otros Gastos Administracion,silver_audit,Comisión por Nóminas en Línea CCA,,BANCO BICE,,"[high] Bank fee for payroll processing service; not wages, not legal advisory. | taxonomy ADM-1.7; rule: ADM-1.1 requires explicit wages/sueldo",,,
SA-00133,EXP-10.1,Mantencion Sala,silver_audit,REPUESTOS MANTENCION ESTANQUE PREDIAL,REPUESTOS MANTENCION ESTANQUE PREDIAL,COOPERATIVA AGRICOLA Y LECHERA DE LA UNION LTDA.,,[high] Spare parts for milk tank maintenance from Colun; client hint confirms estanques->EXP-10.1. | client hint EXP-10.1 MOVILIZACION MANTENCION ESTANQUES from Colun; provider=Colun,,,
SA-00134,EXP-12.2,Analisis Animales,silver_audit,LEUCOSIS ELISA SUERO POOL 10 MUESTRAS,,COOPERATIVA AGRICOLA Y DE SERVICIOS LTDA,,[high] Bovine leukosis ELISA serology test; sibling=Brucelosis; animal disease diagnostics. | taxonomy desc EXP-12.2 + sibling Brucelosis serology test,,,
SA-00135,EXP-14.4,Mantencion Instalaciones,silver_audit,HORA SERVICIO TECNICO,,ERWIN RAMIRO AGUILEF PINUER,,[high] Electrical and plumbing service; siblings show electrical/gasfiteria materials; building maintenance not machinery. | taxonomy EXP-14.4 desc (casas/galpones); giro=electrical+plumbing installation,,,
SA-00136,ADM-1.7,Otros Gastos Administracion,silver_audit,COMISION MANTENCION PLAN (EXENTO DE IVA),COMISION MANTENCION PLAN (EXENTO DE IVA),Santander - Chile,,[high] Bank plan maintenance fee from Santander; no office lease evidence. | taxonomy ADM-1.7 admin expenses; Santander banco comercial provider,,,
SA-00137,ADM-1.8,Asesoria Contable,silver_audit,FACTURACION ELECTRONICA,GestionDTE Facturas Periodo Julio de 2025,AUDISOFT SPA,,[high] Electronic invoicing service AUDISOFT; rubric explicitly lists audysoft under ADM-1.8. | taxonomy ADM-1.8 audysoft; sibling LICENCIA AUDISOFT,,,
SA-00139,ADM-1.7,Otros Gastos Administracion,silver_audit,COMISION DE MANTENCION DE PLAN,COMISION DE MANTENCION DE PLAN,Santander - Chile,,[high] Santander bank plan maintenance commission; bank admin fee = Otros Gastos Administracion. | taxonomy ADM-1.7 + Banco Comercial + bank commission,,,
SA-00140,EXP-12.1,Analisis Suelo y forraje,silver_audit,NIRS ENSILAJE PRADERA FORRAJE,,COOPERATIVA AGRICOLA Y DE SERVICIOS LTDA,,[high] NIRS forage/silage analysis with sibling muestreo forraje; rule: NIRS->EXP-12.1 | rule: NIRS -> analysis category EXP-12.1; sibling: MUESTREO FORRAJE,,,
SA-00141,ADM-1.7,Otros Gastos Administracion,silver_audit,Comisión por Nóminas en Línea CCA,,BANCO BICE,,"[high] Bank commission for online payroll service; no legal advisory element. | taxonomy ADM-1.7; ADM-1.9 requires legal advisory, none present",,,
SA-00142,ADM-1.7,Otros Gastos Administracion,silver_audit,COMISION DE MANTENCION DE PLAN,COMISION DE MANTENCION DE PLAN,Santander - Chile,,[high] Bank plan maintenance commission fits otros gastos administracion | taxonomy desc ADM-1.7 + provider Santander Banco Comercial,,,
SA-00143,EXP-11.1,Electricidad Lecheria,silver_audit,Administracion del servicio,,COOPERATIVA RURAL ELECT.R.BUENO LTDA.,,[high] Admin charge on electricity bill; rural coop electricity provider | provider COOP RURAL ELECT + sibling 488 KwH electricity consumed,,,
SA-00144,ADM-1.7,Otros Gastos Administracion,silver_audit,Comisión por Nóminas en Línea CCA,,BANCO BICE,,"[high] Bank fee for payroll processing service; not wages, not legal advisory. | taxonomy ADM-1.7; rule: ADM-1.1 requires explicit wages/sueldo",,,
SA-00145,EXP-11.1,Electricidad Lecheria,silver_audit,Administracion del servicio,,COOPERATIVA RURAL ELECT.R.BUENO LTDA.,,[high] Admin charge; 8760 KwH with demanda maxima potencia consistent with dairy operation | sibling electricity consumption + demanda maxima + provider COOP RURAL ELECT RIO BUENO,,,
SA-00146,EXP-13.1,Mantencion Maquinaria,silver_audit,MANO DE OBRA MARCELO,MANO DE OBRA MARCELO,LIDIA ANGELICA SANHUEZA FUENTES,,[high] Labor for chainsaw repair; siblings are Stihl MS210/MS170 chainsaw parts | siblings: MEMB REG CARB MS210; BUJIA STIHL; FILTRO MEZCLA chainsaw parts,,,
SA-00147,ADM-1.7,Otros Gastos Administracion,silver_audit,Administracion de Contratos,,BANCO BICE,,[high] Bank contract administration fee not legal advisory; sibling is lease payment | sibling arrendamiento + provider BANCO BICE Banco Comercial; ADM-1.7 bank fee,,,
SA-00148,EXP-11.1,Electricidad Lecheria,silver_audit,Administracion del servicio,,COOPERATIVA RURAL ELECT.R.BUENO LTDA.,,[high] Admin charge on electricity bill; rural coop electricity provider | provider COOP RURAL ELECT + sibling 473 KwH electricity consumed,,,
SA-00149,ADM-1.7,Otros Gastos Administracion,silver_audit,TRANSPORTE DE CARGA Y ENCOMIENDA: 260579524,,Kaudat SpA,,[high] Courier/parcel/encomienda service; client example hint matches exactly this item type. | client hint ADM-1.7 example: TRANSPORTE DE CARGA Y ENCOMIENDA; taxonomy desc envios/encomienda,,,
SA-00150,ADM-1.7,Otros Gastos Administracion,silver_audit,Comisión por Pagos de Nominas,,BANCO BICE,,"[high] Bank fee for payroll payment processing; not wages, not legal advisory. | taxonomy ADM-1.7; rule: ADM-1.1 requires explicit wages/sueldo",,,
SA-00151,EXP-15.5,Servicios Agricolas,silver_audit,YUTRECO PURINES,10 febrero 2026 46 carradas 11.000 lts lluvia y problema Motobomba,SERVICIOS AGRICOLAS CORPAL SPA,,[high] Slurry transport service (purines); purines explicitly listed under EXP-15.5. | taxonomy EXP-15.5 'purines'; nmb_item 'YUTRECO PURINES'; dsc_item slurry carts,,,
SA-00152,EXP-11.1,Electricidad Lecheria,silver_audit,Administracion del servicio,,COOPERATIVA RURAL ELECT.R.BUENO LTDA.,,[high] Admin charge on electricity bill; provider rural electricity coop | provider COOP RURAL ELECT + sibling 610 KwH electricity consumed,,,
SA-00154,EXP-13.1,Mantencion Maquinaria,silver_audit,MANO DE OBRA SERVICIO TECNICO GALLAGHER,MANO DE OBRA SERVICIO TECNICO GALLAGHER,GALLAGHER CHILE SPA,,"[high] Gallagher tech service; siblings: platemeter gear, potentiometer, battery — electronic equipment maintenance. | taxonomy EXP-13.1 + sibling electronic farm equipment parts",,,
SA-00155,ADM-1.7,Otros Gastos Administracion,silver_audit,COMISION MANTENCION PLAN (EXENTO DE IVA),COMISION MANTENCION PLAN (EXENTO DE IVA),Santander - Chile,,[high] Bank plan maintenance fee from Santander; no office lease evidence. | taxonomy ADM-1.7 admin expenses; Santander banco comercial provider,,,
SA-00156,ADM-1.7,Otros Gastos Administracion,silver_audit,270 RECAUDACION POR RENOVACION CASILLAS,,EMPRESAS DE CORREOS DE CHILE,,[high] PO box renewal fee (casillas postales) from Correos de Chile; fits admin misc expenses. | taxonomy ADM-1.7 description: envios/admin expenses + postal service provider,,,
SA-00157,ADM-1.7,Otros Gastos Administracion,silver_audit,Comisión por Nóminas en Línea CCA,,BANCO BICE,,"[high] Bank commission for online payroll service; no legal advisory element. | taxonomy ADM-1.7; ADM-1.9 requires legal advisory, none present",,,
SA-00158,ADM-1.7,Otros Gastos Administracion,silver_audit,COMISION MANTENCION PLAN (EXENTO DE IVA),COMISION MANTENCION PLAN (EXENTO DE IVA),Santander - Chile,,[high] Bank account plan maintenance commission; administrative miscellaneous bank fee. | taxonomy ADM-1.7 misc admin; provider Santander; item=bank commission,,,
SA-00159,EXP-13.1,Mantencion Maquinaria,silver_audit,MANO DE OBRA SERVICIO TECNICO GALLAGHER,MANO DE OBRA SERVICIO TECNICO GALLAGHER,GALLAGHER CHILE SPA,,"[high] Gallagher tech service; siblings: aceite, ejes maestranza, masa arreador — dairy shed machinery repair. | taxonomy EXP-13.1 + sibling dairy machinery parts (arreador)",,,
SA-00160,EXP-13.1,Mantencion Maquinaria,silver_audit,MANO DE OBRA SERVICIO TECNICO GILTRAP,MANO DE OBRA SERVICIO TECNICO GILTRAP,GALLAGHER CHILE SPA,,"[high] Gallagher machinery dealer; siblings include correa, rodamiento, reten — machine repair parts. | taxonomy EXP-13.1 + sibling machine parts + provider giro maquinarias",,,
SA-00161,ADM-1.7,Otros Gastos Administracion,silver_audit,COMISION MANTENCION PLAN (EXENTO DE IVA),COMISION MANTENCION PLAN (EXENTO DE IVA),Santander - Chile,,[high] Santander bank plan maintenance commission; IVA exento bank fee = Otros Gastos Administracion. | taxonomy ADM-1.7 + Banco Comercial + bank commission,,,
SA-00163,ADM-1.7,Otros Gastos Administracion,silver_audit,COMISION MENSUAL ADMINISTRACION CONVENIO]REMUNERACIONES,COMISION MENSUAL ADMINISTRACION CONVENIO]REMUNERACIONES ]NUMERO DE OPERACION 02600554401 .,Banco de Chile,,[high] Bank commission for payroll admin service; rule: 'administracion del servicio' is NOT wages. | rule ADM-1.1 'administracion del servicio NOT wages'; taxonomy ADM-1.7 misc admin,,,
SA-00164,EXP-13.3,Mantencion Vehiculos,silver_audit,GRABADO DE PATENTE,GRABADO DE PATENTE,DISTRIBUIDORA COMERCIAL P Y G LIMITADA,,"[high] License plate engraving is mandatory vehicle security service; fits vehicle maintenance category. | taxonomy desc EXP-13.3 (permisos, mantenciones vehiculos); grabado patente=vehicle regulatory",,,
SA-00165,ADM-1.10,Otros Servicios y Asesorias,silver_audit,RECURSOS HUMANOS,CONSULTORIA EN GESTIÓN DE PERSONAS ENERO,SERVICIOS PROFESIONALES EN SEGURIDAD Y SALUD OCUPACIONAL JACQUELINE FU,,"[high] HR consultancy service, professional fee not wages | client hint: same provider+item = ADM-1.10",,,
SA-00166,EXP-11.1,Electricidad Lecheria,silver_audit,Administracion del servicio,,COOPERATIVA RURAL ELECT.R.BUENO LTDA.,,[high] Admin charge; 1440 KwH with demanda maxima consistent with dairy shed | sibling demanda maxima + KwH + provider COOP RURAL ELECT,,,
SA-00167,ADM-1.4,Movilizacion,silver_audit,Gastos Gestión Cobranzas,,Sociedad Concesionaria Costanera Norte S.A.,,[high/toll] Toll/peaje charge; ADM-1.4 lists 'peajes'. | client desc ADM-1.4,,,
SA-00168,EXP-9.2,Otros Gastos Riego,silver_audit,K-L NIPLE ADAPTADOR ASPERSOR NELSON,,COOPERATIVA AGRICOLA Y DE SERVICIOS LTDA,,"[high] Nelson sprinkler adapter niple; siblings confirm irrigation system parts | siblings: Nelson R2000, tubes, elbows, pressure regulator EXP-9.2",,,
SA-00169,ADM-1.7,Otros Gastos Administracion,silver_audit,MONITOREO MES DE 12/2025 CONTRATO 1731275,,VERISURE CHILE SPA,,[high] Verisure monthly security monitoring is a service fee not insurance policy | taxonomy desc ADM-2.3 requires insurance; monitoring=service; ADM-1.7 fits,,,
SA-00170,EXP-9.2,Otros Gastos Riego,silver_audit,.,Servicios revision y puesta en marcha fertiriego y cambio reloj horario,COOPERATIVA AGRICOLA Y DE SERVICIOS LTDA,,[high] Fertiriego inspection and commissioning service; EXP-9.2 = irrigation maintenance; not electricity. | taxonomy EXP-9.2 mantencion riego; dsc fertiriego revision puesta en marcha,,,
SA-00171,ADM-1.4,Movilizacion,silver_audit,Venta de asiento,Venta de asiento,LATAM AIRLINES GROUP SA,,[high] Airline ticket (venta de asiento) from LATAM = administration travel/mobilization. | taxonomy ADM-1.4 plane tickets; provider LATAM AIRLINES,,,
SA-00172,EXP-11.1,Electricidad Lecheria,silver_audit,Administracion del servicio,,COOPERATIVA RURAL ELECT.R.BUENO LTDA.,,[high] Utility admin charge on electricity bill with large KwH consumption and demanda maxima | rule: utility-bill lines follow provider+sibling; sibling shows 3960 KwH + demanda,,,
SA-00173,EXP-12.2,Analisis Animales,silver_audit,LEUCOSIS ELISA SUERO POOL 10 MUESTRAS,,COOPERATIVA AGRICOLA Y DE SERVICIOS LTDA,,[high] Bovine leukosis ELISA serology test; sibling=Brucelosis; both are animal disease diagnostics. | taxonomy desc EXP-12.2 + sibling Brucelosis test; provider=livestock cooperative,,,
SA-00174,EXP-14.2,Mantencion Cercos,silver_audit,dias desbrozadora,,CONSTRUCCIONES Y PRESTACIÓN DE SERVICIOS VICENTE DIOCARES E.I.R.L.,,[high] Desbrozadora days for fence clearance; all siblings are fence repair/new fence jobs | siblings: cerco x7; desbrozadora clears vegetation at fences,,,
SA-00175,ADM-1.7,Otros Gastos Administracion,silver_audit,COMISION MENSUAL ADMINISTRACION CONVENIO]REMUNERACIONES,COMISION MENSUAL ADMINISTRACION CONVENIO]REMUNERACIONES ]NUMERO DE OPERACION 02600554401 .,Banco de Chile,,[high] Banco de Chile monthly commission for payroll convenio; not actual wages/sueldo. | rule: ADM-1.1 needs explicit wages; item is bank commission ADM-1.7,,,
SA-00176,EXP-13.1,Mantencion Maquinaria,silver_audit,MTD CUCHILLO MULCHING 42PULGADAS 1 UNIDAD,MTD CUCHILLO MULCHING 42PULGADAS 1 UNIDAD,LIDIA ANGELICA SANHUEZA FUENTES,,[high] Mulching blade for MTD mower is a machinery spare part. | taxonomy EXP-13.1 repuestos maquinaria; provider COMPRAVENTA MAQUINARIAS,,,
SA-00177,ADM-1.4,Movilizacion,silver_audit,Intereses Exentos,,SOCIEDAD CONCESIONARIA RUTA 5 TALCA-CHILLAN S.A.,,[high/toll] Toll/peaje charge; ADM-1.4 lists 'peajes'. | client desc ADM-1.4,,,
SA-00178,EXP-11.1,Electricidad Lecheria,silver_audit,Administracion del servicio,,COOPERATIVA RURAL ELECT.R.BUENO LTDA.,,[high] Admin charge; 7680 KwH with demanda maxima consistent with dairy shed operation | sibling demanda maxima + KwH + provider COOP RURAL ELECT,,,
SA-00179,EXP-12.2,Analisis Animales,silver_audit,COLESTEROL SUERO,,COOPERATIVA AGRICOLA Y DE SERVICIOS LTDA,,"[high] Blood serum analysis (colesterol, minerals) in cattle cooperative; siblings confirm animal panel. | taxonomy desc EXP-12.2 + sibling serum markers (Ca, Zn, Se)",,,
SA-00180,ADM-1.7,Otros Gastos Administracion,silver_audit,Comisión por Nóminas en Línea CCA,,BANCO BICE,,"[high] Bank commission for online payroll service; no legal advisory element. | taxonomy ADM-1.7; ADM-1.9 requires legal advisory, none present",,,
SA-00181,EXP-11.1,Electricidad Lecheria,silver_audit,Administracion del servicio,,COOPERATIVA RURAL ELECT.R.BUENO LTDA.,,[high] Utility admin charge on electricity bill; provider COOP RURAL ELECT RIO BUENO = dairy shed | rule: utility-bill lines follow provider+sibling electricity category,,,
SA-00182,EXP-13.1,Mantencion Maquinaria,silver_audit,MANO DE OBRA SERVICIO TECNICO GALLAGHER,MANO DE OBRA SERVICIO TECNICO GALLAGHER,GALLAGHER CHILE SPA,,[high] Gallagher tech labor; sibling Platemeter Gear-Electronic confirms farm equipment repair context. | taxonomy EXP-13.1 + sibling platemeter parts + Gallagher giro maquinarias,,,
SA-00183,ADM-1.7,Otros Gastos Administracion,silver_audit,Comisión por Nóminas en Línea CCA,,BANCO BICE,,"[high] Bank commission for online payroll service; no legal advisory element. | taxonomy ADM-1.7; ADM-1.9 requires legal advisory, none present",,,
SA-00184,EXP-13.1,Mantencion Maquinaria,silver_audit,MANO DE OBRA SERVICIO TECNICO GILTRAP,MANO DE OBRA SERVICIO TECNICO GILTRAP,GALLAGHER CHILE SPA,,"[high] Gallagher machinery; siblings: rod int/ext masa, reten masa RF — rotary platform parts. | taxonomy EXP-13.1 + sibling machine parts + Gallagher giro",,,
SA-00185,EXP-14.3,Mantencion Agua y Purines,silver_audit,"TERMINAL HE PLANSA 1/2 "" - HOFFENS","TERMINAL HE PLANSA 1/2 "" - HOFFENS",COMERCIAL HARCHA SPA,,"[high] Plumbing fittings (terminal, tee, union, abrazadera, manguera) — water network maintenance parts. | taxonomy EXP-14.3 mangueras fittings; sibling abrazadera tee union manguera",,,
SA-00186,ADM-1.7,Otros Gastos Administracion,silver_audit,MONITOREO MES DE 01/2025 CONTRATO 1731305,,VERISURE CHILE SPA,,[high] Verisure monthly security monitoring is service fee not vehicle insurance | taxonomy desc ADM-2.1 vehicle insurance; monitoring not insurance; ADM-1.7 fits,,,
SA-00187,ADM-1.7,Otros Gastos Administracion,silver_audit,Comisión por Nóminas en Línea CCA,,BANCO BICE,,"[high] Bank commission for online payroll service; no legal advisory element. | taxonomy ADM-1.7; ADM-1.9 requires legal advisory, none present",,,
SA-00188,EXP-11.1,Electricidad Lecheria,silver_audit,Administracion del servicio,,COOPERATIVA RURAL ELECT.R.BUENO LTDA.,,[high] Admin charge on electricity bill from rural coop; sibling shows 889 KwH | provider COOP RURAL ELECT RIO BUENO + client hint EXP-11.1,,,
SA-00189,EXP-12.2,Analisis Animales,silver_audit,LEUCOSIS ELISA SUERO POOL 10 MUESTRAS,,COOPERATIVA AGRICOLA Y DE SERVICIOS LTDA,,[high] Bovine leukosis ELISA serology; siblings=Brucelosis+Paratuberculosis; animal disease panel. | taxonomy desc EXP-12.2 + sibling animal serology tests,,,
SA-00190,EXP-13.1,Mantencion Maquinaria,silver_audit,MANO DE OBRA SERVICIO TECNICO GILTRAP,MANO DE OBRA SERVICIO TECNICO GILTRAP,GALLAGHER CHILE SPA,,"[high] Gallagher farm machinery dealer; siblings are machine spare parts (correas, rodamientos, retenes). | taxonomy EXP-13.1 + sibling machine parts + provider giro maquinarias",,,
SA-00191,ADM-1.7,Otros Gastos Administracion,silver_audit,MONITOREO MES DE 09/2025 CONTRATO 1731305,,VERISURE CHILE SPA,,[high] Verisure monthly security monitoring is service fee not vehicle insurance | taxonomy desc ADM-2.1 vehicle insurance; monitoring not insurance; ADM-1.7 fits,,,
SA-00193,ADM-1.7,Otros Gastos Administracion,silver_audit,COMISION MENSUAL ADMINISTRACION CONVENIO]REMUNERACIONES,COMISION MENSUAL ADMINISTRACION CONVENIO]REMUNERACIONES ]NUMERO DE OPERACION 02600554401 .,Banco de Chile,,[high] Bank commission for administering payroll convenio; not actual wages paid. | rule: ADM-1.1 needs explicit wages; item is bank fee for convenio remuneraciones,,,
SA-00194,ADM-1.7,Otros Gastos Administracion,silver_audit,COMISION MENSUAL ADMINISTRACION CONVENIO]REMUNERACIONES,COMISION MENSUAL ADMINISTRACION CONVENIO]REMUNERACIONES ]NUMERO DE OPERACION 02600554401 .,Banco de Chile,,[high] Bank commission for payroll processing service; not actual wages. Rule bars ADM-1.1 without explicit salary evidence. | rule: ADM-1.1 needs explicit wages; item is bank fee for convenio remuneraciones,,,
SA-00195,ADM-1.7,Otros Gastos Administracion,silver_audit,MONITOREO MES DE 10/2025 CONTRATO 1731305,,VERISURE CHILE SPA,,[high] Verisure monthly security monitoring is service fee not vehicle insurance | taxonomy desc ADM-2.1 vehicle insurance; monitoring not insurance; ADM-1.7 fits,,,
SA-00196,EXP-10.1,Mantencion Sala,silver_audit,REPUESTOS MANTENCION ESTANQUE PREDIAL,REPUESTOS MANTENCION ESTANQUE PREDIAL,COOPERATIVA AGRICOLA Y LECHERA DE LA UNION LTDA.,,[high] Spare parts for milk tank maintenance from Colun; client hint confirms estanques->EXP-10.1. | client hint EXP-10.1 MOVILIZACION MANTENCION ESTANQUES from Colun; provider=Colun,,,
SA-00197,EXP-12.2,Analisis Animales,silver_audit,LEUCOSIS ELISA SUERO POOL 10 MUESTRAS,,COOPERATIVA AGRICOLA Y DE SERVICIOS LTDA,,[high] Bovine leukosis ELISA serology test; sibling=Brucelosis; animal disease diagnostics. | taxonomy desc EXP-12.2 + sibling Brucelosis serology test,,,
SA-00198,EXP-13.1,Mantencion Maquinaria,silver_audit,ACEITE DE CADENA LTS,ACEITE DE CADENA LTS,LIDIA ANGELICA SANHUEZA FUENTES,,[high] Chain oil lubricant for machinery (chainsaw); rule: aceite/lubricante -> EXP-13.1. | rule: aceite/lubricante=EXP-13.1; giro=compraventa maquinarias,,,
SA-00199,EXP-9.2,Otros Gastos Riego,silver_audit,K-L NIPLE ADAPTADOR ASPERSOR NELSON,,COOPERATIVA AGRICOLA Y DE SERVICIOS LTDA,,[high] Nelson sprinkler adapter niple = irrigation spare part | item name: K-L NIPLE ADAPTADOR ASPERSOR NELSON,,,
SA-00200,ADM-1.10,Otros Servicios y Asesorias,silver_audit,RECURSOS HUMANOS,CONSULTORIA EN GESTIÓN DE PERSONAS FEBRERO,SERVICIOS PROFESIONALES EN SEGURIDAD Y SALUD OCUPACIONAL JACQUELINE FU,,[high] HR consultancy service matches client hint example for ADM-1.10; not wages/payroll. | client hint ADM-1.10 exact match (provider+item); rule: ADM-1.1 requires explicit wages,,,
SA-00201,ADM-1.7,Otros Gastos Administracion,silver_audit,Comisión por Nóminas en Línea CCA,,BANCO BICE,,"[high] Bank commission for online payroll service; no legal advisory element. | taxonomy ADM-1.7; ADM-1.9 requires legal advisory, none present",,,
SA-00202,EXP-11.1,Electricidad Lecheria,silver_audit,Administracion del servicio,,COOPERATIVA RURAL ELECT.R.BUENO LTDA.,,[high] Admin charge on electricity bill; rural coop electricity provider | provider COOP RURAL ELECT + sibling 573 KwH electricity consumed,,,
SA-00203,ADM-1.7,Otros Gastos Administracion,silver_audit,Comisión por Nóminas en Línea CCA,,BANCO BICE,,"[high] Bank fee for payroll processing service; not wages, not legal advisory. | taxonomy ADM-1.7; rule: ADM-1.1 requires explicit wages/sueldo",,,
SA-00204,ADM-1.7,Otros Gastos Administracion,silver_audit,MONITOREO MES DE 07/2025 CONTRATO 1731305,,VERISURE CHILE SPA,,[high] Verisure monthly security monitoring is service fee not vehicle insurance | taxonomy desc ADM-2.1 vehicle insurance; monitoring not insurance; ADM-1.7 fits,,,
SA-00205,ADM-1.10,Otros Servicios y Asesorias,silver_audit,PREVENCION DE RIESGOS,CONSULTORIA POR PROFESIONAL EN SEGURIDAD Y SALUD OCUPACIONAL JUNIO,SERVICIOS PROFESIONALES EN SEGURIDAD Y SALUD OCUPACIONAL JACQUELINE FU,,[high/consultancy] External HR/OHS advisory; ADM-1.10 Otros Servicios y Asesorias. | client hint->ADM-1.10,,,
SA-00206,EXP-11.1,Electricidad Lecheria,silver_audit,Administracion del servicio,,COOPERATIVA RURAL ELECT.R.BUENO LTDA.,,[high] Admin charge on electricity bill; rural coop electricity provider | provider COOP RURAL ELECT + sibling 456 KwH electricity consumed,,,
SA-00207,ADM-1.7,Otros Gastos Administracion,silver_audit,COMISION MENSUAL ADMINISTRACION CONVENIO]REMUNERACIONES,COMISION MENSUAL ADMINISTRACION CONVENIO]REMUNERACIONES ]NUMERO DE OPERACION 02600554401 .,Banco de Chile,,[high] Banco de Chile monthly fee for payroll processing convenio; not direct wages. | rule: ADM-1.1 needs explicit wages; Banco de Chile commission = ADM-1.7,,,
SA-00208,ADM-1.7,Otros Gastos Administracion,silver_audit,Comisión por Nóminas en Línea CCA,,BANCO BICE,,"[high] Bank commission for online payroll service; no legal advisory element. | taxonomy ADM-1.7; ADM-1.9 requires legal advisory, none present",,,
SA-00209,EXP-11.1,Electricidad Lecheria,silver_audit,Administracion del servicio,,COOPERATIVA RURAL ELECT.R.BUENO LTDA.,,[high] Admin charge on electricity bill; rural coop electricity provider | provider COOP RURAL ELECT + sibling 331 KwH electricity consumed,,,
SA-00210,ADM-1.10,Otros Servicios y Asesorias,silver_audit,RECURSOS HUMANOS,CONSULTORIA EN GESTIÓN DE PERSONAS FEBRERO,SERVICIOS PROFESIONALES EN SEGURIDAD Y SALUD OCUPACIONAL JACQUELINE FU,,"[high] HR consultancy service by Jacqueline Fu, not wages or training | client hint: same provider+item = ADM-1.10",,,
SA-00211,ADM-1.7,Otros Gastos Administracion,silver_audit,COMISION DE MANTENCION DE PLAN,COMISION DE MANTENCION DE PLAN,Santander - Chile,,[high] Bank plan maintenance commission fits otros gastos administracion | taxonomy desc ADM-1.7 + provider Santander Banco Comercial,,,
SA-00212,EXP-8.4,Otros Cultivos,silver_audit,SIEMBRA RAP - BRAMADERO,,PRESTACIONES DE SERVICIOS AGRICOLAS EL SIERVO LIMITADA,,[high] Rapeseed sowing (siembra raps); taxonomy EXP-8.4 explicitly lists raps; siblings=cultivation+herbicides. | taxonomy desc EXP-8.4 (raps semilla serv agricola); item=siembra rap,,,
SA-00213,ADM-1.7,Otros Gastos Administracion,silver_audit,TRANSPORTE DE CARGA Y ENCOMIENDA: 254146417,,Kaudat SpA,,[high] Courier/parcel/encomienda service; client example hint matches exactly this item type. | client hint ADM-1.7 example: TRANSPORTE DE CARGA Y ENCOMIENDA; taxonomy desc envios/encomienda,,,
SA-00214,ADM-1.7,Otros Gastos Administracion,silver_audit,Comisión por Pagos de Nominas,,BANCO BICE,,"[high] Bank fee for payroll payment processing; not wages, not legal advisory. | taxonomy ADM-1.7; rule: ADM-1.1 requires explicit wages/sueldo",,,
SA-00215,ADM-1.7,Otros Gastos Administracion,silver_audit,MONITOREO MES DE 09/2025 CONTRATO 1731275,,VERISURE CHILE SPA,,[high] Verisure monthly security monitoring is service fee not vehicle insurance | taxonomy desc ADM-2.1 vehicle insurance; monitoring not insurance; ADM-1.7 fits,,,
SA-00216,EXP-14.4,Mantencion Instalaciones,silver_audit,GENERADOR TRIFASICO,,MANTENCION INDUSTRIAL DEL SUR LIMITADA,,"[high] Generator used in silo cleaning job; siblings lavado silo + pintura = installation maintenance | siblings: LAVADO SILO INTERIOR, PINTURA; silo is farm installation",,,
SA-00217,ADM-1.7,Otros Gastos Administracion,silver_audit,Comisión por Nóminas en Línea CCA,,BANCO BICE,,"[high] Bank fee for payroll processing service; not wages, not legal advisory. | taxonomy ADM-1.7 other admin expenses; rule: ADM-1.1 requires explicit wages",,,
SA-00218,ADM-1.8,Asesoria Contable,silver_audit,FACTURACION ELECTRONICA,GestionDTE Facturas Periodo Noviembre de 2025,AUDISOFT SPA,,[high] AUDISOFT electronic invoicing software; AUDISOFT named in ADM-1.8 taxonomy example. | taxonomy ADM-1.8 'audysoft'; provider AUDISOFT SPA sibling Licencia Audisoft,,,
SA-00219,ADM-1.7,Otros Gastos Administracion,silver_audit,Comisión por Nóminas en Línea CCA,,BANCO BICE,,"[high] Bank commission for online payroll service; no legal advisory element. | taxonomy ADM-1.7; ADM-1.9 requires legal advisory, none present",,,
SA-00220,EXP-15.5,Servicios Agricolas,silver_audit,servicio de purines,diciembre 2025,SILVOAGROPECUARIO YERKO VERA CAMPOS EMPRESA INDIVIDUAL DE RESPONSABILI,,[high] Slurry/manure spreading service; taxonomy EXP-15.5 explicitly lists purines; model top1 EXP-14.1 incorrect. | taxonomy EXP-15.5 purines; giro cultivos agricolas provider,,,
SA-00221,EXP-13.3,Mantencion Vehiculos,silver_audit,GRABADO DE PATENTE,GRABADO DE PATENTE,DISTRIBUIDORA COMERCIAL P Y G LIMITADA,,"[high] License plate engraving is mandatory vehicle security service; fits vehicle maintenance category. | taxonomy desc EXP-13.3 (permisos, mantenciones vehiculos); grabado patente=vehicle regulatory",,,
SA-00222,ADM-1.7,Otros Gastos Administracion,silver_audit,Comisión por Nóminas en Línea CCA,,BANCO BICE,,"[high] Bank commission for online payroll service; no legal advisory element. | taxonomy ADM-1.7; ADM-1.9 requires legal advisory, none present",,,
SA-00223,ADM-1.7,Otros Gastos Administracion,silver_audit,Comisión por Nóminas en Línea CCA,,BANCO BICE,,"[high] Bank fee for payroll processing service; not wages, not legal advisory. | taxonomy ADM-1.7; rule: ADM-1.1 requires explicit wages/sueldo",,,
SA-00224,ADM-1.7,Otros Gastos Administracion,silver_audit,MONITOREO MES DE 10/2025 CONTRATO 1731275,,VERISURE CHILE SPA,,[high] Verisure monthly security monitoring is a service fee not insurance policy | taxonomy desc ADM-2.3 requires insurance; monitoring=service; ADM-1.7 fits,,,
SA-00225,ADM-1.7,Otros Gastos Administracion,silver_audit,MONITOREO MES DE 01/2025 CONTRATO 1731275,,VERISURE CHILE SPA,,[high] Verisure monthly security monitoring is service fee not vehicle insurance | taxonomy desc ADM-2.1 vehicle insurance; monitoring not insurance; ADM-1.7 fits,,,
SA-00226,EXP-14.4,Mantencion Instalaciones,silver_audit,LAVADO SILO INTERIOR,,MANTENCION INDUSTRIAL DEL SUR LIMITADA,,[high] Lavado silo interior = silo cleaning/maintenance; silo is farm installation not dairy shed | siblings: CAMION ROSCO GENERADOR; silo not dairy shed; EXP-14.4,,,
SA-00227,ADM-1.7,Otros Gastos Administracion,silver_audit,Comisión por Nóminas en Línea CCA,,BANCO BICE,,"[high] Bank commission for online payroll service; no legal advisory element. | taxonomy ADM-1.7; ADM-1.9 requires legal advisory, none present",,,
SA-00228,ADM-1.7,Otros Gastos Administracion,silver_audit,COMISION DE MANTENCION DE PLAN,COMISION DE MANTENCION DE PLAN,Santander - Chile,,[high] Bank plan maintenance commission fits otros gastos administracion | taxonomy desc ADM-1.7 + provider Santander Banco Comercial,,,
SA-00229,ADM-1.7,Otros Gastos Administracion,silver_audit,Comisión por Nóminas en Línea CCA,,BANCO BICE,,"[high] Bank fee for payroll processing service; not wages, not legal advisory. | taxonomy ADM-1.7; rule: ADM-1.1 requires explicit wages/sueldo",,,
SA-00230,ADM-1.7,Otros Gastos Administracion,silver_audit,Comisión por Pagos de Nominas,,BANCO BICE,,"[high] Bank fee for payroll payment processing; not wages, not legal advisory. | taxonomy ADM-1.7; rule: ADM-1.1 requires explicit wages/sueldo",,,
SA-00231,EXP-11.1,Electricidad Lecheria,silver_audit,Administracion del servicio,,COOPERATIVA RURAL ELECT.R.BUENO LTDA.,,[high] Admin charge; 7020 KwH with demanda maxima consistent with dairy shed | sibling demanda maxima + KwH + provider COOP RURAL ELECT,,,
SA-00232,ADM-1.10,Otros Servicios y Asesorias,silver_audit,RECURSOS HUMANOS,CONSULTORIA EN GESTIÓN DE PERSONAS JUNIO,SERVICIOS PROFESIONALES EN SEGURIDAD Y SALUD OCUPACIONAL JACQUELINE FU,,[high] HR consultancy service matches client hint example for ADM-1.10; not wages/payroll. | client hint ADM-1.10 exact match (provider+item); rule: ADM-1.1 requires explicit wages,,,
SA-00233,EXP-8.4,Otros Cultivos,silver_audit,SIEMBRA - MAITEN,,PRESTACIONES DE SERVICIOS AGRICOLAS EL SIERVO LIMITADA,,[high] Sibling SIEMBRA RAP confirms rapeseed crop; EXP-8.4 examples include raps explicitly | sibling SIEMBRA RAP; taxonomy EXP-8.4 cites raps,,,
SA-00234,EXP-10.1,Mantencion Sala,silver_audit,REPUESTOS MANTENCION ESTANQUE PREDIAL,REPUESTOS MANTENCION ESTANQUE PREDIAL,COOPERATIVA AGRICOLA Y LECHERA DE LA UNION LTDA.,,[high] Spare parts for milk tank maintenance from Colun; client hint confirms estanques->EXP-10.1. | client hint EXP-10.1 MOVILIZACION MANTENCION ESTANQUES from Colun; provider=Colun,,,
SA-00235,EXP-15.5,Servicios Agricolas,silver_audit,RIEGO DE PURINES,APLICACION DE PURINES EN PRADERA 21 CARRADAS 231.000 LTS,SERVICIOS AGRICOLAS CORPAL SPA,,"[high] Manure irrigation service (riego purines on pasture); taxonomy EXP-15.5 explicitly lists purines. | taxonomy desc EXP-15.5 (purines, fertilizaciones, fumigaciones); sibling=fertilizacion urea",,,
SA-00236,EXP-11.1,Electricidad Lecheria,silver_audit,Administracion del servicio,,COOPERATIVA RURAL ELECT.R.BUENO LTDA.,,[high] Admin charge; 7860 KwH with demanda maxima consistent with dairy shed | sibling demanda maxima + KwH + provider COOP RURAL ELECT,,,
SA-00237,ADM-1.8,Asesoria Contable,silver_audit,LICENCIA AUDISOFT,Audisoft Basico Periodo Octubre de 2025,AUDISOFT SPA,,[high] Audisoft Basic license; rubric explicitly lists audysoft under ADM-1.8. | taxonomy ADM-1.8 audysoft; provider AUDISOFT SPA,,,
SA-00238,EXP-14.4,Mantencion Instalaciones,silver_audit,HULE AFRANELADO DELGADO 1.40 ANCHO,HULE AFRANELADO DELGADO 1.40 ANCHO,COMERCIAL HARCHA SPA,,"[high] Siblings: shower set, sink, cabinetry, cooktop — house/building renovation materials, not office supplies. | taxonomy EXP-14.4 casas materiales; sibling juego ducha lavaplato mueble",,,
SA-00239,EXP-14.4,Mantencion Instalaciones,silver_audit,INSTALACION DE LAVADORA,EN SALA DE ORDEÑA,SERVICIOS DE MANTENCIÓN DOMICILIARIA NONTUELA SPA,,[high] Explicit installation of washing machine in sala de ordena (milking parlor) | dsc_item: EN SALA DE ORDEÑA; EXP-10.1 covers shed maintenance | [sweep2 relabel EXP-10.1->EXP-14.4] washer install = installations (file-tier at 14.4),,,
SA-00240,EXP-11.1,Electricidad Lecheria,silver_audit,Administracion del servicio,,COOPERATIVA RURAL ELECT.R.BUENO LTDA.,,[high] Admin charge; sibling shows 23280 KwH large industrial dairy-level consumption | sibling 23280 KwH + demanda maxima + provider COOP RURAL ELECT,,,
SA-00241,EXP-14.3,Mantencion Agua y Purines,silver_audit,COPLA 32 MM HDPE,,TODO CONSTRUCCION SUR SPA,,[high] HDPE coupling and terminal fittings = water pipe maintenance parts; EXP-14.3 covers fittings. | taxonomy EXP-14.3 mangueras fittings; sibling TERMINAL HI 32MM HDPE pipe,,,
SA-00242,ADM-1.7,Otros Gastos Administracion,silver_audit,Comisión por Nóminas en Línea CCA,,BANCO BICE,,"[high] Bank fee for payroll processing service; not wages, not legal advisory. | taxonomy ADM-1.7; rule: ADM-1.1 requires explicit wages/sueldo",,,
SA-00243,EXP-11.1,Electricidad Lecheria,silver_audit,Administracion del servicio,,COOPERATIVA RURAL ELECT.R.BUENO LTDA.,,[high] Admin charge; 37440 KwH with demanda maxima industrial dairy-scale consumption | sibling 37440 KwH + demanda maxima + provider COOP RURAL ELECT,,,
SA-00244,EXP-13.1,Mantencion Maquinaria,silver_audit,SERVICIO DE EMERGENCIA (FIN DE SEMANA OFERIADO),,COMERCIAL SERVIFEED SPA,,[high] Emergency service call for industrial equipment automation; fits machinery maintenance category. | taxonomy desc EXP-13.1; provider giro=mantencion/montaje equipos industriales,,,
SA-00245,EXP-13.1,Mantencion Maquinaria,silver_audit,ENGRACE,ENGRACE,LIDIA ANGELICA SANHUEZA FUENTES,,[high] Greasing/lubrication service on invoice with Stihl small engine parts; rule: grasa/lubricante=EXP-13.1. | rule: grasa/lubricante=EXP-13.1; siblings=Stihl engine parts+mano de obra,,,
SA-00246,ADM-1.7,Otros Gastos Administracion,silver_audit,COMISION DE MANTENCION DE PLAN,COMISION DE MANTENCION DE PLAN,Santander - Chile,,[high] Bank plan maintenance commission fits otros gastos administracion | taxonomy desc ADM-1.7 + provider Santander Banco Comercial,,,
SA-00247,EXP-11.1,Electricidad Lecheria,silver_audit,Administracion del servicio,,COOPERATIVA RURAL ELECT.R.BUENO LTDA.,,[high] Admin charge; 7620 KwH with demanda maxima potencia consistent with dairy shed | sibling demanda maxima + high KwH + provider COOP RURAL ELECT,,,
SA-00248,ADM-1.7,Otros Gastos Administracion,silver_audit,MONITOREO MES DE 04/2025 CONTRATO 1731275,,VERISURE CHILE SPA,,[high] Verisure monthly security monitoring is service fee not vehicle insurance | taxonomy desc ADM-2.1 vehicle insurance; monitoring not insurance; ADM-1.7 fits,,,
SA-00249,EXP-11.1,Electricidad Lecheria,silver_audit,Administracion del servicio,,COOPERATIVA RURAL ELECT.R.BUENO LTDA.,,[high] Admin charge; 3960 KwH with demanda maxima consistent with dairy operation | sibling demanda maxima + KwH + provider COOP RURAL ELECT,,,
SA-00250,EXP-11.1,Electricidad Lecheria,silver_audit,Administracion del servicio,,COOPERATIVA RURAL ELECT.R.BUENO LTDA.,,[high] Admin charge; 7800 KwH with demanda maxima consistent with dairy shed | sibling demanda maxima + KwH + provider COOP RURAL ELECT,,,
SA-00251,ADM-1.7,Otros Gastos Administracion,silver_audit,COMISION DE MANTENCION DE PLAN,COMISION DE MANTENCION DE PLAN,Santander - Chile,,[high] Santander bank plan maintenance commission; bank admin fee = Otros Gastos Administracion. | taxonomy ADM-1.7 + Banco Comercial + bank commission description,,,
SA-00252,ADM-1.7,Otros Gastos Administracion,silver_audit,MONITOREO MES DE 03/2025 CONTRATO 1697527,,VERISURE CHILE SPA,,[high] Verisure monthly security monitoring is service fee not vehicle insurance | taxonomy desc ADM-2.1 vehicle insurance; monitoring not insurance; ADM-1.7 fits,,,
SA-00253,ADM-1.8,Asesoria Contable,silver_audit,FACTURACION ELECTRONICA,GestionDTE Facturas Periodo Diciembre de 2025,AUDISOFT SPA,,[high] AUDISOFT electronic invoicing software; AUDISOFT named in ADM-1.8 taxonomy example. | taxonomy ADM-1.8 'audysoft'; provider AUDISOFT SPA sibling Licencia Audisoft,,,
SA-00254,ADM-1.7,Otros Gastos Administracion,silver_audit,PAQUETE EXPRESS AM,,EMPRESAS DE CORREOS DE CHILE,,[high] Postal express parcel from Correos de Chile; ADM-1.7 explicitly covers envios and encomiendas. | taxonomy ADM-1.7 description: envios/encomienda + Correos de Chile postal service,,,
SA-00255,EXP-13.1,Mantencion Maquinaria,silver_audit,MANO DE OBRA SERVICIO TECNICO GALLAGHER,MANO DE OBRA SERVICIO TECNICO GALLAGHER,GALLAGHER CHILE SPA,,"[high] Gallagher tech labor; siblings: platemeter rod, slide tube, gear — farm measurement device repair. | taxonomy EXP-13.1 + sibling platemeter mechanical parts",,,
SA-00256,ADM-1.7,Otros Gastos Administracion,silver_audit,MONITOREO MES DE 08/2025 CONTRATO 1731305,,VERISURE CHILE SPA,,[high] Verisure monthly security monitoring is service fee not vehicle insurance | taxonomy desc ADM-2.1 vehicle insurance; monitoring not insurance; ADM-1.7 fits,,,
SA-00257,ADM-1.7,Otros Gastos Administracion,silver_audit,COMISION DE MANTENCION DE PLAN,COMISION DE MANTENCION DE PLAN,Santander - Chile,,[high] Bank plan maintenance commission fits otros gastos administracion | taxonomy desc ADM-1.7 + provider Santander Banco Comercial,,,
SA-00258,ADM-1.7,Otros Gastos Administracion,silver_audit,Comisión por Nóminas en Línea CCA,,BANCO BICE,,"[high] Bank commission for online payroll service; no legal advisory element. | taxonomy ADM-1.7; ADM-1.9 requires legal advisory, none present",,,
SA-00259,ADM-2.1,Seguros Vehiculos,silver_audit,Pago cuota 1. Póliza Vehiculos,300535666,REALE CHILE SEGUROS GENERALES S.A.,,[high/keyword-audit] item matches ADM-2.1 signature,,,
SA-00260,ADM-2.1,Seguros Vehiculos,silver_audit,Pago cuota 7. Póliza Vehiculos,300440510,REALE CHILE SEGUROS GENERALES S.A.,,[high/keyword-audit] item matches ADM-2.1 signature,,,
SA-00261,ADM-2.1,Seguros Vehiculos,silver_audit,Pago cuota 2. Póliza Vehiculos,300535666,REALE CHILE SEGUROS GENERALES S.A.,,[high/keyword-audit] item matches ADM-2.1 signature,,,
SA-00262,ADM-2.1,Seguros Vehiculos,silver_audit,Pago cuota 8. Póliza Vehiculos,300440510,REALE CHILE SEGUROS GENERALES S.A.,,[high/keyword-audit] item matches ADM-2.1 signature,,,
SA-00263,ADM-2.1,Seguros Vehiculos,silver_audit,Pago cuota 9. Póliza Vehiculos,300440510,REALE CHILE SEGUROS GENERALES S.A.,,[high/keyword-audit] item matches ADM-2.1 signature,,,
SA-00264,ADM-2.1,Seguros Vehiculos,silver_audit,Pago cuota 6. Póliza Vehiculos,300440510,REALE CHILE SEGUROS GENERALES S.A.,,[high/keyword-audit] item matches ADM-2.1 signature,,,
SA-00265,ADM-2.2,Seguros Trabajadores,silver_audit,Seguro Colectivo. Poliza Nro. 12799,,Cia de Seguros de Vida Consorcio Nacional de Seguros SA,,[high/keyword-audit] item matches ADM-2.2 signature,,,
SA-00266,ADM-2.2,Seguros Trabajadores,silver_audit,Seguro Colectivo. Poliza Nro. 12799,,Cia de Seguros de Vida Consorcio Nacional de Seguros SA,,[high/keyword-audit] item matches ADM-2.2 signature,,,
SA-00267,ADM-2.2,Seguros Trabajadores,silver_audit,Seguro Colectivo. Poliza Nro. 12799,,Cia de Seguros de Vida Consorcio Nacional de Seguros SA,,[high/keyword-audit] item matches ADM-2.2 signature,,,
SA-00268,ADM-2.2,Seguros Trabajadores,silver_audit,Seguro Colectivo. Poliza Nro. 12799,,Cia de Seguros de Vida Consorcio Nacional de Seguros SA,,[high/keyword-audit] item matches ADM-2.2 signature,,,
SA-00269,ADM-2.2,Seguros Trabajadores,silver_audit,Seguro Colectivo. Poliza Nro. 12799,,Cia de Seguros de Vida Consorcio Nacional de Seguros SA,,[high/keyword-audit] item matches ADM-2.2 signature,,,
SA-00270,ADM-2.2,Seguros Trabajadores,silver_audit,Seguro Colectivo. Poliza Nro. 12799,,Cia de Seguros de Vida Consorcio Nacional de Seguros SA,,[high/keyword-audit] item matches ADM-2.2 signature,,,
SA-00271,ADM-2.2,Seguros Trabajadores,silver_audit,Seguro Colectivo. Poliza Nro. 12799,,Cia de Seguros de Vida Consorcio Nacional de Seguros SA,,[high/keyword-audit] item matches ADM-2.2 signature,,,
SA-00272,ADM-2.2,Seguros Trabajadores,silver_audit,Seguro Colectivo. Poliza Nro. 12799,,Cia de Seguros de Vida Consorcio Nacional de Seguros SA,,[high/keyword-audit] item matches ADM-2.2 signature,,,
SA-00273,ADM-2.2,Seguros Trabajadores,silver_audit,Seguro Colectivo. Poliza Nro. 12799,,Cia de Seguros de Vida Consorcio Nacional de Seguros SA,,[high/keyword-audit] item matches ADM-2.2 signature,,,
SA-00274,ADM-2.2,Seguros Trabajadores,silver_audit,Seguro Colectivo. Poliza Nro. 12799,,Cia de Seguros de Vida Consorcio Nacional de Seguros SA,,[high/keyword-audit] item matches ADM-2.2 signature,,,
SA-00275,ADM-2.2,Seguros Trabajadores,silver_audit,Seguro Colectivo. Poliza Nro. 12799,,Cia de Seguros de Vida Consorcio Nacional de Seguros SA,,[high/keyword-audit] item matches ADM-2.2 signature,,,
SA-00276,ADM-2.2,Seguros Trabajadores,silver_audit,Seguro Colectivo. Poliza Nro. 12799,,Cia de Seguros de Vida Consorcio Nacional de Seguros SA,,[high/keyword-audit] item matches ADM-2.2 signature,,,
SA-00277,ADM-2.2,Seguros Trabajadores,silver_audit,Seguro Colectivo. Poliza Nro. 12799,,Cia de Seguros de Vida Consorcio Nacional de Seguros SA,,[high/keyword-audit] item matches ADM-2.2 signature,,,
SA-00278,ADM-2.2,Seguros Trabajadores,silver_audit,RUTCOBRANZA 96685810,,Cia de Seguros de Vida Consorcio Nacional de Seguros SA,,[high/keyword-audit] item matches ADM-2.2 signature,,,
SA-00279,ADM-2.2,Seguros Trabajadores,silver_audit,RUTCOBRANZA 96685810,,Cia de Seguros de Vida Consorcio Nacional de Seguros SA,,[high/keyword-audit] item matches ADM-2.2 signature,,,
SA-00280,ADM-2.2,Seguros Trabajadores,silver_audit,RUTCOBRANZA 96685810,,Cia de Seguros de Vida Consorcio Nacional de Seguros SA,,[high/keyword-audit] item matches ADM-2.2 signature,,,
SA-00281,ADM-2.2,Seguros Trabajadores,silver_audit,RUTCOBRANZA 96685810,,Cia de Seguros de Vida Consorcio Nacional de Seguros SA,,[high/keyword-audit] item matches ADM-2.2 signature,,,
SA-00282,ADM-2.2,Seguros Trabajadores,silver_audit,RUTCOBRANZA 96685810,,Cia de Seguros de Vida Consorcio Nacional de Seguros SA,,[high/keyword-audit] item matches ADM-2.2 signature,,,
SA-00283,ADM-2.2,Seguros Trabajadores,silver_audit,RUTCOBRANZA 96685810,,Cia de Seguros de Vida Consorcio Nacional de Seguros SA,,[high/keyword-audit] item matches ADM-2.2 signature,,,
SA-00284,ADM-2.2,Seguros Trabajadores,silver_audit,RUTCOBRANZA 96685810,,Cia de Seguros de Vida Consorcio Nacional de Seguros SA,,[high/keyword-audit] item matches ADM-2.2 signature,,,
SA-00285,ADM-2.2,Seguros Trabajadores,silver_audit,RUTCOBRANZA 96685810,,Cia de Seguros de Vida Consorcio Nacional de Seguros SA,,[high/keyword-audit] item matches ADM-2.2 signature,,,
SA-00286,ADM-2.2,Seguros Trabajadores,silver_audit,RUTCOBRANZA 96685810,,Cia de Seguros de Vida Consorcio Nacional de Seguros SA,,[high/keyword-audit] item matches ADM-2.2 signature,,,
SA-00287,ADM-2.3,Seguros Otros,silver_audit,"POLIZA 6615118, FECHA DE PAGO 09/10/2025",,Cia de Seguros Generales Consorcio Nacional de Seguros SA,,[high/keyword-audit] item matches ADM-2.3 signature,,,
SA-00288,ADM-2.3,Seguros Otros,silver_audit,"POLIZA 6615118, FECHA DE PAGO 10/03/2025",,Cia de Seguros Generales Consorcio Nacional de Seguros SA,,[high/keyword-audit] item matches ADM-2.3 signature,,,
SA-00289,ADM-2.3,Seguros Otros,silver_audit,"POLIZA 6615118, FECHA DE PAGO 06/02/2025",,Cia de Seguros Generales Consorcio Nacional de Seguros SA,,[high/keyword-audit] item matches ADM-2.3 signature,,,
SA-00290,ADM-2.3,Seguros Otros,silver_audit,"POLIZA 6615118, FECHA DE PAGO 10/07/2025",,Cia de Seguros Generales Consorcio Nacional de Seguros SA,,[high/keyword-audit] item matches ADM-2.3 signature,,,
SA-00291,ADM-2.3,Seguros Otros,silver_audit,"POLIZA 6615118, FECHA DE PAGO 10/11/2025",,Cia de Seguros Generales Consorcio Nacional de Seguros SA,,[high/keyword-audit] item matches ADM-2.3 signature,,,
SA-00292,ADM-2.3,Seguros Otros,silver_audit,"POLIZA 6615118, FECHA DE PAGO 06/03/2025",,Cia de Seguros Generales Consorcio Nacional de Seguros SA,,[high/keyword-audit] item matches ADM-2.3 signature,,,
SA-00293,ADM-2.3,Seguros Otros,silver_audit,"POLIZA 6615118, FECHA DE PAGO 11/12/2025",,Cia de Seguros Generales Consorcio Nacional de Seguros SA,,[high/keyword-audit] item matches ADM-2.3 signature,,,
SA-00294,ADM-2.3,Seguros Otros,silver_audit,"POLIZA 6615118, FECHA DE PAGO 08/05/2025",,Cia de Seguros Generales Consorcio Nacional de Seguros SA,,[high/keyword-audit] item matches ADM-2.3 signature,,,
SA-00295,ADM-2.3,Seguros Otros,silver_audit,"POLIZA 6615118, FECHA DE PAGO 10/06/2025",,Cia de Seguros Generales Consorcio Nacional de Seguros SA,,[high/keyword-audit] item matches ADM-2.3 signature,,,
SA-00296,ADM-2.3,Seguros Otros,silver_audit,"POLIZA 6615118, FECHA DE PAGO 08/08/2025",,Cia de Seguros Generales Consorcio Nacional de Seguros SA,,[high/keyword-audit] item matches ADM-2.3 signature,,,
SA-00297,EXP-9.2,Otros Gastos Riego,silver_audit,mantencion,servicio de mantencion de riego,HYK MANTENIMIENTO MAKINARÍA AGRÍCOLA SPA,,[high/keyword-audit] item matches EXP-9.2 signature,,,
SA-00298,EXP-6.3,Cal,silver_audit,Ton Aplicación Cal,Ton Aplicación Cal,Servicios Bergström Limitada,,[high/keyword-audit] item matches EXP-6.3 signature,,,
SA-00299,EXP-11.5,Gas,silver_audit,GAS 15KG GASCO,GAS 15KG GASCO,ELCIRA CABEZA MENENDEZ,,[high/keyword-audit] item matches EXP-11.5 signature,,,
SA-00300,EXP-11.5,Gas,silver_audit,"Gas, 45 kilos",,JULIA IGNACIA FUENTES FLORES,,[high/keyword-audit] item matches EXP-11.5 signature,,,
SA-00301,EXP-11.5,Gas,silver_audit,"Gas, 45 kilos",,JULIA IGNACIA FUENTES FLORES,,[high/keyword-audit] item matches EXP-11.5 signature,,,
SA-00302,EXP-11.5,Gas,silver_audit,"Gas, 45 kilos",,JULIA IGNACIA FUENTES FLORES,,[high/keyword-audit] item matches EXP-11.5 signature,,,
SA-00303,EXP-11.5,Gas,silver_audit,"Gas, 45 kilos",,JULIA IGNACIA FUENTES FLORES,,[high/keyword-audit] item matches EXP-11.5 signature,,,
SA-00304,EXP-11.5,Gas,silver_audit,"Gas, 45 kilos",,JULIA IGNACIA FUENTES FLORES,,[high/keyword-audit] item matches EXP-11.5 signature,,,
SA-00305,EXP-11.5,Gas,silver_audit,"Gas, 45 kilos",,JULIA IGNACIA FUENTES FLORES,,[high/keyword-audit] item matches EXP-11.5 signature,,,
SA-00306,EXP-11.5,Gas,silver_audit,"Gas, 45 kilos",,JULIA IGNACIA FUENTES FLORES,,[high/keyword-audit] item matches EXP-11.5 signature,,,
SA-00307,EXP-11.5,Gas,silver_audit,Galón de Gas 45 kgs.,,JULIA IGNACIA FUENTES FLORES,,[high/keyword-audit] item matches EXP-11.5 signature,,,
SA-00308,EXP-11.5,Gas,silver_audit,CARGA GAS 15 KG CLASIC,,RICARDO GERMAN OSWALD BUCHNER,,[high/keyword-audit] item matches EXP-11.5 signature,,,
SA-00309,EXP-11.5,Gas,silver_audit,CARGA GAS 15 KG,,RICARDO GERMAN OSWALD BUCHNER,,[high/keyword-audit] item matches EXP-11.5 signature,,,
SA-00310,EXP-11.5,Gas,silver_audit,CARGA GAS 15 KG,,RICARDO GERMAN OSWALD BUCHNER,,[high/keyword-audit] item matches EXP-11.5 signature,,,
SA-00311,EXP-11.5,Gas,silver_audit,CARGA GAS 15 KG,,RICARDO GERMAN OSWALD BUCHNER,,[high/keyword-audit] item matches EXP-11.5 signature,,,
SA-00312,EXP-11.5,Gas,silver_audit,CARGA GAS 45 KG,,RICARDO GERMAN OSWALD BUCHNER,,[high/keyword-audit] item matches EXP-11.5 signature,,,
SA-00313,EXP-16.2,Otros Gastos Campo,client_product_rule,BALON GAS 450 GR PROVIDUS+ CUN,,SODIMAC S.A.,,"Client rule: small butane cartridges are a consumable, not a fuel. Supersedes our keyword audit.",,,
SA-00314,EXP-16.2,Otros Gastos Campo,client_product_rule,CARTUCHO DE GAS DESECHABLE 190 GR NOORWICK -@,CARTUCHO DE GAS DESECHABLE 190 GR NOORWICK -@,DORIS IVONNE CASTILLO KANTER,,"Client rule: small butane cartridges are a consumable, not a fuel. Supersedes our keyword audit.",,,
SA-00315,EXP-16.2,Otros Gastos Campo,client_product_rule,BALON GAS DESECHABLE 190 GR PROVIDUS -@,BALON GAS DESECHABLE 190 GR PROVIDUS -@,DORIS IVONNE CASTILLO KANTER,,"Client rule: small butane cartridges are a consumable, not a fuel. Supersedes our keyword audit.",,,
SA-00316,EXP-16.2,Otros Gastos Campo,client_product_rule,BALON GAS DESECHABLE 190 GR PROVIDUS -@,BALON GAS DESECHABLE 190 GR PROVIDUS -@,DORIS IVONNE CASTILLO KANTER,,"Client rule: small butane cartridges are a consumable, not a fuel. Supersedes our keyword audit.",,,
SA-00317,EXP-16.2,Otros Gastos Campo,client_product_rule,"CARTUCHO GAS BUTANO-PROPANO 227 G ""OFERTA""",,COMERCIAL CLIMENT SPA,,"Client rule: small butane cartridges are a consumable, not a fuel. Supersedes our keyword audit.",,,
SA-00318,EXP-16.2,Otros Gastos Campo,client_product_rule,FLEXIBLE GAS 1 2X1 2 SERCOGAS 1METRO CER -@,FLEXIBLE GAS 1 2X1 2 SERCOGAS 1METRO CER -@,DORIS IVONNE CASTILLO KANTER,,"Client rule: small butane cartridges are a consumable, not a fuel. Supersedes our keyword audit.",,,
SA-00319,EXP-16.2,Otros Gastos Campo,client_product_rule,FLEXIBLE GAS STRETTO HI HI 1/2 X 3/8 1.0 MT,FLEXIBLE GAS STRETTO HI HI 1/2 X 3/8 1.0 MT,COMERCIAL HARCHA SPA,,"Client rule: small butane cartridges are a consumable, not a fuel. Supersedes our keyword audit.",,,
SA-00320,EXP-16.2,Otros Gastos Campo,client_product_rule,BALON GAS 230GRS C VALV PROVIDUS -@,BALON GAS 230GRS C VALV PROVIDUS -@,DORIS IVONNE CASTILLO KANTER,,"Client rule: small butane cartridges are a consumable, not a fuel. Supersedes our keyword audit.",,,
SA-00321,EXP-12.1,Analisis Suelo y forraje,silver_audit,MUESTREO FORRAJE,,COOPERATIVA AGRICOLA Y DE SERVICIOS LTDA,,[high/keyword-audit] item matches EXP-12.1 signature,,,
SA-00322,EXP-12.1,Analisis Suelo y forraje,silver_audit,MUESTREO FORRAJE,,COOPERATIVA AGRICOLA Y DE SERVICIOS LTDA,,[high/keyword-audit] item matches EXP-12.1 signature,,,
SA-00323,EXP-12.1,Analisis Suelo y forraje,silver_audit,Muestreo forraje Maiten,,JAVIER ARIEL SILVA VERA,,[high/keyword-audit] item matches EXP-12.1 signature,,,
SA-00324,EXP-12.1,Analisis Suelo y forraje,silver_audit,ANALISIS SIRD-S BASICO SUELO + AZUFRE,,COOPERATIVA AGRICOLA Y DE SERVICIOS LTDA,,[high/keyword-audit] item matches EXP-12.1 signature,,,
SA-00325,EXP-8.1,Pradera Perenne,silver_audit,SEMILLA DE TREBOL BLCO KOTUKU AGRI 4 KG,,COAGRA S.A.,,[high/keyword-audit] item matches EXP-8.1 signature,,,
SA-00326,EXP-15.4,Arriendo Maquinaria y Vehiculos,silver_audit,ARRIENDO CAMION GRUA PLUM,"CARGA, TRASLADO Y DESCARGA DE MODULO EN RUPANCO HASTA MULPULMO",SOCIEDAD DE TRANSPORTES Y ARRIENDO DE EQUIPOS MENDOZA Y BASTIDAS LIMIT,,[high/keyword-audit] item matches EXP-15.4 signature,,,
SA-00327,EXP-15.4,Arriendo Maquinaria y Vehiculos,silver_audit,Arriendo Retroexcavadora,,SERVICIOS EL MAITEN LIMITADA,,[high/keyword-audit] item matches EXP-15.4 signature,,,
SA-00330,EXP-15.4,Arriendo Maquinaria y Vehiculos,silver_audit,ARRIENDO TRACTOR,AGOSTO,JORGE HECTOR KIESSLING PINUER,,[high/keyword-audit] item matches EXP-15.4 signature,,,
SA-00331,EXP-15.4,Arriendo Maquinaria y Vehiculos,silver_audit,ARRIENDO TRACTOR,SEPTIEMBRE,JORGE HECTOR KIESSLING PINUER,,[high/keyword-audit] item matches EXP-15.4 signature,,,
SA-00334,EXP-15.4,Arriendo Maquinaria y Vehiculos,silver_audit,CARGOS ADICIONALES,CARGOS ADICIONALES~,ARRENDADORA DE VEHICULOS SOCIEDAD ANONIMA,,[high/keyword-audit] item matches EXP-15.4 signature,,,
SA-00338,EXP-8.1,Pradera Perenne,silver_audit,SEMILLA BALLICA DAIRY PRIME DES X 25 KG,SEMILLA BALLICA DAIRY PRIME DES X 25 KG,COOPERATIVA AGRICOLA Y LECHERA DE LA UNION LTDA.,,[high/keyword-audit] item matches EXP-8.1 signature,,,
SA-00339,EXP-8.1,Pradera Perenne,silver_audit,SEMILLA BALLICA DAIRY PRIME DES X 25 KG,SEMILLA BALLICA DAIRY PRIME DES X 25 KG,COOPERATIVA AGRICOLA Y LECHERA DE LA UNION LTDA.,,[high/keyword-audit] item matches EXP-8.1 signature,,,
SA-00340,EXP-8.1,Pradera Perenne,silver_audit,SEMILLA BALLICA DAIRY PRIME DES X 25 KG,SEMILLA BALLICA DAIRY PRIME DES X 25 KG,COOPERATIVA AGRICOLA Y LECHERA DE LA UNION LTDA.,,[high/keyword-audit] item matches EXP-8.1 signature,,,
SA-00341,EXP-8.1,Pradera Perenne,silver_audit,SEMILLA BALLICA DAIRY PRIME DES X 25 KG,SEMILLA BALLICA DAIRY PRIME DES X 25 KG,COOPERATIVA AGRICOLA Y LECHERA DE LA UNION LTDA.,,[high/keyword-audit] item matches EXP-8.1 signature,,,
SA-00342,EXP-8.1,Pradera Perenne,silver_audit,SEMILLA BALLICA COLUN 4X5 X 25 KG,SEMILLA BALLICA COLUN 4X5 AGRICOTE,COOPERATIVA AGRICOLA Y LECHERA DE LA UNION LTDA.,,[high/keyword-audit] item matches EXP-8.1 signature,,,
SA-00343,EXP-8.1,Pradera Perenne,silver_audit,SEMILLA BALLICA COLUN 4X5 X 25 KG,SEMILLA BALLICA COLUN 4X5 AGRICOTE,COOPERATIVA AGRICOLA Y LECHERA DE LA UNION LTDA.,,[high/keyword-audit] item matches EXP-8.1 signature,,,
SA-00344,EXP-8.1,Pradera Perenne,silver_audit,SEMILLA BALLICA COLUN 4X5 X 25 KG,SEMILLA BALLICA COLUN 4X5 AGRICOTE,COOPERATIVA AGRICOLA Y LECHERA DE LA UNION LTDA.,,[high/keyword-audit] item matches EXP-8.1 signature,,,
SA-00345,EXP-8.1,Pradera Perenne,silver_audit,SEMILLA BALLICA COLUN 4X5 X 25 KG,SEMILLA BALLICA COLUN 4X5 AGRICOTE,COOPERATIVA AGRICOLA Y LECHERA DE LA UNION LTDA.,,[high/keyword-audit] item matches EXP-8.1 signature,,,
SA-00346,EXP-8.1,Pradera Perenne,silver_audit,SEMILLA BALLICA COLUN 4X5 X 25 KG,SEMILLA BALLICA COLUN 4X5 AGRICOTE,COOPERATIVA AGRICOLA Y LECHERA DE LA UNION LTDA.,,[high/keyword-audit] item matches EXP-8.1 signature,,,
SA-00347,EXP-8.1,Pradera Perenne,silver_audit,SEMILLA BALLICA TAMA CTE DES X 25 KG,SEMILLA BALLICA TAMA CTE DES,COOPERATIVA AGRICOLA Y LECHERA DE LA UNION LTDA.,,[high/keyword-audit] item matches EXP-8.1 signature,,,
SA-00348,EXP-8.1,Pradera Perenne,silver_audit,SEMILLA BALLICA TAMA CTE DES X 25 KG,SEMILLA BALLICA TAMA CTE DES,COOPERATIVA AGRICOLA Y LECHERA DE LA UNION LTDA.,,[high/keyword-audit] item matches EXP-8.1 signature,,,
SA-00349,EXP-8.1,Pradera Perenne,silver_audit,SEMILLA BALLICA TAMA CTE DES X 25 KG,SEMILLA BALLICA TAMA CTE DES,COOPERATIVA AGRICOLA Y LECHERA DE LA UNION LTDA.,,[high/keyword-audit] item matches EXP-8.1 signature,,,
SA-00350,EXP-8.1,Pradera Perenne,silver_audit,SEMILLA BALLICA TAMA CTE DES X 25 KG,SEMILLA BALLICA TAMA CTE DES,COOPERATIVA AGRICOLA Y LECHERA DE LA UNION LTDA.,,[high/keyword-audit] item matches EXP-8.1 signature,,,
SA-00351,EXP-8.1,Pradera Perenne,silver_audit,SEMILLA BALLICA TAMA CTE DES X 25 KG,SEMILLA BALLICA TAMA CTE DES,COOPERATIVA AGRICOLA Y LECHERA DE LA UNION LTDA.,,[high/keyword-audit] item matches EXP-8.1 signature,,,
SA-00352,EXP-8.1,Pradera Perenne,silver_audit,SEMILLA BALLICA ARRAY NEA2 AGR X 25 KG,SEMILLA BALLICA ARRAY NEA2 AGR X 25 KG,COOPERATIVA AGRICOLA Y LECHERA DE LA UNION LTDA.,,[high/keyword-audit] item matches EXP-8.1 signature,,,
SA-00353,EXP-8.1,Pradera Perenne,silver_audit,SEMILLA BALLICA TAMA CTE X 25 KG,SEMILLA BALLICA TAMA CTE,COOPERATIVA AGRICOLA Y LECHERA DE LA UNION LTDA.,,[high/keyword-audit] item matches EXP-8.1 signature,,,
SA-00354,EXP-8.1,Pradera Perenne,silver_audit,SEMILLA BALLICA TAMA CTE X 25 KG,SEMILLA BALLICA TAMA CTE,COOPERATIVA AGRICOLA Y LECHERA DE LA UNION LTDA.,,[high/keyword-audit] item matches EXP-8.1 signature,,,
SA-00355,EXP-8.1,Pradera Perenne,silver_audit,SEMILLA BALLICA TAMA CTE X 25 KG,SEMILLA BALLICA TAMA CTE,COOPERATIVA AGRICOLA Y LECHERA DE LA UNION LTDA.,,[high/keyword-audit] item matches EXP-8.1 signature,,,
SA-00356,EXP-6.3,Cal,silver_audit,CAL SUR IANSA A GRANEL,,IANSAGRO S.A.,,[high/keyword-audit] item matches EXP-6.3 signature,,,
SA-00357,EXP-6.3,Cal,silver_audit,CAL SUR IANSA A GRANEL,,IANSAGRO S.A.,,[high/keyword-audit] item matches EXP-6.3 signature,,,
SA-00358,EXP-6.3,Cal,silver_audit,CAL SUR IANSA A GRANEL,,IANSAGRO S.A.,,[high/keyword-audit] item matches EXP-6.3 signature,,,
SA-00359,EXP-6.3,Cal,silver_audit,CAL SUR IANSA A GRANEL,,IANSAGRO S.A.,,[high/keyword-audit] item matches EXP-6.3 signature,,,
SA-00360,EXP-6.3,Cal,silver_audit,CAL SUR IANSA A GRANEL,,IANSAGRO S.A.,,[high/keyword-audit] item matches EXP-6.3 signature,,,
SA-00361,EXP-6.3,Cal,silver_audit,CAL SUR IANSA A GRANEL,,IANSAGRO S.A.,,[high/keyword-audit] item matches EXP-6.3 signature,,,
SA-00362,EXP-6.3,Cal,silver_audit,CAL SUR IANSA A GRANEL,,IANSAGRO S.A.,,[high/keyword-audit] item matches EXP-6.3 signature,,,
SA-00363,EXP-6.3,Cal,silver_audit,CAL SUR IANSA A GRANEL,,IANSAGRO S.A.,,[high/keyword-audit] item matches EXP-6.3 signature,,,
SA-00364,EXP-6.3,Cal,silver_audit,CAL SUR IANSA A GRANEL,,IANSAGRO S.A.,,[high/keyword-audit] item matches EXP-6.3 signature,,,
SA-00365,EXP-6.3,Cal,silver_audit,CAL SUR IANSA A GRANEL,,IANSAGRO S.A.,,[high/keyword-audit] item matches EXP-6.3 signature,,,
SA-00366,EXP-6.3,Cal,silver_audit,CAL SUR IANSA A GRANEL,,IANSAGRO S.A.,,[high/keyword-audit] item matches EXP-6.3 signature,,,
SA-00367,EXP-6.3,Cal,silver_audit,CAL SUR IANSA A GRANEL,,IANSAGRO S.A.,,[high/keyword-audit] item matches EXP-6.3 signature,,,
SA-00368,EXP-6.3,Cal,silver_audit,CAL SUR IANSA A GRANEL,,IANSAGRO S.A.,,[high/keyword-audit] item matches EXP-6.3 signature,,,
SA-00369,EXP-6.3,Cal,silver_audit,CAL SUR IANSA A GRANEL,,IANSAGRO S.A.,,[high/keyword-audit] item matches EXP-6.3 signature,,,
SA-00370,EXP-6.3,Cal,silver_audit,CAL SUR IANSA A GRANEL,,IANSAGRO S.A.,,[high/keyword-audit] item matches EXP-6.3 signature,,,
SA-00371,EXP-6.3,Cal,silver_audit,CAL SUR IANSA A GRANEL,,IANSAGRO S.A.,,[high/keyword-audit] item matches EXP-6.3 signature,,,
SA-00372,EXP-6.3,Cal,silver_audit,CAL SUR IANSA A GRANEL,,IANSAGRO S.A.,,[high/keyword-audit] item matches EXP-6.3 signature,,,
SA-00373,EXP-6.3,Cal,silver_audit,CAL SUR IANSA A GRANEL,,IANSAGRO S.A.,,[high/keyword-audit] item matches EXP-6.3 signature,,,
SA-00374,EXP-6.3,Cal,silver_audit,CAL SUR IANSA A GRANEL,,IANSAGRO S.A.,,[high/keyword-audit] item matches EXP-6.3 signature,,,
SA-00375,EXP-6.3,Cal,silver_audit,CAL SUR IANSA A GRANEL,,IANSAGRO S.A.,,[high/keyword-audit] item matches EXP-6.3 signature,,,
SA-00376,EXP-6.3,Cal,silver_audit,CAL SUR IANSA A GRANEL,,IANSAGRO S.A.,,[high/keyword-audit] item matches EXP-6.3 signature,,,
SA-00377,EXP-12.1,Analisis Suelo y forraje,silver_audit,ANALISIS COMPLETO TEJIDO VEGETAL,,COOPERATIVA AGRICOLA Y DE SERVICIOS LTDA,,[high/keyword-audit] item matches EXP-12.1 signature,,,
SA-00378,EXP-8.4,Otros Cultivos,silver_audit,RAPS TORDON 21K -,BRAMADERO,PRESTACIONES DE SERVICIOS AGRICOLAS EL SIERVO LIMITADA,,[high/keyword-audit] item matches EXP-8.4 signature,,,
SA-00379,EXP-9.2,Otros Gastos Riego,silver_audit,DESCARGA DE MAXIS,,AGRÍCOLA J-S-E LIMITADA,,[high/keyword-audit] item matches EXP-9.2 signature,,,
SA-00380,EXP-9.2,Otros Gastos Riego,silver_audit,.,"Servicios revision tableros electricos, reparaciones, puestas en marcha, mantencion bombas fertiriego, repuestos k-line fundo maiten,yutreco y raices",COOPERATIVA AGRICOLA Y DE SERVICIOS LTDA,,[high/keyword-audit] item matches EXP-9.1 signature,,,
SA-00381,EXP-9.2,Otros Gastos Riego,silver_audit,.,"Servicio electricos, regulacion frecuencia vdf,cambio rele y reloj horario fertiriego fundo yutreco",COOPERATIVA AGRICOLA Y DE SERVICIOS LTDA,,[high/keyword-audit] item matches EXP-9.1 signature,,,
SA-00382,EXP-9.2,Otros Gastos Riego,silver_audit,mantencion,servicio de matencion de riego K LINE / IRRIPOD mas materiales,HYK MANTENIMIENTO MAKINARÍA AGRÍCOLA SPA,,[high/keyword-audit] item matches EXP-9.2 signature,,,
SA-00383,EXP-9.2,Otros Gastos Riego,silver_audit,servicio,servicio de mantencion de riego mas materiales,HYK MANTENIMIENTO MAKINARÍA AGRÍCOLA SPA,,[high/keyword-audit] item matches EXP-9.2 signature,,,
SA-00384,EXP-9.2,Otros Gastos Riego,silver_audit,mantencion idrante riego,,HYK MANTENIMIENTO MAKINARÍA AGRÍCOLA SPA,,[high/keyword-audit] item matches EXP-9.2 signature,,,
SA-00385,EXP-9.2,Otros Gastos Riego,silver_audit,servicio,mantencion de riego irripod mas materiales,HYK MANTENIMIENTO MAKINARÍA AGRÍCOLA SPA,,[high/keyword-audit] item matches EXP-9.2 signature,,,
SA-00386,EXP-9.2,Otros Gastos Riego,silver_audit,servicio,reparaciones lineas de riego,HYK MANTENIMIENTO MAKINARÍA AGRÍCOLA SPA,,[high/keyword-audit] item matches EXP-9.2 signature,,,
SA-00387,EXP-9.2,Otros Gastos Riego,silver_audit,Replanteo Vertices Riego Proy. Yutreco,,COOPERATIVA AGRICOLA Y DE SERVICIOS LTDA,,[high/keyword-audit] item matches EXP-9.2 signature,,,
SA-00388,EXP-9.2,Otros Gastos Riego,silver_audit,K-L ASPERSOR NELSON R2000 RED - RED,,COOPERATIVA AGRICOLA Y DE SERVICIOS LTDA,,[high/keyword-audit] item matches EXP-9.2 signature,,,
SA-00389,EXP-9.2,Otros Gastos Riego,silver_audit,Mantención motor del,riego,SANDRA PAULINA VALLADARES RIOS,,[high/keyword-audit] item matches EXP-9.2 signature,,,
SA-00390,EXP-9.2,Otros Gastos Riego,silver_audit,ASPERSOR PLASTICO C/ESTACA METALICA X3APB (116008) ED,,COMERCIAL CLIMENT SPA,,[high/keyword-audit] item matches EXP-9.2 signature,,,
SA-00391,EXP-9.2,Otros Gastos Riego,silver_audit,ASPERSOR METALICO 1 2 - EDR 116022 -@,ASPERSOR METALICO 1 2 - EDR 116022 -@,DORIS IVONNE CASTILLO KANTER,,[high/keyword-audit] item matches EXP-9.2 signature,,,
SA-00392,EXP-9.2,Otros Gastos Riego,silver_audit,K-L ASPERSOR NELSON R2000 RED - RED,,COOPERATIVA AGRICOLA Y DE SERVICIOS LTDA,,[high/keyword-audit] item matches EXP-9.2 signature,,,
SA-00393,EXP-9.2,Otros Gastos Riego,silver_audit,K-L ASPERSOR NELSON R2000 RED - RED,,COOPERATIVA AGRICOLA Y DE SERVICIOS LTDA,,[high/keyword-audit] item matches EXP-9.2 signature,,,
SA-00394,EXP-9.2,Otros Gastos Riego,silver_audit,K-L ASPERSOR NELSON R2000 RED - RED,,COOPERATIVA AGRICOLA Y DE SERVICIOS LTDA,,[high/keyword-audit] item matches EXP-9.2 signature,,,
SA-00395,EXP-9.2,Otros Gastos Riego,silver_audit,K-L ASPERSOR NELSON R2000 RED - RED,,COOPERATIVA AGRICOLA Y DE SERVICIOS LTDA,,[high/keyword-audit] item matches EXP-9.2 signature,,,
SA-00396,EXP-9.2,Otros Gastos Riego,silver_audit,K-L ASPERSOR NELSON R2000 RED - RED,,COOPERATIVA AGRICOLA Y DE SERVICIOS LTDA,,[high/keyword-audit] item matches EXP-9.2 signature,,,
SA-00397,EXP-9.2,Otros Gastos Riego,silver_audit,ASPERSOR DE IMPACTO PLASTICO NB2101 -@,ASPERSOR DE IMPACTO PLASTICO NB2101 -@,DORIS IVONNE CASTILLO KANTER,,[high/keyword-audit] item matches EXP-9.2 signature,,,
SA-00398,EXP-9.2,Otros Gastos Riego,silver_audit,R.N.PIBOTE RIEGO R 24,,VULCANIZACIÓN NONTUELÁ SPA,,[high/keyword-audit] item matches EXP-9.2 signature,,,
SA-00399,EXP-9.2,Otros Gastos Riego,silver_audit,RIEGO PURINES EN PRADERAS,39 carradas de purines de 11.000 lts c/u 429.000 lts,SERVICIOS AGRICOLAS CORPAL SPA,,[high/keyword-audit] item matches EXP-9.2 signature,,,
SA-00400,EXP-9.2,Otros Gastos Riego,silver_audit,RIEGO CAL PRADERAS 30 TON,APLICACION MAS CARGUIO,SERVICIOS AGRICOLAS CORPAL SPA,,[high/keyword-audit] item matches EXP-9.2 signature,,,
SA-00401,EXP-9.2,Otros Gastos Riego,silver_audit,Compra materiales,De riego,INDUSTRIAL RIEGO SPA,,[high/keyword-audit] item matches EXP-9.2 signature,,,
SA-00402,EXP-6.2,Nitrogeno,file_audit,SMARTBLUE X,,COOPERATIVA AGRÍCOLA Y LECHERA DE LA UNIÓN LTDA,,[folder-audit] client filed under this category; item consistent with client description,,,
SA-00403,EXP-6.2,Nitrogeno,file_audit,SMARTBLUE X 25 KG,SMARTBLUE X 25 KG,COOPERATIVA AGRICOLA Y LECHERA DE LA UNION LTDA.,,[folder-audit] client filed under this category; item consistent with client description,,,
SA-00404,EXP-6.1,Fosforo,file_audit,TREFOS PLUS MAXI PF YARA (SF3)-FERTILIZANTES(B)-ME,,COMPAA AGROPECUARIA COPEVAL S.A.,,[folder-audit] client filed under this category; item consistent with client description,,,
SA-00405,EXP-2.4,Sales Minerales,file_audit,Mipro Pastoreo Skyline,//FUNDO BRAMADEROS,SANO - NUTRICION ANIMAL MODERNA SPA,,[folder-audit] client filed under this category; item consistent with client description,,,
SA-00409,EXP-2.6,Otros Gastos Salud Animal,file_audit,VENDAS COADHESIVASMOO WARP,VENDAS COADHESIVASMOO WARP,COOPERATIVA AGRICOLA Y LECHERA DE LA UNION LTDA.,,[folder-audit] client filed under this category; item consistent with client description,,,
SA-00410,EXP-2.6,Otros Gastos Salud Animal,file_audit,TRAJE DESECHABLE TYVEK DUPONT M,TRAJE DESECHABLE TYVEK DUPONT M,COOPERATIVA AGRICOLA Y LECHERA DE LA UNION LTDA.,,[folder-audit] client filed under this category; item consistent with client description,,,
SA-00411,EXP-2.6,Otros Gastos Salud Animal,file_audit,TRAJE DESECHABLE TYVEK DUPONT L,TRAJE DESECHABLE TYVEK DUPONT L,COOPERATIVA AGRICOLA Y LECHERA DE LA UNION LTDA.,,[folder-audit] client filed under this category; item consistent with client description,,,
SA-00412,EXP-2.6,Otros Gastos Salud Animal,file_audit,TRAJE DESECHABLE TYVEK DUPONT XXL,TRAJE DESECHABLE TYVEK DUPONT XXL,COOPERATIVA AGRICOLA Y LECHERA DE LA UNION LTDA.,,[folder-audit] client filed under this category; item consistent with client description,,,
SA-00413,EXP-2.6,Otros Gastos Salud Animal,file_audit,ALAMBRE PUAS MOTTO 500 MTR.,ALAMBRE PUAS MOTTO 500 MTR.,COOPERATIVA AGRICOLA Y LECHERA DE LA UNION LTDA.,,[folder-audit] client filed under this category; item consistent with client description,,,
SA-00414,EXP-2.6,Otros Gastos Salud Animal,file_audit,SPRAY (PULVERIZADOR MANUAL 500 CC),SPRAY (PULVERIZADOR MANUAL 500 CC),COOPERATIVA AGRICOLA Y LECHERA DE LA UNION LTDA.,,[folder-audit] client filed under this category; item consistent with client description,,,
SA-00416,EXP-2.6,Otros Gastos Salud Animal,file_audit,GUANTE LARGO NITRILO XL SHOOF 204630,GUANTE LARGO NITRILO XL MARCA SHOOF,COOPERATIVA AGRICOLA Y LECHERA DE LA UNION LTDA.,,[folder-audit] client filed under this category; item consistent with client description,,,
SA-00417,EXP-2.6,Otros Gastos Salud Animal,file_audit,DESODORANTE PINOS - CEREZA,DESODORANTE PINOS - CEREZA,COOPERATIVA AGRICOLA Y LECHERA DE LA UNION LTDA.,,[folder-audit] client filed under this category; item consistent with client description,,,
SA-00418,EXP-2.6,Otros Gastos Salud Animal,file_audit,HISTOCREM 450 GR.,HISTOCREM 450 GR.,COOPERATIVA AGRICOLA Y LECHERA DE LA UNION LTDA.,,[folder-audit] client filed under this category; item consistent with client description,,,
SA-00420,EXP-2.1,Terapias Secado,file_audit,FATROXIMIN X 12 JER,,COOPERATIVA AGRÍCOLA Y LECHERA DE LA UNIÓN LTDA,,[folder-audit] client filed under this category; item consistent with client description,,,
SA-00421,EXP-2.1,Terapias Secado,file_audit,UBRISEC X 48 JER,UBRISEC X 48 JER,COOPERATIVA AGRICOLA Y LECHERA DE LA UNION LTDA.,,[folder-audit] client filed under this category; item consistent with client description,,,
SA-00422,EXP-2.2,Medicamentos Mastitis,file_audit,PENCIVET X CAJA -____,____,FEROSOR AGRICOLA S.A.,,[folder-audit] client filed under this category; item consistent with client description,,,
SA-00423,EXP-2.2,Medicamentos Mastitis,file_audit,DIGESTIVO BILIFAR 120 GRS. -____,____,FEROSOR AGRICOLA S.A.,,[folder-audit] client filed under this category; item consistent with client description,,,
SA-00424,EXP-2.2,Medicamentos Mastitis,file_audit,MASTIPLAN X 20 JERINGAS -____,____,FEROSOR AGRICOLA S.A.,,[folder-audit] client filed under this category; item consistent with client description,,,
SA-00425,EXP-2.2,Medicamentos Mastitis,file_audit,PINTURA SPRAY FIL ROJO -_ROJO___,_ROJO___,FEROSOR AGRICOLA S.A.,,[folder-audit] client filed under this category; item consistent with client description,,,
SA-00426,EXP-2.2,Medicamentos Mastitis,file_audit,PINTURA SPRAY FIL VERDE -_VERDE___,_VERDE___,FEROSOR AGRICOLA S.A.,,[folder-audit] client filed under this category; item consistent with client description,,,
SA-00427,EXP-2.2,Medicamentos Mastitis,file_audit,GUANTES SHOOF LARGO (L) NITRI.AZUL CAJA 100 UN -____,____,FEROSOR AGRICOLA S.A.,,[folder-audit] client filed under this category; item consistent with client description,,,
SA-00428,EXP-2.5,Otros Medicamentos,file_audit,MAGNEKAL 100 CC -____,____,FEROSOR AGRICOLA S.A.,,[folder-audit] client filed under this category; item consistent with client description | [sweep2 relabel EXP-2.2->EXP-2.5] MAGNEKAL client rule RG-00014/259=2.5,,,
SA-00432,EXP-2.5,Otros Medicamentos,file_audit,AGUJAS DESECHABLES # 18 X 1 1/2!,AGUJA DESECHABLE DE CALIBRE 18G POR 1 1/2 PULGADAS DE LARGO,COOPERATIVA AGRICOLA Y LECHERA DE LA UNION LTDA.,,[folder-audit] client filed under this category; item consistent with client description,,,
SA-00433,EXP-2.5,Otros Medicamentos,file_audit,JERINGA DESECHABLE 20CC-C/AGUJA(L.L.),JERINGA DESECHABLE 20 CC CON AGUJA,COOPERATIVA AGRICOLA Y LECHERA DE LA UNION LTDA.,,[folder-audit] client filed under this category; item consistent with client description,,,
SA-00434,EXP-16.1,Ropa y Herramientas de Trabajo,file_audit,BOTA BEKINA STEPLITEX SOLIDGRIP N 37,BOTA BEKINA STEPLITEX SOLIDGRIP N 37,COOPERATIVA AGRICOLA Y LECHERA DE LA UNION LTDA.,,[folder-audit] client filed under this category; item consistent with client description | [sweep2 relabel EXP-2.5->EXP-16.1] boots(PPE) not medicine,,,
SA-00435,EXP-16.1,Ropa y Herramientas de Trabajo,file_audit,BOTA BEKINA STEPLITEX SOLIDGRIP N 38,BOTA BEKINA STEPLITEX SOLIDGRIP N 38,COOPERATIVA AGRICOLA Y LECHERA DE LA UNION LTDA.,,[folder-audit] client filed under this category; item consistent with client description | [sweep2 relabel EXP-2.5->EXP-16.1] boots(PPE) not medicine,,,
SA-00436,EXP-2.5,Otros Medicamentos,file_audit,YODOCAP X 1 L,YODOCAP X 1 L,COOPERATIVA AGRICOLA Y LECHERA DE LA UNION LTDA.,,[folder-audit] client filed under this category; item consistent with client description,,,
SA-00437,EXP-16.2,Otros Gastos Campo,file_audit,TERMOMETRO PARA LECHE,TERMOMETRO PARA LECHE,COOPERATIVA AGRICOLA Y LECHERA DE LA UNION LTDA.,,[folder-audit] client filed under this category; item consistent with client description [Relabeled to EXP-16.2 per authoritative client_product_rule (newest Productos tab).],,,
SA-00438,EXP-16.2,Otros Gastos Campo,file_audit,JARRA MEDIDORA 500 ML (SHOOF),JARRA MEDIDORA 500 ML,COOPERATIVA AGRICOLA Y LECHERA DE LA UNION LTDA.,,[folder-audit] client filed under this category; item consistent with client description [Relabeled to EXP-16.2 per authoritative client_product_rule (newest Productos tab).],,,
SA-00439,EXP-2.5,Otros Medicamentos,file_audit,AGUJA DESECHABLE 16 X 1/2,AGUJA DESECHABLE DE CALIBRE 16G POR 1/2 PULGADA DE LARGO,COOPERATIVA AGRICOLA Y LECHERA DE LA UNION LTDA.,,[folder-audit] client filed under this category; item consistent with client description,,,
SA-00440,EXP-2.5,Otros Medicamentos,file_audit,JERINGA DESECHABLE 10CC C/AGUJA (L.L.),JERINGA DESECHABLE 10 CC CON AGUJA,COOPERATIVA AGRICOLA Y LECHERA DE LA UNION LTDA.,,[folder-audit] client filed under this category; item consistent with client description,,,
SA-00441,EXP-2.3,Vacunas,file_audit,VACUNA CLOSTRIBAC 8 GOLD X 50 DS,,COOPERATIVA AGRICOLA LECHERA STGO.,,[folder-audit] client filed under this category; item consistent with client description,,,
SA-00442,EXP-2.3,Vacunas,file_audit,VACUNA CATTLEMASTER GOLD X 25 DS.,,COOPERATIVA AGRICOLA LECHERA STGO.,,[folder-audit] client filed under this category; item consistent with client description,,,
SA-00443,EXP-15.3,Fletes,file_audit,Fletes - ANTILLANCA SPA,,ANTILLANCA SPA,,[folder-audit] client filed under this category; item consistent with client description,,,
SA-00444,EXP-15.3,Fletes,file_audit,Fletes - SOCIEDAD DE TRANSPORTES MANCILLA NEUMANN LIMITADA,,SOCIEDAD DE TRANSPORTES MANCILLA NEUMANN LIMITADA,,[folder-audit] client filed under this category; item consistent with client description,,,
SA-00445,EXP-15.3,Fletes,file_audit,Fletes - SERVICIOS FABIAN ROLDAN SPA,,SERVICIOS FABIAN ROLDAN SPA,,[folder-audit] client filed under this category; item consistent with client description,,,
SA-00446,EXP-15.4,Arriendo Maquinaria y Vehiculos,file_audit,Arriendo Maquinaria y Vehiculos - FACTURA ELECTRÓNICA GEO PARTNER SPA,,FACTURA ELECTRÓNICA GEO PARTNER SPA,,[folder-audit] client filed under this category; item consistent with client description,,,
SA-00447,EXP-15.4,Arriendo Maquinaria y Vehiculos,file_audit,Arriendo Maquinaria y Vehiculos - HAKA INDUSTRIAL SPA,,HAKA INDUSTRIAL SPA,,[folder-audit] client filed under this category; item consistent with client description,,,
SA-00448,EXP-15.4,Arriendo Maquinaria y Vehiculos,file_audit,Arriendo Maquinaria y Vehiculos - ANTILLANCA SPA,,ANTILLANCA SPA,,[folder-audit] client filed under this category; item consistent with client description,,,
SA-00449,EXP-15.5,Servicios Agricolas,file_audit,RIEGO PURINES YUTRECO,RIEGO purines 11.03.2026 42 carradas de 11.000 lts lluvia y problema motobomba. Total 739.200 se aplica descuento por servicio anterior monto 224.100 total 515.100,SERVICIOS AGRICOLAS CORPAL SPA,,[folder-audit] client filed under this category; item consistent with client description,,,
SA-00450,EXP-15.5,Servicios Agricolas,file_audit,RIEGO PURINES RAICES,Purines raices 29 carradas de 11.000 lts,SERVICIOS AGRICOLAS CORPAL SPA,,[folder-audit] client filed under this category; item consistent with client description,,,
SA-00451,EXP-10.2,Diping,file_audit,COW GUARD BARRERA 210KG,,BIOGENESIS ANIMAL HEALTH SPA,,[folder-audit] client filed under this category; item consistent with client description,,,
SA-00452,EXP-10.3,Detergentes e higenizantes,file_audit,ORACID 60 L,,HGS DAIRY SOLUTIONS SPA,,[folder-audit] client filed under this category; item consistent with client description | [sweep2 relabel EXP-10.2->EXP-10.3] ORACID acid cleaner=detergent not teat-dip,,,
SA-00454,EXP-10.1,Mantencion Sala,file_audit,CHAPALETA BOMBA DE LECHE 1.1/1.5,,HGS DAIRY SOLUTIONS SPA,,[folder-audit] client filed under this category; item consistent with client description | [sweep2 relabel EXP-10.2->EXP-10.1] pump valve = shed hardware,,,
SA-00455,EXP-10.3,Detergentes e higenizantes,file_audit,TRI-PFAN 200 LTS,,HGS DAIRY SOLUTIONS SPA,,[folder-audit] client filed under this category; item consistent with client description | [sweep2 relabel EXP-10.2->EXP-10.3] TRI PFAN cleaner not teat-dip,,,
SA-00456,EXP-10.3,Detergentes e higenizantes,file_audit,ZINICIN 70 KGS.,,HGS DAIRY SOLUTIONS SPA,,[folder-audit] client filed under this category; item consistent with client description | [sweep2 relabel EXP-10.2->EXP-10.3] ZINICIN client rule RG-00567=10.3,,,
SA-00457,EXP-10.1,Mantencion Sala,file_audit,FILTRO LECHE JUMBO 100 UND 150 X 800 MM,,HGS DAIRY SOLUTIONS SPA,,[folder-audit] client filed under this category; item consistent with client description | [sweep2 relabel EXP-10.2->EXP-10.1] milk filter = shed hardware,,,
SA-00458,EXP-10.4,Otros Gastos Lecheria,file_audit,PARTE INFERIOR COLECTOR USADA,,GEA Farm Technologies Osorno Ltda.,,[folder-audit] client filed under this category; item consistent with client description,,,
SA-00461,EXP-10.4,Otros Gastos Lecheria,file_audit,JUEGO PEZONERAS MONOBLOCK,,GEA Farm Technologies Osorno Ltda.,,[folder-audit] client filed under this category; item consistent with client description,,,
SA-00463,EXP-10.4,Otros Gastos Lecheria,file_audit,FILTRO LECHE 75 MM * 800 SE - 200 UN,,GEA Farm Technologies Osorno Ltda.,,[folder-audit] client filed under this category; item consistent with client description,,,
SA-00465,EXP-10.4,Otros Gastos Lecheria,file_audit,JUEGO PEZONERAS COLECTOR 300,,GEA Farm Technologies Osorno Ltda.,,[folder-audit] client filed under this category; item consistent with client description,,,
SA-00466,EXP-10.4,Otros Gastos Lecheria,file_audit,TAPA COLECTOR 300 CC. SIN CIERRE,,GEA Farm Technologies Osorno Ltda.,,[folder-audit] client filed under this category; item consistent with client description,,,
SA-00469,EXP-10.3,Detergentes e higenizantes,file_audit,TRI-PFAN 200 LTS,,GEA Farm Technologies Osorno Ltda.,,[folder-audit] client filed under this category; item consistent with client description,,,
SA-00470,EXP-10.3,Detergentes e higenizantes,file_audit,ORACID 60 L,,GEA Farm Technologies Osorno Ltda.,,[folder-audit] client filed under this category; item consistent with client description,,,
SA-00471,EXP-10.1,Mantencion Sala,file_audit,FILTRO LECHE JUMBO 100 UND 150 X 800 MM,,GEA Farm Technologies Osorno Ltda.,,[folder-audit] client filed under this category; item consistent with client description | [sweep2 relabel EXP-10.3->EXP-10.1] milk filter = shed hardware,,,
SA-00472,EXP-10.3,Detergentes e higenizantes,file_audit,PIOLA PERLON RETIRADOR (NEGRA)/ MT,,GEA Farm Technologies Osorno Ltda.,,[folder-audit] client filed under this category; item consistent with client description,,,
SA-00473,EXP-10.1,Mantencion Sala,file_audit,KIT SERV 4500 H VALVULA RETENCION BBA LECHE 1.5 KW,,HGS DAIRY SOLUTIONS SPA,,[folder-audit] client filed under this category; item consistent with client description,,,
SA-00474,EXP-10.1,Mantencion Sala,file_audit,VASO METATRON CPL,,HGS DAIRY SOLUTIONS SPA,,[folder-audit] client filed under this category; item consistent with client description,,,
SA-00475,EXP-10.1,Mantencion Sala,file_audit,EMERGENCIA EQUIPOS DE REFRIGERACION,,SOCIEDAD COMERCIAL SERLAC CHILE S.A.,,[folder-audit] client filed under this category; item consistent with client description,,,
SA-00476,EXP-10.1,Mantencion Sala,file_audit,MOVILIZACION DE EQUIPOS DE REFRIGERACION,,SOCIEDAD COMERCIAL SERLAC CHILE S.A.,,[folder-audit] client filed under this category; item consistent with client description,,,
SA-00477,EXP-10.1,Mantencion Sala,file_audit,REPARACION DE EQUIPOS DE REFRIGERACION EN TALLER 2,,SOCIEDAD COMERCIAL SERLAC CHILE S.A.,,[folder-audit] client filed under this category; item consistent with client description,,,
SA-00478,EXP-5.1,Concentrado Vacas,file_audit,MAIZ ROLEADO PF GRANEL x KG-ALIMENTOS(E)-MAIZ,,COMPAA AGROPECUARIA COPEVAL S.A.,,[folder-audit] client filed under this category; item consistent with client description,,,
SA-00479,EXP-5.1,Concentrado Vacas,file_audit,BIOLACT ANTILLANCA GRANEL,,AGROCOMERCIAL IANSA S.A.,,[folder-audit] client filed under this category; item consistent with client description,,,
SA-00480,EXP-5.3,Concentrado Otros Animales,file_audit,COLMILLO BLANCO X 20KG (ADULTO&amp;CACHORRO),COLMILLO BLANCO X 20KG (ADULTO&amp;CACHORRO),COOPERATIVA AGRICOLA Y LECHERA DE LA UNION LTDA.,,[folder-audit] client filed under this category; item consistent with client description,,,
SA-00481,EXP-5.3,Concentrado Otros Animales,file_audit,TOALLA PAPEL INTERFOLIADA,,COOPERATIVA AGRÍCOLA Y LECHERA DE LA UNIÓN LTDA,,[folder-audit] client filed under this category; item consistent with client description,,,
SA-00482,EXP-5.3,Concentrado Otros Animales,file_audit,MAIZ HOJUELA COLUN X,,COOPERATIVA AGRÍCOLA Y LECHERA DE LA UNIÓN LTDA,,[folder-audit] client filed under this category; item consistent with client description,,,
SA-00483,EXP-5.3,Concentrado Otros Animales,file_audit,PERRO FIT FORMULA ADULTO X,,COOPERATIVA AGRÍCOLA Y LECHERA DE LA UNIÓN LTDA,,[folder-audit] client filed under this category; item consistent with client description,,,
SA-00484,EXP-5.2,Concentrado Crianza,file_audit,CONCENTRADO TERNERO 1 STANDARD -Ferosor_25kg_Sin Sal_PBF_,Ferosor_25kg_Sin Sal_PBF_,FEROSOR AGRICOLA S.A.,,[folder-audit] client filed under this category; item consistent with client description,,,
SA-00485,EXP-5.2,Concentrado Crianza,file_audit,T. SURALIM CRECIMIENTO RF X,,COOPERATIVA AGRÍCOLA Y LECHERA DE LA UNIÓN LTDA,,[folder-audit] client filed under this category; item consistent with client description,,,
SA-00487,EXP-5.2,Concentrado Crianza,file_audit,T. SURALIM INICIAL RF X,,COOPERATIVA AGRÍCOLA Y LECHERA DE LA UNIÓN LTDA,,[folder-audit] client filed under this category; item consistent with client description,,,
SA-00488,EXP-5.2,Concentrado Crianza,file_audit,CONCENTRADO TERNERO INICIAL SUPER -Ferosor_25kg_Sin Sal_PBF_,Ferosor_25kg_Sin Sal_PBF_,FEROSOR AGRICOLA S.A.,,[folder-audit] client filed under this category; item consistent with client description,,,
SA-00489,EXP-5.2,Concentrado Crianza,file_audit,T. COLUN CRECIMIENTO X,,COOPERATIVA AGRÍCOLA Y LECHERA DE LA UNIÓN LTDA,,[folder-audit] client filed under this category; item consistent with client description,,,
SA-00490,EXP-12.2,Analisis Animales,file_audit,AGUA PABCO 1,,FACTURA ELECTRONICA COOPERATIVA AGRICOLA Y DE SERVICIOS LTDA,,[folder-audit] client filed under this category; item consistent with client description,,,
SA-00491,EXP-12.2,Analisis Animales,file_audit,COMBO BRC-LEU-PTBC,,FACTURA ELECTRONICA COOPERATIVA AGRICOLA Y DE SERVICIOS LTDA,,[folder-audit] client filed under this category; item consistent with client description,,,
SA-00492,EXP-12.1,Analisis Suelo y forraje,file_audit,Analisis Suelo y forraje - ANTILLANCA SPA,,ANTILLANCA SPA,,[folder-audit] client filed under this category; item consistent with client description,,,
SA-00493,EXP-12.1,Analisis Suelo y forraje,file_audit,Analisis Suelo y forraje - ROCK RIVER LABORATORY LIMITADA,,ROCK RIVER LABORATORY LIMITADA,,[folder-audit] client filed under this category; item consistent with client description,,,
SA-00494,EXP-8.3,Repoblamiento,file_audit,SEMILLA BALLICA DAIRY PRIME DES X,,COOPERATIVA AGRÍCOLA Y LECHERA DE LA UNIÓN LTDA,,[folder-audit] client filed under this category; item consistent with client description,,,
SA-00495,EXP-8.1,Pradera Perenne,file_audit,SEMILLA TREBOL BLANCO RURU X,,COOPERATIVA AGRÍCOLA Y LECHERA DE LA UNIÓN LTDA,,[folder-audit] client filed under this category; item consistent with client description,,,
SA-00496,EXP-8.1,Pradera Perenne,file_audit,SEMILLA TREBOL BLANCO KOTUKU X,,COOPERATIVA AGRÍCOLA Y LECHERA DE LA UNIÓN LTDA,,[folder-audit] client filed under this category; item consistent with client description,,,
SA-00497,EXP-8.2,Pradera Rotacion Corta,file_audit,SEMILLA BALLICA FORGE AGR X,,COOPERATIVA AGRÍCOLA Y LECHERA DE LA UNIÓN LTDA,,[folder-audit] client filed under this category; item consistent with client description,,,
SA-00498,EXP-8.1,Pradera Perenne,file_audit,SEMILLA BALLICA COLUN 4X5 X,,COOPERATIVA AGRÍCOLA Y LECHERA DE LA UNIÓN LTDA,,[folder-audit] client filed under this category; item consistent with client description,,,
SA-00499,EXP-8.4,Otros Cultivos,file_audit,SEM.RAPS FORR.SPITFIRE DES. CTE,,COOPERATIVA AGRICOLA Y DE SERVICIOS LTDA,,[folder-audit] client filed under this category; item consistent with client description | [sweep2 relabel EXP-8.2->EXP-8.4] raps seed client rule RG-00578/659=8.4,,,
SA-00500,EXP-4.2,Bolos Silo,file_audit,BOLOS SILO YUTRECO,Bolos silo 50 bolos en 18 ha potreros 3.2.39.25: 3 bolos x Ha,SERVICIOS AGRICOLAS CORPAL SPA,,[folder-audit] client filed under this category; item consistent with client description,,,
SA-00501,EXP-4.2,Bolos Silo,file_audit,Aplicacin de lodo,,HECTOR ADRIAN VALENZUELA PAREDES,,[folder-audit] client filed under this category; item consistent with client description,,,
SA-00503,EXP-4.2,Bolos Silo,file_audit,Conf.. bolos tineo,,HECTOR ADRIAN VALENZUELA PAREDES,,[folder-audit] client filed under this category; item consistent with client description,,,
SA-00504,EXP-4.2,Bolos Silo,file_audit,Diferencia bolos tineo,,HECTOR ADRIAN VALENZUELA PAREDES,,[folder-audit] client filed under this category; item consistent with client description,,,
SA-00505,EXP-4.2,Bolos Silo,file_audit,BOLOS PELLECO EMPASTADA,Bolos sector pelleco 73 bolos silo,SERVICIOS AGRICOLAS CORPAL SPA,,[folder-audit] client filed under this category; item consistent with client description,,,
SA-00506,EXP-4.2,Bolos Silo,file_audit,BOLOS CHAPILCAHUIN,"Bolos silo chapilcahuin frente bolos en arriendo 16 bolos 2 bolos por ha total 7 ha, cobro por ha 16 reales 42 ficticios.",SERVICIOS AGRICOLAS CORPAL SPA,,[folder-audit] client filed under this category; item consistent with client description,,,
SA-00507,EXP-4.2,Bolos Silo,file_audit,BOLOS SILO RAICES F2,Bolos silo f2 22 bolos en 6 ha total,SERVICIOS AGRICOLAS CORPAL SPA,,[folder-audit] client filed under this category; item consistent with client description,,,
SA-00508,EXP-4.2,Bolos Silo,file_audit,CONFECCION BOLOS,"111 bolos en 26ha 4 bolos por ha, faltantes 104. : 111x 18.500: 2.053.500 mas 104x 12.000 1.248.000 Total 3.301.500 : 126.981 x ha",SERVICIOS AGRICOLAS CORPAL SPA,,[folder-audit] client filed under this category; item consistent with client description,,,
SA-00509,EXP-4.2,Bolos Silo,file_audit,Confeccin de bolos,,HECTOR ADRIAN VALENZUELA PAREDES,,[folder-audit] client filed under this category; item consistent with client description,,,
SA-00511,EXP-4.2,Bolos Silo,file_audit,CARGA DE BOLOS PELLECO,Carga de bolos con frontal sector pelleco con petroleo incluido 72 bolos,SERVICIOS AGRICOLAS CORPAL SPA,,[folder-audit] client filed under this category; item consistent with client description,,,
SA-00512,EXP-4.2,Bolos Silo,file_audit,TRASLADO BOLOS,Traslado bolos camion y carro con petroleo incluido,SERVICIOS AGRICOLAS CORPAL SPA,,[folder-audit] client filed under this category; item consistent with client description,,,
SA-00513,EXP-4.2,Bolos Silo,file_audit,DESCARGA BOLOS YUTRECO,Desgarga bolos con tractor sector yutreco con petroleo incluido,SERVICIOS AGRICOLAS CORPAL SPA,,[folder-audit] client filed under this category; item consistent with client description,,,
SA-00514,EXP-4.1,Parva Silo,file_audit,SILO PARVA BRAMADERO,,AGRO SERVICIOS NAVARRETE SPA,,[folder-audit] client filed under this category; item consistent with client description,,,
SA-00515,EXP-4.1,Parva Silo,file_audit,PLASTICO SILO 14 M 26 M 150 MIC,PLASTICO SILO 14 M 26 M 150 MIC,COOPERATIVA AGRICOLA Y LECHERA DE LA UNION LTDA.,,[folder-audit] client filed under this category; item consistent with client description,,,
SA-00517,EXP-4.3,Bolos Heno,file_audit,BOLOS SILO CHAPILCAHUIN,20 bolos silo empastadas arriendo,SERVICIOS AGRICOLAS CORPAL SPA,,[folder-audit] client filed under this category; item consistent with client description,,,
SA-00518,EXP-4.3,Bolos Heno,file_audit,BOLOS PASTO SECO PELLECO,392 bolos pasto seco,SERVICIOS AGRICOLAS CORPAL SPA,,[folder-audit] client filed under this category; item consistent with client description,,,
SA-00519,EXP-4.3,Bolos Heno,file_audit,BOLOS PASTO SECO RAICES,BOLOS RAICES ARRIENDO 225,SERVICIOS AGRICOLAS CORPAL SPA,,[folder-audit] client filed under this category; item consistent with client description,,,
SA-00520,EXP-4.3,Bolos Heno,file_audit,Aplicacin de cal,,HECTOR ADRIAN VALENZUELA PAREDES,,[folder-audit] client filed under this category; item consistent with client description,,,
SA-00521,EXP-4.3,Bolos Heno,file_audit,Bolos de heno,,HECTOR ADRIAN VALENZUELA PAREDES,,[folder-audit] client filed under this category; item consistent with client description,,,
SA-00522,EXP-4.3,Bolos Heno,file_audit,Bolos de heno con nailo,,HECTOR ADRIAN VALENZUELA PAREDES,,[folder-audit] client filed under this category; item consistent with client description,,,
SA-00524,EXP-3.1,Inseminacion Artificial,file_audit,Implementos para Inseminacion Gloves AI ABS Red,,ABS CHILE LIMITADA,,[folder-audit] client filed under this category; item consistent with client description,,,
SA-00525,EXP-3.1,Inseminacion Artificial,file_audit,Semen Bovino Leche Convencional STAMINA,,ABS CHILE LIMITADA,,[folder-audit] client filed under this category; item consistent with client description,,,
SA-00526,EXP-3.1,Inseminacion Artificial,file_audit,Semen Bovino Leche Convencional CENTURION,,ABS CHILE LIMITADA,,[folder-audit] client filed under this category; item consistent with client description,,,
SA-00527,EXP-3.1,Inseminacion Artificial,file_audit,Semen Bovino Leche Convencional MEKE,,ABS CHILE LIMITADA,,[folder-audit] client filed under this category; item consistent with client description,,,
SA-00528,EXP-3.1,Inseminacion Artificial,file_audit,Implementos para Inseminacion TOALLANOVA,,ABS CHILE LIMITADA,,[folder-audit] client filed under this category; item consistent with client description,,,
SA-00529,EXP-3.1,Inseminacion Artificial,file_audit,Implementos para Inseminacion Sheath Blue IW IMV,,ABS CHILE LIMITADA,,[folder-audit] client filed under this category; item consistent with client description,,,
SA-00530,EXP-3.1,Inseminacion Artificial,file_audit,Semen Bovino Carne Convencional SHRIMPTONS HILL,,ABS CHILE LIMITADA,,[folder-audit] client filed under this category; item consistent with client description,,,
SA-00531,EXP-3.1,Inseminacion Artificial,file_audit,Nitrogeno liquido,,ABS CHILE LIMITADA,,[folder-audit] client filed under this category; item consistent with client description,,,
SA-00532,EXP-3.1,Inseminacion Artificial,file_audit,Semen Bovino Leche Convencional COMMANDO,,ABS CHILE LIMITADA,,[folder-audit] client filed under this category; item consistent with client description,,,
SA-00533,EXP-3.1,Inseminacion Artificial,file_audit,Semen Bovino Leche Convencional PYRAMID,,ABS CHILE LIMITADA,,[folder-audit] client filed under this category; item consistent with client description,,,
SA-00534,EXP-3.1,Inseminacion Artificial,file_audit,Implementos para Inseminacion VASELINAX1LITRO,,ABS CHILE LIMITADA,,[folder-audit] client filed under this category; item consistent with client description,,,
SA-00535,EXP-9.1,Energia Electrica Riego,file_audit,Energia Electrica Riego - COOPERATIVA ELECTRICA PAILLACO LTDA,,COOPERATIVA ELECTRICA PAILLACO LTDA,,[folder-audit] client filed under this category; item consistent with client description,,,
SA-00536,EXP-9.1,Energia Electrica Riego,file_audit,Energia Electrica Riego - NTILLANCA S.A.,,NTILLANCA S.A.,,[folder-audit] client filed under this category; item consistent with client description,,,
SA-00537,EXP-9.1,Energia Electrica Riego,file_audit,Energia Electrica Riego - COOPERATIVA RURAL ELECTRICA RIO BUENO LTDA,,COOPERATIVA RURAL ELECTRICA RIO BUENO LTDA,,[folder-audit] client filed under this category; item consistent with client description,,,
SA-00538,EXP-9.2,Otros Gastos Riego,file_audit,K-L COPLA 40 MM,,NOTA DE CREDITO COOPERATIVA AGRICOLA Y DE SERVICIOS LTDA,,[folder-audit] client filed under this category; item consistent with client description,,,
SA-00539,EXP-9.2,Otros Gastos Riego,file_audit,K-L TUBO ALZADOR 40 MM X 800 MM,,FACTURA ELECTRONICA COOPERATIVA AGRICOLA Y DE SERVICIOS LTDA,,[folder-audit] client filed under this category; item consistent with client description,,,
SA-00540,EXP-9.2,Otros Gastos Riego,file_audit,K-L UNION AMERICANA 40 MM,,FACTURA ELECTRONICA COOPERATIVA AGRICOLA Y DE SERVICIOS LTDA,,[folder-audit] client filed under this category; item consistent with client description,,,
SA-00541,EXP-9.2,Otros Gastos Riego,file_audit,K-L TOW CAP 40 MM,,FACTURA ELECTRONICA COOPERATIVA AGRICOLA Y DE SERVICIOS LTDA,,[folder-audit] client filed under this category; item consistent with client description,,,
SA-00542,EXP-9.2,Otros Gastos Riego,file_audit,K-L COPLA 40 MM TERMINAL HE,,FACTURA ELECTRONICA COOPERATIVA AGRICOLA Y DE SERVICIOS LTDA,,[folder-audit] client filed under this category; item consistent with client description,,,
SA-00543,EXP-16.1,Ropa y Herramientas de Trabajo,file_audit,TRAJE SEAWOLF TECH 340GR T/S NARANJO,,MANUFACTURA DE TELAS SPA,,[folder-audit] client filed under this category; item consistent with client description,,,
SA-00544,EXP-16.1,Ropa y Herramientas de Trabajo,file_audit,TRAJE SEAWOLF 340 TECH T/M NARANJO,,MANUFACTURA DE TELAS SPA,,[folder-audit] client filed under this category; item consistent with client description,,,
SA-00545,EXP-16.1,Ropa y Herramientas de Trabajo,file_audit,TRAJE SEAWOLF 340 TECH T/L NARANJO,,MANUFACTURA DE TELAS SPA,,[folder-audit] client filed under this category; item consistent with client description,,,
SA-00546,EXP-16.1,Ropa y Herramientas de Trabajo,file_audit,TRAJE SEAWOLF TECH 340GR T/XL NARANJO,,MANUFACTURA DE TELAS SPA,,[folder-audit] client filed under this category; item consistent with client description,,,
SA-00547,EXP-16.1,Ropa y Herramientas de Trabajo,file_audit,TRAJE SEAWOLF 340 TECH T/XXL NARANJO,,MANUFACTURA DE TELAS SPA,,[folder-audit] client filed under this category; item consistent with client description,,,
SA-00548,EXP-16.1,Ropa y Herramientas de Trabajo,file_audit,FILTRO 3M 60923 MIXTO VAP-ORG- GAS-ACID,,COMERCIALIZADORA DE ART DE PROTECCION Y SEGURIDAD INDUSTRIAL MANQUEHUE LIMITADA,,[folder-audit] client filed under this category; item consistent with client description,,,
SA-00549,EXP-16.1,Ropa y Herramientas de Trabajo,file_audit,RESPIRADOR 3M 6200 MEDIO ROSTRO T/M,,COMERCIALIZADORA DE ART DE PROTECCION Y SEGURIDAD INDUSTRIAL MANQUEHUE LIMITADA,,[folder-audit] client filed under this category; item consistent with client description,,,
SA-00550,EXP-16.1,Ropa y Herramientas de Trabajo,file_audit,A. GADUS S2 V220 2 X,,COOPERATIVA AGRÍCOLA Y LECHERA DE LA UNIÓN LTDA,,[folder-audit] client filed under this category; item consistent with client description,,,
SA-00551,EXP-16.1,Ropa y Herramientas de Trabajo,file_audit,SEMILLA BALLICA NUI IMPORT X,,COOPERATIVA AGRÍCOLA Y LECHERA DE LA UNIÓN LTDA,,[folder-audit] client filed under this category; item consistent with client description,,,
SA-00553,EXP-16.1,Ropa y Herramientas de Trabajo,file_audit,SEMILLA BALLICA NUI IMPORT X 25 KG,SEMILLA BALLICA NUI IMPORT,COOPERATIVA AGRICOLA Y LECHERA DE LA UNION LTDA.,,[folder-audit] client filed under this category; item consistent with client description,,,
SA-00554,EXP-16.1,Ropa y Herramientas de Trabajo,file_audit,BOTIN NORSEG NS586 PRO CAF 38,,COMERCIALIZADORA DE ART DE PROTECCION Y SEGURIDAD INDUSTRIAL MANQUEHUE LIMITADA,,[folder-audit] client filed under this category; item consistent with client description,,,
SA-00555,EXP-16.1,Ropa y Herramientas de Trabajo,file_audit,BOTIN NORSEG NS586 PRO CAF 40,,COMERCIALIZADORA DE ART DE PROTECCION Y SEGURIDAD INDUSTRIAL MANQUEHUE LIMITADA,,[folder-audit] client filed under this category; item consistent with client description,,,
SA-00556,EXP-16.1,Ropa y Herramientas de Trabajo,file_audit,BOTIN NORSEG NS586 PRO CAF 41,,COMERCIALIZADORA DE ART DE PROTECCION Y SEGURIDAD INDUSTRIAL MANQUEHUE LIMITADA,,[folder-audit] client filed under this category; item consistent with client description,,,
SA-00557,EXP-16.1,Ropa y Herramientas de Trabajo,file_audit,BOTIN NORSEG NS586 PRO CAF 42,,COMERCIALIZADORA DE ART DE PROTECCION Y SEGURIDAD INDUSTRIAL MANQUEHUE LIMITADA,,[folder-audit] client filed under this category; item consistent with client description,,,
SA-00558,EXP-16.1,Ropa y Herramientas de Trabajo,file_audit,GUANTE CABRITILLA SIN FORRO TIPO A,,COMERCIALIZADORA DE ART DE PROTECCION Y SEGURIDAD INDUSTRIAL MANQUEHUE LIMITADA,,[folder-audit] client filed under this category; item consistent with client description,,,
SA-00559,EXP-16.1,Ropa y Herramientas de Trabajo,file_audit,Guante Ordea Nitrilo Soflo Bio Largo Talla L (Caja 100u),,SOCIEDAD COMERCIAL SOFLO SPA,,[folder-audit] client filed under this category; item consistent with client description,,,
SA-00560,EXP-16.1,Ropa y Herramientas de Trabajo,file_audit,Guante Ordea Nitrilo Soflo Bio Largo Talla XL (Caja 100u),,SOCIEDAD COMERCIAL SOFLO SPA,,[folder-audit] client filed under this category; item consistent with client description,,,
SA-00561,EXP-16.1,Ropa y Herramientas de Trabajo,file_audit,ANTIPARRA K-2 STELLPRO CLARA,,COMERCIALIZADORA DE ART DE PROTECCION Y SEGURIDAD INDUSTRIAL MANQUEHUE LIMITADA,,[folder-audit] client filed under this category; item consistent with client description,,,
SA-00562,EXP-16.2,Otros Gastos Campo,file_audit,RET.RESID.PAILLACO,SERVICIO REALIZADO EL 26 DE AGOSTO 2025.,SELLO DE RECICLAJE MI GRAN CHILE SPA,,[folder-audit] client filed under this category; item consistent with client description,,,
SA-00563,EXP-16.2,Otros Gastos Campo,file_audit,Transporte de plstico agrcola para reciclaje,"Fundo Yutreco, Rup 10.3.01.0282",GESTIN AMBIENTAL ECOGEST SPA,,[folder-audit] client filed under this category; item consistent with client description,,,
SA-00564,EXP-16.2,Otros Gastos Campo,file_audit,RESIDUOS FUNDO RAICES,SERVICIO REALIZADO EL 4 DE JULIO 2025.,SELLO DE RECICLAJE MI GRAN CHILE SPA,,[folder-audit] client filed under this category; item consistent with client description,,,
SA-00565,EXP-16.2,Otros Gastos Campo,file_audit,Disposicin Residuos Biopeligrosos,Frascos vacos medicamentos Report 8132 04-02-2026 kilos extras (55),GESTIN AMBIENTAL ECOGEST SPA,,[folder-audit] client filed under this category; item consistent with client description,,,
SA-00566,EXP-16.2,Otros Gastos Campo,file_audit,RESIDUOS FUNDO YUTRECO,SERVICIO REALIZADO EL 12 DE JUNIO 2025.,SELLO DE RECICLAJE MI GRAN CHILE SPA,,[folder-audit] client filed under this category; item consistent with client description,,,
SA-00567,EXP-14.1,Mantencion Caminos,file_audit,Estabilizado Bajo 2,Reportes relacionados -20837 - 20840. Patente TTGC-74. Pelleco,ANA MARIA VERGARA URIBE,,[folder-audit] client filed under this category; item consistent with client description,,,
SA-00568,EXP-14.1,Mantencion Caminos,file_audit,Mantencion Caminos - TRANSPORTES PINILLA SPA,,TRANSPORTES PINILLA SPA,,[folder-audit] client filed under this category; item consistent with client description,,,
SA-00569,EXP-14.1,Mantencion Caminos,file_audit,Mantencion Caminos - PROMAQ SERVICIOS SPA,,PROMAQ SERVICIOS SPA,,[folder-audit] client filed under this category; item consistent with client description,,,
SA-00570,EXP-14.1,Mantencion Caminos,file_audit,Mantencion Caminos - FACTURA ELECTRÓNICA GEO PARTNER SPA,,FACTURA ELECTRÓNICA GEO PARTNER SPA,,[folder-audit] client filed under this category; item consistent with client description,,,
SA-00571,EXP-14.1,Mantencion Caminos,file_audit,ARRIENDO CAMION,44 VUELTAS x $20.000.-,JUAN ALBERTO MIRANDA REYES,,[folder-audit] client filed under this category; item consistent with client description,,,
SA-00572,EXP-14.1,Mantencion Caminos,file_audit,ARRIENDO EXCAVADORA,"3,9 HRS. x $50.000.-",JUAN ALBERTO MIRANDA REYES,,[folder-audit] client filed under this category; item consistent with client description,,,
SA-00573,EXP-14.1,Mantencion Caminos,file_audit,ARRIENDO MAQUINARIA,EXCAVADORA CHAPILCAHUIN,GEO PARTNER SPA,,[folder-audit] client filed under this category; item consistent with client description,,,
SA-00574,EXP-14.2,Mantencion Cercos,file_audit,"AISLADOR ""W"" 2 CLAVOS S10291B",,COOPERATIVA AGRÍCOLA Y LECHERA DE LA UNIÓN LTDA,,[folder-audit] client filed under this category; item consistent with client description,,,
SA-00575,EXP-14.2,Mantencion Cercos,file_audit,CLAVOS 4 X 8 X,,COOPERATIVA AGRÍCOLA Y LECHERA DE LA UNIÓN LTDA,,[folder-audit] client filed under this category; item consistent with client description,,,
SA-00576,EXP-14.2,Mantencion Cercos,file_audit,CORDON BUNGY ROLLO,,COOPERATIVA AGRÍCOLA Y LECHERA DE LA UNIÓN LTDA,,[folder-audit] client filed under this category; item consistent with client description,,,
SA-00577,EXP-14.2,Mantencion Cercos,file_audit,CLAVOS 2 1/2 X 11 X,,COOPERATIVA AGRÍCOLA Y LECHERA DE LA UNIÓN LTDA,,[folder-audit] client filed under this category; item consistent with client description,,,
SA-00578,EXP-14.2,Mantencion Cercos,file_audit,A. SPIRAX S4 TXM JC X 20 L (968314),A. SPIRAX S4 TXM X 20 L (958708),COOPERATIVA AGRICOLA Y LECHERA DE LA UNION LTDA.,,[folder-audit] client filed under this category; item consistent with client description,,,
SA-00579,EXP-14.2,Mantencion Cercos,file_audit,AISLADOR W NEGRO X,,COOPERATIVA AGRÍCOLA Y LECHERA DE LA UNIÓN LTDA,,[folder-audit] client filed under this category; item consistent with client description,,,
SA-00580,EXP-14.4,Mantencion Instalaciones,file_audit,Mantencion Instalaciones - K VIMAR SPA,,K VIMAR SPA,,[folder-audit] client filed under this category; item consistent with client description,,,
SA-00581,EXP-14.4,Mantencion Instalaciones,file_audit,Mantencion Instalaciones - A&C ELECTRICIDAD LIMITADA,,A&C ELECTRICIDAD LIMITADA,,[folder-audit] client filed under this category; item consistent with client description,,,
SA-00582,EXP-14.4,Mantencion Instalaciones,file_audit,REPARACIN BAO,CASA BRAMADERO,SERVICIOS DE MANTENCIN DOMICILIARIA NONTUELA SPA,,[folder-audit] client filed under this category; item consistent with client description,,,
SA-00583,EXP-14.4,Mantencion Instalaciones,file_audit,Mantencion Instalaciones - ANTILLANCA SPA,,ANTILLANCA SPA,,[folder-audit] client filed under this category; item consistent with client description,,,
SA-00584,EXP-14.4,Mantencion Instalaciones,file_audit,ESM.AGUA SATIN BLANCO 1X5GL,,PINTURAS BARENDS SpA,,[folder-audit] client filed under this category; item consistent with client description,,,
SA-00585,EXP-14.4,Mantencion Instalaciones,file_audit,RODILLO CHIPORRO NATURAL HELA 18CM,,PINTURAS BARENDS SpA,,[folder-audit] client filed under this category; item consistent with client description,,,
SA-00586,EXP-14.4,Mantencion Instalaciones,file_audit,"BROCHAS CERDA NATURAL 3""",,PINTURAS BARENDS SpA,,[folder-audit] client filed under this category; item consistent with client description,,,
SA-00587,EXP-14.4,Mantencion Instalaciones,file_audit,SELLADOR ACRILICO 300ML,,PINTURAS BARENDS SpA,,[folder-audit] client filed under this category; item consistent with client description,,,
SA-00588,EXP-14.4,Mantencion Instalaciones,file_audit,ESM.AGUA SATIN BLANCO 1GL,,PINTURAS BARENDS SpA,,[folder-audit] client filed under this category; item consistent with client description,,,
SA-00589,EXP-14.4,Mantencion Instalaciones,file_audit,COLOR PREP. FLEXCRYL S/MUESTRA 1GL,,PINTURAS BARENDS SpA,,[folder-audit] client filed under this category; item consistent with client description,,,
SA-00590,EXP-14.4,Mantencion Instalaciones,file_audit,NEGRO,,PINTURAS BARENDS SpA,,[folder-audit] client filed under this category; item consistent with client description,,,
SA-00591,EXP-14.4,Mantencion Instalaciones,file_audit,INSTALACION DE LAVADORA,EN SALA DE ORDEA,SERVICIOS DE MANTENCIN DOMICILIARIA NONTUELA SPA,,[folder-audit] client filed under this category; item consistent with client description,,,
SA-00592,EXP-14.4,Mantencion Instalaciones,file_audit,INSTALACIN DE,FOSA SPTICA Y CMARA EN LECHERA.,SERVICIOS DE MANTENCIN DOMICILIARIA NONTUELA SPA,,[folder-audit] client filed under this category; item consistent with client description,,,
SA-00593,EXP-14.4,Mantencion Instalaciones,file_audit,Trabajos elctricos fundo,Maitn,ALBERTO JESUS LARA GUZMAN,,[folder-audit] client filed under this category; item consistent with client description,,,
SA-00594,EXP-14.3,Mantencion Agua y Purines,file_audit,"CAERIA NEGRA PN4 2""","CAERIA NEGRA PN4 2""",COOPERATIVA AGRICOLA Y LECHERA DE LA UNION LTDA.,,[folder-audit] client filed under this category; item consistent with client description,,,
SA-00595,EXP-14.3,Mantencion Agua y Purines,file_audit,"CAERIA NEGRA PN4 3/4""","CAERIA NEGRA PN4 3/4""",COOPERATIVA AGRICOLA Y LECHERA DE LA UNION LTDA.,,[folder-audit] client filed under this category; item consistent with client description,,,
SA-00597,EXP-7.0,AGROQUIMICOS,file_audit,TORDON 101 X,,COOPERATIVA AGRÍCOLA Y LECHERA DE LA UNIÓN LTDA,,[folder-audit] client filed under this category; item consistent with client description,,,
SA-00598,EXP-7.0,AGROQUIMICOS,file_audit,STARANE XTRA X,,COOPERATIVA AGRÍCOLA Y LECHERA DE LA UNIÓN LTDA,,[folder-audit] client filed under this category; item consistent with client description,,,
SA-00599,EXP-7.0,AGROQUIMICOS,file_audit,RANGO FULL X,,COOPERATIVA AGRÍCOLA Y LECHERA DE LA UNIÓN LTDA,,[folder-audit] client filed under this category; item consistent with client description,,,
SA-00600,EXP-13.2,Mantencion Motos,file_audit,REPARACION MOTO HONDA,"TRX 420, SEGUN OT 1047",MULTIMOTOS OSORNO SPA,,[folder-audit] client filed under this category; item consistent with client description,,,
SA-00601,EXP-13.2,Mantencion Motos,file_audit,MANTENCION MOTO HONDA,"TRX 250, SEGUN OT 1053",MULTIMOTOS OSORNO SPA,,[folder-audit] client filed under this category; item consistent with client description,,,
SA-00602,EXP-13.2,Mantencion Motos,file_audit,MANTENCION Y REPARACION,"MOTO HONDA TRX 420, SEGUN OT 1049",MULTIMOTOS OSORNO SPA,,[folder-audit] client filed under this category; item consistent with client description,,,
SA-00603,EXP-13.3,Mantencion Vehiculos,file_audit,NEUM.265/70 R17 FALKEN -____,____,FEROSOR AGRICOLA S.A.,,[folder-audit] client filed under this category; item consistent with client description,,,
SA-00604,EXP-13.3,Mantencion Vehiculos,file_audit,Reparar tapa trasera,Camioneta Maxus,SERVIMEC SPA,,[folder-audit] client filed under this category; item consistent with client description,,,
SA-00605,EXP-13.3,Mantencion Vehiculos,file_audit,S-MD40 CUARTA MANTENCION,A@S-MD40 CUARTA MANTENCION,DIFOR CHILE S.A.,,[folder-audit] client filed under this category; item consistent with client description,,,
SA-00606,EXP-13.3,Mantencion Vehiculos,file_audit,"SCO-MO REVISAR RUIDO EN LAS PUERTAS Y GOMAS, AL","A@SCO-MO REVISAR RUIDO EN LAS PUERTAS Y GOMAS, AL",DIFOR CHILE S.A.,,[folder-audit] client filed under this category; item consistent with client description,,,
SA-00607,EXP-13.3,Mantencion Vehiculos,file_audit,--------------------------Valores Netos con Descto. Incluido--------------------,A@--------------------------Valores Netos con Descto. Incluido--------------------,DIFOR CHILE S.A.,,[folder-audit] client filed under this category; item consistent with client description,,,
SA-00608,EXP-13.3,Mantencion Vehiculos,file_audit,MO elec Mec Repuestos Accesorios Servicios LubricacionTrabajos Fue,AUTO2@MO elec Mec Repuestos Accesorios Servicios LubricacionTrabajos Fue,DIFOR CHILE S.A.,,[folder-audit] client filed under this category; item consistent with client description,,,
SA-00609,EXP-13.3,Mantencion Vehiculos,file_audit,VIM : undefined,2@VIM : undefined,DIFOR CHILE S.A.,,[folder-audit] client filed under this category; item consistent with client description,,,
SA-00610,EXP-13.3,Mantencion Vehiculos,file_audit,Taller Ford Osorno.,2@Taller Ford Osorno.,DIFOR CHILE S.A.,,[folder-audit] client filed under this category; item consistent with client description,,,
SA-00611,EXP-13.3,Mantencion Vehiculos,file_audit,RECUERDE PROGRAMAR SU PROXIMA VISITA A SERVICIO AL NUMERO : 600 262 05 55.,2@RECUERDE PROGRAMAR SU PROXIMA VISITA A SERVICIO AL NUMERO : 600 262 05 55.,DIFOR CHILE S.A.,,[folder-audit] client filed under this category; item consistent with client description,,,
SA-00612,EXP-13.3,Mantencion Vehiculos,file_audit,- Revision Tecnica Automovil particular camioneta GFTR73,,REVISIONES LOS LAGOS LTDA.,,[folder-audit] client filed under this category; item consistent with client description,,,
SA-00613,EXP-13.3,Mantencion Vehiculos,file_audit,S-MD10 PRIMERA MANTENCION,A@S-MD10 PRIMERA MANTENCION,DIFOR CHILE S.A.,,[folder-audit] client filed under this category; item consistent with client description,,,
SA-00614,EXP-13.3,Mantencion Vehiculos,file_audit,"SCO-MO REVISAR RUIDO TIPO ZUMBIDO, AL TRANSITAR","A@SCO-MO REVISAR RUIDO TIPO ZUMBIDO, AL TRANSITAR",DIFOR CHILE S.A.,,[folder-audit] client filed under this category; item consistent with client description,,,
SA-00615,EXP-13.3,Mantencion Vehiculos,file_audit,SCO-MO EN DESACELERACION LA CAMIONETA VA ZUMBA,A@SCO-MO EN DESACELERACION LA CAMIONETA VA ZUMBA,DIFOR CHILE S.A.,,[folder-audit] client filed under this category; item consistent with client description,,,
SA-00616,EXP-13.3,Mantencion Vehiculos,file_audit,SCO-MO PORFAVOR QUE EL WSP DEJE ESCUCHAR LOS A,A@SCO-MO PORFAVOR QUE EL WSP DEJE ESCUCHAR LOS A,DIFOR CHILE S.A.,,[folder-audit] client filed under this category; item consistent with client description,,,
SA-00617,EXP-13.3,Mantencion Vehiculos,file_audit,"SCO-MO LAVADO, MANTENCION 110.000KMS","A@SCO-MO LAVADO, MANTENCION 110.000KMS",DIFOR CHILE S.A.,,[folder-audit] client filed under this category; item consistent with client description,,,
SA-00618,EXP-13.3,Mantencion Vehiculos,file_audit,cambio filtro aire,cambio filtro petroleo cambio filtro aceite cambio filtro polen cambio correa cambio frenos traseros alineacion balanceo cambio perno rueda ford ranger psss88,SERVIMEC SPA,,[folder-audit] client filed under this category; item consistent with client description,,,
SA-00619,EXP-13.3,Mantencion Vehiculos,file_audit,- Revision Tecnica Automovil particular camioneta TJXC63,,REVISIONES LOS LAGOS LTDA.,,[folder-audit] client filed under this category; item consistent with client description,,,
SA-00620,EXP-13.3,Mantencion Vehiculos,file_audit,- Revision Tecnica Automovil particular camioneta PSSS88,,REVISIONES LOS LAGOS LTDA.,,[folder-audit] client filed under this category; item consistent with client description,,,
SA-00621,EXP-13.3,Mantencion Vehiculos,file_audit,Cambio manguera turbo,Camioneta.,SERVIMEC SPA,,[folder-audit] client filed under this category; item consistent with client description,,,
SA-00622,EXP-13.3,Mantencion Vehiculos,file_audit,- Revision Tecnica Automovil particular camioneta TBFK28,,REVISIONES LOS LAGOS LTDA.,,[folder-audit] client filed under this category; item consistent with client description,,,
SA-00624,EXP-13.1,Mantencion Maquinaria,file_audit,CRT Clase A2 Tractor Placa:LJKL61,,TUV Rheinland Andino S.A,,[folder-audit] client filed under this category; item consistent with client description,,,
SA-00625,EXP-13.1,Mantencion Maquinaria,file_audit,FORMALINA X,,COOPERATIVA AGRÍCOLA Y LECHERA DE LA UNIÓN LTDA,,[folder-audit] client filed under this category; item consistent with client description,,,
SA-00626,EXP-13.1,Mantencion Maquinaria,file_audit,PINTURA CELO TELL TAIL AZUL,,COOPERATIVA AGRÍCOLA Y LECHERA DE LA UNIÓN LTDA,,[folder-audit] client filed under this category; item consistent with client description,,,
SA-00627,EXP-13.1,Mantencion Maquinaria,file_audit,PINTURA CELO TELL TAIL ROJO,,COOPERATIVA AGRÍCOLA Y LECHERA DE LA UNIÓN LTDA,,[folder-audit] client filed under this category; item consistent with client description,,,
SA-00628,EXP-13.1,Mantencion Maquinaria,file_audit,PINTURA CELO TELL TAIL VERDE,,COOPERATIVA AGRÍCOLA Y LECHERA DE LA UNIÓN LTDA,,[folder-audit] client filed under this category; item consistent with client description,,,
SA-00629,EXP-13.1,Mantencion Maquinaria,file_audit,TACO DE MADERA X,,COOPERATIVA AGRÍCOLA Y LECHERA DE LA UNIÓN LTDA,,[folder-audit] client filed under this category; item consistent with client description,,,
SA-00630,EXP-13.1,Mantencion Maquinaria,file_audit,CRT Clase A2 Tractor Placa:VFHT86,,TUV Rheinland Andino S.A,,[folder-audit] client filed under this category; item consistent with client description,,,
SA-00631,EXP-13.1,Mantencion Maquinaria,file_audit,- Revision Tecnica Maquinaria automotriz VPSJ99,,REVISIONES LOS LAGOS LTDA.,,[folder-audit] client filed under this category; item consistent with client description,,,
SA-00632,EXP-11.5,Gas,file_audit,Gas - ANTILLANCA SPA,,ANTILLANCA SPA,,[folder-audit] client filed under this category; item consistent with client description,,,
SA-00633,EXP-11.3,Petroleo,file_audit,PETROLEO DIESEL ULTRA,,COOPERATIVA AGRICOLA Y LECHERA DE LA UNI,,[folder-audit] client filed under this category; item consistent with client description,,,
SA-00634,EXP-11.3,Petroleo,file_audit,Petroleo - COOPERATIVA AGRÍCOLA Y LECHERA DE LA UNIÓN LTDA,,COOPERATIVA AGRÍCOLA Y LECHERA DE LA UNIÓN LTDA,,[folder-audit] client filed under this category; item consistent with client description,,,
SA-00635,EXP-11.1,Electricidad Lecheria,file_audit,Electricidad Lecheria - COOPERATIVA ELECTRICA PAILLACO LTDA,,COOPERATIVA ELECTRICA PAILLACO LTDA,,[folder-audit] client filed under this category; item consistent with client description,,,
SA-00636,EXP-11.1,Electricidad Lecheria,file_audit,Electricidad Lecheria - NTILLANCA S.A.,,NTILLANCA S.A.,,[folder-audit] client filed under this category; item consistent with client description,,,
SA-00637,EXP-11.1,Electricidad Lecheria,file_audit,Electricidad Lecheria - COOPERATIVA RURAL ELECTRICA RIO BUENO LTDA,,COOPERATIVA RURAL ELECTRICA RIO BUENO LTDA,,[folder-audit] client filed under this category; item consistent with client description,,,
SA-00638,EXP-11.2,Electricidad Casas e Instalaciones,file_audit,Electricidad Casas e Instalaciones - COOPERATIVA ELECTRICA PAILLACO LTDA,,COOPERATIVA ELECTRICA PAILLACO LTDA,,[folder-audit] client filed under this category; item consistent with client description,,,
SA-00639,ADM-2.2,Seguros Trabajadores,file_audit,Seguros Trabajadores,,,,[folder-audit] client filed under this category; item consistent with client description,,,
SA-00640,ADM-2.1,Seguros Vehiculos,file_audit,Ramo VEHICULO - Ex Liberty / Pliza 61989538 tem 1 Cuota 1,21621,HDI SEGUROS S.A.,,[folder-audit] client filed under this category; item consistent with client description,,,
SA-00641,ADM-2.1,Seguros Vehiculos,file_audit,Ramo VEHICULOS MOTORIZADOS - HDI/ Poliza 586507 Item 1,,HDI SEGUROS S.A.,,[folder-audit] client filed under this category; item consistent with client description,,,
SA-00642,ADM-2.1,Seguros Vehiculos,file_audit,Ramo VEHICULOS MOTORIZADOS - HDI/ Poliza 586507 Item 2,,HDI SEGUROS S.A.,,[folder-audit] client filed under this category; item consistent with client description,,,
SA-00643,ADM-2.1,Seguros Vehiculos,file_audit,Ramo VEHICULOS MOTORIZADOS - HDI/ Poliza 586507 Item 3,,HDI SEGUROS S.A.,,[folder-audit] client filed under this category; item consistent with client description,,,
SA-00644,ADM-2.1,Seguros Vehiculos,file_audit,Ramo VEHICULOS MOTORIZADOS - HDI/ Poliza 586507 Item 4,,HDI SEGUROS S.A.,,[folder-audit] client filed under this category; item consistent with client description,,,
SA-00645,ADM-2.1,Seguros Vehiculos,file_audit,Ramo VEHICULOS MOTORIZADOS - HDI/ Poliza 586507 Item 5,,HDI SEGUROS S.A.,,[folder-audit] client filed under this category; item consistent with client description,,,
SA-00646,ADM-2.1,Seguros Vehiculos,file_audit,Seguros Vehiculos - ANTILLANCA SPA,,ANTILLANCA SPA,,[folder-audit] client filed under this category; item consistent with client description,,,
SA-00647,ADM-2.1,Seguros Vehiculos,file_audit,Seguros Vehiculos,,,,[folder-audit] client filed under this category; item consistent with client description,,,
SA-00648,ADM-1.8,Asesoria Contable,file_audit,ASESORIA CONTABLE,Periodo Junio de 2026,AUDITAX SPA,,[folder-audit] client filed under this category; item consistent with client description,,,
SA-00649,ADM-1.5,Colacion y Alojamiento,file_audit,Habitaciones ( 1),,TALBOT HOTELS S A,,[folder-audit] client filed under this category; item consistent with client description,,,
SA-00650,ADM-1.5,Colacion y Alojamiento,file_audit,ALMUERZOS,,MINERVA RUTH ARELLANO VASQUEZ,,[folder-audit] client filed under this category; item consistent with client description,,,
SA-00651,ADM-1.4,Movilizacion,file_audit,Recarga de Prepagos,,Ruta de los Rios Sociedad Concesionaria S.A.,,[folder-audit] client filed under this category; item consistent with client description,,,
SA-00652,ADM-1.4,Movilizacion,file_audit,DETALLE,GASOLINA NU 1203| 81.390|L,COPEC S.A.,,[folder-audit] client filed under this category; item consistent with client description,,,
SA-00653,ADM-1.4,Movilizacion,file_audit,Movilizacion - CHILLAN S.A.,,CHILLAN S.A.,,[folder-audit] client filed under this category; item consistent with client description,,,
SA-00654,ADM-1.4,Movilizacion,file_audit,93 S/P,,ESTACIONES DE SERVICIO PAOLA USLAR MOLINA E.I.R.L.,,[folder-audit] client filed under this category; item consistent with client description,,,
SA-00655,ADM-1.4,Movilizacion,file_audit,Movilizacion - ESTACIONES DE SERVICIO PAOLA USLAR MOLINA E.I.R.L,,ESTACIONES DE SERVICIO PAOLA USLAR MOLINA E.I.R.L,,[folder-audit] client filed under this category; item consistent with client description,,,
SA-00656,ADM-1.2,Comunicaciones e Internet,file_audit,Programacin Principal,,DIRECTV Chile Televisión Limitada,,[folder-audit] client filed under this category; item consistent with client description,,,
SA-00657,ADM-1.2,Comunicaciones e Internet,file_audit,Programacin Premiums,,DIRECTV Chile Televisión Limitada,,[folder-audit] client filed under this category; item consistent with client description,,,
SA-00658,ADM-1.2,Comunicaciones e Internet,file_audit,Decodificadores Adicionales,,DIRECTV Chile Televisión Limitada,,[folder-audit] client filed under this category; item consistent with client description,,,
SA-00659,ADM-1.2,Comunicaciones e Internet,file_audit,Comunicaciones e Internet - STARLINK CHILE SPA,,STARLINK CHILE SPA,,[folder-audit] client filed under this category; item consistent with client description,,,
SA-00660,ADM-1.7,Otros Gastos Administracion,file_audit,MONITOREO MES DE 06/2026 CONTRATO 1731305,,VERISURE CHILE SPA,,"[folder-audit] client filed under this category; item consistent with client description | [sweep2 relabel ADM-1.2->ADM-1.7] Verisure alarm-monitoring fee, not internet",,,
SA-00661,ADM-1.2,Comunicaciones e Internet,file_audit,Comunicaciones e Internet - ANTILLANCA SPA,,ANTILLANCA SPA,,[folder-audit] client filed under this category; item consistent with client description,,,
SA-00662,ADM-1.7,Otros Gastos Administracion,file_audit,MONITOREO MES DE 06/2026 CONTRATO 1731275,,VERISURE CHILE SPA,,"[folder-audit] client filed under this category; item consistent with client description | [sweep2 relabel ADM-1.2->ADM-1.7] Verisure alarm-monitoring fee, not internet",,,
SA-00663,ADM-1.2,Comunicaciones e Internet,file_audit,Cargo Fijo BAM,,Telefnica Mviles Chile S.A.,,[folder-audit] client filed under this category; item consistent with client description,,,
SA-00664,ADM-1.6,Utiles y gastos de oficina.,file_audit,LIMPIAPISOS LAVANDA 5L KLEINE,,SODIMAC S.A.,,[folder-audit] client filed under this category; item consistent with client description,,,
SA-00665,ADM-1.6,Utiles y gastos de oficina.,file_audit,MOPA MICROFIBRA SIN CABO RAYAS,,SODIMAC S.A.,,[folder-audit] client filed under this category; item consistent with client description,,,
SA-00666,ADM-1.6,Utiles y gastos de oficina.,file_audit,CABO ACERO INOX EXT 120CM CUN0,,SODIMAC S.A.,,[folder-audit] client filed under this category; item consistent with client description,,,
SA-00667,ADM-1.6,Utiles y gastos de oficina.,file_audit,DEO AMB ELECT VAINILLA+REP GLADE 21 ML,1.0 x 1 UN $7090 Bruto/$5958.0 Neto,RENDIC HERMANOS S.A.,,[folder-audit] client filed under this category; item consistent with client description,,,
SA-00668,ADM-1.6,Utiles y gastos de oficina.,file_audit,CLORO TRADICIONAL CLORINDA 4 LT,2.0 x 1 UN $4450 Bruto/$3739.5 Neto,RENDIC HERMANOS S.A.,,[folder-audit] client filed under this category; item consistent with client description,,,
SA-00669,ADM-1.6,Utiles y gastos de oficina.,file_audit,"CLORO GEL CIF 800 ML, TRADICIONAL",3.0 x 1 UN $2390 Bruto/$2008.3333 Neto,RENDIC HERMANOS S.A.,,[folder-audit] client filed under this category; item consistent with client description,,,
SA-00670,ADM-1.6,Utiles y gastos de oficina.,file_audit,"LIMP MULT CR C MICROP CIF 750GR, LIMON",3.0 x 1 UN $3090 Bruto/$2596.6667 Neto,RENDIC HERMANOS S.A.,,[folder-audit] client filed under this category; item consistent with client description,,,
SA-00671,ADM-1.6,Utiles y gastos de oficina.,file_audit,PASTILLA P ESTANQUE SMART CLEAN 2X50 GR,1.0 x 1 UN $2850 Bruto/$2395.0 Neto,RENDIC HERMANOS S.A.,,[folder-audit] client filed under this category; item consistent with client description,,,
SA-00672,EXP-1.1,Otros Gastos RRHH,client_convention,AZUCAR GRANULADA IANSA 1 KG,4.0 x 1 UN $1450 Bruto/$1218.5 Neto,RENDIC HERMANOS S.A.,,Client 2026-08-14: supermarket food and drink go to Otros Gastos RRHH.,,,
SA-00673,ADM-1.6,Utiles y gastos de oficina.,file_audit,PANO MULTIUSO ULTRA VIRUTEX 3 UN,4.0 x 1 UN $3690 Bruto/$3100.75 Neto,RENDIC HERMANOS S.A.,,[folder-audit] client filed under this category; item consistent with client description,,,
SA-00674,ADM-1.6,Utiles y gastos de oficina.,file_audit,PAPEL HIG ULTRA DH ELITE 40MTX18,2.0 x 1 UN $19290 Bruto/$16210.0 Neto,RENDIC HERMANOS S.A.,,[folder-audit] client filed under this category; item consistent with client description,,,
SA-00675,EXP-1.1,Otros Gastos RRHH,client_convention,"GALLETA DONUTS COSTA 100 GR, BITTER",2.0 x 1 UN $1340 Bruto/$1126.5 Neto,RENDIC HERMANOS S.A.,,Client 2026-08-14: supermarket food and drink go to Otros Gastos RRHH.,,,
SA-00676,EXP-1.1,Otros Gastos RRHH,client_convention,"GALLETA TUAREG COSTA 120 GR, ORIGINAL",2.0 x 1 UN $720 Bruto/$605.0 Neto,RENDIC HERMANOS S.A.,,Client 2026-08-14: supermarket food and drink go to Otros Gastos RRHH.,,,
SA-00677,EXP-1.1,Otros Gastos RRHH,client_convention,GALLETA GRETEL PIE DE LIMON COSTA 85 GR,2.0 x 1 UN $1390 Bruto/$1168.0 Neto,RENDIC HERMANOS S.A.,,Client 2026-08-14: supermarket food and drink go to Otros Gastos RRHH.,,,
SA-00678,EXP-1.1,Otros Gastos RRHH,client_convention,GALLETA CHAMPANA GULLON 200 GR,1.0 x 1 UN $2890 Bruto/$2429.0 Neto,RENDIC HERMANOS S.A.,,Client 2026-08-14: supermarket food and drink go to Otros Gastos RRHH.,,,
SA-00679,EXP-1.1,Otros Gastos RRHH,client_convention,GALLETA CHAMPANA ORIGINAL TENTO 100 GR,1.0 x 1 UN $1190 Bruto/$1000.0 Neto,RENDIC HERMANOS S.A.,,Client 2026-08-14: supermarket food and drink go to Otros Gastos RRHH.,,,
SA-00680,ADM-1.6,Utiles y gastos de oficina.,file_audit,BOLSA REUTILIZABLE ALGODON GRANDE DKORA,1.0 x 1 UN $1890 Bruto/$1588.0 Neto,RENDIC HERMANOS S.A.,,[folder-audit] client filed under this category; item consistent with client description,,,
SA-00681,EXP-1.1,Otros Gastos RRHH,client_convention,"GALLETA COSTA 125 GR, CHOCO CHIPS",2.0 x 1 UN $950 Bruto/$798.5 Neto,RENDIC HERMANOS S.A.,,Client 2026-08-14: supermarket food and drink go to Otros Gastos RRHH.,,,
SA-00682,ADM-1.6,Utiles y gastos de oficina.,file_audit,TONER ORIGINAL TN860XL MARCA BROTHER CON UN 5 0 DESCUENTO,TONER ORIGINAL TN860XL MARCA BROTHER,COMERCIAL V A M OFFICES SUPPLIES LIMITADA,,[folder-audit] client filed under this category; item consistent with client description,,,
SA-00683,ADM-1.6,Utiles y gastos de oficina.,file_audit,DESPACHO DE PRODUCTOS DESPACHO X BLUE EXPRESS REGIONES 1 A 5 DIAS HABILES POSTER,DESPACHO DE PRODUCTOS DESPACHO X BLUE EXPRESS REGIONES 1 A 5 DIAS HABILES POSTERIORES A TU COMPRA ZONAS EXTREMAS 3 A 10 DIAS HABILES POSTERIORES A TU COMPRA,COMERCIAL V A M OFFICES SUPPLIES LIMITADA,,[folder-audit] client filed under this category; item consistent with client description,,,
SA-00684,ADM-1.3,Arriendo Oficina,file_audit,Arriendo mayo 26,,ADDVISE SPA,,[folder-audit] client filed under this category; item consistent with client description,,,
SA-00685,ADM-1.3,Arriendo Oficina,file_audit,Arriendo junio 26,,ADDVISE SPA,,[folder-audit] client filed under this category; item consistent with client description,,,
SA-00686,ADM-1.7,Otros Gastos Administracion,file_audit,TRANSPORTE DE CARGA Y ENCOMIENDA: 271901924,,Kaudat SpA,,[folder-audit] client filed under this category; item consistent with client description,,,
SA-00687,ADM-1.10,Otros Servicios y Asesorias,file_audit,CRECE ANUAL,20% DCTO PARTNER PROMOTOR NIVEL ENTRANTE - OREGON CONSULTING,CHIPAX SPA,,[folder-audit] client filed under this category; item consistent with client description,,,
SA-00688,ADM-1.10,Otros Servicios y Asesorias,file_audit,Serv. Tcnico,"Servicio de habilitacin, configuracin y preparacin de equipos computacionales asociados a los usuarios Javier Muoz y Pilar Lobos. Incluye mano de obra, instalacin de software y repuestos utilizados.",SERVICIOS Y SOLUCIONES LINKEDTIC SPA,,[folder-audit] client filed under this category; item consistent with client description,,,
SA-00689,EXP-13.2,Mantencion Motos,file_audit,MANTENCION MOTO,"HONDA TRX 420, TINEO, SEGUN OT 580",MULTIMOTOS OSORNO SPA,,[folder-audit] client filed under this category; item consistent with client description,,,
SA-00690,EXP-13.3,Mantencion Vehiculos,file_audit,S-MD50 QUINTA MANTENCION,A@S-MD50 QUINTA MANTENCION,DIFOR CHILE S.A.,,[folder-audit] client filed under this category; item consistent with client description,,,
SA-00699,EXP-15.3,Fletes,file_audit,Flete de Fdo. Yutreco a,Feria 26.09,EDGARDO EDMUNDO MANCILLA CARRION,,[folder-audit] client filed under this category; item consistent with client description,,,
SA-00701,EXP-12.1,Analisis Suelo y forraje,file_audit,muest.Suelo Fdo.Pelleco,,JAVIER ARIEL SILVA VERA,,[folder-audit] client filed under this category; item consistent with client description,,,
SA-00703,EXP-4.2,Bolos Silo,file_audit,CONFECCIN BOLOS PRADERA,CONFECCIN bolos 196 totales,SERVICIOS AGRICOLAS CORPAL SPA,,[folder-audit] client filed under this category; item consistent with client description,,,
SA-00704,EXP-15.3,Fletes,file_audit,Flete,Traslado de bolos de silo desde el sector las Quemas hasta el fundo el Maiten,"SERVICIOS, COMERCIAL, AGRICOLA Y FORESTAL MORALES OPITZ SPA",,[folder-audit] client filed under this category; item consistent with client description | [sweep2 relabel EXP-4.2->EXP-15.3] client rule RG-00485 FLETE=15.3,,,
SA-00705,EXP-4.3,Bolos Heno,file_audit,BOLOS PAJA PLASTIFICADO,88 bolos de paja confeccin malla y cinta,SERVICIOS AGRICOLAS CORPAL SPA,,[folder-audit] client filed under this category; item consistent with client description,,,
SA-00706,EXP-4.3,Bolos Heno,file_audit,TRASLADO BOLOS CORTE ALTO,Distancia 112km viaje dos vueltas camin con carro,SERVICIOS AGRICOLAS CORPAL SPA,,[folder-audit] client filed under this category; item consistent with client description,,,
SA-00707,EXP-9.2,Otros Gastos Riego,file_audit,HI PLANZA 11/2,,RICARDO FRANCISCO WULFF MULLER,,[folder-audit] client filed under this category; item consistent with client description,,,
SA-00708,EXP-9.2,Otros Gastos Riego,file_audit,ABRAZADERAS MET,,RICARDO FRANCISCO WULFF MULLER,,[folder-audit] client filed under this category; item consistent with client description,,,
SA-00710,EXP-9.1,Energia Electrica Riego,file_audit,"Cargo mensual por demanda mxima leida de potencia en horas de punta ( 0,040 )",,COOPERATIVA ELECTRICA PAILLACO LIMITADA,,[folder-audit] client filed under this category; item consistent with client description,,,
SA-00711,EXP-9.1,Energia Electrica Riego,file_audit,"Cargo mensual por D. Max de potencia suministrada ( 56,860 )",,COOPERATIVA ELECTRICA PAILLACO LIMITADA,,[folder-audit] client filed under this category; item consistent with client description,,,
SA-00716,EXP-14.4,Mantencion Instalaciones,file_audit,INSTALACION,ELETRICA BODEGA,ALBERTO JESUS LARA GUZMAN,,[folder-audit] client filed under this category; item consistent with client description,,,
SA-00720,EXP-7.0,AGROQUIMICOS,file_audit,PRESIDE 80 WP X 300 GRS.,PRESIDE 80 WP,COOPERATIVA AGRICOLA Y LECHERA DE LA UNION LTDA.,,[folder-audit] client filed under this category; item consistent with client description,,,
SA-00722,EXP-11.1,Electricidad Lecheria,file_audit,Electricidad consumida 8640 KwH,,COOPERATIVA RURAL ELECT.R.BUENO LTDA.,,[folder-audit] client filed under this category; item consistent with client description,,,
SA-00723,EXP-11.1,Electricidad Lecheria,file_audit,Demanda maxima potencia leida 24.0 x $ 29050.541666666668,,COOPERATIVA RURAL ELECT.R.BUENO LTDA.,,[folder-audit] client filed under this category; item consistent with client description,,,
SA-00724,EXP-11.1,Electricidad Lecheria,file_audit,Demanda maxima suministrada 39.21 x $ 18186.99311400153,,COOPERATIVA RURAL ELECT.R.BUENO LTDA.,,[folder-audit] client filed under this category; item consistent with client description,,,
SA-00725,EXP-11.1,Electricidad Lecheria,file_audit,Perdida por transformacion,,COOPERATIVA RURAL ELECT.R.BUENO LTDA.,,[folder-audit] client filed under this category; item consistent with client description,,,
SA-00726,EXP-11.1,Electricidad Lecheria,file_audit,Uso del sistema de transmision,,COOPERATIVA RURAL ELECT.R.BUENO LTDA.,,[folder-audit] client filed under this category; item consistent with client description,,,
SA-00727,EXP-11.1,Electricidad Lecheria,file_audit,(R.M.E.),,COOPERATIVA RURAL ELECT.R.BUENO LTDA.,,[folder-audit] client filed under this category; item consistent with client description,,,
SA-00728,EXP-11.1,Electricidad Lecheria,file_audit,Cargo fondo de estabilizacion ley 21.472,,COOPERATIVA RURAL ELECT.R.BUENO LTDA.,,[folder-audit] client filed under this category; item consistent with client description,,,
SA-00729,EXP-11.1,Electricidad Lecheria,file_audit,Electricidad consumida ( 17.960 kWh),,COOPERATIVA ELECTRICA PAILLACO LIMITADA,,[folder-audit] client filed under this category; item consistent with client description,,,
SA-00730,EXP-11.1,Electricidad Lecheria,file_audit,"Cargo mensual por demanda mxima leida de potencia en horas de punta ( 56,480 )",,COOPERATIVA ELECTRICA PAILLACO LIMITADA,,[folder-audit] client filed under this category; item consistent with client description,,,
SA-00731,EXP-11.1,Electricidad Lecheria,file_audit,"Cargo mensual por D. Max de potencia suministrada ( 70,650 )",,COOPERATIVA ELECTRICA PAILLACO LIMITADA,,[folder-audit] client filed under this category; item consistent with client description,,,
SA-00732,EXP-11.1,Electricidad Lecheria,file_audit,Transporte de Electricidad ( 17.960 kWh),,COOPERATIVA ELECTRICA PAILLACO LIMITADA,,[folder-audit] client filed under this category; item consistent with client description,,,
SA-00733,EXP-11.1,Electricidad Lecheria,file_audit,"Multa por consumo reactivo (Recargo por consumo reactivo) ( 0,900 )",,COOPERATIVA ELECTRICA PAILLACO LIMITADA,,[folder-audit] client filed under this category; item consistent with client description,,,
SA-00734,EXP-11.1,Electricidad Lecheria,file_audit,"Recargo lectura de BT de consumos de cliente en AT(E) 3,5%",,COOPERATIVA ELECTRICA PAILLACO LIMITADA,,[folder-audit] client filed under this category; item consistent with client description,,,
SA-00736,EXP-11.1,Electricidad Lecheria,file_audit,Cargo por servicio publico Base ( 17.960 kWh) (Ex. IVA),,COOPERATIVA ELECTRICA PAILLACO LIMITADA,,[folder-audit] client filed under this category; item consistent with client description,,,
SA-00737,EXP-11.1,Electricidad Lecheria,file_audit,Cargo Fondo de Estabilizacion Ley 21.472 ( 17.960 kWh) (Ex. IVA),,COOPERATIVA ELECTRICA PAILLACO LIMITADA,,[folder-audit] client filed under this category; item consistent with client description,,,
SA-00738,EXP-11.1,Electricidad Lecheria,file_audit,Administracin del Servicio,,CIA ELECTRICA OSORNO S A,,[folder-audit] client filed under this category; item consistent with client description,,,
SA-00739,EXP-11.1,Electricidad Lecheria,file_audit,Transporte de Electricidad,,CIA ELECTRICA OSORNO S A,,[folder-audit] client filed under this category; item consistent with client description,,,
SA-00740,EXP-11.1,Electricidad Lecheria,file_audit,Electricidad Consumida,,CIA ELECTRICA OSORNO S A,,[folder-audit] client filed under this category; item consistent with client description,,,
SA-00741,EXP-11.1,Electricidad Lecheria,file_audit,Cargo mensual por demanda mxima de Potencia Leda,,CIA ELECTRICA OSORNO S A,,[folder-audit] client filed under this category; item consistent with client description,,,
SA-00742,EXP-11.1,Electricidad Lecheria,file_audit,Cargo mensual por demanda mxima de Potencia Leda Hora Punta,,CIA ELECTRICA OSORNO S A,,[folder-audit] client filed under this category; item consistent with client description,,,
SA-00743,EXP-11.1,Electricidad Lecheria,file_audit,Cargo por Servicio Pblico,,CIA ELECTRICA OSORNO S A,,[folder-audit] client filed under this category; item consistent with client description,,,
SA-00744,EXP-11.1,Electricidad Lecheria,file_audit,Cargo Fondo de Estabilizacin Ley 21.472,,CIA ELECTRICA OSORNO S A,,[folder-audit] client filed under this category; item consistent with client description,,,
SA-00745,EXP-11.1,Electricidad Lecheria,file_audit,"Ajuste para facilitar el pago en efectivo, mes actual",,CIA ELECTRICA OSORNO S A,,[folder-audit] client filed under this category; item consistent with client description,,,
SA-00746,EXP-11.1,Electricidad Lecheria,file_audit,"Ajuste para facilitar el pago en efectivo, mes anterior",,CIA ELECTRICA OSORNO S A,,[folder-audit] client filed under this category; item consistent with client description,,,
SA-00747,EXP-11.1,Electricidad Lecheria,file_audit,Inters por mora Energa,,CIA ELECTRICA OSORNO S A,,[folder-audit] client filed under this category; item consistent with client description,,,
SA-00749,EXP-11.2,Electricidad Casas e Instalaciones,file_audit,Electricidad consumida ( 458 kWh),,COOPERATIVA ELECTRICA PAILLACO LIMITADA,,[folder-audit] client filed under this category; item consistent with client description,,,
SA-00750,EXP-11.2,Electricidad Casas e Instalaciones,file_audit,Transporte de Electricidad ( 458 kWh),,COOPERATIVA ELECTRICA PAILLACO LIMITADA,,[folder-audit] client filed under this category; item consistent with client description,,,
SA-00751,EXP-11.2,Electricidad Casas e Instalaciones,file_audit,Cargo por servicio publico Base ( 458 kWh) (Ex. IVA),,COOPERATIVA ELECTRICA PAILLACO LIMITADA,,[folder-audit] client filed under this category; item consistent with client description,,,
SA-00752,ADM-2.2,Seguros Trabajadores,file_audit,Periodo de Cobertura octubre 2025,,Cia de Seguros de Vida Consorcio Nacional de Seguros SA,,[folder-audit] client filed under this category; item consistent with client description,,,
SA-00754,ADM-1.6,Utiles y gastos de oficina.,file_audit,Recarga Agua Purificada,Fundo Raices,PURIFICADORA DE AGUA ALEJANDRO SALAZAR RIVERA E.I.R.L.,,[folder-audit] client filed under this category; item consistent with client description,,,
SA-00755,ING-0.1,VENTA DE LECHE,silver_audit,VENTA DE LECHE,"145.412 kg de leche a $ 418,00 Estanque 21055-2, Raices Guias entre 1328157 - 1311519",ANTILLANCA SPA,,[silver+ollama agree +claude review] matches client description,,,
SA-00756,ING-0.2,VENTA DE VACAS,silver_audit,VENTA DE VACAS,DESDE YUTRECO FMA 173815945,ANTILLANCA SPA,,[silver+ollama agree +claude review] matches client description,,,
SA-00759,EXP-5.4,Bolos,silver_audit,BOLOS MAITEN 2DA VUELTA,6ha 24 bolos : 4 bolos por ha valor ha 122.000 total 732.000,SERVICIOS AGRICOLAS CORPAL SPA,,[silver+ollama agree +claude review] matches client description,,,
SA-00763,EXP-5.4,Bolos,silver_audit,MOVIMIENTOS DE BOLOS,,AGRÍCOLA J-S-E LIMITADA,,[silver+ollama agree +claude review] matches client description,,,
SA-00764,EXP-5.4,Bolos,silver_audit,"MALLA PARA BOLO TOTAL COVER 1,25 X 3000 MT",ROLLO|SOLICITADO POR PILAR LOBOS. CANCELAN EN 3 CUOTAS IGUALES,Tattersall AgroInsumos S.A.,,[silver+ollama agree +claude review] matches client description,,,
SA-00765,EXP-4.2,Bolos Silo,silver_audit,PARCHE SILO BOLO,PARCHE SILO BOLO,COOPERATIVA AGRICOLA Y LECHERA DE LA UNION LTDA.,,[silver+ollama agree +claude review] matches client description | [sweep2 relabel EXP-5.4->EXP-4.2] client rule RG-00126=4.2,,,
SA-00766,EXP-5.4,Bolos,silver_audit,BOLOS MAITEN,Primera vuelta 199 bolos,SERVICIOS AGRICOLAS CORPAL SPA,,[silver+ollama agree +claude review] matches client description,,,
SA-00767,EXP-5.4,Bolos,silver_audit,BOLOS FUTRONO,Bolos futrono 149,SERVICIOS AGRICOLAS CORPAL SPA,,[silver+ollama agree +claude review] matches client description,,,
SA-00768,EXP-1.1,Otros Gastos RRHH,silver_audit,Curso Técnicas De Control Y Prevención De Cojeras En Vacas Lecheras,"Cód. Sence, 1238072483 , N° Horas 16, F. inicio 05-05-25, F. término 07-05-25. Lugar de realización Avenida René Soriano N° 2615, Osorno, N° Acción Sence 6624686, N° de participantes 2. Información solicitada por Sence, incluida en certificado de asistencia.^",Fundación de Instrucción Agrícola Adolfo Matthei,,[silver+ollama agree +claude review] matches client description,,,
SA-00770,EXP-1.1,Otros Gastos RRHH,silver_audit,"Curso Técnicas De Manejo De Crianza De Terneras De Lechería,","Cód. Sence 1238044578, N° Horas 16, F. inicio 08-04-2025, F. término 09-04-2025, Lugar de realización Avenida René Soriano N° 2615, Osorno, N° Acción Sence 6612969, N° de participantes 3. Información solicitada por Sence, incluida en certificado de asistencia.",Fundación de Instrucción Agrícola Adolfo Matthei,,[silver+ollama agree +claude review] matches client description,,,
SA-00771,EXP-1.1,Otros Gastos RRHH,silver_audit,Programa de inglés,,ENGLISH TRAINING SPA,,[silver+ollama agree +claude review] matches client description,,,
SA-00772,EXP-6.4,Guano,silver_audit,APLICACION KG GUANO TEBBE,APLICACION KG GUANO TEBBE,Servicios Bergström Limitada,,[silver+ollama agree +claude review] matches client description,,,
SA-00773,EXP-6.5,Otros Fertilizantes,silver_audit,PELLECO FERTILIZANTE,RIEGO FERTILIZANTE VITRAMAG 150 K/HA,SERVICIOS AGRICOLAS CORPAL SPA,,[silver+ollama agree +claude review] matches client description,,,
SA-00774,EXP-6.5,Otros Fertilizantes,silver_audit,VITRAMAG - TINEO,,PRESTACIONES DE SERVICIOS AGRICOLAS EL SIERVO LIMITADA,,[silver+ollama agree +claude review] matches client description,,,
SA-00775,EXP-6.5,Otros Fertilizantes,silver_audit,YUTRECO,APLICACION FERTILIZANTE VITRAMAC 200 HA,SERVICIOS AGRICOLAS CORPAL SPA,,[silver+ollama agree +claude review] matches client description,,,
SA-00776,EXP-6.5,Otros Fertilizantes,silver_audit,HUMUS 10 KG OR,HUMUS 10 KG OR,Mallas Protekta Limitada,,[silver+ollama agree +claude review] matches client description,,,
SA-00777,EXP-6.5,Otros Fertilizantes,silver_audit,SMART VITRAMAG CAN 27 -,BRAMADERO,PRESTACIONES DE SERVICIOS AGRICOLAS EL SIERVO LIMITADA,,[silver+ollama agree +claude review] matches client description,,,
SA-00778,EXP-6.5,Otros Fertilizantes,silver_audit,COMPOST BIO FERT 25KG,COMPOST BIO FERT 25KG,Mallas Protekta Limitada,,[silver+ollama agree +claude review] matches client description,,,
SA-00779,EXP-5.1,Concentrado Vacas,silver_audit,Mipro Pastoreo,//FUNDO MAITEN G/6986 y 6999,SANO - NUTRICION ANIMAL MODERNA SPA,,[silver+ollama agree +claude review] matches client description,,,
SA-00782,EXP-11.3,Petroleo,silver_audit,Diesel,Diesel,SOC DE TRANSPORTES STEUER HOLMGREN Y COM,,[silver+ollama agree +claude review] matches client description,,,
SA-00783,EXP-11.3,Petroleo,silver_audit,Petroleo Diesel G-B,IE Base: 102.9720 - IE Variable: 56.6209,INVERSIONES Y ASESORIA BARCA SPA 3103944,,[silver+ollama agree +claude review] matches client description,,,
SA-00784,EXP-4.1,Parva Silo,silver_audit,SILO PARVA MAITEN,,AGRO SERVICIOS NAVARRETE SPA,,[silver+ollama agree +claude review] matches client description,,,
SA-00785,EXP-4.1,Parva Silo,silver_audit,PLASTICO SILO 14 M 150 MIC,PLASTICO SILO 14 M 150 MIC,COOPERATIVA AGRICOLA Y LECHERA DE LA UNION LTDA.,,[silver+ollama agree +claude review] matches client description,,,
SA-00786,EXP-15.2,Servicios Veterinarios,silver_audit,PODOLOGÍA CORRECTIVA,26 febrero: 25 vacas cojas,MOLINA MANNS SPA,,[silver+ollama agree +claude review] matches client description,,,
SA-00787,EXP-15.2,Servicios Veterinarios,silver_audit,PODOLOGÍA CLÍNICA BOVINA,Servicio realizado 15 abril 2025 por Roberto Molina,MOLINA MANNS SPA,,[silver+ollama agree +claude review] matches client description,,,
SA-00788,EXP-7.0,AGROQUIMICOS,silver_audit,GLADIADOR 450 WP X 250 GR,GLADIADOR 450 WP X 250 GR,COOPERATIVA AGRICOLA Y LECHERA DE LA UNION LTDA.,,[silver+ollama agree +claude review] matches client description,,,
SA-00789,EXP-7.0,AGROQUIMICOS,silver_audit,"GARLON 4 3,79 L",,COAGRA S.A.,,[silver+ollama agree +claude review] matches client description,,,
SA-00790,EXP-7.0,AGROQUIMICOS,silver_audit,CAIMAN 70 WG ( 1 KG.),,COOPERATIVA AGRICOLA Y DE SERVICIOS LTDA,,[silver+ollama agree +claude review] matches client description,,,
SA-00791,EXP-7.0,AGROQUIMICOS,silver_audit,SULFATO COBRE 25 KG. -____,____,FEROSOR AGRICOLA S.A.,,[silver+ollama agree +claude review] matches client description,,,
SA-00792,EXP-7.0,AGROQUIMICOS,silver_audit,"LONTREL 3A 3,79 L",,COAGRA S.A.,,[silver+ollama agree +claude review] matches client description,,,
SA-00793,EXP-15.3,Fletes,silver_audit,Flete 15 vacas de Raices,A feria tattersal Rio bueno.,HECTOR RAUL MANCILLA LOPEZ,,[silver+ollama agree +claude review] matches client description,,,
SA-00794,EXP-15.3,Fletes,silver_audit,Flete de terneras,de Tineo al Maitén,JUAN ANGEL ANIBAL VERGARA OBANDO,,[silver+ollama agree +claude review] matches client description,,,
SA-00795,EXP-15.3,Fletes,silver_audit,Traslado de vacas desde,El Maitén a Feria Paillaco,JUAN ANGEL ANIBAL VERGARA OBANDO,,[silver+ollama agree +claude review] matches client description,,,
SA-00796,EXP-15.3,Fletes,silver_audit,traslado,traslado de terneros desde fundo raíces ubicado en rio bueno hacia fundo bramadero,ANDRES ALONSO PRIETO SEGUEL,,[silver+ollama agree +claude review] matches client description,,,
SA-00797,EXP-15.3,Fletes,silver_audit,Flete 2 vacas fdo feria.,,HECTOR RAUL MANCILLA LOPEZ,,[silver+ollama agree +claude review] matches client description,,,
SA-00798,EXP-15.3,Fletes,silver_audit,Flete 32 vacas fdo Raices,A feria Tattersall Rio bueno.,HECTOR RAUL MANCILLA LOPEZ,,[silver+ollama agree +claude review] matches client description,,,
SA-00799,EXP-4.2,Bolos Silo,silver_audit,TRASLADO DE BOLOS,BRAMADERO AL MAITEN,SERVICIOS VITAP SPA,,[silver+ollama agree +claude review] matches client description | [sweep2 relabel EXP-15.3->EXP-4.2] client rule RG-00559=4.2,,,
SA-00801,EXP-15.3,Fletes,silver_audit,VIAJES BOLOS,DESDE FDO BRAMADERO HASTA YUTRECO GUIAS 1449 1450,SERGIO FABIAN RODRIGUEZ DELGADO,,[silver+ollama agree +claude review] matches client description,,,
SA-00802,EXP-15.3,Fletes,silver_audit,Traslado de bolos de silo,Desde bramadero a yutreco segun numero de guia 1459,MARCELO ALEJANDRO GUZMAN CATALAN,,[silver+ollama agree +claude review] matches client description,,,
SA-00803,EXP-15.3,Fletes,silver_audit,VIAJE CON 39 BOLOS DESDE,BRAMADERO HASTA FDO YUTRECO,SERGIO FABIAN RODRIGUEZ DELGADO,,[silver+ollama agree +claude review] matches client description,,,
SA-00804,EXP-10.4,Otros Gastos Lecheria,silver_audit,SEAL KIT FOR HILGE MILK PUMP 2.2KW,,GEA Farm Technologies Osorno Ltda.,,[silver+ollama agree +claude review] matches client description,,,
SA-00805,EXP-10.4,Otros Gastos Lecheria,silver_audit,-Juego de servicio - Gestion de leche (C)var.,,GEA Farm Technologies Osorno Ltda.,,[silver+ollama agree +claude review] matches client description,,,
SA-00806,EXP-4.3,Bolos Heno,silver_audit,BOLOS YUTRECO,P1 P38 P33 P32 P40 P31 P23 P10 42 Ha y 208 bolos serian 5 bolos por Ha mas 3 bolos x Ha serian 126 bolos: 208x18.500 : 3.848.000 mas 126x12.000: 1.512.000 total: 5.360.000: valor Ha 127.619.,SERVICIOS AGRICOLAS CORPAL SPA,,[silver+ollama agree +claude review] matches client description,,,
SA-00807,EXP-4.3,Bolos Heno,silver_audit,BOLOS RAICES,"Confeccion arriendo 18ha 63bolosy sala A2 5Ha 19 bolos total 82 bolos en 23 Ha 3.5 bolos x ha 4.5x23: 103.5bolos , 82x 18.500: 1.517.000 mas 103.5x12.000: 1.242.000 total 2.759.000",SERVICIOS AGRICOLAS CORPAL SPA,,[silver+ollama agree +claude review] matches client description,,,
SA-00808,EXP-6.2,Nitrogeno,silver_audit,SMART BLUE MAXI PF CNA (SF3)-FERTILIZANTES(B)-UREA,,COMPAÑÍA AGROPECUARIA COPEVAL S.A.,,[silver+ollama agree +claude review] matches client description,,,
SA-00809,EXP-12.1,Analisis Suelo y forraje,silver_audit,Analisis Nirs,Bolos de Ballica - Yutreco x 4 bolo y parva de ballica - Maiten x 9 Bramadero 10 Convenio Javier Silva,ROCK RIVER LABORATORY LIMITADA,,[silver+ollama agree +claude review] matches client description,,,
SA-00810,EXP-12.1,Analisis Suelo y forraje,silver_audit,REVERSA ANALISIS COOPERADO,REVERSA ANALISIS COOPERADO,COOPERATIVA AGRICOLA Y LECHERA DE LA UNION LTDA.,,[silver+ollama agree +claude review] matches client description,,,
SA-00811,ADM-1.5,Colacion y Alojamiento,silver_audit,Alimentos y Bebidas ( 3),,TALBOT HOTELS S A,,[silver+ollama agree +claude review] matches client description,,,
SA-00812,ADM-1.5,Colacion y Alojamiento,silver_audit,cena,,LAS ACHIRAS SPA,,[silver+ollama agree +claude review] matches client description,,,
SA-00813,ADM-1.5,Colacion y Alojamiento,silver_audit,Alimentos y Bebidas / Food and Bev ( 1),,Hoteles Director Ltda.,,[silver+ollama agree +claude review] matches client description,,,
SA-00814,EXP-10.1,Mantencion Sala,silver_audit,NIPLE BASE PULSADOR,,GEA Farm Technologies Osorno Ltda.,,[silver+ollama agree +claude review] matches client description,,,
SA-00815,EXP-10.1,Mantencion Sala,silver_audit,KIT DE SERVICIO-MANEJO DE LA LECHE VAR.EasyStart,,GEA Farm Technologies Osorno Ltda.,,[silver+ollama agree +claude review] matches client description,,,
SA-00816,EXP-10.1,Mantencion Sala,silver_audit,SPRAY DESLIZANTE,,GEA Farm Technologies Osorno Ltda.,,[silver+ollama agree +claude review] matches client description,,,
SA-00817,EXP-10.1,Mantencion Sala,silver_audit,JUEGO DE SERVICIO-TRANSPORTE DE LECHE(C) VAR SANITARY TRAP 22,,GEA Farm Technologies Osorno Ltda.,,[silver+ollama agree +claude review] matches client description,,,
SA-00818,EXP-10.1,Mantencion Sala,silver_audit,CHAPALETA BOMBA DE LECHE 1.1/1.5,,GEA Farm Technologies Osorno Ltda.,,[silver+ollama agree +claude review] matches client description,,,
SA-00819,EXP-10.1,Mantencion Sala,silver_audit,SELLO DEL CUERPO ICIP PARA LA COPA DE GOMA Y EL CORTADOR DE CLIPS,,GEA Farm Technologies Osorno Ltda.,,[silver+ollama agree +claude review] matches client description,,,
SA-00820,EXP-10.1,Mantencion Sala,silver_audit,JUNTA PERFILADA P/DEPOSITO VACIO 30,,GEA Farm Technologies Osorno Ltda.,,[silver+ollama agree +claude review] matches client description,,,
SA-00821,EXP-10.1,Mantencion Sala,silver_audit,DISTRIBUIDOR DE AIRE DEL COLECTOR,,GEA Farm Technologies Osorno Ltda.,,[silver+ollama agree +claude review] matches client description,,,
SA-00822,EXP-10.1,Mantencion Sala,silver_audit,MANGA DE LECHE 16 MM. SILICONA-MT.,,GEA Farm Technologies Osorno Ltda.,,[silver+ollama agree +claude review] matches client description,,,
SA-00823,EXP-10.1,Mantencion Sala,silver_audit,JUEGO DE SERVICIO-TRANSPORTE DE LECHE(C) VAR RECEIVER COVER,,GEA Farm Technologies Osorno Ltda.,,[silver+ollama agree +claude review] matches client description,,,
SA-00824,EXP-10.1,Mantencion Sala,silver_audit,TAPA CILINDRO ELEVADOR FRONTAL,,GEA Farm Technologies Osorno Ltda.,,[silver+ollama agree +claude review] matches client description,,,
SA-00825,EXP-10.1,Mantencion Sala,silver_audit,HELICE DE BOMBA LECHE 1.1 KW,,GEA Farm Technologies Osorno Ltda.,,[silver+ollama agree +claude review] matches client description,,,
SA-00826,EXP-10.1,Mantencion Sala,silver_audit,MOSQUETON,,GEA Farm Technologies Osorno Ltda.,,[silver+ollama agree +claude review] matches client description,,,
SA-00827,EXP-8.2,Pradera Rotacion Corta,silver_audit,SEMILLA BALLICA FORGE AGR X 25 KG,SEMILLA BALLICA FORGE AGR X 25 KG,COOPERATIVA AGRICOLA Y LECHERA DE LA UNION LTDA.,,silver top1/ollama-verify + claude review; matches client description,,,
SA-00828,EXP-10.4,Otros Gastos Lecheria,silver_audit,Limpieza silo 33 T,,MANTENCION INDUSTRIAL DEL SUR LIMITADA,,silver top1/ollama-verify + claude review; matches client description,,,
SA-00830,EXP-10.4,Otros Gastos Lecheria,silver_audit,PERNO COLECTOR SIN CIERRE,,GEA Farm Technologies Osorno Ltda.,,silver top1/ollama-verify + claude review; matches client description,,,
SA-00831,EXP-8.4,Otros Cultivos,silver_audit,Siembra Papas Maiten,,HSV SPA,,silver top1/ollama-verify + claude review; matches client description,,,
SA-00833,EXP-5.4,Bolos,silver_audit,BOLOS DE PAJA,Según guía de despacho N° 2145 48 Bolos equivalentes a 8.770 kg.,SOC COMERCIAL AGRO-TRUST LTDA,,silver top1/ollama-verify + claude review; matches client description,,,
SA-00836,EXP-4.3,Bolos Heno,silver_audit,KILOS PAJA DE TRIGO,CANTIDAD: 39 MAXIFARDOS ACOPLADO: JF-2403,AGRICOLA LAS LOMAS LIMITADA,,silver top1/ollama-verify + claude review; matches client description,,,
SA-00837,EXP-4.3,Bolos Heno,silver_audit,Bolos Paja de Trigo,"Según Guía Despacho 573, 574, 575,579, 580",SERVICIOS AGRICOLAS OSORNO SPA,,silver top1/ollama-verify + claude review; matches client description,,,
SA-00839,EXP-6.5,Otros Fertilizantes,silver_audit,YUTRECO FERTILIZANTE,RIEGO FERTILIZANTE UREA S-MART BLUE 50 K/HA,SERVICIOS AGRICOLAS CORPAL SPA,,silver top1/ollama-verify + claude review; matches client description,,,
SA-00840,EXP-4.3,Bolos Heno,silver_audit,FILM PARA BOLO WINPACK 750MM X 1500MT BLANCO,ROLLO 1500 MT|,Tattersall AgroInsumos S.A.,,silver top1/ollama-verify + claude review; matches client description,,,
SA-00841,EXP-4.2,Bolos Silo,silver_audit,CONFECCIÓN BOLOS PRADERA,CONFECCIÓN bolos 196 totales,SERVICIOS AGRICOLAS CORPAL SPA,,silver top1/ollama-verify + claude review; matches client description | [sweep2 relabel EXP-4.3->EXP-4.2] client rule RG-00643=4.2,,,
SA-00842,EXP-4.3,Bolos Heno,silver_audit,CONFECCION BOLOS PELLECO,,AGRÍCOLA J-S-E LIMITADA,,silver top1/ollama-verify + claude review; matches client description,,,
SA-00843,EXP-12.1,Analisis Suelo y forraje,silver_audit,Muestreo forraj.el Maiten,,JAVIER ARIEL SILVA VERA,,ollama classify + claude audit vs description,,,
SA-00844,EXP-12.1,Analisis Suelo y forraje,silver_audit,Muestras forra. Bramadero,,JAVIER ARIEL SILVA VERA,,ollama classify + claude audit vs description,,,
SA-00845,EXP-12.1,Analisis Suelo y forraje,silver_audit,Muestra Forra.Yutreco,,JAVIER ARIEL SILVA VERA,,ollama classify + claude audit vs description,,,
SA-00846,EXP-14.1,Mantencion Caminos,silver_audit,CORTE DE LIMPIEZA,,AGRÍCOLA J-S-E LIMITADA,,ollama classify + claude audit vs description,,,
SA-00847,EXP-7.0,AGROQUIMICOS,silver_audit,FUMIGACIÓN CON RUEDAS,HORTALICERAS,AGRICOLA E INVERSIONES LOS COIHUES SPA,,ollama classify + claude audit vs description,,,
SA-00848,EXP-15.5,Servicios Agricolas,silver_audit,DICIEMBRE LAS RAICES,SERVICIO DE CARO PURINERO CORRESPONDIENTE A (19 CARROS X 10.000 LT Y 11 CARROS X 10.400),AGRÍCOLA RIBERAS DEL SAUCE SPA,,ollama classify + claude audit vs description,,,
SA-00849,EXP-13.2,Mantencion Motos,silver_audit,mantencion trx 520,,MULTIMOTOS OSORNO SPA,,ollama classify + claude audit vs description,,,
SA-00850,EXP-13.2,Mantencion Motos,silver_audit,aceite motul,,MULTIMOTOS OSORNO SPA,,ollama classify + claude audit vs description,,,
SA-00851,EXP-13.2,Mantencion Motos,silver_audit,filtro de aceite,,MULTIMOTOS OSORNO SPA,,ollama classify + claude audit vs description,,,
SA-00852,EXP-13.2,Mantencion Motos,silver_audit,aceite corona,,MULTIMOTOS OSORNO SPA,,ollama classify + claude audit vs description,,,
SA-00853,EXP-7.0,AGROQUIMICOS,silver_audit,CONTROL DE ROEDORES,"PROGRAMA DE CONTROL DE ROEDORES AL PREDIO RAICES, VISITAS REALIZADAS 7/01/2025 HT6415; 21/01/2025 HT6440.",H2 ASESORIAS Y SERVICIOS SPA,,ollama classify + claude audit vs description,,,
SA-00854,EXP-11.3,Petroleo,silver_audit,DIESEL B,,ESTACIONES DE SERVICIO PAOLA USLAR MOLINA E.I.R.L.,,ollama classify + claude audit vs description,,,
SA-00855,EXP-9.1,Energia Electrica Riego,silver_audit,Electricidad consumida 6240 KwH,,COOPERATIVA RURAL ELECT.R.BUENO LTDA.,,ollama classify + claude audit vs description,client_check,,
SA-00856,EXP-9.1,Energia Electrica Riego,silver_audit,Demanda maxima potencia leida 30.57 x $ 28305.430160287862,,COOPERATIVA RURAL ELECT.R.BUENO LTDA.,,ollama classify + claude audit vs description,client_check,,
SA-00857,EXP-9.1,Energia Electrica Riego,silver_audit,Interés por mora Energía,,CIA ELECTRICA OSORNO S A,,ollama classify + claude audit vs description,client_check,,
SA-00858,EXP-7.0,AGROQUIMICOS,silver_audit,SULFATO COBRE 1 KG. -____,____,FEROSOR AGRICOLA S.A.,,ollama classify + claude audit vs description,,,
SA-00859,EXP-11.4,Bencina,silver_audit,Gasolina 93 octanos sin plomo,IE Base: 404.5740 - IE Variable: -37.2478,INVERSIONES ENEX S.A.,,ollama classify + claude audit vs description,,,
SA-00860,EXP-7.0,AGROQUIMICOS,silver_audit,ENGEO 247 SC X 1LT,ENGEO 247 SC,COOPERATIVA AGRICOLA Y LECHERA DE LA UNION LTDA.,,ollama classify + claude audit vs description,,,
SA-00861,EXP-7.0,AGROQUIMICOS,silver_audit,Aplicación con dron agrícola 13 ha de Rutabaga,,SOC AGRICOLA GANADERA Y FORESTAL SANTA FE LTDA,,ollama classify + claude audit vs description,,,
SA-00862,EXP-11.4,Bencina,silver_audit,Gasolina 93 octanos sin plomo,IE Base: 403.7640 - IE Variable: 6.4468,PILAUCO VIEJO SPA,,ollama classify + claude audit vs description,,,
SA-00863,EXP-7.0,AGROQUIMICOS,silver_audit,PIRIMOR,BOLSA 1 KG|,Tattersall AgroInsumos S.A.,,ollama classify + claude audit vs description,,,
SA-00864,EXP-7.0,AGROQUIMICOS,silver_audit,ROUNDUP CONTROLMAX (15 KG) BY,,MARTINEZ Y VALDIVIESO S.A,,ollama classify + claude audit vs description,,,
SA-00865,EXP-7.0,AGROQUIMICOS,silver_audit,ESTERON TEN-TEN (9.46 LTS) DW,,MARTINEZ Y VALDIVIESO S.A,,ollama classify + claude audit vs description,,,
SA-00866,EXP-7.0,AGROQUIMICOS,silver_audit,DASH HC (1 LT) BF,,MARTINEZ Y VALDIVIESO S.A,,ollama classify + claude audit vs description,,,
SA-00867,EXP-9.1,Energia Electrica Riego,silver_audit,Electricidad consumida 8760 KwH,,COOPERATIVA RURAL ELECT.R.BUENO LTDA.,,ollama classify + claude audit vs description,client_check,,
SA-00868,EXP-9.1,Energia Electrica Riego,silver_audit,Demanda maxima suministrada 38.55 x $ 18007.159533073933,,COOPERATIVA RURAL ELECT.R.BUENO LTDA.,,ollama classify + claude audit vs description,client_check,,
SA-00869,EXP-9.1,Energia Electrica Riego,silver_audit,Electricidad consumida 923 KwH,,COOPERATIVA RURAL ELECT.R.BUENO LTDA.,,ollama classify + claude audit vs description,client_check,,
SA-00870,EXP-7.0,AGROQUIMICOS,silver_audit,SILWET X 1 LT,SILWET TX 100,COOPERATIVA AGRICOLA Y LECHERA DE LA UNION LTDA.,,ollama classify + claude audit vs description,,,
SA-00871,EXP-11.4,Bencina,silver_audit,GASOLINA 95,Retira: ANTILLANCA SPA{Impuesto base combustible: 13728{Impuesto variable combustible: 249,COOPERATIVA AGRICOLA Y LECHERA DE LA UNION LTDA.,,ollama classify + claude audit vs description,,,
SA-00872,EXP-16.2,Otros Gastos Campo,silver_audit,SULFATO DE COBRE X 25 KL.,SULFATO DE COBRE X 25 KL.,COOPERATIVA AGRICOLA Y LECHERA DE LA UNION LTDA.,,ollama classify + claude audit vs description [Relabeled to EXP-16.2 per authoritative client_product_rule (newest Productos tab).],,,
SA-00873,EXP-11.4,Bencina,silver_audit,GASOLINA 95,,COOPERATIVA AGRICOLA Y LECHERA DE LA UNI,,ollama classify + claude audit vs description,,,
SA-00875,EXP-6.5,Otros Fertilizantes,silver_audit,FERTILIZACION MULPULMO,,AGRÍCOLA J-S-E LIMITADA,,ollama classify + claude audit vs description,,,
SA-00876,EXP-15.5,Servicios Agricolas,silver_audit,INCORPORADOR,,AGRÍCOLA J-S-E LIMITADA,,ollama classify + claude audit vs description,,,
SA-00877,EXP-14.1,Mantencion Caminos,silver_audit,CAMION TOLVA,RETIRANDO ESCOMBROS,TRANSPORTES PINILLA SPA,,ollama classify + claude audit vs description,,,
SA-00878,EXP-14.1,Mantencion Caminos,silver_audit,ARRIENDO PARRILLA,,TRANSPORTES PINILLA SPA,,ollama classify + claude audit vs description,,,
SA-00879,EXP-14.1,Mantencion Caminos,silver_audit,CUBOS DE ARENA,PARRILLADO ( 681 CUBX 16 X 42 ),TRANSPORTES PINILLA SPA,,ollama classify + claude audit vs description,,,
SA-00880,EXP-6.5,Otros Fertilizantes,silver_audit,Aplicación Compost,,SAN BLAS FERTILIZACION SPA,,ollama classify + claude audit vs description,,,
SA-00881,EXP-11.4,Bencina,silver_audit,Gasolina 93 octanos sin plomo,IE Base: 408.2040 - IE Variable: 38.5821,INVERSIONES Y ASESORIA BARCA SPA 3103944,,ollama classify + claude audit vs description,,,
SA-00882,EXP-9.1,Energia Electrica Riego,silver_audit,Electricidad consumida 7620 KwH,,COOPERATIVA RURAL ELECT.R.BUENO LTDA.,,ollama classify + claude audit vs description,client_check,,
SA-00883,EXP-9.1,Energia Electrica Riego,silver_audit,Demanda maxima potencia leida 30.57 x $ 28592.934249263984,,COOPERATIVA RURAL ELECT.R.BUENO LTDA.,,ollama classify + claude audit vs description,client_check,,
SA-00884,EXP-9.1,Energia Electrica Riego,silver_audit,Demanda maxima suministrada 39.21 x $ 18065.161948482528,,COOPERATIVA RURAL ELECT.R.BUENO LTDA.,,ollama classify + claude audit vs description,client_check,,
SA-00885,EXP-7.0,AGROQUIMICOS,silver_audit,MAITEN FUMIGACION R VAG.,,PRESTACIONES DE SERVICIOS AGRICOLAS EL SIERVO LIMITADA,,ollama classify + claude audit vs description,,,
SA-00886,EXP-6.1,Fosforo,silver_audit,MAITEN FERTILIZACION MAP,,PRESTACIONES DE SERVICIOS AGRICOLAS EL SIERVO LIMITADA,,ollama classify + claude audit vs description,,,
SA-00887,EXP-7.0,AGROQUIMICOS,silver_audit,BRAMADERO FUMIGACION RAP,,PRESTACIONES DE SERVICIOS AGRICOLAS EL SIERVO LIMITADA,,ollama classify + claude audit vs description,,,
SA-00888,EXP-6.1,Fosforo,silver_audit,BRAM. FERTILIZACION MAP,,PRESTACIONES DE SERVICIOS AGRICOLAS EL SIERVO LIMITADA,,ollama classify + claude audit vs description,,,
SA-00889,EXP-4.1,Parva Silo,silver_audit,CULTIVO SILO RASTRA,,PRESTACIONES DE SERVICIOS AGRICOLAS EL SIERVO LIMITADA,,ollama classify + claude audit vs description,,,
SA-00890,EXP-13.2,Mantencion Motos,silver_audit,FUELLES HOMOCINETICAS,,MULTIMOTOS OSORNO SPA,,ollama classify + claude audit vs description,,,
SA-00891,EXP-13.2,Mantencion Motos,silver_audit,BATERIA,,MULTIMOTOS OSORNO SPA,,ollama classify + claude audit vs description,,,
SA-00892,EXP-13.2,Mantencion Motos,silver_audit,MANO DE OBRA CAMBIO FUELL,MOTO HONDA TRX 420 N6,MULTIMOTOS OSORNO SPA,,ollama classify + claude audit vs description,,,
SA-00893,EXP-11.4,Bencina,silver_audit,Gasolina 93 octanos sin plomo,IE Base: 409.8360 - IE Variable: 13.3197,COMER DE COMBUSTIBLES M&D LTD,,ollama classify + claude audit vs description,,,
SA-00894,EXP-11.4,Bencina,silver_audit,Gasolina 93 octanos sin plomo,IE Base: 409.8360 - IE Variable: -30.1025,DISTRIBUIDORA ENTRETECHO SPA,,ollama classify + claude audit vs description,,,
SA-00895,EXP-9.1,Energia Electrica Riego,silver_audit,Subsidio cuota deuda pandemia 38 / 48,,Sociedad Austral de Electricidad SA,,ollama classify + claude audit vs description,client_check,,
SA-00896,EXP-9.1,Energia Electrica Riego,silver_audit,Cuota deuda pandemia (38/48),,Sociedad Austral de Electricidad SA,,ollama classify + claude audit vs description,client_check,,
SA-00897,EXP-7.0,AGROQUIMICOS,silver_audit,VENCEWEED 100 E X 1 LT.,VENCEWEED EXTRA,COOPERATIVA AGRICOLA Y LECHERA DE LA UNION LTDA.,,ollama classify + claude audit vs description,,,
SA-00898,EXP-6.2,Nitrogeno,silver_audit,APLICACION FERTILIZANTE,YUTRECO UREA 192 HA mas 43 HA aplicación Urea,SERVICIOS AGRICOLAS CORPAL SPA,,ollama classify + claude audit vs description,,,
SA-00899,EXP-13.2,Mantencion Motos,silver_audit,FUELLE HOMOCINETICA,,MULTIMOTOS OSORNO SPA,,ollama classify + claude audit vs description,,,
SA-00900,EXP-13.2,Mantencion Motos,silver_audit,REPARACION ARRANQUE,HONDA N6 TRX 250,MULTIMOTOS OSORNO SPA,,ollama classify + claude audit vs description,,,
SA-00901,EXP-11.4,Bencina,silver_audit,Gasolina 93 octanos sin plomo,IE Base: 411.8880 - IE Variable: 15.1712,COMERCIAL SUR ENERGY SPA,,ollama classify + claude audit vs description,,,
SA-00902,ADM-2.3,Seguros Otros,silver_audit,DEVOLUCION DE PRIMA CUOTA 9,300440510,REALE CHILE SEGUROS GENERALES S.A.,,ollama classify + claude audit vs description,,,
SA-00903,EXP-7.0,AGROQUIMICOS,silver_audit,FUMIGACION MAITEN,,PRESTACIONES DE SERVICIOS AGRICOLAS EL SIERVO LIMITADA,,ollama classify + claude audit vs description,,,
SA-00904,EXP-7.0,AGROQUIMICOS,silver_audit,FUMIGACION BRAMADERO,,PRESTACIONES DE SERVICIOS AGRICOLAS EL SIERVO LIMITADA,,ollama classify + claude audit vs description,,,
SA-00905,EXP-6.5,Otros Fertilizantes,silver_audit,FERTILIZACION BRAMADERO,,PRESTACIONES DE SERVICIOS AGRICOLAS EL SIERVO LIMITADA,,ollama classify + claude audit vs description,,,
SA-00906,EXP-15.5,Servicios Agricolas,silver_audit,FERTILIZACION TINEO,,PRESTACIONES DE SERVICIOS AGRICOLAS EL SIERVO LIMITADA,,ollama classify + claude audit vs description,,,
SA-00907,EXP-14.1,Mantencion Caminos,silver_audit,Reparación camino vecinal,Con material integral y maquinaria.,TRANSPORTES G & G SPA,,ollama classify + claude audit vs description,,,
SA-00908,EXP-9.1,Energia Electrica Riego,silver_audit,Transporte de Electricidad ( 117 kWh),,COOPERATIVA ELECTRICA PAILLACO LIMITADA,,ollama classify + claude audit vs description,client_check,,
SA-00909,ADM-2.3,Seguros Otros,silver_audit,Periodo de Cobertura junio 2025,,Cia de Seguros de Vida Consorcio Nacional de Seguros SA,,ollama classify + claude audit vs description,,,
SA-00910,EXP-9.1,Energia Electrica Riego,silver_audit,Electricidad consumida 5400 KwH,,COOPERATIVA RURAL ELECT.R.BUENO LTDA.,,ollama classify + claude audit vs description,client_check,,
SA-00911,EXP-5.3,Concentrado Otros Animales,silver_audit,PF SALERO P/NOVILLOS C/CUBIERTA -____,____,FEROSOR AGRICOLA S.A.,,ollama classify + claude audit vs description,,,
SA-00912,EXP-11.3,Petroleo,silver_audit,BIDON 20 LTS DIESEL,BIDON 20 LTS DIESEL,ADMINISTRADORA DE VENTAS AL DETALLE LTDA,,ollama classify + claude audit vs description,,,
SA-00913,EXP-7.0,AGROQUIMICOS,silver_audit,KARATE 1 LT.,KARATE CON TECNOLOGÍA ZEON,COOPERATIVA AGRICOLA Y LECHERA DE LA UNION LTDA.,,ollama classify + claude audit vs description,,,
SA-00914,EXP-13.2,Mantencion Motos,silver_audit,NUEVO NEUM. R12 MOTO,,VULCANIZACIÓN NONTUELÁ SPA,,ollama classify + claude audit vs description,,,
SA-00915,EXP-14.1,Mantencion Caminos,silver_audit,TRASLADO DE MATERIAL,DE FUNDO EL TINEO A FUNDO EL MAITEN 606 M3 X180=109.080 X 42 KM,TRANSPORTES PINILLA SPA,,ollama classify + claude audit vs description,,,
SA-00916,EXP-14.1,Mantencion Caminos,silver_audit,TRABAJOS DE EXCAVADORA,CAMA BAJA,TRANSPORTES PINILLA SPA,,ollama classify + claude audit vs description,,,
SA-00917,EXP-13.2,Mantencion Motos,silver_audit,PIOLA FRENO DE PIE1,,MULTIMOTOS OSORNO SPA,,ollama classify + claude audit vs description,,,
SA-00918,EXP-13.2,Mantencion Motos,silver_audit,HOROMETRO,,MULTIMOTOS OSORNO SPA,,ollama classify + claude audit vs description,,,
SA-00919,EXP-1.1,Otros Gastos RRHH,silver_audit,CENA 41 PERSONAS N.OP.080,,VICTOR VERA VIVEROS,,ollama classify + claude audit vs description,,,
SA-00920,ADM-2.3,Seguros Otros,silver_audit,Periodo de Cobertura julio 2025,,Cia de Seguros de Vida Consorcio Nacional de Seguros SA,,ollama classify + claude audit vs description,,,
SA-00921,EXP-7.0,AGROQUIMICOS,silver_audit,SILWET (1 LT) UPL,,MARTINEZ Y VALDIVIESO S.A,,ollama classify + claude audit vs description,,,
SA-00922,EXP-12.1,Analisis Suelo y forraje,silver_audit,Must Suelo el Maiten,,JAVIER ARIEL SILVA VERA,,ollama classify + claude audit vs description,,,
SA-00923,EXP-12.1,Analisis Suelo y forraje,silver_audit,Must Suelo Bramadero,,JAVIER ARIEL SILVA VERA,,ollama classify + claude audit vs description,,,
SA-00924,EXP-12.1,Analisis Suelo y forraje,silver_audit,Muest Suelo Tineo,,JAVIER ARIEL SILVA VERA,,ollama classify + claude audit vs description,,,
SA-00925,EXP-12.1,Analisis Suelo y forraje,silver_audit,Muest Suelo Yutreco,,JAVIER ARIEL SILVA VERA,,ollama classify + claude audit vs description,,,
SA-00926,EXP-12.1,Analisis Suelo y forraje,silver_audit,Muest Suelo Raices,,JAVIER ARIEL SILVA VERA,,ollama classify + claude audit vs description,,,
SA-00927,EXP-15.4,Arriendo Maquinaria y Vehiculos,silver_audit,Arriendo de tractor Junio,,JORGE HECTOR KIESSLING PINUER,,ollama classify + claude audit vs description,,,
SA-00928,EXP-14.1,Mantencion Caminos,silver_audit,TRASLADO DE RODILLO DESDE,FUTRONO HASTA FUNDO EL MAITEN 08/07/2025,TRANSPORTES PINILLA SPA,,ollama classify + claude audit vs description,,,
SA-00929,EXP-14.1,Mantencion Caminos,silver_audit,HORAS RODILLO,,TRANSPORTES PINILLA SPA,,ollama classify + claude audit vs description,,,
SA-00930,EXP-14.1,Mantencion Caminos,silver_audit,HORAS EXCAVADORA,-DESCUENTO PETROLEO DE $231.189 MAS IVA,TRANSPORTES PINILLA SPA,,ollama classify + claude audit vs description,,,
SA-00931,EXP-14.1,Mantencion Caminos,silver_audit,VENTA MATERIAL,MAICILLO,GEO PARTNER SPA,,ollama classify + claude audit vs description,,,
SA-00932,EXP-14.1,Mantencion Caminos,silver_audit,ARRIENDO DE RETRO EXCAVADORA,,SOC COMERCIAL NAHUM CORREA LTDA,,ollama classify + claude audit vs description,,,
SA-00933,ADM-2.3,Seguros Otros,silver_audit,Periodo de Cobertura agosto 2025,,Cia de Seguros de Vida Consorcio Nacional de Seguros SA,,ollama classify + claude audit vs description,,,
SA-00934,EXP-7.0,AGROQUIMICOS,silver_audit,STARANE XTRA EC (5 LT) DW,,MARTINEZ Y VALDIVIESO S.A,,ollama classify + claude audit vs description,,,
SA-00935,EXP-6.2,Nitrogeno,silver_audit,FERT. SMART-BRAMADERO,,PRESTACIONES DE SERVICIOS AGRICOLAS EL SIERVO LIMITADA,,ollama classify + claude audit vs description,,,
SA-00936,EXP-7.0,AGROQUIMICOS,silver_audit,FUMIGACION TINEO,,PRESTACIONES DE SERVICIOS AGRICOLAS EL SIERVO LIMITADA,,ollama classify + claude audit vs description,,,
SA-00937,EXP-7.0,AGROQUIMICOS,silver_audit,aplicac.dron,,SERVICIOS AGRICOLAS SCHUCK SPA,,ollama classify + claude audit vs description,,,
SA-00938,EXP-12.1,Analisis Suelo y forraje,silver_audit,Análisis ChilePackage,Fundo el Maiten 56 muestras Fundo Bramadero 22 muestras Fundo Yutreco 42 muestras Fundo El Tineo 18 muestras Fundo Raices 15 muestras,ROCK RIVER LABORATORY LIMITADA,,ollama classify + claude audit vs description,,,
SA-00939,EXP-5.4,Bolos,silver_audit,Maxxifardos Trigo,,SERVICIOS AGRICOLAS MECANIZADOS SPA,,ollama classify + claude audit vs description,,,
SA-00940,EXP-5.4,Bolos,silver_audit,Maxxifardos,,SERVICIOS AGRICOLAS MECANIZADOS SPA,,ollama classify + claude audit vs description,,,
SA-00941,EXP-13.2,Mantencion Motos,silver_audit,MANTENION Y REPARACION,"MANTENCION MOTOS RAICES SEGUN OT N° 496, 497-",MULTIMOTOS OSORNO SPA,,ollama classify + claude audit vs description,,,
SA-00942,EXP-7.0,AGROQUIMICOS,silver_audit,DESINSECTACION,DESINSECTACION INTERIOR CASA TRABAJADOR CON EQUIPO ULV NEBULIZADOR EN FRIO.,H2 ASESORIAS Y SERVICIOS SPA,,ollama classify + claude audit vs description,,,
SA-00943,EXP-11.4,Bencina,silver_audit,BIDON GASOLINA 20 LT,BIDON GASOLINA 20 LT,SOC DE TRANSPORTES STEUER HOLMGREN Y COM,,ollama classify + claude audit vs description,,,
SA-00944,EXP-7.0,AGROQUIMICOS,silver_audit,TORDON 101 (4 LT) DW,,MARTINEZ Y VALDIVIESO S.A,,ollama classify + claude audit vs description,,,
SA-00945,EXP-9.1,Energia Electrica Riego,silver_audit,Electricidad consumida 7860 KwH,,COOPERATIVA RURAL ELECT.R.BUENO LTDA.,,ollama classify + claude audit vs description,client_check,,
SA-00946,EXP-9.1,Energia Electrica Riego,silver_audit,Demanda maxima potencia leida 22.8 x $ 28803.15789473684,,COOPERATIVA RURAL ELECT.R.BUENO LTDA.,,ollama classify + claude audit vs description,client_check,,
SA-00947,EXP-9.1,Energia Electrica Riego,silver_audit,Demanda maxima suministrada 39.21 x $ 17984.28972200969,,COOPERATIVA RURAL ELECT.R.BUENO LTDA.,,ollama classify + claude audit vs description,client_check,,
SA-00948,EXP-9.1,Energia Electrica Riego,silver_audit,Electricidad consumida 456 KwH,,COOPERATIVA RURAL ELECT.R.BUENO LTDA.,,ollama classify + claude audit vs description,client_check,,
SA-00949,EXP-7.0,AGROQUIMICOS,silver_audit,TORDON 101 4 L,,COAGRA S.A.,,ollama classify + claude audit vs description,,,
SA-00950,EXP-7.0,AGROQUIMICOS,silver_audit,STARANE XTRA 5 L,,COAGRA S.A.,,ollama classify + claude audit vs description,,,
SA-00951,EXP-8.4,Otros Cultivos,silver_audit,SEM. RAPS FORR. PILLAR IMP.CTE. DES,,COOPERATIVA AGRICOLA Y DE SERVICIOS LTDA,,ollama classify + claude audit vs description,,,
SA-00952,EXP-6.2,Nitrogeno,silver_audit,SMART BLUE - MAITEN,,PRESTACIONES DE SERVICIOS AGRICOLAS EL SIERVO LIMITADA,,ollama classify + claude audit vs description,,,
SA-00953,EXP-8.2,Pradera Rotacion Corta,silver_audit,SIEMBRA SALA - MAITEN,,PRESTACIONES DE SERVICIOS AGRICOLAS EL SIERVO LIMITADA,,ollama classify + claude audit vs description,,,
SA-00954,EXP-6.5,Otros Fertilizantes,silver_audit,VITRAMAG-BRAMADERO,,PRESTACIONES DE SERVICIOS AGRICOLAS EL SIERVO LIMITADA,,ollama classify + claude audit vs description,,,
SA-00955,EXP-6.5,Otros Fertilizantes,silver_audit,TRAS.FERTILIZANT VITRAMAG,DESDE MAITEN A TINEO,LUIS ANTONIO TORRES JARAMILLO,,ollama classify + claude audit vs description,,,
SA-00956,EXP-13.2,Mantencion Motos,silver_audit,MANTENCION Y RAPARACION,MOTO HONDA TRX 420 N°7 SEGUN OT 577,MULTIMOTOS OSORNO SPA,,ollama classify + claude audit vs description,,,
SA-00957,EXP-9.1,Energia Electrica Riego,silver_audit,Electricidad consumida ( 153 kWh),,COOPERATIVA ELECTRICA PAILLACO LIMITADA,,ollama classify + claude audit vs description,client_check,,
SA-00958,EXP-11.4,Bencina,silver_audit,Gasolina 93 octanos sin plomo,IE Base: 415.5900 - IE Variable: 17.4132,SOC. COMERC. EDOW LTDA. 3101597,,ollama classify + claude audit vs description,,,
SA-00959,EXP-12.1,Analisis Suelo y forraje,silver_audit,PLANILLA NUMERO 73697 - ANALISIS : COOP-FECAS-SEDIMENTACION,,COOPERATIVA AGRICOLA Y LECHERA DE LA UNION LTDA.,,ollama classify + claude audit vs description,,,
SA-00960,EXP-12.1,Analisis Suelo y forraje,silver_audit,PLANILLA NUMERO 73698 - ANALISIS : COOP-FECAS-PARASITOS PUL,,COOPERATIVA AGRICOLA Y LECHERA DE LA UNION LTDA.,,ollama classify + claude audit vs description,,,
SA-00961,EXP-8.2,Pradera Rotacion Corta,silver_audit,SIEMBRA RAP - MAITEN,,PRESTACIONES DE SERVICIOS AGRICOLAS EL SIERVO LIMITADA,,ollama classify + claude audit vs description,,,
SA-00962,EXP-4.1,Parva Silo,silver_audit,TRASLADO BOLOS SILOS,CON CARRO Y RETORNO DESDE MAITEN A YUTRECO ( 1 VIAJE ),LUIS ANTONIO TORRES JARAMILLO,,ollama classify + claude audit vs description,,,
SA-00963,EXP-15.5,Servicios Agricolas,silver_audit,Asesoria Huerto Tineo,,HSV SPA,,ollama classify + claude audit vs description,,,
SA-00964,EXP-6.5,Otros Fertilizantes,silver_audit,CHAPILCAHUIN FERTILIZANTE,APLICACION DE FERTILIZANTE TRIPLE 97 HA,SERVICIOS AGRICOLAS CORPAL SPA,,ollama classify + claude audit vs description,,,
SA-00965,EXP-8.3,Repoblamiento,silver_audit,INCORPORADOR CATROS,,GUILLERMO ENRIQUE RIEDEL MARTINEZ,,ollama classify + claude audit vs description,,,
SA-00966,EXP-8.3,Repoblamiento,silver_audit,RODON,,GUILLERMO ENRIQUE RIEDEL MARTINEZ,,ollama classify + claude audit vs description,,,
SA-00967,EXP-8.2,Pradera Rotacion Corta,silver_audit,SIEMBRA GUTTLER,,GUILLERMO ENRIQUE RIEDEL MARTINEZ,,ollama classify + claude audit vs description,,,
SA-00968,EXP-15.4,Arriendo Maquinaria y Vehiculos,silver_audit,ARRIENDO DE VEHICULOS,ARRIENDO DE VEHICULOS~,ARRENDADORA DE VEHICULOS SOCIEDAD ANONIMA,,ollama classify + claude audit vs description,,,
SA-00969,EXP-4.1,Parva Silo,silver_audit,PLAST.SILOFARM 14Mx50M x 130MIC,,COOPERATIVA AGRICOLA Y DE SERVICIOS LTDA,,ollama classify + claude audit vs description,,,
SA-00970,EXP-11.4,Bencina,silver_audit,Gasolina 95 octanos sin plomo,IE Base: 417.2520 - IE Variable: 0.0000,INVERSIONES ENEX S.A.,,ollama classify + claude audit vs description,,,
SA-00971,EXP-6.2,Nitrogeno,silver_audit,UREA - BRAMADERO,,PRESTACIONES DE SERVICIOS AGRICOLAS EL SIERVO LIMITADA,,ollama classify + claude audit vs description,,,
SA-00972,EXP-6.2,Nitrogeno,silver_audit,UREA Y SMARTS BLUE -,BRAMADERO,PRESTACIONES DE SERVICIOS AGRICOLAS EL SIERVO LIMITADA,,ollama classify + claude audit vs description,,,
SA-00973,EXP-6.2,Nitrogeno,silver_audit,UREA - TINEO,,PRESTACIONES DE SERVICIOS AGRICOLAS EL SIERVO LIMITADA,,ollama classify + claude audit vs description,,,
SA-00974,EXP-13.2,Mantencion Motos,silver_audit,MANTENCION MOTO HONDA TRX,"420, SEGUN OT 661",MULTIMOTOS OSORNO SPA,,ollama classify + claude audit vs description,,,
SA-00975,EXP-11.4,Bencina,silver_audit,Gasolina 93 octanos sin plomo,IE Base: 417.2520 - IE Variable: 35.2995,SOC DE INVERSIONES EL OLIVO SPA,,ollama classify + claude audit vs description,,,
SA-00976,EXP-4.1,Parva Silo,silver_audit,PLASTICO SILO FEROSOR X UNIDAD -Ferosor_14x35x125_NEGRO__,Ferosor_14x35x125_NEGRO__,FEROSOR AGRICOLA S.A.,,ollama classify + claude audit vs description,,,
SA-00977,EXP-11.4,Bencina,silver_audit,Aramco Gasolina 93,"Aramco Gasolina 93@@Fecha 12/12/2025 Base 6.00 UTM/m3; 417,252; Variable 1 UTM/m3; 35,119",Esmax Distribucion SpA,,ollama classify + claude audit vs description,,,
SA-00978,EXP-11.3,Petroleo,silver_audit,Aramco ProForce Diesel A,"Aramco ProForce Diesel A@@Fecha 12/12/2025 Base 1.50 UTM/m3; 104,313; Variable 0 UTM/m3; 32,587",Esmax Distribucion SpA,,ollama classify + claude audit vs description,,,
SA-00979,EXP-11.3,Petroleo,silver_audit,PETROLEO DIESEL 2-D-COMBUSTIBLES(K)-DIESEL,,COMPAÑÍA AGROPECUARIA COPEVAL S.A.,,ollama classify + claude audit vs description,,,
SA-00980,EXP-11.3,Petroleo,silver_audit,EST. DIESEL PORTATIL CERT. 420 L,EST. DIESEL PORTATIL CERT. 420 L,COOPERATIVA AGRICOLA Y LECHERA DE LA UNION LTDA.,,ollama classify + claude audit vs description,,,
SA-00981,EXP-13.2,Mantencion Motos,silver_audit,REPARACIÓN NEUMÁTICO R12,MOTO,VULCANIZACIÓN NONTUELÁ SPA,,ollama classify + claude audit vs description,,,
SA-00982,EXP-15.5,Servicios Agricolas,silver_audit,PURINES MAITEN,42 carradas de 11.000 lts total 462.000lts valor lts 1.9 pesos,SERVICIOS AGRICOLAS CORPAL SPA,,ollama classify + claude audit vs description,,,
SA-00983,EXP-15.4,Arriendo Maquinaria y Vehiculos,silver_audit,ARRIENDO DIARIO DE EQUIPO,GENERADOR INSONORIZADO INMESOL DE 100KVA SN.1932937,HAKA INDUSTRIAL SPA,,ollama classify + claude audit vs description,,,
SA-00984,EXP-11.4,Bencina,silver_audit,Gasolina 93 octanos sin plomo,IE Base: 418.5060 - IE Variable: 35.9706,COMERCIAL RIO BUENO SPA,,ollama classify + claude audit vs description,,,
SA-00985,ADM-2.3,Seguros Otros,silver_audit,Periodo de Cobertura enero 2026,,Cia de Seguros de Vida Consorcio Nacional de Seguros SA,,ollama classify + claude audit vs description,,,
SA-00986,EXP-11.4,Bencina,silver_audit,V-POWER Gasolina 97 octanos sp,IE Base: 418.5060 - IE Variable: 68.1328,INVERSIONES ENEX S.A.,,ollama classify + claude audit vs description,,,
SA-00987,EXP-12.1,Analisis Suelo y forraje,silver_audit,Muestra forraje Chapilcah,,JAVIER ARIEL SILVA VERA,,ollama classify + claude audit vs description,,,
SA-00988,EXP-12.1,Analisis Suelo y forraje,silver_audit,Muestra Forraje Yutreco,,JAVIER ARIEL SILVA VERA,,ollama classify + claude audit vs description,,,
SA-00989,EXP-15.5,Servicios Agricolas,silver_audit,Apoyo Huerto Tineo Feb,,HSV SPA,,ollama classify + claude audit vs description,,,
SA-00990,ADM-2.3,Seguros Otros,silver_audit,Periodo de Cobertura febrero 2026,,Cia de Seguros de Vida Consorcio Nacional de Seguros SA,,ollama classify + claude audit vs description,,,
SA-00991,EXP-9.1,Energia Electrica Riego,silver_audit,Demanda maxima potencia leida 24.6 x $ 28746.382113821135,,COOPERATIVA RURAL ELECT.R.BUENO LTDA.,,ollama classify + claude audit vs description,client_check,,
SA-00992,EXP-9.1,Energia Electrica Riego,silver_audit,Demanda maxima suministrada 40.44 x $ 18117.161226508408,,COOPERATIVA RURAL ELECT.R.BUENO LTDA.,,ollama classify + claude audit vs description,client_check,,
SA-00993,EXP-12.1,Analisis Suelo y forraje,silver_audit,PLANILLA NUMERO 76449 - ANALISIS : COOP-FECAS-SEDIMENTACION,,COOPERATIVA AGRICOLA Y LECHERA DE LA UNION LTDA.,,ollama classify + claude audit vs description,,,
SA-00994,EXP-12.1,Analisis Suelo y forraje,silver_audit,PLANILLA NUMERO 76450 - ANALISIS : COOP-FECAS-SEDIMENTACION,,COOPERATIVA AGRICOLA Y LECHERA DE LA UNION LTDA.,,ollama classify + claude audit vs description,,,
SA-00995,EXP-11.4,Bencina,silver_audit,Aramco Gasolina 93,,Estaciones de Serv. Paola Uslar Molina E.I.R.L.,,ollama classify + claude audit vs description,,,
SA-00996,EXP-8.2,Pradera Rotacion Corta,silver_audit,SEMILLA BALLICA PASTURE PACK KABUL 25 KG,^ ! Cuota Vencimiento Monto ! Cuota Vencimiento Monto ! Cuota Vencimiento Monto ! ^ !==============================!==============================!==============================! ^ ! CU01 03-04-2026 663.980 ! CU02 03-05-2026 663.980 ! CU03 02-06-2026 663.980 ! ^ ! CU04 02-07-2026 663.980 ! CU05 01-08-2026 663.979,COAGRA S.A.,,ollama classify + claude audit vs description,,,
SA-00997,ING-0.4,VENTA TERNEROS,silver_audit,VENTA DE TERNERAS,,ANTILLANCA SPA,,ollama classify + claude audit vs description,,,
SA-00998,ING-0.3,VENTA VAQUILLAS,silver_audit,VENTA DE VAQUILLAS,,ANTILLANCA SPA,,ollama classify + claude audit vs description,,,
SA-00999,ING-0.4,VENTA TERNEROS,silver_audit,VENTAS TERNEROS,DESDE RAICES FMA 153347973,ANTILLANCA SPA,,ollama classify + claude audit vs description,,,
RG-00654,EXP-6.1,Fosforo,client_product_rule,FOSFATO DIAMONICO,,,,Client-confirmed product-to-category mapping.,,,
RG-00655,EXP-6.1,Fosforo,client_product_rule,TREFOS,,,,Client-confirmed product-to-category mapping.,,,
RG-00656,EXP-2.1,Terapias Secado,client_product_rule,UBRISEC,,,,Client-confirmed product-to-category mapping.,,,
RG-00657,EXP-2.1,Terapias Secado,client_product_rule,FATROXIMIN,,,,Client-confirmed product-to-category mapping.,,,
RG-00658,EXP-2.1,Terapias Secado,client_product_rule,SEPRAVIN,,,,Client-confirmed product-to-category mapping.,,,
RG-00659,EXP-8.4,Otros Cultivos,client_product_rule,SEM.RAPS FORR.SPITFIRE DES.     CTE,22000536,COOPRINSEM,,Client-confirmed product-to-category mapping.,,,
RG-00660,EXP-8.4,Otros Cultivos,client_product_rule,SEM. RAPS FORR. PILLAR IMP.CTE. DES,22000793,COOPRINSEM,,Client-confirmed product-to-category mapping.,,,
SR-00001,EXP-8.1,Pradera Perenne,client_service_rule,SIEMBRA PRADERA PERENNE,SIEMBRA PRADERA PERENNE,,,Client-provided standardized service description for future invoice descriptions (servicios sheet).,,,
SR-00002,EXP-8.2,Pradera Rotacion Corta,client_service_rule,SIEMBRA PRADERA ROTACION CORTA,SIEMBRA PRADERA ROTACION CORTA,,,Client-provided standardized service description for future invoice descriptions (servicios sheet).,,,
SR-00003,EXP-8.4,Otros Cultivos,client_service_rule,SIEMBRA OTROS CULTIVOS,SIEMBRA OTROS CULTIVOS,,,Client-provided standardized service description for future invoice descriptions (servicios sheet).,,,
SR-00004,EXP-8.3,Repoblamiento,client_service_rule,SIEMBRA REPOBLAMIENTO,SIEMBRA REPOBLAMIENTO,,,Client-provided standardized service description for future invoice descriptions (servicios sheet).,,,
SR-00005,EXP-8.1,Pradera Perenne,client_service_rule,PREPARACION SUELO PRADERA PERENNE,PREPARACION SUELO PRADERA PERENNE,,,Client-provided standardized service description for future invoice descriptions (servicios sheet).,,,
SR-00006,EXP-8.2,Pradera Rotacion Corta,client_service_rule,PREPARACION SUELO ROTACION CORTA,PREPARACION SUELO ROTACION CORTA,,,Client-provided standardized service description for future invoice descriptions (servicios sheet).,,,
SR-00007,EXP-8.4,Otros Cultivos,client_service_rule,PREPARACION SUELO OTROS CULTIVOS,PREPARACION SUELO OTROS CULTIVOS,,,Client-provided standardized service description for future invoice descriptions (servicios sheet).,,,
CF-00001,EXP-10.1,Mantencion Sala,file_audit_corrected,MANGAS PARA ORDEA MECANICA,MANGA REUTILIZABLE IMPERMEABLE,COOPERATIVA AGRICOLA Y LECHERA DE LA UNION LTDA.,,Dairy-shed milking-machine liner/rubberware; taxonomy EXP-10.1 explicitly covers rubberware. Corrected from conflicting EXP-2.6/EXP-2.5 folder placements.,,,
CF-00002,EXP-14.3,Mantencion Agua y Purines,file_audit_corrected,"CAERIA NEGRA PN4 1""","CAERIA NEGRA PN4 1""",COOPERATIVA AGRICOLA Y LECHERA DE LA UNION LTDA.,,Black HDPE water pipe; taxonomy EXP-14.3 explicitly covers water supply pipes/fittings. Corrected from conflicting EXP-2.6/EXP-4.1 folder placements.,,,
CF-00003,EXP-13.1,Mantencion Maquinaria,file_audit_corrected,ACEITE 2T STHIL X,,COOPERATIVA AGRÍCOLA Y LECHERA DE LA UNIÓN LTDA,,STIHL 2-stroke engine oil for power tools (chainsaw/brushcutter); taxonomy EXP-13.1 covers machinery oil/lubricants. Corrected from conflicting EXP-2.2/EXP-16.1 folder placements.,,,
CF-00004,EXP-10.3,Detergentes e higenizantes,file_audit_corrected,SOLUTION 60 LTS,,HGS DAIRY SOLUTIONS SPA,,Matches client-confirmed RG-00566 'SOLUTION 60 lts' (GEA Farm Technologies) already gold as EXP-10.3 Detergentes e higenizantes. Corrected from conflicting EXP-10.2/EXP-10.4 folder placements.,,,
CF-00005,EXP-10.1,Mantencion Sala,file_audit_corrected,FILTRO LECHE 60 MM * 455 - 370 UN,,HGS DAIRY SOLUTIONS SPA,,"Milk filter cartridge, dairy-shed rubberware/consumable; taxonomy EXP-10.1 description explicitly lists 'filtros'. Corrected from conflicting EXP-10.3/EXP-10.4 folder placements.",,,
CF-00006,EXP-2.4,Sales Minerales,file_audit_corrected,SALFORT PASTOREO X,,COOPERATIVA AGRÍCOLA Y LECHERA DE LA UNIÓN LTDA,,Matches client-confirmed COLUN product-rule pattern (RG-00132/00295/00407 'SALFORT...' -> EXP-2.4 Sales Minerales). Corrected from conflicting EXP-5.2/EXP-14.3 folder placements.,,,
CF-00007,EXP-7.0,AGROQUIMICOS,file_audit_corrected,TORDON 101 X 4 LT,TORDON 101,COOPERATIVA AGRICOLA Y LECHERA DE LA UNION LTDA.,,"Tordon 101 (picloram + 2,4-D) is a herbicide; taxonomy EXP-7.0 AGROQUIMICOS covers weed/pest chemicals. Matches existing gold for the same product from other providers (SA-00944, SA-00949, both EXP-7.0). None of the 4 conflicting folder categories were correct.",,,
RG-01000,EXP-7.0,AGROQUIMICOS,client_product_rule,TORDON 101 ( 4 L.),21000019,COOPRINSEM,,Client-confirmed product-to-category mapping.,,,
RG-01001,EXP-7.0,AGROQUIMICOS,client_product_rule,LONTREL 3A ( 1 L.),21000039,COOPRINSEM,,Client-confirmed product-to-category mapping.,,,
RG-01002,EXP-7.0,AGROQUIMICOS,client_product_rule,HEAT (150 G.),21000138,COOPRINSEM,,Client-confirmed product-to-category mapping.,,,
RG-01003,EXP-7.0,AGROQUIMICOS,client_product_rule,STARANE XTRA ( 1 L.),21000144,COOPRINSEM,,Client-confirmed product-to-category mapping.,,,
RG-01004,EXP-7.0,AGROQUIMICOS,client_product_rule,KARATE ZEON (SYNGEN) ( 1 L.),21000491,COOPRINSEM,,Client-confirmed product-to-category mapping.,,,
RG-01005,EXP-7.0,AGROQUIMICOS,client_product_rule,SILWET ( 1 L.),21000797,COOPRINSEM,,Client-confirmed product-to-category mapping.,,,
RG-01006,EXP-7.0,AGROQUIMICOS,client_product_rule,M.C.P.A X 1 LT,7006564,COLUN,,Client-confirmed product-to-category mapping.,,,
RG-01007,EXP-7.0,AGROQUIMICOS,client_product_rule,CAIMAN (BANVEL) 75 % WG X KL,7061930,COLUN,,Client-confirmed product-to-category mapping.,,,
RG-01008,EXP-7.0,AGROQUIMICOS,client_product_rule,M.C.P.A X 10 LT,7614394,COLUN,,Client-confirmed product-to-category mapping.,,,
RG-01009,EXP-7.0,AGROQUIMICOS,client_product_rule,TORDON 101 X 1 LT,7012572,COLUN,,Client-confirmed product-to-category mapping.,,,
RG-01010,EXP-7.0,AGROQUIMICOS,client_product_rule,TORDON 24 K 1 LT,7035882,COLUN,,Client-confirmed product-to-category mapping.,,,
RG-01011,EXP-7.0,AGROQUIMICOS,client_product_rule,RANGO FULL X 20 LT.,7009172,COLUN,,Client-confirmed product-to-category mapping.,,,
RG-01012,EXP-7.0,AGROQUIMICOS,client_product_rule,STARANE XTRA X 5 LTS,7602075,COLUN,,Client-confirmed product-to-category mapping.,,,
RG-01013,EXP-7.0,AGROQUIMICOS,client_product_rule,LI - 700 X 10 LT.,7607110,COLUN,,Client-confirmed product-to-category mapping.,,,
RG-01014,EXP-7.0,AGROQUIMICOS,client_product_rule,CAIMAN 70 WG ( 1 KG.),21000056,COOPRINSEM,,Client product-list entry: client assigned CUENTA=AGROQUIMICOS -> EXP-7.0 (provider/size variant of an existing item).,,,
RG-01015,EXP-7.0,AGROQUIMICOS,client_product_rule,TORDON 101 X 4 LT,7602978,COLUN,,Client product-list entry: client assigned CUENTA=AGROQUIMICOS -> EXP-7.0 (provider/size variant of an existing item).,,,
RG-01016,EXP-7.0,AGROQUIMICOS,client_product_rule,SILWET X 1 LT,7033286,COLUN,,Client product-list entry: client assigned CUENTA=AGROQUIMICOS -> EXP-7.0 (provider/size variant of an existing item).,,,
RG-01017,EXP-7.0,AGROQUIMICOS,client_product_rule,VENCEWEED 100 E X 1 LT.,7019860,COLUN,,Client product-list entry: client assigned CUENTA=AGROQUIMICOS -> EXP-7.0 (provider/size variant of an existing item).,,,
RG-01018,EXP-7.0,AGROQUIMICOS,client_product_rule,PRESIDE 80 WP X 300 GRS.,7610219,COLUN,,Client product-list entry: client assigned CUENTA=AGROQUIMICOS -> EXP-7.0 (provider/size variant of an existing item).,,,
RG-01019,EXP-7.0,AGROQUIMICOS,client_product_rule,KARATE   1 LT.,7041114,COLUN,,Client product-list entry: client assigned CUENTA=AGROQUIMICOS -> EXP-7.0 (provider/size variant of an existing item).,,,
RG-01020,EXP-7.0,AGROQUIMICOS,client_product_rule,GLADIADOR 450 WP X 250 GR,7603287,COLUN,,Client product-list entry: client assigned CUENTA=AGROQUIMICOS -> EXP-7.0 (provider/size variant of an existing item).,,,
RG-01021,EXP-7.0,AGROQUIMICOS,client_product_rule,ENGEO 247 SC X 1LT,7603295,COLUN,,Client product-list entry: client assigned CUENTA=AGROQUIMICOS -> EXP-7.0 (provider/size variant of an existing item).,,,
RG-01022,ADM-1.2,Comunicaciones e Internet,file_audit,Servicios de internet,"Rural TitÃ¡n 15Mbps/10Mbps, MES DE NOVIEMBRE DE 2025",NETSKY SPA,,"Folder audit (newest_example_folders); folder ""COMUNICACIONES E INTERNET"" matches taxonomy for ADM-1.2.",,,
RG-01023,ADM-1.5,Colacion y Alojamiento,file_audit,SERVICIOS DE ALOJAMIENTO,RESERVA ID 103631 HAB 109 - TPL Hotel Diego de Almagro Los Angeles DESDE 01-10-2025 A 02-10-2025 CRISTIAN ANGUITA YV,COMERCIAL MAIFA LTDA.,,"Folder audit (newest_example_folders); folder ""COLACION Y ALOJAMIENTO"" matches taxonomy for ADM-1.5.",,,
RG-01024,EXP-1.1,Otros Gastos RRHH,file_audit,Curso :PrevenciÃ³n Y Manejo De Enfermedades En El Ganado Bovino,"Curso PrevenciÃ³n y Manejo de Enfermedades en el Ganado Bovino, CÃ³d. Sence 1238078788, NÂ° Horas 21, F. Inicio 17-06-26, F. TÃ©rmino 19-06-26, Lugar de realizaciÃ³n Avenida RenÃ© Soriano NÂ° 2615, Osorno, NÂ° AcciÃ³n Sence 6825187, NÂ° de participantes 1. InformaciÃ³n solicitada por Sence, incluida en certificado de asistencia.^ ^",FundaciÃ³n de InstrucciÃ³n AgrÃ­cola Adolfo Matthei,,"Folder audit (newest_example_folders); folder ""OTROS GASTOS RRHH"" matches taxonomy for EXP-1.1.",,,
RG-01025,EXP-1.1,Otros Gastos RRHH,file_audit,Curso TÃ©cnicas De Control Y PrevenciÃ³n De Cojeras En Vacas Lecheras,,FundaciÃ³n de InstrucciÃ³n AgrÃ­cola Adolfo Matthei,,"Folder audit (newest_example_folders); folder ""OTROS GASTOS RRHH"" matches taxonomy for EXP-1.1.",,,
RG-01026,EXP-1.1,Otros Gastos RRHH,file_audit,EMPANADAS DE HORNO,,MINERVA RUTH ARELLANO VASQUEZ,,"Folder audit (newest_example_folders); folder ""OTROS GASTOS RRHH"" matches taxonomy for EXP-1.1.",,,
RG-01027,EXP-11.1,Electricidad Lecheria,file_audit,AdministraciÃ³n del Servicio,,CIA ELECTRICA OSORNO S A,,"Folder audit (newest_example_folders); folder ""ELECTRICIDAD LECHERIA"" matches taxonomy for EXP-11.1.",,,
RG-01028,EXP-11.1,Electricidad Lecheria,file_audit,Cargo Fondo de EstabilizaciÃ³n Ley 21.472,,CIA ELECTRICA OSORNO S A,,"Folder audit (newest_example_folders); folder ""ELECTRICIDAD LECHERIA"" matches taxonomy for EXP-11.1.",,,
RG-01029,EXP-11.1,Electricidad Lecheria,file_audit,Cargo mensual por demanda mÃ¡xima de Potencia LeÃ­da,,CIA ELECTRICA OSORNO S A,,"Folder audit (newest_example_folders); folder ""ELECTRICIDAD LECHERIA"" matches taxonomy for EXP-11.1.",,,
RG-01030,EXP-11.1,Electricidad Lecheria,file_audit,Cargo mensual por demanda mÃ¡xima de Potencia LeÃ­da Hora Punta,,CIA ELECTRICA OSORNO S A,,"Folder audit (newest_example_folders); folder ""ELECTRICIDAD LECHERIA"" matches taxonomy for EXP-11.1.",,,
RG-01031,EXP-11.1,Electricidad Lecheria,file_audit,"Cargo mensual por demanda mÃ¡xima leida de potencia en horas de punta ( 56,480 )",,COOPERATIVA ELECTRICA PAILLACO LIMITADA,,"Folder audit (newest_example_folders); folder ""ELECTRICIDAD LECHERIA"" matches taxonomy for EXP-11.1.",,,
RG-01032,EXP-11.1,Electricidad Lecheria,file_audit,Cargo por Servicio PÃºblico,,CIA ELECTRICA OSORNO S A,,"Folder audit (newest_example_folders); folder ""ELECTRICIDAD LECHERIA"" matches taxonomy for EXP-11.1.",,,
RG-01033,EXP-11.1,Electricidad Lecheria,file_audit,InterÃ©s por mora EnergÃ­a,,CIA ELECTRICA OSORNO S A,,"Folder audit (newest_example_folders); folder ""ELECTRICIDAD LECHERIA"" matches taxonomy for EXP-11.1.",,,
RG-01034,EXP-11.1,Electricidad Lecheria,file_audit,Pago de cuenta fuera de plazo,,COOPERATIVA RURAL ELECT.R.BUENO LTDA.,,"Folder audit (newest_example_folders); folder ""ELECTRICIDAD LECHERIA"" matches taxonomy for EXP-11.1.",,,
RG-01035,EXP-11.1,Electricidad Lecheria,file_audit,Servicio publico,,COOPERATIVA RURAL ELECT.R.BUENO LTDA.,,"Folder audit (newest_example_folders); folder ""ELECTRICIDAD LECHERIA"" matches taxonomy for EXP-11.1.",,,
RG-01036,EXP-11.4,Bencina,file_audit,GASOLINA 93,,COOPERATIVA AGRICOLA Y LECHERA DE LA UNI,,"Folder audit (newest_example_folders); folder ""BENCINA"" matches taxonomy for EXP-11.4.",,,
RG-01037,EXP-12.2,Analisis Animales,file_audit,T3 LOTE (S),,COOPERATIVA AGRICOLA Y DE SERVICIOS LTDA,,"Folder audit (newest_example_folders); folder ""ANALISIS ANIMALES"" matches taxonomy for EXP-12.2.",,,
RG-01038,EXP-12.2,Analisis Animales,file_audit,T3 RCS,,COOPERATIVA AGRICOLA Y DE SERVICIOS LTDA,,"Folder audit (newest_example_folders); folder ""ANALISIS ANIMALES"" matches taxonomy for EXP-12.2.",,,
RG-01039,EXP-13.1,Mantencion Maquinaria,file_audit,Item,Servicios de MantenciÃ³n~SERVICIO DE MANTENIMIENTO PREVENTIVO 1BM6115JCRD601743,SALINAS Y FABRES S.A.,,"Folder audit (newest_example_folders); folder ""MANTENCION MAQUINARIA"" matches taxonomy for EXP-13.1.",,,
RG-01040,EXP-2.5,Otros Medicamentos,file_audit,TOCOPER X 250 ML,TOCOPER 250 ML,COOPERATIVA AGRICOLA Y LECHERA DE LA UNION LTDA.,,"Folder audit (newest_example_folders). Polluted multi-category invoice filed in [EXP-14.2,EXP-16.1,EXP-2.2,EXP-2.4,EXP-2.5,EXP-2.6,EXP-7.0,EXP-8.1]; assigned EXP-2.5 by item semantics vs taxonomy.",,,
RG-01041,EXP-14.2,Mantencion Cercos,file_audit,ALAMBRE GALV. # 14 POR KILOS,ALAMBRE GALV. # 14 POR KILOS,COOPERATIVA AGRICOLA Y LECHERA DE LA UNION LTDA.,,"Folder audit (newest_example_folders). Polluted multi-category invoice filed in [EXP-14.2,EXP-16.1,EXP-2.2,EXP-2.5,EXP-2.6,EXP-7.0,EXP-8.1]; assigned EXP-14.2 by item semantics vs taxonomy.",,,
RG-01042,EXP-2.5,Otros Medicamentos,file_audit,KET - 10 X 50 ML,KET - 10 X 50 ML,COOPERATIVA AGRICOLA Y LECHERA DE LA UNION LTDA.,,"Folder audit (newest_example_folders). Polluted multi-category invoice filed in [EXP-14.2,EXP-16.1,EXP-2.2,EXP-2.5,EXP-2.6,EXP-7.0,EXP-8.1]; assigned EXP-2.5 by item semantics vs taxonomy.",,,
RG-01043,EXP-2.2,Medicamentos Mastitis,file_audit,PATHOZONE X 10 JER,PATHOZONE X 10 JER,COOPERATIVA AGRICOLA Y LECHERA DE LA UNION LTDA.,,"Folder audit (newest_example_folders). Polluted multi-category invoice filed in [EXP-14.2,EXP-16.1,EXP-2.2,EXP-2.5,EXP-2.6,EXP-7.0,EXP-8.1]; assigned EXP-2.2 by item semantics vs taxonomy.",,,
RG-01044,EXP-14.2,Mantencion Cercos,file_audit,CABLE POLY BLA 6SS 500M (G62007),CABLE POLY BLA 6SS 500M (G62007),COOPERATIVA AGRICOLA Y LECHERA DE LA UNION LTDA.,,"Folder audit (newest_example_folders). Polluted multi-category invoice filed in [EXP-14.2,EXP-16.1,EXP-2.4,EXP-2.6]; assigned EXP-14.2 by item semantics vs taxonomy.",,,
RG-01045,EXP-16.1,Ropa y Herramientas de Trabajo,file_audit,GUANTE LARGO NITRILO L SHOOF 204627,GUANTE LARGO NITRILO L MARCA SHOOF,COOPERATIVA AGRICOLA Y LECHERA DE LA UNION LTDA.,,"Folder audit (newest_example_folders). Polluted multi-category invoice filed in [EXP-14.2,EXP-16.1,EXP-2.4,EXP-2.6]; assigned EXP-2.6 by item semantics vs taxonomy. [Corrected to match client_product_rule label for identical item.]",,,
RG-01046,EXP-16.1,Ropa y Herramientas de Trabajo,file_audit,MANGA PALPACION ECOGAN SHOOF 219511,MANGA PALPACION ECOGAN,COOPERATIVA AGRICOLA Y LECHERA DE LA UNION LTDA.,,"Folder audit (newest_example_folders). Polluted multi-category invoice filed in [EXP-14.2,EXP-16.1,EXP-2.4,EXP-2.6]; assigned EXP-2.6 by item semantics vs taxonomy. [Corrected to match client_product_rule label for identical item.]",,,
RG-01047,EXP-2.6,Otros Gastos Salud Animal,file_audit,PEGAMENTO BOVIBOND X 210 ML,PEGAMENTO BOVIBOND X 210 ML,COOPERATIVA AGRICOLA Y LECHERA DE LA UNION LTDA.,,"Folder audit (newest_example_folders). Polluted multi-category invoice filed in [EXP-14.2,EXP-16.1,EXP-2.4,EXP-2.6]; assigned EXP-2.6 by item semantics vs taxonomy.",,,
RG-01048,EXP-14.3,Mantencion Agua y Purines,file_audit,SERVICIO TÃCNICO,"LIMPIEZA DE POZO 6"" ACERO FUNDO YUTRECO, SECTOR MULPULMO - OSORNO (POZO NÂ°2759) Forma de Pago: CRÃDITO 30 DÃAS",SONDAJES PERFOMAQ SA,,"Folder audit (newest_example_folders); folder ""MANTENCION AGUA Y PURINES"" matches taxonomy for EXP-14.3.",,,
RG-01049,EXP-15.1,Servicios Agronomicos,file_audit,ASESORIA AGROPECUARIA,,SOC ROBERTO AICHELE Y CIA LIMITADA,,"Folder audit (newest_example_folders); folder ""SERVICIOS AGRONOMICOS"" matches taxonomy for EXP-15.1.",,,
RG-01050,EXP-16.1,Ropa y Herramientas de Trabajo,file_audit,BOTA BEKINA STEPLITE NORMAL NÂ° 40,BOTA BEKINA STEPLITE NORMAL NÂ° 40,COOPERATIVA AGRICOLA Y LECHERA DE LA UNION LTDA.,,"Folder audit (newest_example_folders); folder ""ROPA Y HERRAMIENTAS DE TRABAJO"" matches taxonomy for EXP-16.1.",,,
RG-01051,EXP-16.2,Otros Gastos Campo,file_audit,SERVICIO DE RETIRO Y,DISPOSICION FINAL DE RESIDUOS PLASTICOS,SOCIEDAD COMERCIAL VITACYCLE LIMITADA,,"Folder audit (newest_example_folders); folder ""OTROS GASTOS CAMPO"" matches taxonomy for EXP-16.2.",,,
RG-01052,EXP-2.1,Terapias Secado,file_audit,ORBENIN X 36 JER,ORBENIN X 36 JER,COOPERATIVA AGRICOLA Y LECHERA DE LA UNION LTDA.,,"Folder audit (newest_example_folders); folder ""TERAPIAS SECADO"" matches taxonomy for EXP-2.1.",,,
RG-01053,EXP-2.3,Vacunas,file_audit,VACUNA CATTLEMASTER GOLD 25 DOSIS,,COOPERATIVA AGRICOLA Y DE SERVICIOS LTDA,,"Folder audit (newest_example_folders); folder ""VACUNAS"" matches taxonomy for EXP-2.3.",,,
RG-01054,EXP-2.3,Vacunas,file_audit,VACUNA CATTLEMASTER GOLD FP5 L5 25 DOSIS,,COOPERATIVA AGRICOLA Y DE SERVICIOS LTDA,,"Folder audit (newest_example_folders); folder ""VACUNAS"" matches taxonomy for EXP-2.3.",,,
RG-01055,EXP-2.4,Sales Minerales,file_audit,VITAMIN+ TERNERO X 10 BOLOS,VITAMIN+ TERNERO X 10 BOLOS,COOPERATIVA AGRICOLA Y LECHERA DE LA UNION LTDA.,,"Folder audit (newest_example_folders); folder ""SALES MINERALES"" matches taxonomy for EXP-2.4.",,,
RG-01056,EXP-4.2,Bolos Silo,file_audit,Bolos bramadero,,HECTOR ADRIAN VALENZUELA PAREDES,,"Folder audit (newest_example_folders); folder ""BOLOS SILO"" matches taxonomy for EXP-4.2.",,,
RG-01057,EXP-4.2,Bolos Silo,file_audit,Bolos demaihue,,HECTOR ADRIAN VALENZUELA PAREDES,,"Folder audit (newest_example_folders); folder ""BOLOS SILO"" matches taxonomy for EXP-4.2.",,,
RG-01058,EXP-4.2,Bolos Silo,file_audit,Bolos maitÃ©n,,HECTOR ADRIAN VALENZUELA PAREDES,,"Folder audit (newest_example_folders); folder ""BOLOS SILO"" matches taxonomy for EXP-4.2.",,,
RG-01059,EXP-4.2,Bolos Silo,file_audit,Conf. Bolos bramadero,,HECTOR ADRIAN VALENZUELA PAREDES,,"Folder audit (newest_example_folders); folder ""BOLOS SILO"" matches taxonomy for EXP-4.2.",,,
RG-01060,EXP-4.2,Bolos Silo,file_audit,CONFECCIÃN BOLOS PRADERA,CONFECCIÃN bolos 196 totales,SERVICIOS AGRICOLAS CORPAL SPA,,"Folder audit (newest_example_folders); folder ""BOLOS SILO"" matches taxonomy for EXP-4.2.",,,
RG-01061,EXP-4.2,Bolos Silo,file_audit,ConfecciÃ³n de bolos,,HECTOR ADRIAN VALENZUELA PAREDES,,"Folder audit (newest_example_folders); folder ""BOLOS SILO"" matches taxonomy for EXP-4.2.",,,
RG-01064,EXP-4.3,Bolos Heno,file_audit,Bolos pasto seco,,HECTOR ADRIAN VALENZUELA PAREDES,,"Folder audit (newest_example_folders); folder ""BOLOS HENO"" matches taxonomy for EXP-4.3.",,,
RG-01065,EXP-5.1,Concentrado Vacas,file_audit,MAIZ ROLEADO PF GRANEL x KG-ALIMENTOS(E)-MAIZ,,COMPAÃÃA AGROPECUARIA COPEVAL S.A.,,"Folder audit (newest_example_folders); folder ""CONCENTRADO VACAS"" matches taxonomy for EXP-5.1.",,,
RG-01066,EXP-5.2,Concentrado Crianza,file_audit,T. COLUN CRECIMIENTO X 25 KG,T. COLUN CRECIMIENTO X 25 KG,COOPERATIVA AGRICOLA Y LECHERA DE LA UNION LTDA.,,"Folder audit (newest_example_folders); folder ""CONCENTRADO CRIANZA"" matches taxonomy for EXP-5.2.",,,
RG-01067,EXP-5.3,Concentrado Otros Animales,file_audit,COLMILLO BLANCO X 20KG (ADULTO&CACHORRO),COLMILLO BLANCO X 20KG (ADULTO&CACHORRO),COOPERATIVA AGRICOLA Y LECHERA DE LA UNION LTDA.,,"Folder audit (newest_example_folders); folder ""CONCENTRADO OTROS ANIMALES"" matches taxonomy for EXP-5.3.",,,
RG-01068,EXP-5.3,Concentrado Otros Animales,file_audit,MAIZ HOJUELA COLUN X 25 KG,MAIZ HOJUELA COLUN X 25 KG,COOPERATIVA AGRICOLA Y LECHERA DE LA UNION LTDA.,,"Folder audit (newest_example_folders); folder ""CONCENTRADO OTROS ANIMALES"" matches taxonomy for EXP-5.3.",,,
RG-01069,EXP-5.3,Concentrado Otros Animales,file_audit,PERRO FIT FORMULA ADULTO X 20 KG,PERRO FIT FORMULA ADULTO X 20 KG,COOPERATIVA AGRICOLA Y LECHERA DE LA UNION LTDA.,,"Folder audit (newest_example_folders); folder ""CONCENTRADO OTROS ANIMALES"" matches taxonomy for EXP-5.3.",,,
RG-01070,EXP-5.5,Sustituto Lacteo,file_audit,SUSTITUTO LACTEO COLUN (SPT) 25 KG,SUSTITUTO LACTEO COLUN (SPT) 25 KG,COOPERATIVA AGRICOLA Y LECHERA DE LA UNION LTDA.,,"Folder audit (newest_example_folders). Polluted multi-category invoice filed in [EXP-5.3,EXP-5.5]; assigned EXP-5.5 by item semantics vs taxonomy.",,,
RG-01071,EXP-5.5,Sustituto Lacteo,file_audit,SUST. KALMILAC PLUS 25 KGS SCHILS,,COOPERATIVA AGRICOLA Y DE SERVICIOS LTDA,,"Folder audit (newest_example_folders); folder ""SUSTITUTO LACTEO"" matches taxonomy for EXP-5.5.",,,
RG-01072,EXP-6.2,Nitrogeno,file_audit,UREA GRANULADA FUNDO,UREA GRANULADA FUNDO,COOPERATIVA AGRICOLA Y LECHERA DE LA UNION LTDA.,,"Folder audit (newest_example_folders); folder ""NITROGENO"" matches taxonomy for EXP-6.2.",,,
RG-01073,EXP-8.1,Pradera Perenne,file_audit,SEMILLA TREBOL BLANCO KOTUKU X 4 KG,SEMILLA TREBOL BLANCO KOTUKU,COOPERATIVA AGRICOLA Y LECHERA DE LA UNION LTDA.,,"Folder audit (newest_example_folders); folder ""PRADERA ROTACION CORTA"" matches taxonomy for EXP-8.2. [Corrected to match client_product_rule label for identical item.]",,,
RG-01074,EXP-8.1,Pradera Perenne,file_audit,SEMILLA TREBOL BLANCO RURU X 4 KG,SEMILLA TREBOL BLANCO RURU,COOPERATIVA AGRICOLA Y LECHERA DE LA UNION LTDA.,,"Folder audit (newest_example_folders); folder ""PRADERA ROTACION CORTA"" matches taxonomy for EXP-8.2. [Corrected to match client_product_rule label for identical item.]",,,
RG-01075,EXP-9.1,Energia Electrica Riego,file_audit,"Cargo mensual por demanda mÃ¡xima leida de potencia en horas de punta ( 0,040 )",,COOPERATIVA ELECTRICA PAILLACO LIMITADA,,"Folder audit (newest_example_folders); folder ""ENERGIA ELECTRICA RIEGO"" matches taxonomy for EXP-9.1.",,,
RG-01076,EXP-2.5,Otros Medicamentos,client_product_rule,TUBERCULINA CZV PPD BOVINA 50 DS.,10000923,COOPRINSEM,,"Client product-list (newest list, Productos tab): SUBCUENTA ""OTROS MEDICAMENTOS"" -> EXP-2.5.",,,
RG-01077,EXP-2.6,Otros Gastos Salud Animal,client_product_rule,LAPIZ ALLFLEX GRANDE (NEGRO),11001202,COOPRINSEM,,"Client product-list (newest list, Productos tab): SUBCUENTA ""OTROS GASTOS SALUD ANIMAL"" -> EXP-2.6.",,,
RG-01078,EXP-2.6,Otros Gastos Salud Animal,client_product_rule,LEVANTADOR DE VACAS STANDARD      201613,11001215,COOPRINSEM,,"Client product-list (newest list, Productos tab): SUBCUENTA ""OTROS GASTOS SALUD ANIMAL"" -> EXP-2.6.",,,
RG-01079,EXP-16.2,Otros Gastos Campo,client_product_rule,PINTACAL X 25 KILOS  SOPROCAL,11003072,COOPRINSEM,,"Client product-list (newest list, Productos tab): SUBCUENTA ""OTROS GASTOS CAMPO"" -> EXP-16.2.",,,
RG-01080,EXP-14.2,Mantencion Cercos,client_product_rule,"TRANCA METALICA GALVANIZADA 4,2 MT",23000345,COOPRINSEM,,"Client product-list (newest list, Productos tab): SUBCUENTA ""MANTENCION CERCOS"" -> EXP-14.2.",,,
RG-01081,EXP-4.2,Bolos Silo,client_product_rule,FILM EST. PLASTYVERG  1500 x 750 x 25,27000071,COOPRINSEM,,"Client product-list (newest list, Productos tab): SUBCUENTA ""BOLOS SILO"" -> EXP-4.2.",,,
RG-01082,EXP-4.1,Parva Silo,client_product_rule,PLAST.SILOFARM  14Mx50M x 130MIC,27000090,COOPRINSEM,,"Client product-list (newest list, Productos tab): SUBCUENTA ""PARVA SILO"" -> EXP-4.1.",,,
RG-01083,EXP-2.6,Otros Gastos Salud Animal,client_product_rule,SP. ECO CMT CHECK        (SPARTAN CHECK),43001444,COOPRINSEM,,"Client product-list (newest list, Productos tab): SUBCUENTA ""OTROS GASTOS SALUD ANIMAL"" -> EXP-2.6.",,,
RG-01084,ADM-1.6,Utiles y gastos de oficina.,client_product_rule,JABON GRANEL ECONOMICO 5 LTS.97061,43001506,COOPRINSEM,,"Client product-list (newest list, Productos tab): SUBCUENTA ""UTILES Y GASTOS DE OFICINA"" -> ADM-1.6.",,,
RG-01085,ADM-1.6,Utiles y gastos de oficina.,client_product_rule,HIGIENICO 120 METROS X 8 UN  52120,43004121,COOPRINSEM,,"Client product-list (newest list, Productos tab): SUBCUENTA ""UTILES Y GASTOS DE OFICINA"" -> ADM-1.6.",,,
RG-01086,EXP-9.2,Otros Gastos Riego,client_product_rule,K-L ASPERSOR NELSON R2000  RED - RED,50001589,COOPRINSEM,,"Client product-list (newest list, Productos tab): SUBCUENTA ""OTROS GASTOS RIEGO"" -> EXP-9.2.",,,
RG-01087,EXP-16.2,Otros Gastos Campo,client_product_rule,BICARBONATO DE SODIO X 25 KG,7025658,COLUN,,"Client product-list (newest list, Productos tab): SUBCUENTA ""OTROS GASTOS CAMPO"" -> EXP-16.2.",,,
RG-01088,EXP-11.3,Petroleo,client_product_rule,PETROLEO DIESEL ULTRA,7070050,COOP. AGRICOLA Y LECHERA LA UNION,,"Client fuel-list (newest list, Combustible tab); diesel/petroleo -> EXP-11.3.",,,
RG-01089,EXP-11.3,Petroleo,client_product_rule,PETROLEO DIESEL ULTRA (DISTRIBUCION),7602487,COOP. AGRICOLA Y LECHERA LA UNION,,"Client fuel-list (newest list, Combustible tab); diesel/petroleo -> EXP-11.3.",,,
RG-01090,EXP-11.3,Petroleo,client_product_rule,PETROLEO DIESEL G-B,,INVERSIONES ENEX S.A.,,"Client fuel-list (newest list, Combustible tab); diesel/petroleo -> EXP-11.3.",,,
RG-01091,EXP-11.3,Petroleo,client_product_rule,DIESEL,,SOC. TRANP. STEUER HOLMGREN Y COMPAÑIA L,,"Client fuel-list (newest list, Combustible tab); diesel/petroleo -> EXP-11.3.",,,
RG-01092,EXP-11.3,Petroleo,client_product_rule,DIESEL,,DISTRIBUIDORA COMERCIAL P Y G LIMITADA,,"Client fuel-list (newest list, Combustible tab); diesel/petroleo -> EXP-11.3.",,,
RG-01093,EXP-11.3,Petroleo,client_product_rule,DIESEL,,CONERCIAL Y SERVICIOS J Y M  LTDA,,"Client fuel-list (newest list, Combustible tab); diesel/petroleo -> EXP-11.3.",,,
RG-01094,EXP-11.3,Petroleo,client_product_rule,DIESEL,,PATRICIO SANTIAGO CAREY BRIONES,,"Client fuel-list (newest list, Combustible tab); diesel/petroleo -> EXP-11.3.",,,
RG-01095,EXP-11.3,Petroleo,client_product_rule,PETROLEO DIESEL G-B,,SOC DE INVER LAGO RANCO SPA,,"Client fuel-list (newest list, Combustible tab); diesel/petroleo -> EXP-11.3.",,,
RG-01096,EXP-16.2,Otros Gastos Campo,client_product_rule,TERMOMETRO PARA LECHE,7039675,COLUN,,"Client product-list (newest list, Productos tab): SUBCUENTA ""OTROS GASTOS CAMPO"" -> EXP-16.2.",,,
RG-01097,EXP-16.2,Otros Gastos Campo,client_product_rule,JARRA MEDIDORA 500 ML (SHOOF),7603512,COLUN,,"Client product-list (newest list, Productos tab): SUBCUENTA ""OTROS GASTOS CAMPO"" -> EXP-16.2.",,,
RG-01098,EXP-16.2,Otros Gastos Campo,client_product_rule,SULFATO DE COBRE X 25 KL.,7051438,COLUN,,"Client product-list (newest list, Productos tab): SUBCUENTA ""OTROS GASTOS CAMPO"" -> EXP-16.2.",,,
RG-01099,EXP-1.1,Otros Gastos RRHH,file_audit,BANANO ALICANTE CAFE,,KALEUCHE SPA,,Folder audit (newest_example_folders); RRHH regalias/staff-gift invoice item (folder OTROS GASTOS RRHH).,,,
RG-01100,EXP-1.1,Otros Gastos RRHH,file_audit,BOLSA,,KALEUCHE SPA,,Folder audit (newest_example_folders); RRHH regalias/staff-gift invoice item (folder OTROS GASTOS RRHH).,,,
RG-01101,EXP-1.1,Otros Gastos RRHH,file_audit,CAVERMANOS,,Ainilebu SPA,,Folder audit (newest_example_folders); RRHH regalias/staff-gift invoice item (folder OTROS GASTOS RRHH).,,,
RG-01102,EXP-1.1,Otros Gastos RRHH,file_audit,CUNO,,KALEUCHE SPA,,Folder audit (newest_example_folders); RRHH regalias/staff-gift invoice item (folder OTROS GASTOS RRHH).,,,
RG-01103,EXP-1.1,Otros Gastos RRHH,file_audit,DIARIO,,Ainilebu SPA,,Folder audit (newest_example_folders); RRHH regalias/staff-gift invoice item (folder OTROS GASTOS RRHH).,,,
RG-01104,EXP-1.1,Otros Gastos RRHH,file_audit,ESTAMPADO ANTILLANCA,POLERA EN BRAZO PAGA POR TRANSFERENCIA,SMRCHILE LIMITADA,,Folder audit (newest_example_folders); RRHH regalias/staff-gift invoice item (folder OTROS GASTOS RRHH).,,,
RG-01105,EXP-1.1,Otros Gastos RRHH,file_audit,ESTAMPADO CORPORACION,RURAL POLERA LADO IZQUIERDO PECHO,SMRCHILE LIMITADA,,Folder audit (newest_example_folders); RRHH regalias/staff-gift invoice item (folder OTROS GASTOS RRHH).,,,
RG-01106,EXP-1.1,Otros Gastos RRHH,file_audit,GRABADO LOGO,,KALEUCHE SPA,,Folder audit (newest_example_folders); RRHH regalias/staff-gift invoice item (folder OTROS GASTOS RRHH).,,,
RG-01107,EXP-1.1,Otros Gastos RRHH,file_audit,HARRY POTTER 1 Y LA PIEDRA FILOSOFAL,,Ainilebu SPA,,Folder audit (newest_example_folders); RRHH regalias/staff-gift invoice item (folder OTROS GASTOS RRHH).,,,
RG-01108,EXP-1.1,Otros Gastos RRHH,file_audit,HUMBERTO EL VALIENTE,,Ainilebu SPA,,Folder audit (newest_example_folders); RRHH regalias/staff-gift invoice item (folder OTROS GASTOS RRHH).,,,
RG-01109,EXP-1.1,Otros Gastos RRHH,file_audit,JUDY MOODY SE VUELVE FAMOSA,,Ainilebu SPA,,Folder audit (newest_example_folders); RRHH regalias/staff-gift invoice item (folder OTROS GASTOS RRHH).,,,
RG-01110,EXP-1.1,Otros Gastos RRHH,file_audit,JUDY MOODY Y STINK EL HUESO DE LOS DESEO,,Ainilebu SPA,,Folder audit (newest_example_folders); RRHH regalias/staff-gift invoice item (folder OTROS GASTOS RRHH).,,,
RG-01111,EXP-1.1,Otros Gastos RRHH,file_audit,KYLIE JEAN REINA DE LA TECNOLOGIA,,Ainilebu SPA,,Folder audit (newest_example_folders); RRHH regalias/staff-gift invoice item (folder OTROS GASTOS RRHH).,,,
RG-01112,EXP-1.1,Otros Gastos RRHH,file_audit,"MUSICA DE LAS MONTAÃAS, LA",,Ainilebu SPA,,Folder audit (newest_example_folders); RRHH regalias/staff-gift invoice item (folder OTROS GASTOS RRHH).,,,
RG-01113,EXP-1.1,Otros Gastos RRHH,file_audit,NÃMEROS MUNDO DE CARTON,,Ainilebu SPA,,Folder audit (newest_example_folders); RRHH regalias/staff-gift invoice item (folder OTROS GASTOS RRHH).,,,
RG-01114,EXP-1.1,Otros Gastos RRHH,file_audit,"NIÃA DE LA CALAVERA,LA",,Ainilebu SPA,,Folder audit (newest_example_folders); RRHH regalias/staff-gift invoice item (folder OTROS GASTOS RRHH).,,,
RG-01115,EXP-1.1,Otros Gastos RRHH,file_audit,NINA TORBELLINA 2,,Ainilebu SPA,,Folder audit (newest_example_folders); RRHH regalias/staff-gift invoice item (folder OTROS GASTOS RRHH).,,,
RG-01116,EXP-1.1,Otros Gastos RRHH,file_audit,NINA TORBELLINA1 EL PLAN DEL CAMPAMENTO,,Ainilebu SPA,,Folder audit (newest_example_folders); RRHH regalias/staff-gift invoice item (folder OTROS GASTOS RRHH).,,,
RG-01117,EXP-1.1,Otros Gastos RRHH,file_audit,PAPELUCHO MI HERMANA JI,,Ainilebu SPA,,Folder audit (newest_example_folders); RRHH regalias/staff-gift invoice item (folder OTROS GASTOS RRHH).,,,
RG-01118,EXP-1.1,Otros Gastos RRHH,file_audit,PILLA PANDILLAS,,Ainilebu SPA,,Folder audit (newest_example_folders); RRHH regalias/staff-gift invoice item (folder OTROS GASTOS RRHH).,,,
RG-01119,EXP-1.1,Otros Gastos RRHH,file_audit,RATITA MARITA,,Ainilebu SPA,,Folder audit (newest_example_folders); RRHH regalias/staff-gift invoice item (folder OTROS GASTOS RRHH).,,,
RG-01120,EXP-1.1,Otros Gastos RRHH,file_audit,STINK. EL INCREÃBLE NIÃO MENGUANTE,,Ainilebu SPA,,Folder audit (newest_example_folders); RRHH regalias/staff-gift invoice item (folder OTROS GASTOS RRHH).,,,
RG-01121,EXP-1.1,Otros Gastos RRHH,file_audit,STINK Y LA MARCHA ZOMBI A LA MEDIANOCHE,,Ainilebu SPA,,Folder audit (newest_example_folders); RRHH regalias/staff-gift invoice item (folder OTROS GASTOS RRHH).,,,
RG-01122,EXP-1.1,Otros Gastos RRHH,file_audit,UNA SONRISA RELUCENTE,,Ainilebu SPA,,Folder audit (newest_example_folders); RRHH regalias/staff-gift invoice item (folder OTROS GASTOS RRHH).,,,
RG-01123,EXP-16.1,Ropa y Herramientas de Trabajo,file_audit_corrected,BLOQ. SOLAR BANANA BOAT FPS 50 X 1 L,BLOQ. SOLAR BANANA BOAT FPS 50 X 1 L,COOPERATIVA AGRICOLA Y LECHERA DE LA UNION LTDA.,,"Folder re-audit: item misfiled in folder(s) ['EXP-14.2', 'EXP-16.1', 'EXP-2.2', 'EXP-2.5', 'EXP-2.6', 'EXP-7.0', 'EXP-8.1']; corrected to EXP-16.1 by product/taxonomy semantics.",,,
RG-01124,EXP-2.4,Sales Minerales,file_audit_corrected,BILIFAR X 120 G,BILIFAR X 120 G,COOPERATIVA AGRICOLA Y LECHERA DE LA UNION LTDA.,,"Folder re-audit: item misfiled in folder(s) ['EXP-14.2', 'EXP-16.1', 'EXP-2.4', 'EXP-2.6']; corrected to EXP-2.5 by product/taxonomy semantics. [Aligned to client_product_rule: BILIFAR -> EXP-2.4.]",,,
RG-01125,EXP-3.1,Inseminacion Artificial,file_audit_corrected,CONCEPTAL-FACTOR LIBERA.HORMONAL X 50ML,CONCEPTAL X 50ML,COOPERATIVA AGRICOLA Y LECHERA DE LA UNION LTDA.,,Folder re-audit: item misfiled in folder(s) ['EXP-2.5']; corrected to EXP-3.1 by product/taxonomy semantics.,,,
RG-01126,EXP-5.4,Bolos,file_audit_corrected,VENTA BOLO DE SILO,FUNDO EL MAITEN,COMERCIAL AQUA-NAV LIMITADA,,Folder re-audit: item misfiled in folder(s) ['EXP-4.2']; corrected to EXP-5.4 by product/taxonomy semantics.,,,
RG-01127,EXP-5.4,Bolos,file_audit_corrected,VENTA BOLOS DE SILO,FUNDO PELLECO,COMERCIAL AQUA-NAV LIMITADA,,Folder re-audit: item misfiled in folder(s) ['EXP-4.2']; corrected to EXP-5.4 by product/taxonomy semantics.,,,
RG-01128,EXP-5.4,Bolos,file_audit_corrected,VENTA BOLOS SILO,FUNDO PELLECO,COMERCIAL AQUA-NAV LIMITADA,,Folder re-audit: item misfiled in folder(s) ['EXP-4.2']; corrected to EXP-5.4 by product/taxonomy semantics.,,,
RG-01129,EXP-14.2,Mantencion Cercos,file_audit_corrected,GRAPAS 1 1/4 X 10,GRAPAS 1 1/4 X 10,COOPERATIVA AGRICOLA Y LECHERA DE LA UNION LTDA.,,Folder re-audit: item misfiled in folder(s) ['EXP-8.2']; corrected to EXP-14.2 by product/taxonomy semantics.,,,
RG-01130,EXP-2.3,Vacunas,file_audit_corrected,VACUNA BRUCELLA ABORTUS CEPA RB-51,VACUNA BRUCELLA ABORTUS CEPA RB-51,COOPERATIVA AGRICOLA Y LECHERA DE LA UNION LTDA.,,Folder re-audit: item misfiled in folder(s) ['EXP-8.2']; corrected to EXP-2.3 by product/taxonomy semantics.,,,
SP-00001,ADM-1.10,Otros Servicios y Asesorias,silver_audit_v2,SERVICIOS EXTERNOS COMPUTACIONALES,,COOPERATIVA AGRICOLA Y DE SERVICIOS LTDA,,[re-promoted with dedup key incl. description+provider] Computational services match ADM-1.10 (software/external IT); sibling battery supports IT context,,,
SP-00002,ADM-1.10,Otros Servicios y Asesorias,silver_audit_v2,BÚSQUEDA Y PRESELECCIÓN,ORDEÑADOR.,AGROPERFIL SPA,,[re-promoted with dedup key incl. description+provider] Headhunting service for farm worker; provider giro is capital humano search; fits other services advisory.,,,
SP-00003,EXP-12.1,Analisis Suelo y forraje,silver_audit_v2,KILOMETRAJE,,COOPERATIVA AGRICOLA Y DE SERVICIOS LTDA,,[re-promoted with dedup key incl. description+provider] Kilometraje charge on same invoice as soil analysis and muestreo de suelos; follows sibling category.,,,
SP-00004,EXP-14.4,Mantencion Instalaciones,silver_audit_v2,PRESUPUESTO N° 2287/2024,"SUMINISTRO Y MONTAJE CANALIZACIONES Y CABLEADO TABLERO DE TRANSFERENCIA GENERADOR OFICINAS , FUNDO EL MAITEN",ROBERTO RENÉ RODRIGUEZ ARANCIBIA MONTAJES ELECTRICOS E INDUSTRIALES.,,[re-promoted with dedup key incl. description+provider] Electrical installation for office generator transfer switch at farm; fits EXP-14.4 instalaciones.,,,
SP-00005,EXP-14.4,Mantencion Instalaciones,silver_audit_v2,PRESUPUESTO N°2318/2025,"SUMINISTRO Y MONTAJE ALUMBRADO Y ENCHUFE OFICINA Y BODEGA TERNERERA, FUNDO YUTRECO",ROBERTO RENÉ RODRIGUEZ ARANCIBIA MONTAJES ELECTRICOS E INDUSTRIALES.,,[re-promoted with dedup key incl. description+provider] Electrical supply/install for office and bodega ternerera; building work not office lease.,,,
SP-00006,ADM-1.6,Utiles y gastos de oficina.,silver_audit_v2,CONFECCION DE MUEBLES,PARA OFICINA DE COLOR BLANCO / 8 PUERTAS CON CERRADURA,MARIO DANIEL RODRIGUEZ ASENCIO,,[re-promoted with dedup key incl. description+provider] Office furniture purchase fits office supplies/expenses; not a lease/rental payment.,,,
SP-00007,ADM-1.6,Utiles y gastos de oficina.,silver_audit_v2,Silla oficina Aluminium Media Caramel,Silla oficina Aluminium Media Caramel,EDGE SpA,,[re-promoted with dedup key incl. description+provider] Office chair purchase; ADM-1.6 covers office supplies and expenses including furniture.,,,
SP-00008,ADM-1.6,Utiles y gastos de oficina.,silver_audit_v2,CONSTRUCCION DE MUEBLES,CONSTRUCCION DE MUEBLES DE OFICINA,TALLER JORQUERA SPA,,[re-promoted with dedup key incl. description+provider] Custom office furniture construction; fits office supplies and expenses category.,,,
SP-00009,ADM-1.6,Utiles y gastos de oficina.,silver_audit_v2,Floreros Jarron Ceramica Decorativos Para Mesa Oficina 3pcs,,MercadoLibre Chile LTDA,,[re-promoted with dedup key incl. description+provider] Decorative vases for office; fits office supplies and expenses category ADM-1.6.,,,
SP-00010,EXP-16.2,Otros Gastos Campo,silver_audit_v2,CANDADO ODIS 340 2 LLAVES,CANDADO ODIS 340 2 LLAVES,COMERCIAL HARCHA SPA,,"[re-promoted with dedup key incl. description+provider] General farm hardware (padlock, bench vise, Stihl oil, hinges) — not office supplies; general campo expenses.",,,
SP-00011,ADM-1.6,Utiles y gastos de oficina.,silver_audit_v2,TONER BROTHER TN-3429 DCP-L56500DN/5100DN 3000PAG,,PROVEEDORES INTEGRALES DEL SUR S.A.,,"[re-promoted with dedup key incl. description+provider] Printer toner with sibling office supplies (carpeta, papel, archivador, plumones) = office supplies.",,,
SP-00012,EXP-14.4,Mantencion Instalaciones,silver_audit_v2,SET REPUESTO HOJA CARTONERO 10 UNI (CQA19U) UYUSTOOLS,,COMERCIAL CLIMENT SPA,,"[re-promoted with dedup key incl. description+provider] Box cutter blades, nails, drill bits, diamond disc — construction/building maintenance tools; not office supplies.",,,
SP-00013,ADM-1.6,Utiles y gastos de oficina.,silver_audit_v2,TONER ORIGINAL TN860XL MARCA BROTHER,TONER ORIGINAL TN860XL MARCA BROTHER,COMERCIAL V A M OFFICES SUPPLIES LIMITADA,,[re-promoted with dedup key incl. description+provider] Printer toner from office equipment supplier; clear office supply.,,,
SP-00014,ADM-1.6,Utiles y gastos de oficina.,silver_audit_v2,CUCHILLO CARTONERO GRANDE ISOFIT 11416-2,,PROVEEDORES INTEGRALES DEL SUR S.A.,,[re-promoted with dedup key incl. description+provider] Box cutter in office supply store context; siblings are exclusively stationery items.,,,
SP-00015,ADM-1.6,Utiles y gastos de oficina.,silver_audit_v2,RESMA HOJA CARTA PARA IMPRESORA,,COOPERATIVA AGRICOLA Y DE SERVICIOS LTDA,,[re-promoted with dedup key incl. description+provider] Printer paper; client product hint explicitly lists this item+provider as ADM-1.6.,,,
SP-00016,ADM-1.6,Utiles y gastos de oficina.,silver_audit_v2,RESMA TERMOLAMINAR GBC CARTA 100 UND 229X292MM,RESMA TERMOLAMINAR GBC CARTA 100 UND 229X292MM,LEONEL IVAN OJEDA VASQUEZ COMERCIALIZACION DE ARTICULOS DE ESCRITORIO Y OFICINA E I R L,,[re-promoted with dedup key incl. description+provider] Laminating pouches from stationery/bookshop provider; clear office supply.,,,
SP-00017,ADM-1.6,Utiles y gastos de oficina.,silver_audit_v2,O109-TN420 TONER BROTHER TN-420,,IMPORTADORA Y EXPORTADORA LASER IMAGING CHILE SPA,,[re-promoted with dedup key incl. description+provider] Printer toner from importer; clear office supply.,,,
SP-00018,EXP-1.1,Otros Gastos RRHH,silver_audit_v2,INSCRIPCION JORNADAS TECNICAS 2025,,COOPERATIVA AGRICOLA Y DE SERVICIOS LTDA,,[re-promoted with dedup key incl. description+provider] Technical workshop registration = staff training/education event; EXP-1.1 covers capacitaciones y eventos.,,,
SP-00019,ADM-1.7,Otros Gastos Administracion,silver_audit_v2,TRANSPORTE DE CARGA Y ENCOMIENDA: 241036329,,Kaudat SpA,,[re-promoted with dedup key incl. description+provider] Courier/parcel/encomienda service; client example hint matches exactly this item type.,,,
SP-00020,ADM-1.7,Otros Gastos Administracion,silver_audit_v2,TRANSPORTE DE CARGA Y ENCOMIENDA: 242644290,,Kaudat SpA,,[re-promoted with dedup key incl. description+provider] Courier/parcel/encomienda service; client example hint matches exactly this item type.,,,
SP-00021,ADM-1.7,Otros Gastos Administracion,silver_audit_v2,TRANSPORTE DE CARGA Y ENCOMIENDA: 245626963,,Kaudat SpA,,[re-promoted with dedup key incl. description+provider] Courier/parcel/encomienda service; client example hint matches exactly this item type.,,,
SP-00022,ADM-1.7,Otros Gastos Administracion,silver_audit_v2,TRANSPORTE DE CARGA Y ENCOMIENDA: 247095160,,Kaudat SpA,,[re-promoted with dedup key incl. description+provider] Courier/parcel/encomienda service; client example hint matches exactly this item type.,,,
SP-00023,ADM-1.7,Otros Gastos Administracion,silver_audit_v2,TRANSPORTE DE CARGA Y ENCOMIENDA: 247753082,,Kaudat SpA,,[re-promoted with dedup key incl. description+provider] Courier/parcel/encomienda service; client example hint matches exactly this item type.,,,
SP-00024,ADM-2.1,Seguros Vehiculos,silver_audit_v2,Periodo de Cobertura noviembre 2025,,Cia de Seguros de Vida Consorcio Nacional de Seguros SA,,[re-promoted with dedup key incl. description+provider] wave2_review,,,
SP-00025,ADM-2.1,Seguros Vehiculos,silver_audit_v2,Periodo de Cobertura diciembre 2025,,Cia de Seguros de Vida Consorcio Nacional de Seguros SA,,[re-promoted with dedup key incl. description+provider] wave2_review,,,
SP-00026,ADM-2.1,Seguros Vehiculos,silver_audit_v2,Periodo de Cobertura mayo 2025,,Cia de Seguros de Vida Consorcio Nacional de Seguros SA,,[re-promoted with dedup key incl. description+provider] wave2_review,,,
SP-00027,ADM-2.1,Seguros Vehiculos,silver_audit_v2,Periodo de Cobertura abril 2025,,Cia de Seguros de Vida Consorcio Nacional de Seguros SA,,[re-promoted with dedup key incl. description+provider] wave2_review,,,
SP-00028,ADM-2.1,Seguros Vehiculos,silver_audit_v2,Periodo de Cobertura febrero 2025,,Cia de Seguros de Vida Consorcio Nacional de Seguros SA,,[re-promoted with dedup key incl. description+provider] wave2_review,,,
SP-00029,ADM-2.1,Seguros Vehiculos,silver_audit_v2,Periodo de Cobertura enero 2025,,Cia de Seguros de Vida Consorcio Nacional de Seguros SA,,[re-promoted with dedup key incl. description+provider] wave2_review,,,
SP-00030,ADM-2.1,Seguros Vehiculos,silver_audit_v2,Periodo de Cobertura marzo 2025,,Cia de Seguros de Vida Consorcio Nacional de Seguros SA,,[re-promoted with dedup key incl. description+provider] wave2_review,,,
SP-00031,EXP-13.1,Mantencion Maquinaria,silver_audit_v2,CABLE DE DATOS DP NETB VERDE 2X1/2X0.50+S,,GEA Farm Technologies Osorno Ltda.,,[re-promoted with dedup key incl. description+provider] 2step_review,,,
SP-00032,EXP-13.1,Mantencion Maquinaria,silver_audit_v2,TUBO CORTO VACIO WESTFALIA,,GEA Farm Technologies Osorno Ltda.,,[re-promoted with dedup key incl. description+provider] 2step_review,,,
SP-00033,EXP-10.3,Detergentes e higenizantes,silver_audit_v2,MANGA DE LECHE 12 MM.X MT,,GEA Farm Technologies Osorno Ltda.,,[re-promoted with dedup key incl. description+provider] 2step_review,,,
SP-00034,EXP-10.3,Detergentes e higenizantes,silver_audit_v2,TRI-PFAN 60 LTS.,,GEA Farm Technologies Osorno Ltda.,,[re-promoted with dedup key incl. description+provider] 2step_review,,,
SP-00035,EXP-10.1,Mantencion Sala,silver_audit_v2,cambio tablero,se compra y remplaza tablero electrico de estanque en carro para leche de terneros. se instalo tablero metalico con automatico de fuerza y control y diferencial.,SERVICIOS INTEGRALES EDUARDO GUERRERO SPA,,[re-promoted with dedup key incl. description+provider] 2step_review,,,
SP-00036,EXP-10.3,Detergentes e higenizantes,silver_audit_v2,JUEGO DUCHA EUROSPRAY CROMO - DUSCHY,JUEGO DUCHA EUROSPRAY CROMO - DUSCHY,COMERCIAL HARCHA SPA,,[re-promoted with dedup key incl. description+provider] 2step_review,,,
SP-00037,EXP-10.1,Mantencion Sala,silver_audit_v2,"JUEGO DE SERVICIO-GESTION DE LECHE CE VAR.,METATRON W",,GEA Farm Technologies Osorno Ltda.,,[re-promoted with dedup key incl. description+provider] 2step_review,,,
SP-00038,EXP-10.1,Mantencion Sala,silver_audit_v2,DUCHA LAVADO TRAMPA 22 LT /67 LT,,GEA Farm Technologies Osorno Ltda.,,[re-promoted with dedup key incl. description+provider] 2step_review,,,
SP-00039,EXP-10.1,Mantencion Sala,silver_audit_v2,CASQUILLO DE QUITA Y PON N3(10pcs),,GEA Farm Technologies Osorno Ltda.,,[re-promoted with dedup key incl. description+provider] 2step_review,,,
SP-00040,EXP-11.2,Electricidad Casas e Instalaciones,silver_audit_v2,Electricidad consumida ( 95 kWh),,COOPERATIVA ELECTRICA PAILLACO LIMITADA,,[re-promoted with dedup key incl. description+provider] 2step_review,,,
SP-00041,EXP-11.2,Electricidad Casas e Instalaciones,silver_audit_v2,Electricidad consumida ( 92 kWh),,COOPERATIVA ELECTRICA PAILLACO LIMITADA,,[re-promoted with dedup key incl. description+provider] 2step_review,,,
SP-00042,EXP-11.2,Electricidad Casas e Instalaciones,silver_audit_v2,Electricidad consumida ( 115 kWh),,COOPERATIVA ELECTRICA PAILLACO LIMITADA,,[re-promoted with dedup key incl. description+provider] 2step_review,,,
SP-00043,EXP-11.2,Electricidad Casas e Instalaciones,silver_audit_v2,Electricidad consumida ( 110 kWh),,COOPERATIVA ELECTRICA PAILLACO LIMITADA,,[re-promoted with dedup key incl. description+provider] 2step_review,,,
SP-00044,EXP-11.2,Electricidad Casas e Instalaciones,silver_audit_v2,Electricidad consumida ( 140 kWh),,COOPERATIVA ELECTRICA PAILLACO LIMITADA,,[re-promoted with dedup key incl. description+provider] 2step_review,,,
SP-00045,EXP-11.1,Electricidad Lecheria,silver_audit_v2,Electricidad consumida ( 73 kWh),,COOPERATIVA ELECTRICA PAILLACO LIMITADA,,[re-promoted with dedup key incl. description+provider] wave2_review,,,
SP-00046,EXP-11.1,Electricidad Lecheria,silver_audit_v2,Electricidad consumida ( 822 kWh),,COOPERATIVA ELECTRICA PAILLACO LIMITADA,,[re-promoted with dedup key incl. description+provider] wave2_review,,,
SP-00047,EXP-11.1,Electricidad Lecheria,silver_audit_v2,Electricidad consumida ( 133 kWh),,COOPERATIVA ELECTRICA PAILLACO LIMITADA,,[re-promoted with dedup key incl. description+provider] wave2_review,,,
SP-00048,EXP-11.1,Electricidad Lecheria,silver_audit_v2,Electricidad consumida ( 155 kWh),,COOPERATIVA ELECTRICA PAILLACO LIMITADA,,[re-promoted with dedup key incl. description+provider] wave2_review,,,
SP-00049,EXP-11.2,Electricidad Casas e Instalaciones,silver_audit_v2,Electricidad consumida ( 184 kWh),,COOPERATIVA ELECTRICA PAILLACO LIMITADA,,[re-promoted with dedup key incl. description+provider] 2step_review,,,
SP-00050,EXP-11.2,Electricidad Casas e Instalaciones,silver_audit_v2,Electricidad consumida ( 17.710 kWh),,COOPERATIVA ELECTRICA PAILLACO LIMITADA,,[re-promoted with dedup key incl. description+provider] 2step_review,,,
SP-00051,EXP-11.2,Electricidad Casas e Instalaciones,silver_audit_v2,Electricidad consumida ( 225 kWh),,COOPERATIVA ELECTRICA PAILLACO LIMITADA,,[re-promoted with dedup key incl. description+provider] 2step_review,,,
SP-00052,EXP-11.2,Electricidad Casas e Instalaciones,silver_audit_v2,Electricidad consumida ( 8 kWh),,COOPERATIVA ELECTRICA PAILLACO LIMITADA,,[re-promoted with dedup key incl. description+provider] 2step_review,,,
SP-00053,EXP-11.2,Electricidad Casas e Instalaciones,silver_audit_v2,Electricidad consumida ( 40 kWh),,COOPERATIVA ELECTRICA PAILLACO LIMITADA,,[re-promoted with dedup key incl. description+provider] 2step_review,,,
SP-00054,EXP-11.2,Electricidad Casas e Instalaciones,silver_audit_v2,Electricidad consumida ( 173 kWh),,COOPERATIVA ELECTRICA PAILLACO LIMITADA,,[re-promoted with dedup key incl. description+provider] 2step_review,,,
SP-00055,EXP-11.2,Electricidad Casas e Instalaciones,silver_audit_v2,Electricidad consumida ( 168 kWh),,COOPERATIVA ELECTRICA PAILLACO LIMITADA,,[re-promoted with dedup key incl. description+provider] 2step_review,,,
SP-00056,EXP-11.2,Electricidad Casas e Instalaciones,silver_audit_v2,Electricidad consumida ( 152 kWh),,COOPERATIVA ELECTRICA PAILLACO LIMITADA,,[re-promoted with dedup key incl. description+provider] 2step_review,,,
SP-00057,EXP-11.2,Electricidad Casas e Instalaciones,silver_audit_v2,Electricidad consumida ( 158 kWh),,COOPERATIVA ELECTRICA PAILLACO LIMITADA,,[re-promoted with dedup key incl. description+provider] 2step_review,,,
SP-00058,EXP-11.2,Electricidad Casas e Instalaciones,silver_audit_v2,Electricidad consumida ( 200 kWh),,COOPERATIVA ELECTRICA PAILLACO LIMITADA,,[re-promoted with dedup key incl. description+provider] 2step_review,,,
SP-00059,EXP-11.2,Electricidad Casas e Instalaciones,silver_audit_v2,Electricidad consumida ( 124 kWh),,COOPERATIVA ELECTRICA PAILLACO LIMITADA,,[re-promoted with dedup key incl. description+provider] 2step_review,,,
SP-00060,EXP-11.2,Electricidad Casas e Instalaciones,silver_audit_v2,Electricidad consumida ( 150 kWh),,COOPERATIVA ELECTRICA PAILLACO LIMITADA,,[re-promoted with dedup key incl. description+provider] 2step_review,,,
SP-00061,EXP-11.2,Electricidad Casas e Instalaciones,silver_audit_v2,Electricidad consumida ( 179 kWh),,COOPERATIVA ELECTRICA PAILLACO LIMITADA,,[re-promoted with dedup key incl. description+provider] 2step_review,,,
SP-00062,EXP-11.2,Electricidad Casas e Instalaciones,silver_audit_v2,Electricidad consumida ( 109 kWh),,COOPERATIVA ELECTRICA PAILLACO LIMITADA,,[re-promoted with dedup key incl. description+provider] 2step_review,,,
SP-00063,EXP-11.2,Electricidad Casas e Instalaciones,silver_audit_v2,Electricidad consumida ( 118 kWh),,COOPERATIVA ELECTRICA PAILLACO LIMITADA,,[re-promoted with dedup key incl. description+provider] 2step_review,,,
SP-00064,EXP-11.2,Electricidad Casas e Instalaciones,silver_audit_v2,Electricidad consumida ( 146 kWh),,COOPERATIVA ELECTRICA PAILLACO LIMITADA,,[re-promoted with dedup key incl. description+provider] 2step_review,,,
SP-00065,EXP-11.2,Electricidad Casas e Instalaciones,silver_audit_v2,Electricidad consumida ( 10.027 kWh),,COOPERATIVA ELECTRICA PAILLACO LIMITADA,,[re-promoted with dedup key incl. description+provider] 2step_review,,,
SP-00066,EXP-11.2,Electricidad Casas e Instalaciones,silver_audit_v2,Electricidad consumida ( 172 kWh),,COOPERATIVA ELECTRICA PAILLACO LIMITADA,,[re-promoted with dedup key incl. description+provider] 2step_review,,,
SP-00067,EXP-9.1,Energia Electrica Riego,silver_audit_v2,Electricidad consumida ( 19 kWh),,COOPERATIVA ELECTRICA PAILLACO LIMITADA,,[re-promoted with dedup key incl. description+provider] wave2_review,,,
SP-00068,EXP-9.1,Energia Electrica Riego,silver_audit_v2,Electricidad consumida ( 139 kWh),,COOPERATIVA ELECTRICA PAILLACO LIMITADA,,[re-promoted with dedup key incl. description+provider] wave2_review,,,
SP-00069,EXP-9.1,Energia Electrica Riego,silver_audit_v2,Electricidad consumida ( 51 kWh),,COOPERATIVA ELECTRICA PAILLACO LIMITADA,,[re-promoted with dedup key incl. description+provider] wave2_review,,,
SP-00070,EXP-11.1,Electricidad Lecheria,silver_audit_v2,Electricidad consumida 610 KwH,,COOPERATIVA RURAL ELECT.R.BUENO LTDA.,,[re-promoted with dedup key incl. description+provider] wave2_review,,,
SP-00071,EXP-11.1,Electricidad Lecheria,silver_audit_v2,Electricidad consumida ( 217 kWh),,COOPERATIVA ELECTRICA PAILLACO LIMITADA,,[re-promoted with dedup key incl. description+provider] wave2_review,,,
SP-00072,EXP-11.1,Electricidad Lecheria,silver_audit_v2,Electricidad consumida ( 4 kWh),,COOPERATIVA ELECTRICA PAILLACO LIMITADA,,[re-promoted with dedup key incl. description+provider] wave2_review,,,
SP-00073,EXP-11.1,Electricidad Lecheria,silver_audit_v2,Electricidad consumida 7020 KwH,,COOPERATIVA RURAL ELECT.R.BUENO LTDA.,,[re-promoted with dedup key incl. description+provider] wave2_review,,,
SP-00074,EXP-11.1,Electricidad Lecheria,silver_audit_v2,Electricidad consumida ( 798 kWh),,COOPERATIVA ELECTRICA PAILLACO LIMITADA,,[re-promoted with dedup key incl. description+provider] wave2_review,,,
SP-00075,EXP-11.1,Electricidad Lecheria,silver_audit_v2,Electricidad consumida ( 61 kWh),,COOPERATIVA ELECTRICA PAILLACO LIMITADA,,[re-promoted with dedup key incl. description+provider] wave2_review,,,
SP-00076,EXP-11.1,Electricidad Lecheria,silver_audit_v2,Electricidad consumida 115 KwH,,COOPERATIVA RURAL ELECT.R.BUENO LTDA.,,[re-promoted with dedup key incl. description+provider] wave2_review,,,
SP-00077,EXP-11.1,Electricidad Lecheria,silver_audit_v2,Electricidad consumida ( 209 kWh),,COOPERATIVA ELECTRICA PAILLACO LIMITADA,,[re-promoted with dedup key incl. description+provider] wave2_review,,,
SP-00078,EXP-11.1,Electricidad Lecheria,silver_audit_v2,Electricidad consumida ( 117 kWh),,COOPERATIVA ELECTRICA PAILLACO LIMITADA,,[re-promoted with dedup key incl. description+provider] wave2_review,,,
SP-00079,EXP-11.1,Electricidad Lecheria,silver_audit_v2,Electricidad consumida ( 3.101 kWh),,COOPERATIVA ELECTRICA PAILLACO LIMITADA,,[re-promoted with dedup key incl. description+provider] wave2_review,,,
SP-00080,EXP-11.1,Electricidad Lecheria,silver_audit_v2,Electricidad consumida ( 193 kWh),,COOPERATIVA ELECTRICA PAILLACO LIMITADA,,[re-promoted with dedup key incl. description+provider] wave2_review,,,
SP-00081,EXP-11.1,Electricidad Lecheria,silver_audit_v2,Electricidad consumida ( 42 kWh),,COOPERATIVA ELECTRICA PAILLACO LIMITADA,,[re-promoted with dedup key incl. description+provider] wave2_review,,,
SP-00082,EXP-11.1,Electricidad Lecheria,silver_audit_v2,Electricidad consumida ( 951 kWh),,COOPERATIVA ELECTRICA PAILLACO LIMITADA,,[re-promoted with dedup key incl. description+provider] wave2_review,,,
SP-00083,EXP-11.1,Electricidad Lecheria,silver_audit_v2,Electricidad consumida ( 157 kWh),,COOPERATIVA ELECTRICA PAILLACO LIMITADA,,[re-promoted with dedup key incl. description+provider] wave2_review,,,
SP-00084,EXP-11.1,Electricidad Lecheria,silver_audit_v2,Electricidad consumida ( 166 kWh),,COOPERATIVA ELECTRICA PAILLACO LIMITADA,,[re-promoted with dedup key incl. description+provider] wave2_review,,,
SP-00085,EXP-11.1,Electricidad Lecheria,silver_audit_v2,Electricidad consumida ( 934 kWh),,COOPERATIVA ELECTRICA PAILLACO LIMITADA,,[re-promoted with dedup key incl. description+provider] wave2_review,,,
SP-00086,EXP-11.1,Electricidad Lecheria,silver_audit_v2,Electricidad consumida ( 112 kWh),,COOPERATIVA ELECTRICA PAILLACO LIMITADA,,[re-promoted with dedup key incl. description+provider] wave2_review,,,
SP-00087,EXP-11.1,Electricidad Lecheria,silver_audit_v2,Electricidad consumida ( 5 kWh),,COOPERATIVA ELECTRICA PAILLACO LIMITADA,,[re-promoted with dedup key incl. description+provider] wave2_review,,,
SP-00088,EXP-11.1,Electricidad Lecheria,silver_audit_v2,Electricidad consumida ( 214 kWh),,COOPERATIVA ELECTRICA PAILLACO LIMITADA,,[re-promoted with dedup key incl. description+provider] wave2_review,,,
SP-00089,EXP-11.1,Electricidad Lecheria,silver_audit_v2,Electricidad consumida ( 746 kWh),,COOPERATIVA ELECTRICA PAILLACO LIMITADA,,[re-promoted with dedup key incl. description+provider] wave2_review,,,
SP-00090,EXP-11.1,Electricidad Lecheria,silver_audit_v2,Electricidad consumida ( 624 kWh),,COOPERATIVA ELECTRICA PAILLACO LIMITADA,,[re-promoted with dedup key incl. description+provider] wave2_review,,,
SP-00091,EXP-11.1,Electricidad Lecheria,silver_audit_v2,Electricidad consumida ( 129 kWh),,COOPERATIVA ELECTRICA PAILLACO LIMITADA,,[re-promoted with dedup key incl. description+provider] wave2_review,,,
SP-00092,EXP-11.1,Electricidad Lecheria,silver_audit_v2,Electricidad consumida ( 675 kWh),,COOPERATIVA ELECTRICA PAILLACO LIMITADA,,[re-promoted with dedup key incl. description+provider] wave2_review,,,
SP-00093,EXP-11.1,Electricidad Lecheria,silver_audit_v2,Electricidad consumida ( 795 kWh),,COOPERATIVA ELECTRICA PAILLACO LIMITADA,,[re-promoted with dedup key incl. description+provider] wave2_review,,,
SP-00094,EXP-11.1,Electricidad Lecheria,silver_audit_v2,Electricidad consumida ( 12.210 kWh),,COOPERATIVA ELECTRICA PAILLACO LIMITADA,,[re-promoted with dedup key incl. description+provider] wave2_review,,,
SP-00095,EXP-11.1,Electricidad Lecheria,silver_audit_v2,Electricidad consumida ( 28 kWh),,COOPERATIVA ELECTRICA PAILLACO LIMITADA,,[re-promoted with dedup key incl. description+provider] wave2_review,,,
SP-00096,EXP-11.1,Electricidad Lecheria,silver_audit_v2,Electricidad consumida ( 60 kWh),,COOPERATIVA ELECTRICA PAILLACO LIMITADA,,[re-promoted with dedup key incl. description+provider] wave2_review,,,
SP-00097,EXP-11.1,Electricidad Lecheria,silver_audit_v2,Electricidad consumida ( 2.521 kWh),,COOPERATIVA ELECTRICA PAILLACO LIMITADA,,[re-promoted with dedup key incl. description+provider] wave2_review,,,
SP-00098,EXP-11.1,Electricidad Lecheria,silver_audit_v2,Electricidad consumida ( 245 kWh),,COOPERATIVA ELECTRICA PAILLACO LIMITADA,,[re-promoted with dedup key incl. description+provider] wave2_review,,,
SP-00099,EXP-11.1,Electricidad Lecheria,silver_audit_v2,Electricidad consumida ( 1.193 kWh),,COOPERATIVA ELECTRICA PAILLACO LIMITADA,,[re-promoted with dedup key incl. description+provider] wave2_review,,,
SP-00100,EXP-11.1,Electricidad Lecheria,silver_audit_v2,Electricidad consumida ( 524 kWh),,COOPERATIVA ELECTRICA PAILLACO LIMITADA,,[re-promoted with dedup key incl. description+provider] wave2_review,,,
SP-00101,EXP-11.1,Electricidad Lecheria,silver_audit_v2,Electricidad consumida ( 14.767 kWh),,COOPERATIVA ELECTRICA PAILLACO LIMITADA,,[re-promoted with dedup key incl. description+provider] wave2_review,,,
SP-00102,EXP-11.1,Electricidad Lecheria,silver_audit_v2,Electricidad consumida ( 3.512 kWh),,COOPERATIVA ELECTRICA PAILLACO LIMITADA,,[re-promoted with dedup key incl. description+provider] wave2_review,,,
SP-00103,EXP-11.1,Electricidad Lecheria,silver_audit_v2,Electricidad consumida ( 2.135 kWh),,COOPERATIVA ELECTRICA PAILLACO LIMITADA,,[re-promoted with dedup key incl. description+provider] wave2_review,,,
SP-00104,EXP-11.1,Electricidad Lecheria,silver_audit_v2,Electricidad consumida ( 1 kWh),,COOPERATIVA ELECTRICA PAILLACO LIMITADA,,[re-promoted with dedup key incl. description+provider] wave2_review,,,
SP-00105,EXP-11.1,Electricidad Lecheria,silver_audit_v2,Electricidad consumida ( 252 kWh),,COOPERATIVA ELECTRICA PAILLACO LIMITADA,,[re-promoted with dedup key incl. description+provider] wave2_review,,,
SP-00106,EXP-11.1,Electricidad Lecheria,silver_audit_v2,Electricidad consumida ( 2.053 kWh),,COOPERATIVA ELECTRICA PAILLACO LIMITADA,,[re-promoted with dedup key incl. description+provider] wave2_review,,,
SP-00107,EXP-11.1,Electricidad Lecheria,silver_audit_v2,Electricidad consumida ( 1.852 kWh),,COOPERATIVA ELECTRICA PAILLACO LIMITADA,,[re-promoted with dedup key incl. description+provider] wave2_review,,,
SP-00108,EXP-11.1,Electricidad Lecheria,silver_audit_v2,Electricidad consumida 7440 KwH,,COOPERATIVA RURAL ELECT.R.BUENO LTDA.,,[re-promoted with dedup key incl. description+provider] wave2_review,,,
SP-00109,EXP-11.1,Electricidad Lecheria,silver_audit_v2,Electricidad consumida ( 969 kWh),,COOPERATIVA ELECTRICA PAILLACO LIMITADA,,[re-promoted with dedup key incl. description+provider] wave2_review,,,
SP-00110,EXP-11.1,Electricidad Lecheria,silver_audit_v2,Electricidad consumida ( 16.762 kWh),,COOPERATIVA ELECTRICA PAILLACO LIMITADA,,[re-promoted with dedup key incl. description+provider] wave2_review,,,
SP-00111,EXP-11.2,Electricidad Casas e Instalaciones,silver_audit_v2,Electricidad consumida ( 584 kWh),,COOPERATIVA ELECTRICA PAILLACO LIMITADA,,[re-promoted with dedup key incl. description+provider] wave2_review,,,
SP-00112,EXP-11.2,Electricidad Casas e Instalaciones,silver_audit_v2,Electricidad consumida ( 39 kWh),,COOPERATIVA ELECTRICA PAILLACO LIMITADA,,[re-promoted with dedup key incl. description+provider] wave2_review,,,
SP-00113,EXP-11.2,Electricidad Casas e Instalaciones,silver_audit_v2,Electricidad consumida ( 38 kWh),,COOPERATIVA ELECTRICA PAILLACO LIMITADA,,[re-promoted with dedup key incl. description+provider] wave2_review,,,
SP-00114,EXP-11.2,Electricidad Casas e Instalaciones,silver_audit_v2,Electricidad consumida ( 995 kWh),,COOPERATIVA ELECTRICA PAILLACO LIMITADA,,[re-promoted with dedup key incl. description+provider] wave2_review,,,
SP-00115,EXP-11.1,Electricidad Lecheria,silver_audit_v2,Electricidad consumida ( 937 kWh),,COOPERATIVA ELECTRICA PAILLACO LIMITADA,,[re-promoted with dedup key incl. description+provider] wave2_review,,,
SP-00116,EXP-11.1,Electricidad Lecheria,silver_audit_v2,Electricidad consumida ( 3.978 kWh),,COOPERATIVA ELECTRICA PAILLACO LIMITADA,,[re-promoted with dedup key incl. description+provider] wave2_review,,,
SP-00117,EXP-11.1,Electricidad Lecheria,silver_audit_v2,Electricidad consumida ( 162 kWh),,COOPERATIVA ELECTRICA PAILLACO LIMITADA,,[re-promoted with dedup key incl. description+provider] wave2_review,,,
SP-00118,EXP-11.1,Electricidad Lecheria,silver_audit_v2,Electricidad consumida ( 257 kWh),,COOPERATIVA ELECTRICA PAILLACO LIMITADA,,[re-promoted with dedup key incl. description+provider] wave2_review,,,
SP-00119,EXP-11.1,Electricidad Lecheria,silver_audit_v2,Electricidad consumida ( 6 kWh),,COOPERATIVA ELECTRICA PAILLACO LIMITADA,,[re-promoted with dedup key incl. description+provider] wave2_review,,,
SP-00120,EXP-11.1,Electricidad Lecheria,silver_audit_v2,Electricidad consumida ( 34 kWh),,COOPERATIVA ELECTRICA PAILLACO LIMITADA,,[re-promoted with dedup key incl. description+provider] wave2_review,,,
SP-00121,EXP-11.1,Electricidad Lecheria,silver_audit_v2,Electricidad consumida ( 321 kWh),,COOPERATIVA ELECTRICA PAILLACO LIMITADA,,[re-promoted with dedup key incl. description+provider] wave2_review,,,
SP-00122,EXP-11.1,Electricidad Lecheria,silver_audit_v2,Electricidad consumida ( 633 kWh),,COOPERATIVA ELECTRICA PAILLACO LIMITADA,,[re-promoted with dedup key incl. description+provider] wave2_review,,,
SP-00123,EXP-11.1,Electricidad Lecheria,silver_audit_v2,Electricidad consumida ( 1.211 kWh),,COOPERATIVA ELECTRICA PAILLACO LIMITADA,,[re-promoted with dedup key incl. description+provider] wave2_review,,,
SP-00124,EXP-11.1,Electricidad Lecheria,silver_audit_v2,Electricidad consumida 1310 KwH,,COOPERATIVA RURAL ELECT.R.BUENO LTDA.,,[re-promoted with dedup key incl. description+provider] wave2_review,,,
SP-00125,EXP-11.2,Electricidad Casas e Instalaciones,silver_audit_v2,Electricidad consumida ( 48 kWh),,COOPERATIVA ELECTRICA PAILLACO LIMITADA,,[re-promoted with dedup key incl. description+provider] wave2_review,,,
SP-00126,EXP-11.2,Electricidad Casas e Instalaciones,silver_audit_v2,Electricidad consumida ( 263 kWh),,COOPERATIVA ELECTRICA PAILLACO LIMITADA,,[re-promoted with dedup key incl. description+provider] wave2_review,,,
SP-00127,EXP-11.1,Electricidad Lecheria,silver_audit_v2,Electricidad consumida ( 261 kWh),,COOPERATIVA ELECTRICA PAILLACO LIMITADA,,[re-promoted with dedup key incl. description+provider] wave2_review,,,
SP-00128,EXP-11.1,Electricidad Lecheria,silver_audit_v2,Electricidad consumida ( 17.961 kWh),,COOPERATIVA ELECTRICA PAILLACO LIMITADA,,[re-promoted with dedup key incl. description+provider] wave2_review,,,
SP-00129,EXP-11.1,Electricidad Lecheria,silver_audit_v2,Electricidad consumida ( 32 kWh),,COOPERATIVA ELECTRICA PAILLACO LIMITADA,,[re-promoted with dedup key incl. description+provider] wave2_review,,,
SP-00130,EXP-11.1,Electricidad Lecheria,silver_audit_v2,Electricidad consumida ( 14.134 kWh),,COOPERATIVA ELECTRICA PAILLACO LIMITADA,,[re-promoted with dedup key incl. description+provider] wave2_review,,,
SP-00131,EXP-11.1,Electricidad Lecheria,silver_audit_v2,Electricidad consumida ( 182 kWh),,COOPERATIVA ELECTRICA PAILLACO LIMITADA,,[re-promoted with dedup key incl. description+provider] wave2_review,,,
SP-00132,EXP-11.1,Electricidad Lecheria,silver_audit_v2,Electricidad consumida ( 13.863 kWh),,COOPERATIVA ELECTRICA PAILLACO LIMITADA,,[re-promoted with dedup key incl. description+provider] wave2_review,,,
SP-00133,EXP-11.1,Electricidad Lecheria,silver_audit_v2,Electricidad consumida ( 1.724 kWh),,COOPERATIVA ELECTRICA PAILLACO LIMITADA,,[re-promoted with dedup key incl. description+provider] wave2_review,,,
SP-00134,EXP-11.1,Electricidad Lecheria,silver_audit_v2,Electricidad consumida ( 27 kWh),,COOPERATIVA ELECTRICA PAILLACO LIMITADA,,[re-promoted with dedup key incl. description+provider] wave2_review,,,
SP-00135,EXP-11.3,Petroleo,silver_audit_v2,Petroleo Diesel G-B,IE Base: 104.3130 - IE Variable: -8.1225,INVERSIONES Y ASESORIA BARCA SPA 3103944,,[re-promoted with dedup key incl. description+provider] 2step_review,,,
SP-00136,EXP-11.3,Petroleo,silver_audit_v2,Petroleo Diesel G-B,IE Base: 104.3130 - IE Variable: -16.1129,DISTRIBUIDORA ENTRETECHO SPA,,[re-promoted with dedup key incl. description+provider] 2step_review,,,
SP-00137,EXP-11.4,Bencina,silver_audit_v2,Gasolina 93,Gasolina 93,SOC DE TRANSPORTES STEUER HOLMGREN Y COM,,[re-promoted with dedup key incl. description+provider] 2step_review,,,
SP-00138,EXP-11.3,Petroleo,silver_audit_v2,PETROLEO DIESEL ULTRA,Retira: ANTILLANCA SPA{Impuesto base combustible: 4798{Impuesto variable combustible: -105,COOPERATIVA AGRICOLA Y LECHERA DE LA UNION LTDA.,,[re-promoted with dedup key incl. description+provider] 2step_review,,,
SP-00139,EXP-11.3,Petroleo,silver_audit_v2,Petroleo Diesel G-B,IE Base: 103.3845 - IE Variable: -12.6060,INVERSIONES Y ASESORIA BARCA SPA 3103944,,[re-promoted with dedup key incl. description+provider] 2step_review,,,
SP-00140,EXP-11.3,Petroleo,silver_audit_v2,PETROLEO DIESEL ULTRA,Retira: ANTILLANCA SPA{Impuesto base combustible: 6649{Impuesto variable combustible: -342,COOPERATIVA AGRICOLA Y LECHERA DE LA UNION LTDA.,,[re-promoted with dedup key incl. description+provider] 2step_review,,,
SP-00141,EXP-11.3,Petroleo,silver_audit_v2,PETROLEO DIESEL ULTRA,Retira: ANTILLANCA SPA{Impuesto base combustible: 4428{Impuesto variable combustible: -449,COOPERATIVA AGRICOLA Y LECHERA DE LA UNION LTDA.,,[re-promoted with dedup key incl. description+provider] 2step_review,,,
SP-00142,EXP-11.3,Petroleo,silver_audit_v2,PETROLEO DIESEL ULTRA,Retira: ANTILLANCA SPA{Impuesto base combustible: 14651{Impuesto variable combustible: 2890,COOPERATIVA AGRICOLA Y LECHERA DE LA UNION LTDA.,,[re-promoted with dedup key incl. description+provider] 2step_review,,,
SP-00143,EXP-11.3,Petroleo,silver_audit_v2,PETROLEO DIESEL ULTRA,Retira: ANTILLANCA SPA{Impuesto base combustible: 4468{Impuesto variable combustible: -57,COOPERATIVA AGRICOLA Y LECHERA DE LA UNION LTDA.,,[re-promoted with dedup key incl. description+provider] 2step_review,,,
SP-00144,EXP-11.3,Petroleo,silver_audit_v2,PETROLEO DIESEL ULTRA,Retira: ANTILLANCA SPA{Impuesto base combustible: 3025{Impuesto variable combustible: -66,COOPERATIVA AGRICOLA Y LECHERA DE LA UNION LTDA.,,[re-promoted with dedup key incl. description+provider] 2step_review,,,
SP-00145,EXP-11.4,Bencina,silver_audit_v2,GASOLINA 93,Retira: ANTILLANCA SPA{Impuesto base combustible: 27429{Impuesto variable combustible: 885,COOPERATIVA AGRICOLA Y LECHERA DE LA UNION LTDA.,,[re-promoted with dedup key incl. description+provider] wave2_review,,,
SP-00146,EXP-11.4,Bencina,silver_audit_v2,GASOLINA 93,Retira: ANTILLANCA SPA{Impuesto base combustible: 30128{Impuesto variable combustible: -897,COOPERATIVA AGRICOLA Y LECHERA DE LA UNION LTDA.,,[re-promoted with dedup key incl. description+provider] wave2_review,,,
SP-00147,EXP-11.4,Bencina,silver_audit_v2,GASOLINA 93,Retira: ANTILLANCA SPA{Impuesto base combustible: 12381{Impuesto variable combustible: -369,COOPERATIVA AGRICOLA Y LECHERA DE LA UNION LTDA.,,[re-promoted with dedup key incl. description+provider] wave2_review,,,
SP-00148,EXP-11.4,Bencina,silver_audit_v2,GASOLINA 93,Retira: ANTILLANCA SPA{Impuesto base combustible: 40527{Impuesto variable combustible: 596,COOPERATIVA AGRICOLA Y LECHERA DE LA UNION LTDA.,,[re-promoted with dedup key incl. description+provider] 2step_review,,,
SP-00149,EXP-11.4,Bencina,silver_audit_v2,Total,"GASOLINA SP 93 OCTANOS NU 1203| 20,100|Litro",COPEC S.A.,,[re-promoted with dedup key incl. description+provider] wave2_review,,,
SP-00150,EXP-11.4,Bencina,silver_audit_v2,Total,"GASOLINA SP 93 OCTANOS NU 1203| 65,646|Litro",COPEC S.A.,,[re-promoted with dedup key incl. description+provider] wave2_review,,,
SP-00151,EXP-11.4,Bencina,silver_audit_v2,Total,"GASOLINA SP 93 OCTANOS NU 1203| 20,000|Litro",COPEC S.A.,,[re-promoted with dedup key incl. description+provider] 2step_review,,,
SP-00152,EXP-11.4,Bencina,silver_audit_v2,Total,"GASOLINA SP 93 OCTANOS NU 1203| 56,228|Litro",COPEC S.A.,,[re-promoted with dedup key incl. description+provider] 2step_review,,,
SP-00153,EXP-11.4,Bencina,silver_audit_v2,Total,"GASOLINA SP 93 OCTANOS NU 1203| 68,715|Litro",COPEC S.A.,,[re-promoted with dedup key incl. description+provider] 2step_review,,,
SP-00154,EXP-11.4,Bencina,silver_audit_v2,Total,"GASOLINA SP 93 OCTANOS NU 1203| 65,127|Litro",COPEC S.A.,,[re-promoted with dedup key incl. description+provider] 2step_review,,,
SP-00155,EXP-15.3,Fletes,silver_audit_v2,SOPLETE A GAS YANES C/PIEZO PROF-400P,,COMERCIAL CLIMENT SPA,,[re-promoted with dedup key incl. description+provider] wave2_review,,,
SP-00156,EXP-11.4,Bencina,silver_audit_v2,Total,"GASOLINA SP 93 OCTANOS NU 1203| 42,750|Litro",COPEC S.A.,,[re-promoted with dedup key incl. description+provider] 2step_review,,,
SP-00157,EXP-11.4,Bencina,silver_audit_v2,Total,"GASOLINA SP 93 OCTANOS NU 1203| 58,726|Litro",COPEC S.A.,,[re-promoted with dedup key incl. description+provider] 2step_review,,,
SP-00158,EXP-11.4,Bencina,silver_audit_v2,Total,"GASOLINA SP 93 OCTANOS NU 1203| 44,663|Litro",COPEC S.A.,,[re-promoted with dedup key incl. description+provider] 2step_review,,,
SP-00159,EXP-11.4,Bencina,silver_audit_v2,Total,"GASOLINA SP 93 OCTANOS NU 1203| 94,146|Litro",COPEC S.A.,,[re-promoted with dedup key incl. description+provider] 2step_review,,,
SP-00160,EXP-11.4,Bencina,silver_audit_v2,Total,"GASOLINA SP 93 OCTANOS NU 1203| 100,812|Litro",COPEC S.A.,,[re-promoted with dedup key incl. description+provider] wave2_review,,,
SP-00161,EXP-11.4,Bencina,silver_audit_v2,Total,"GASOLINA SP 93 OCTANOS NU 1203| 67,433|Litro",COPEC S.A.,,[re-promoted with dedup key incl. description+provider] wave2_review,,,
SP-00162,EXP-11.4,Bencina,silver_audit_v2,Total,"GASOLINA SP 93 OCTANOS NU 1203| 70,867|Litro",COPEC S.A.,,[re-promoted with dedup key incl. description+provider] wave2_review,,,
SP-00163,EXP-11.4,Bencina,silver_audit_v2,DETALLE,GASOLINA NU 1203| 20.000|L,COPEC S.A.,,[re-promoted with dedup key incl. description+provider] wave2_review,,,
SP-00164,EXP-11.4,Bencina,silver_audit_v2,Total,"GASOLINA SP 93 OCTANOS NU 1203| 107,440|Litro",COPEC S.A.,,[re-promoted with dedup key incl. description+provider] 2step_review,,,
SP-00165,EXP-11.4,Bencina,silver_audit_v2,Total,"GASOLINA SP 93 OCTANOS NU 1203| 88,550|Litro",COPEC S.A.,,[re-promoted with dedup key incl. description+provider] 2step_review,,,
SP-00166,EXP-11.4,Bencina,silver_audit_v2,Total,"GASOLINA SP 93 OCTANOS NU 1203| 64,527|Litro",COPEC S.A.,,[re-promoted with dedup key incl. description+provider] 2step_review,,,
SP-00167,EXP-11.4,Bencina,silver_audit_v2,Total,"GASOLINA SP 93 OCTANOS NU 1203| 82,162|Litro",COPEC S.A.,,[re-promoted with dedup key incl. description+provider] 2step_review,,,
SP-00168,EXP-11.4,Bencina,silver_audit_v2,Total,"GASOLINA SP 93 OCTANOS NU 1203| 80,744|Litro",COPEC S.A.,,[re-promoted with dedup key incl. description+provider] 2step_review,,,
SP-00169,EXP-11.4,Bencina,silver_audit_v2,Total,"GASOLINA SP 93 OCTANOS NU 1203| 72,470|Litro",COPEC S.A.,,[re-promoted with dedup key incl. description+provider] wave2_review,,,
SP-00170,EXP-11.4,Bencina,silver_audit_v2,Total,"GASOLINA SP 93 OCTANOS NU 1203| 65,833|Litro",COPEC S.A.,,[re-promoted with dedup key incl. description+provider] wave2_review,,,
SP-00171,EXP-11.4,Bencina,silver_audit_v2,Total,"GASOLINA SP 93 OCTANOS NU 1203| 72,496|Litro",COPEC S.A.,,[re-promoted with dedup key incl. description+provider] wave2_review,,,
SP-00172,EXP-11.4,Bencina,silver_audit_v2,Total,"GASOLINA SP 93 OCTANOS NU 1203| 102,198|Litro",COPEC S.A.,,[re-promoted with dedup key incl. description+provider] wave2_review,,,
SP-00173,EXP-11.4,Bencina,silver_audit_v2,Total,"GASOLINA SP 93 OCTANOS NU 1203| 31,646|Litro",COPEC S.A.,,[re-promoted with dedup key incl. description+provider] 2step_review,,,
SP-00174,EXP-11.4,Bencina,silver_audit_v2,Total,"GASOLINA SP 93 OCTANOS NU 1203| 78,471|Litro",COPEC S.A.,,[re-promoted with dedup key incl. description+provider] 2step_review,,,
SP-00175,EXP-11.4,Bencina,silver_audit_v2,Total,"GASOLINA SP 93 OCTANOS NU 1203| 63,687|Litro",COPEC S.A.,,[re-promoted with dedup key incl. description+provider] 2step_review,,,
SP-00176,EXP-11.4,Bencina,silver_audit_v2,Total,"GASOLINA SP 93 OCTANOS NU 1203| 94,442|Litro",COPEC S.A.,,[re-promoted with dedup key incl. description+provider] 2step_review,,,
SP-00177,EXP-11.4,Bencina,silver_audit_v2,Total,"GASOLINA SP 93 OCTANOS NU 1203| 46,382|Litro",COPEC S.A.,,[re-promoted with dedup key incl. description+provider] 2step_review,,,
SP-00178,EXP-11.4,Bencina,silver_audit_v2,Total,"GASOLINA SP 93 OCTANOS NU 1203| 77,292|Litro",COPEC S.A.,,[re-promoted with dedup key incl. description+provider] 2step_review,,,
SP-00179,EXP-11.4,Bencina,silver_audit_v2,Total,"GASOLINA SP 93 OCTANOS NU 1203| 72,829|Litro",COPEC S.A.,,[re-promoted with dedup key incl. description+provider] 2step_review,,,
SP-00180,EXP-11.4,Bencina,silver_audit_v2,Total,"GASOLINA SP 93 OCTANOS NU 1203| 85,416|Litro",COPEC S.A.,,[re-promoted with dedup key incl. description+provider] 2step_review,,,
SP-00181,EXP-11.4,Bencina,silver_audit_v2,Total,"GASOLINA SP 93 OCTANOS NU 1203| 49,666|Litro",COPEC S.A.,,[re-promoted with dedup key incl. description+provider] 2step_review,,,
SP-00182,EXP-11.4,Bencina,silver_audit_v2,Total,"GASOLINA SP 93 OCTANOS NU 1203| 117,918|Litro",COPEC S.A.,,[re-promoted with dedup key incl. description+provider] 2step_review,,,
SP-00183,EXP-11.4,Bencina,silver_audit_v2,Total,"GASOLINA SP 93 OCTANOS NU 1203| 86,851|Litro",COPEC S.A.,,[re-promoted with dedup key incl. description+provider] wave2_review,,,
SP-00184,EXP-11.4,Bencina,silver_audit_v2,Total,"GASOLINA SP 93 OCTANOS NU 1203| 29,764|Litro",COPEC S.A.,,[re-promoted with dedup key incl. description+provider] wave2_review,,,
SP-00185,EXP-11.4,Bencina,silver_audit_v2,Total,"GASOLINA SP 93 OCTANOS NU 1203| 105,329|Litro",COPEC S.A.,,[re-promoted with dedup key incl. description+provider] wave2_review,,,
SP-00186,EXP-11.4,Bencina,silver_audit_v2,Total,"GASOLINA SP 93 OCTANOS NU 1203| 54,373|Litro",COPEC S.A.,,[re-promoted with dedup key incl. description+provider] wave2_review,,,
SP-00187,EXP-11.4,Bencina,silver_audit_v2,Total,"GASOLINA SP 93 OCTANOS NU 1203| 105,953|Litro",COPEC S.A.,,[re-promoted with dedup key incl. description+provider] wave2_review,,,
SP-00188,EXP-11.4,Bencina,silver_audit_v2,Total,"GASOLINA SP 93 OCTANOS NU 1203| 52,477|Litro",COPEC S.A.,,[re-promoted with dedup key incl. description+provider] wave2_review,,,
SP-00189,EXP-11.4,Bencina,silver_audit_v2,Total,"GASOLINA SP 93 OCTANOS NU 1203| 64,566|Litro",COPEC S.A.,,[re-promoted with dedup key incl. description+provider] wave2_review,,,
SP-00190,EXP-11.4,Bencina,silver_audit_v2,Total,"GASOLINA SP 93 OCTANOS NU 1203| 86,927|Litro",COPEC S.A.,,[re-promoted with dedup key incl. description+provider] wave2_review,,,
SP-00191,EXP-11.4,Bencina,silver_audit_v2,Total,"GASOLINA SP 93 OCTANOS NU 1203| 43,831|Litro",COPEC S.A.,,[re-promoted with dedup key incl. description+provider] wave2_review,,,
SP-00192,EXP-11.4,Bencina,silver_audit_v2,Total,"GASOLINA SP 93 OCTANOS NU 1203| 98,644|Litro",COPEC S.A.,,[re-promoted with dedup key incl. description+provider] wave2_review,,,
SP-00193,EXP-11.4,Bencina,silver_audit_v2,Total,"GASOLINA SP 93 OCTANOS NU 1203| 101,751|Litro",COPEC S.A.,,[re-promoted with dedup key incl. description+provider] wave2_review,,,
SP-00194,EXP-11.4,Bencina,silver_audit_v2,Total,"GASOLINA SP 93 OCTANOS NU 1203| 35,321|Litro",COPEC S.A.,,[re-promoted with dedup key incl. description+provider] wave2_review,,,
SP-00195,EXP-11.4,Bencina,silver_audit_v2,Total,"GASOLINA SP 93 OCTANOS NU 1203| 78,027|Litro",COPEC S.A.,,[re-promoted with dedup key incl. description+provider] wave2_review,,,
SP-00196,EXP-11.4,Bencina,silver_audit_v2,Total,"GASOLINA SP 93 OCTANOS NU 1203| 86,930|Litro",COPEC S.A.,,[re-promoted with dedup key incl. description+provider] wave2_review,,,
SP-00197,EXP-11.4,Bencina,silver_audit_v2,DETALLE,GASOLINA NU 1203| 20.100|L,COPEC S.A.,,[re-promoted with dedup key incl. description+provider] wave2_review,,,
SP-00198,EXP-11.4,Bencina,silver_audit_v2,Total,"GASOLINA SP 93 OCTANOS NU 1203| 98,040|Litro",COPEC S.A.,,[re-promoted with dedup key incl. description+provider] wave2_review,,,
SP-00199,EXP-11.4,Bencina,silver_audit_v2,DETALLE,GASOLINA NU 1203| 65.646|L,COPEC S.A.,,[re-promoted with dedup key incl. description+provider] wave2_review,,,
SP-00200,EXP-11.4,Bencina,silver_audit_v2,Total,"GASOLINA SP 93 OCTANOS NU 1203| 106,064|Litro",COPEC S.A.,,[re-promoted with dedup key incl. description+provider] wave2_review,,,
SP-00201,EXP-11.4,Bencina,silver_audit_v2,DETALLE,GASOLINA NU 1203| 31.646|L,COPEC S.A.,,[re-promoted with dedup key incl. description+provider] wave2_review,,,
SP-00202,EXP-11.4,Bencina,silver_audit_v2,DETALLE,GASOLINA NU 1203| 68.715|L,COPEC S.A.,,[re-promoted with dedup key incl. description+provider] wave2_review,,,
SP-00203,EXP-11.4,Bencina,silver_audit_v2,DETALLE,GASOLINA NU 1203| 72.470|L,COPEC S.A.,,[re-promoted with dedup key incl. description+provider] wave2_review,,,
SP-00204,EXP-11.4,Bencina,silver_audit_v2,Total,"GASOLINA SP 93 OCTANOS NU 1203| 38,018|Litro",COPEC S.A.,,[re-promoted with dedup key incl. description+provider] wave2_review,,,
SP-00205,EXP-11.4,Bencina,silver_audit_v2,DETALLE,GASOLINA NU 1203| 58.726|L,COPEC S.A.,,[re-promoted with dedup key incl. description+provider] wave2_review,,,
SP-00206,EXP-11.4,Bencina,silver_audit_v2,DETALLE,GASOLINA NU 1203| 29.764|L,COPEC S.A.,,[re-promoted with dedup key incl. description+provider] wave2_review,,,
SP-00207,EXP-11.4,Bencina,silver_audit_v2,DETALLE,GASOLINA NU 1203| 65.833|L,COPEC S.A.,,[re-promoted with dedup key incl. description+provider] wave2_review,,,
SP-00208,EXP-11.4,Bencina,silver_audit_v2,DETALLE,GASOLINA NU 1203| 56.228|L,COPEC S.A.,,[re-promoted with dedup key incl. description+provider] wave2_review,,,
SP-00209,EXP-11.4,Bencina,silver_audit_v2,DETALLE,GASOLINA NU 1203| 42.750|L,COPEC S.A.,,[re-promoted with dedup key incl. description+provider] wave2_review,,,
SP-00210,EXP-11.4,Bencina,silver_audit_v2,DETALLE,GASOLINA NU 1203| 72.829|L,COPEC S.A.,,[re-promoted with dedup key incl. description+provider] wave2_review,,,
SP-00211,EXP-11.4,Bencina,silver_audit_v2,DETALLE,GASOLINA NU 1203| 43.831|L,COPEC S.A.,,[re-promoted with dedup key incl. description+provider] wave2_review,,,
SP-00212,EXP-11.4,Bencina,silver_audit_v2,DETALLE,GASOLINA NU 1203| 44.663|L,COPEC S.A.,,[re-promoted with dedup key incl. description+provider] wave2_review,,,
SP-00213,EXP-11.4,Bencina,silver_audit_v2,DETALLE,GASOLINA NU 1203| 85.416|L,COPEC S.A.,,[re-promoted with dedup key incl. description+provider] wave2_review,,,
SP-00214,EXP-11.4,Bencina,silver_audit_v2,DETALLE,GASOLINA NU 1203| 86.927|L,COPEC S.A.,,[re-promoted with dedup key incl. description+provider] wave2_review,,,
SP-00215,EXP-11.4,Bencina,silver_audit_v2,DETALLE,GASOLINA NU 1203| 64.527|L,COPEC S.A.,,[re-promoted with dedup key incl. description+provider] wave2_review,,,
SP-00216,EXP-11.4,Bencina,silver_audit_v2,DETALLE,GASOLINA NU 1203| 70.867|L,COPEC S.A.,,[re-promoted with dedup key incl. description+provider] wave2_review,,,
SP-00217,EXP-11.4,Bencina,silver_audit_v2,DETALLE,GASOLINA NU 1203| 100.812|L,COPEC S.A.,,[re-promoted with dedup key incl. description+provider] wave2_review,,,
SP-00218,EXP-11.4,Bencina,silver_audit_v2,DETALLE,GASOLINA NU 1203| 105.329|L,COPEC S.A.,,[re-promoted with dedup key incl. description+provider] wave2_review,,,
SP-00219,EXP-11.4,Bencina,silver_audit_v2,DETALLE,GASOLINA NU 1203| 77.292|L,COPEC S.A.,,[re-promoted with dedup key incl. description+provider] wave2_review,,,
SP-00220,EXP-11.4,Bencina,silver_audit_v2,DETALLE,GASOLINA NU 1203| 86.851|L,COPEC S.A.,,[re-promoted with dedup key incl. description+provider] wave2_review,,,
SP-00221,EXP-12.2,Analisis Animales,silver_audit_v2,E. COLI EN AGUA,,COOPERATIVA AGRICOLA Y DE SERVICIOS LTDA,,[re-promoted with dedup key incl. description+provider] E.coli+enterococos water tests with AGUA PABCO 1 = biosecurity water testing for PABCO program,,,
SP-00222,EXP-10.1,Mantencion Sala,silver_audit_v2,ANALISIS BACTERIOLOGICO,,GEA Farm Technologies Osorno Ltda.,,[re-promoted with dedup key incl. description+provider] 2step_review,,,
SP-00223,EXP-16.2,Otros Gastos Campo,silver_audit_v2,dias,,CONSTRUCCIONES Y PRESTACIÓN DE SERVICIOS VICENTE DIOCARES E.I.R.L.,,[re-promoted with dedup key incl. description+provider] Labor days for firewood work; leña purchase is a general farm supply; not roads,,,
SP-00224,EXP-14.1,Mantencion Caminos,silver_audit_v2,PRESTACION DE SERVICIOS,FUNDO EL TINEO,CONSTRUCTORA DSL SPA,,[re-promoted with dedup key incl. description+provider] Construction company providing services on farm; giro includes arriendo maquinaria; road maintenance common,,,
SP-00225,EXP-14.1,Mantencion Caminos,silver_audit_v2,Limpieza de fosos,,DERIVA SPA,,[re-promoted with dedup key incl. description+provider] Cleaning of farm drainage ditches/fosos; provider does landscaping/outdoor maintenance; fits road/run maintenance.,,,
SP-00226,EXP-13.1,Mantencion Maquinaria,silver_audit_v2,HORA TECNICA,,COMERCIAL SERVIFEED SPA,,[re-promoted with dedup key incl. description+provider] Technical labor hour from industrial equipment service provider; fits machinery maintenance.,,,
SP-00227,EXP-16.2,Otros Gastos Campo,silver_audit_v2,CONTROL DE ROEDORES,"INICIO DE CONTROL DE ROEDORES PREDIO TINEO, VISITA REALIZADA EN NOVIEMBRE 2025.",H2 ASESORIAS Y SERVICIOS SPA,,[re-promoted with dedup key incl. description+provider] Rodent control service at farm predio = biosecurity; EXP-16.2 includes bioseguridad.,,,
SP-00228,EXP-10.1,Mantencion Sala,silver_audit_v2,SERVICIO EMERGENCIA FA,,HGS DAIRY SOLUTIONS SPA,,[re-promoted with dedup key incl. description+provider] HGS Dairy emergency service on dairy equipment (FA); sibling technician travel; shed maintenance.,,,
SP-00229,EXP-10.1,Mantencion Sala,silver_audit_v2,20% ANTICIPO SERVICIO INSTALACION Y PUESTA EN MARCHA,,HGS DAIRY SOLUTIONS SPA,,[re-promoted with dedup key incl. description+provider] Advance payment to HGS Dairy for IXPRESS ICR dairy parlor system installation; shed equipment.,,,
SP-00230,EXP-10.1,Mantencion Sala,silver_audit_v2,"ACCESORIOS LED SOPORTE ECOTEK PGW070 25""",,CENCOSUD RETAIL S.A.,,[re-promoted with dedup key incl. description+provider] wave2_review,,,
SP-00231,EXP-10.1,Mantencion Sala,silver_audit_v2,CAM-CAMARA 24 14.9/13 TR218A,CAM-CAMARA 24 14.9/13 TR218A,AUTOMOTRIZ SALFA SUR LIMITADA,,[re-promoted with dedup key incl. description+provider] wave2_review,,,
SP-00232,EXP-9.2,Otros Gastos Riego,silver_audit_v2,Cambiar correa motor del,riego 1,SANDRA PAULINA VALLADARES RIOS,,[re-promoted with dedup key incl. description+provider] wave2_review,,,
SP-00233,EXP-11.1,Electricidad Lecheria,silver_audit_v2,SERVICIO INST. ELECTRICA,,ERWIN RAMIRO AGUILEF PINUER,,[re-promoted with dedup key incl. description+provider] wave2_review,,,
SP-00234,EXP-16.2,Otros Gastos Campo,silver_audit_v2,OLEO CONSTRUCTOR BASE BLANCA - SOQUINA,OLEO CONSTRUCTOR BASE BLANCA - SOQUINA,COMERCIAL HARCHA SPA,,[re-promoted with dedup key incl. description+provider] wave2_review,,,
SP-00235,EXP-14.3,Mantencion Agua y Purines,silver_audit_v2,"Pozo purines, OOCC y equipos",,COOPERATIVA AGRICOLA Y DE SERVICIOS LTDA,,[re-promoted with dedup key incl. description+provider] wave2_review,,,
SP-00236,EXP-14.2,Mantencion Cercos,silver_audit_v2,Ayuda en Moro chico,,CONSTRUCCIONES Y PRESTACIÓN DE SERVICIOS VICENTE DIOCARES E.I.R.L.,,[re-promoted with dedup key incl. description+provider] wave2_review,,,
SP-00237,EXP-14.4,Mantencion Instalaciones,silver_audit_v2,Limpieza de foso,,DERIVA SPA,,[re-promoted with dedup key incl. description+provider] wave2_review,,,
SP-00238,EXP-14.4,Mantencion Instalaciones,silver_audit_v2,PIOLA PERLON RETIRADOR (NEGRA)/ MT,,HGS DAIRY SOLUTIONS SPA,,[re-promoted with dedup key incl. description+provider] wave2_review,,,
SP-00239,EXP-14.3,Mantencion Agua y Purines,silver_audit_v2,MANGUERA JARDIN RAYADA ECONOMICA 1 2 -@,MANGUERA JARDIN RAYADA ECONOMICA 1 2 -@,DORIS IVONNE CASTILLO KANTER,,[re-promoted with dedup key incl. description+provider] wave2_review,,,
SP-00240,EXP-14.4,Mantencion Instalaciones,silver_audit_v2,REPARACION PISCINA E,INSTALACION CALEFON,SERVICIOS DE MANTENCIÓN DOMICILIARIA NONTUELA SPA,,[re-promoted with dedup key incl. description+provider] wave2_review,,,
SP-00241,EXP-14.4,Mantencion Instalaciones,silver_audit_v2,Levantamiento Topografico,Levantamiento Topografico proyecto de drenajes.,TOPOGRAFÍA DANIEL ALEJANDRO HERRERA GUTIERREZ E.I.R.L.,,[re-promoted with dedup key incl. description+provider] wave2_review,,,
SP-00242,EXP-13.1,Mantencion Maquinaria,silver_audit_v2,Servicio de reparación,Desbrozadora 143RII.-,CARLOS JOAQUIN CAMPOS GONZALEZ,,[re-promoted with dedup key incl. description+provider] 2step_review,,,
SP-00243,EXP-10.4,Otros Gastos Lecheria,silver_audit_v2,Asistencia Tecnica,Reparación Sistema de Giro Sala Rotativa Informe N°105 - Cotiz. N°168,EMVI INGENIERÍA Y SOLUCIONES INDUSTRIALES SPA,,[re-promoted with dedup key incl. description+provider] wave2_review,,,
SP-00244,EXP-13.1,Mantencion Maquinaria,silver_audit_v2,Servicio reparación,desbrozadora 143RII Husq.o/T 16027,CARLOS JOAQUIN CAMPOS GONZALEZ,,[re-promoted with dedup key incl. description+provider] wave2_review,,,
SP-00245,EXP-10.4,Otros Gastos Lecheria,silver_audit_v2,Item,Servicios de Mantención~SERVICIO DE MANTENIMIENTO PREVENTIVO 1P06110ETN6000696,Salinas y Fabres S.A.,,[re-promoted with dedup key incl. description+provider] wave2_review,,,
SP-00246,EXP-14.2,Mantencion Cercos,silver_audit_v2,reparacion y mant ternere,,CONSTRUCCIONES Y PRESTACIÓN DE SERVICIOS VICENTE DIOCARES E.I.R.L.,,[re-promoted with dedup key incl. description+provider] wave2_review,,,
SP-00247,EXP-14.1,Mantencion Caminos,silver_audit_v2,reparacion porton,"reparacion porton acceso fundo yutreco, cambio transformador nice drive 1000",FULL PORTON SPA,,[re-promoted with dedup key incl. description+provider] wave2_review,,,
SP-00248,EXP-14.3,Mantencion Agua y Purines,silver_audit_v2,Retroescavadora,"instalación de bornes,cambio de cable bornes",SANDRA PAULINA VALLADARES RIOS,,[re-promoted with dedup key incl. description+provider] wave2_review,,,
SP-00249,EXP-10.4,Otros Gastos Lecheria,silver_audit_v2,MATERIALES DE,CONSTRUCCION,ERWIN RAMIRO AGUILEF PINUER,,[re-promoted with dedup key incl. description+provider] wave2_review,,,
SP-00250,EXP-13.1,Mantencion Maquinaria,silver_audit_v2,Reparación generador,,SANDRA PAULINA VALLADARES RIOS,,[re-promoted with dedup key incl. description+provider] wave2_review,,,
SP-00251,EXP-15.3,Fletes,silver_audit_v2,SERVICIO MO CONSTRUCCION,,ERWIN RAMIRO AGUILEF PINUER,,[re-promoted with dedup key incl. description+provider] wave2_review,,,
SP-00252,EXP-13.1,Mantencion Maquinaria,silver_audit_v2,5BAL-073-00031 BALANCEO HIERRO AUTO - CTA HASTA ARO 16,,Industria Recuperadora De Neumaticos Sac,,[re-promoted with dedup key incl. description+provider] wave2_review,,,
SP-00253,EXP-14.1,Mantencion Caminos,silver_audit_v2,adicionales segun,presupuesto,CONSTRUCTORA RAUL ERNESTO PALMA RISOPATRON E.I.R.L.,,[re-promoted with dedup key incl. description+provider] wave2_review,,,
SP-00254,EXP-10.4,Otros Gastos Lecheria,silver_audit_v2,TECNICO ELECTRICO,TECNICO ELECTRICO,HIDROTATTERSALL S.A.,,[re-promoted with dedup key incl. description+provider] wave2_review,,,
SP-00255,EXP-13.3,Mantencion Vehiculos,silver_audit_v2,ENGANCHE MAXUS T60,,ONE GARAGE SPA,,[re-promoted with dedup key incl. description+provider] wave2_review,,,
SP-00256,EXP-14.4,Mantencion Instalaciones,silver_audit_v2,saldo presupueso inicial,,CONSTRUCTORA RAUL ERNESTO PALMA RISOPATRON E.I.R.L.,,[re-promoted with dedup key incl. description+provider] wave2_review,,,
SP-00257,EXP-15.3,Fletes,silver_audit_v2,INTERES MAYOR PLAZO,,COMPAÑÍA AGROPECUARIA COPEVAL S.A.,,[re-promoted with dedup key incl. description+provider] wave2_review,,,
SP-00258,EXP-10.4,Otros Gastos Lecheria,silver_audit_v2,DISPENSADOR IDEAL TRANSPARENTE,,SODIMAC S.A.,,[re-promoted with dedup key incl. description+provider] wave2_review,,,
SP-00259,EXP-15.3,Fletes,silver_audit_v2,TRANSITO,,SOCIEDAD CONCESIONARIA RUTA 5 CHILLAN-COLLIPULLI S.A.,,[re-promoted with dedup key incl. description+provider] wave2_review,,,
SP-00260,EXP-11.2,Electricidad Casas e Instalaciones,silver_audit_v2,LAVAPARABRISAS COPEC,LAVAPARABRISAS COPEC,SOC DE TRANSPORTES STEUER HOLMGREN Y COM,,[re-promoted with dedup key incl. description+provider] wave2_review,,,
SP-00261,EXP-10.4,Otros Gastos Lecheria,silver_audit_v2,REPUESTO PARA DIFUSOR MANZ/CAN,,SODIMAC S.A.,,[re-promoted with dedup key incl. description+provider] wave2_review,,,
SP-00262,EXP-14.4,Mantencion Instalaciones,silver_audit_v2,TERMINAL HI 32 MM HDPE,,TODO CONSTRUCCION SUR SPA,,[re-promoted with dedup key incl. description+provider] wave2_review,,,
SP-00263,EXP-10.4,Otros Gastos Lecheria,silver_audit_v2,CAMARA REGISTRO CONDUIT 160X20 1160020,,ELECTROCOM S.A.,,[re-promoted with dedup key incl. description+provider] wave2_review,,,
SP-00264,EXP-14.4,Mantencion Instalaciones,silver_audit_v2,TAPA CANALETA P25 BLANCO UNIV,,SODIMAC S.A.,,[re-promoted with dedup key incl. description+provider] wave2_review,,,
SP-00265,EXP-14.4,Mantencion Instalaciones,silver_audit_v2,TAPA TORNILLO PVC HIDR HE 34,,TODO CONSTRUCCION SUR SPA,,[re-promoted with dedup key incl. description+provider] wave2_review,,,
SP-00266,EXP-10.4,Otros Gastos Lecheria,silver_audit_v2,SERVICIO MANO DE OBRA,,ERWIN RAMIRO AGUILEF PINUER,,[re-promoted with dedup key incl. description+provider] wave2_review,,,
SP-00267,EXP-14.1,Mantencion Caminos,silver_audit_v2,0.900.0301.0 ELEMENTO FILT EXT,,COMPAÑÍA AGROPECUARIA COPEVAL S.A.,,[re-promoted with dedup key incl. description+provider] wave2_review,,,
SP-00268,EXP-15.1,Servicios Agronomicos,silver_audit_v2,Gastos Operacionales,Segun Cotiz. N°195 Informe N°112,EMVI INGENIERÍA Y SOLUCIONES INDUSTRIALES SPA,,[re-promoted with dedup key incl. description+provider] wave2_review,,,
SP-00269,EXP-15.3,Fletes,silver_audit_v2,ADAPTADOR FORD RANGER 2024,ADAPTADOR FORD RANGER 2024,CVD REMOLQUES SPA,,[re-promoted with dedup key incl. description+provider] wave2_review,,,
SP-00270,EXP-16.2,Otros Gastos Campo,silver_audit_v2,PACK FIELTROS TERRAZAS O SIT,,SODIMAC S.A.,,[re-promoted with dedup key incl. description+provider] wave2_review,,,
SP-00271,EXP-13.1,Mantencion Maquinaria,silver_audit_v2,SCO-MO REVISAR SISTEMA DE DIRECCION,A@SCO-MO REVISAR SISTEMA DE DIRECCION,DIFOR CHILE S.A.,,[re-promoted with dedup key incl. description+provider] wave2_review,,,
SP-00272,EXP-14.4,Mantencion Instalaciones,silver_audit_v2,ADAPTADOR SCHUKO CUN12CA,,SODIMAC S.A.,,[re-promoted with dedup key incl. description+provider] wave2_review,,,
SP-00273,EXP-13.1,Mantencion Maquinaria,silver_audit_v2,Y MACHINES CORTACESPED 196CC 21 C REC R ALTA CON UN 10 0 DESCUENTO,Y MACHINES CORTACESPED 196CC 21 C REC R ALTA,INVERSIONES DEL RANCO SPA,,[re-promoted with dedup key incl. description+provider] wave2_review,,,
SP-00274,EXP-10.3,Detergentes e higenizantes,silver_audit_v2,DETERGENTE POLVO KLEINE 10KG,,SODIMAC S.A.,,[re-promoted with dedup key incl. description+provider] wave2_review,,,
SP-00275,EXP-11.1,Electricidad Lecheria,silver_audit_v2,Valor Exento Afectado,,COOP RURAL ELECTRICA RIO BUENO LIMITADA,,[re-promoted with dedup key incl. description+provider] wave2_review,,,
SP-00276,EXP-10.4,Otros Gastos Lecheria,silver_audit_v2,ADHESIVO CER/POR PISO S/PI ADH,,SODIMAC S.A.,,[re-promoted with dedup key incl. description+provider] wave2_review,,,
SP-00277,EXP-10.1,Mantencion Sala,silver_audit_v2,REP 02 MOTORES HIDRAULICOS,,SERGIO GUILLERMO LOEBEL PUSCHEL,,[re-promoted with dedup key incl. description+provider] wave2_review,,,
SP-00278,EXP-16.2,Otros Gastos Campo,silver_audit_v2,Sustrato,,ZERO CORP SPA,,[re-promoted with dedup key incl. description+provider] wave2_review,,,
SP-00279,EXP-16.2,Otros Gastos Campo,silver_audit_v2,BASURERO TAPA VAIVEN GRIS 15L,,SODIMAC S.A.,,[re-promoted with dedup key incl. description+provider] wave2_review,,,
SP-00280,EXP-16.2,Otros Gastos Campo,silver_audit_v2,JABON DE MANO 4 LITROS KW CUN0,,SODIMAC S.A.,,[re-promoted with dedup key incl. description+provider] wave2_review,,,
SP-00281,EXP-14.4,Mantencion Instalaciones,silver_audit_v2,CR PACK PUERTA ECONOMICO CUN00,,SODIMAC S.A.,,[re-promoted with dedup key incl. description+provider] wave2_review,,,
SP-00282,EXP-10.4,Otros Gastos Lecheria,silver_audit_v2,ADHESIVO VINILIT 240CC.SECADO LENTO,,COMERCIAL CLIMENT SPA,,[re-promoted with dedup key incl. description+provider] wave2_review,,,
SP-00283,EXP-14.4,Mantencion Instalaciones,silver_audit_v2,ADHESIVO PVC LATA SECADO RAPIDO 240CC HOFFENS 50038 -@,ADHESIVO PVC LATA SECADO RAPIDO 240CC HOFFENS 50038 -@,DORIS IVONNE CASTILLO KANTER,,[re-promoted with dedup key incl. description+provider] wave2_review,,,
SP-00284,EXP-14.3,Mantencion Agua y Purines,silver_audit_v2,ADHESIVO PVC RIEGO 20MM - 140MM SECADO RAPIDO VINILIT-@,ADHESIVO PVC RIEGO 20MM - 140MM SECADO RAPIDO VINILIT-@,DORIS IVONNE CASTILLO KANTER,,[re-promoted with dedup key incl. description+provider] wave2_review,,,
SP-00285,EXP-16.2,Otros Gastos Campo,silver_audit_v2,BASURERO CON PEDAL 25 LTS,BASURERO CON PEDAL 25 LTS,COMERCIAL HARCHA SPA,,[re-promoted with dedup key incl. description+provider] wave2_review,,,
SP-00286,EXP-10.4,Otros Gastos Lecheria,silver_audit_v2,"CODO SOLDAR 1/2""","CODO SOLDAR 1/2""",COMERCIAL HARCHA SPA,,[re-promoted with dedup key incl. description+provider] wave2_review,,,
SP-00287,EXP-14.4,Mantencion Instalaciones,silver_audit_v2,"COPLA SOLDAR 2""","COPLA SOLDAR 2""",COMERCIAL HARCHA SPA,,[re-promoted with dedup key incl. description+provider] wave2_review,,,
SP-00288,EXP-14.2,Mantencion Cercos,silver_audit_v2,"LLAVE BOLA JARDIN TAUMM/STRETTO 1/2""","LLAVE BOLA JARDIN TAUMM/STRETTO 1/2""",COMERCIAL HARCHA SPA,,[re-promoted with dedup key incl. description+provider] wave2_review,,,
SP-00289,EXP-14.3,Mantencion Agua y Purines,silver_audit_v2,ANTICORROSIVO ALQUID NEGRO GALON PASSOL -@,ANTICORROSIVO ALQUID NEGRO GALON PASSOL -@,DORIS IVONNE CASTILLO KANTER,,[re-promoted with dedup key incl. description+provider] wave2_review,,,
SP-00290,EXP-14.4,Mantencion Instalaciones,silver_audit_v2,"ABRAZADERA SEBCOR 1/2""","ABRAZADERA SEBCOR 1/2""",COMERCIAL HARCHA SPA,,[re-promoted with dedup key incl. description+provider] wave2_review,,,
SP-00291,EXP-10.4,Otros Gastos Lecheria,silver_audit_v2,"CLAVO TERRANO 1 1/2"" X 11","CLAVO TERRANO 1 1/2"" X 11",COMERCIAL HARCHA SPA,,[re-promoted with dedup key incl. description+provider] wave2_review,,,
SP-00292,EXP-14.4,Mantencion Instalaciones,silver_audit_v2,"ANCLAJE FIERRO HORMIGON 4""","ANCLAJE FIERRO HORMIGON 4""",COMERCIAL HARCHA SPA,,[re-promoted with dedup key incl. description+provider] wave2_review,,,
SP-00293,EXP-14.4,Mantencion Instalaciones,silver_audit_v2,"RODILLO HELA CHIPORRO P/LARGO 7""","RODILLO HELA CHIPORRO P/LARGO 7""",COMERCIAL HARCHA SPA,,[re-promoted with dedup key incl. description+provider] wave2_review,,,
SP-00294,EXP-14.3,Mantencion Agua y Purines,silver_audit_v2,GANCHO FIJAC CANALETA PVC BLCO,,SODIMAC S.A.,,[re-promoted with dedup key incl. description+provider] wave2_review,,,
SP-00295,EXP-14.3,Mantencion Agua y Purines,silver_audit_v2,TAPA GORRO PVC HIDR HI 25X34,,TODO CONSTRUCCION SUR SPA,,[re-promoted with dedup key incl. description+provider] wave2_review,,,
SP-00296,EXP-14.4,Mantencion Instalaciones,silver_audit_v2,"TEE PLASTICO 3/4""",,COMERCIAL CLIMENT SPA,,[re-promoted with dedup key incl. description+provider] wave2_review,,,
SP-00297,EXP-14.1,Mantencion Caminos,silver_audit_v2,Trabajo en fundo,Las Quemas Futrono. Traslado de material para hormigón,GUARDA SPA,,[re-promoted with dedup key incl. description+provider] wave2_review,,,
SP-00298,EXP-14.2,Mantencion Cercos,silver_audit_v2,CEPILLO LIMPIA PARRILLA 3 EN,,SODIMAC S.A.,,[re-promoted with dedup key incl. description+provider] wave2_review,,,
SP-00299,EXP-13.1,Mantencion Maquinaria,silver_audit_v2,KIT CUCHILLO HUSQVARNA 21,KIT CUCHILLO HUSQVARNA 21,AGROFORESTAL Y JARDINES DEL SUR SPA,,[re-promoted with dedup key incl. description+provider] wave2_review,,,
SP-00300,EXP-16.2,Otros Gastos Campo,silver_audit_v2,MANGO AZADON,,SOCIEDAD AGUAS BUENAS SPA,,[re-promoted with dedup key incl. description+provider] wave2_review,,,
SP-00301,EXP-14.4,Mantencion Instalaciones,silver_audit_v2,Ñ-Y SANITARIA GRIS 40 X 40 -@,Ñ-Y SANITARIA GRIS 40 X 40 -@,DORIS IVONNE CASTILLO KANTER,,[re-promoted with dedup key incl. description+provider] wave2_review,,,
SP-00302,EXP-14.4,Mantencion Instalaciones,silver_audit_v2,RECARGA EXTINTOR PQS,,EXTINT0RES ALFA VALDIVIA SPA,,[re-promoted with dedup key incl. description+provider] wave2_review,,,
SP-00303,EXP-13.1,Mantencion Maquinaria,silver_audit_v2,HORA TECNICA LH,,GEA Farm Technologies Osorno Ltda.,,[re-promoted with dedup key incl. description+provider] 2step_review,,,
SP-00304,EXP-13.1,Mantencion Maquinaria,silver_audit_v2,REPARACION BOMBAS ELEVACION,,SOCIEDAD TOROYO LTDA,,[re-promoted with dedup key incl. description+provider] wave2_review,,,
SP-00305,EXP-15.3,Fletes,silver_audit_v2,HORA MINI RETRO,,SOC COMERCIAL NAHUM CORREA LTDA,,[re-promoted with dedup key incl. description+provider] wave2_review,,,
SP-00306,EXP-9.2,Otros Gastos Riego,silver_audit_v2,K-L MINI REGULADOR DE PRESION 35 P.,,COOPERATIVA AGRICOLA Y DE SERVICIOS LTDA,,[re-promoted with dedup key incl. description+provider] wave2_review,,,
SP-00307,EXP-10.4,Otros Gastos Lecheria,silver_audit_v2,TAPA DE VALV.DESCARGA/CIERRE/PURGA,,GEA Farm Technologies Osorno Ltda.,,[re-promoted with dedup key incl. description+provider] wave2_review,,,
SP-00308,EXP-10.1,Mantencion Sala,silver_audit_v2,BOTON PULSADOR C/CAPUCHON 22MM ROJO,,GEA Farm Technologies Osorno Ltda.,,[re-promoted with dedup key incl. description+provider] wave2_review,,,
SP-00309,EXP-9.2,Otros Gastos Riego,silver_audit_v2,Arreglo rueda del pibote,,SANDRA PAULINA VALLADARES RIOS,,[re-promoted with dedup key incl. description+provider] wave2_review,,,
SP-00310,EXP-10.3,Detergentes e higenizantes,silver_audit_v2,ESMALTE SINT BASE AGUA CAFE MORO - TRICOLOR GL,ESMALTE SINT BASE AGUA CAFE MORO - TRICOLOR GL,COMERCIAL HARCHA SPA,,[re-promoted with dedup key incl. description+provider] wave2_review,,,
SP-00311,EXP-15.3,Fletes,silver_audit_v2,MOVIMIENTO DE TIERRA,,SOC COMERCIAL NAHUM CORREA LTDA,,[re-promoted with dedup key incl. description+provider] wave2_review,,,
SP-00312,EXP-14.4,Mantencion Instalaciones,silver_audit_v2,SODA CAUSTICA POTE KILO,SODA CAUSTICA POTE KILO,COMERCIAL HARCHA SPA,,[re-promoted with dedup key incl. description+provider] wave2_review,,,
SP-00313,EXP-10.1,Mantencion Sala,silver_audit_v2,PISTON CILINDRO PUERTA,,GEA Farm Technologies Osorno Ltda.,,[re-promoted with dedup key incl. description+provider] wave2_review,,,
SP-00314,EXP-14.4,Mantencion Instalaciones,silver_audit_v2,"Filtro Malla Purificacion Tipo Y 2"" Azud",,PUELCHE LOS RIOS SOCIEDAD POR ACCIONES,,[re-promoted with dedup key incl. description+provider] wave2_review,,,
SP-00315,EXP-15.3,Fletes,silver_audit_v2,INTERESES_POR_MORA,,SOCIEDAD CONCESIONARIA RUTA 5 CHILLAN-COLLIPULLI S.A.,,[re-promoted with dedup key incl. description+provider] wave2_review,,,
SP-00316,EXP-10.4,Otros Gastos Lecheria,silver_audit_v2,CALEFONT N°2 REPARACION,POR FUGA,JORGEN HORACIO VEGA AGUILA,,[re-promoted with dedup key incl. description+provider] wave2_review,,,
SP-00317,EXP-14.4,Mantencion Instalaciones,silver_audit_v2,REPARACIÓN TERMO.,,JORGEN HORACIO VEGA AGUILA,,[re-promoted with dedup key incl. description+provider] wave2_review,,,
SP-00318,EXP-14.3,Mantencion Agua y Purines,silver_audit_v2,VALVULA RETENCION VERTICAL 3 PESADA -@,VALVULA RETENCION VERTICAL 3 PESADA -@,DORIS IVONNE CASTILLO KANTER,,[re-promoted with dedup key incl. description+provider] wave2_review,,,
SP-00319,EXP-13.1,Mantencion Maquinaria,silver_audit_v2,REPARACION,SEGUN DETALLE ADJUNTO,JOHN MARCELO CARRILLO SOLDAN,,[re-promoted with dedup key incl. description+provider] wave2_review,,,
SP-00320,EXP-13.1,Mantencion Maquinaria,silver_audit_v2,reparacion pala,Restauracion pala en un 80% cambiando laterales y base en plancha A36 de 6mm y resforzando con pletina de 10mm y 12mm antidesgaste en laterales y base mas pintado color negro triple accion.,CAMILO EDUARDO CABEZA FERNANDEZ,,[re-promoted with dedup key incl. description+provider] 2step_review,,,
SP-00321,EXP-10.4,Otros Gastos Lecheria,silver_audit_v2,REPUESTO CALEFONT,,JORGEN HORACIO VEGA AGUILA,,[re-promoted with dedup key incl. description+provider] wave2_review,,,
SP-00322,EXP-10.4,Otros Gastos Lecheria,silver_audit_v2,KIT SER 1500H VAL AUT PURGA 50 MM,,GEA Farm Technologies Osorno Ltda.,,[re-promoted with dedup key incl. description+provider] 2step_review,,,
SP-00323,EXP-10.1,Mantencion Sala,silver_audit_v2,BASE DESPICHE 50 MM.,,GEA Farm Technologies Osorno Ltda.,,[re-promoted with dedup key incl. description+provider] wave2_review,,,
SP-00324,EXP-10.1,Mantencion Sala,silver_audit_v2,SOPORTE PARA FILTRO 40 MM.,,GEA Farm Technologies Osorno Ltda.,,[re-promoted with dedup key incl. description+provider] wave2_review,,,
SP-00325,EXP-10.1,Mantencion Sala,silver_audit_v2,HORA TECNICA JM,,GEA Farm Technologies Osorno Ltda.,,[re-promoted with dedup key incl. description+provider] wave2_review,,,
SP-00326,EXP-10.1,Mantencion Sala,silver_audit_v2,MANGA DE LECHE 16 MM./MT,,GEA Farm Technologies Osorno Ltda.,,[re-promoted with dedup key incl. description+provider] wave2_review,,,
SP-00327,EXP-10.1,Mantencion Sala,silver_audit_v2,MANGA DE LECHE 5/8- MT.,,GEA Farm Technologies Osorno Ltda.,,[re-promoted with dedup key incl. description+provider] wave2_review,,,
SP-00328,EXP-14.2,Mantencion Cercos,silver_audit_v2,LIMPIA PIES GRIEGO IGENAR 45X75,LIMPIA PIES GRIEGO IGENAR 45X75,COMERCIAL HARCHA SPA,,[re-promoted with dedup key incl. description+provider] wave2_review,,,
SP-00329,EXP-14.2,Mantencion Cercos,silver_audit_v2,Carro con estanque para,terneros,SANDRA PAULINA VALLADARES RIOS,,[re-promoted with dedup key incl. description+provider] wave2_review,,,
SP-00330,EXP-14.3,Mantencion Agua y Purines,silver_audit_v2,CAMBIAR PRESOSTATO,,WALDEMAR ORLANDO VARGAS CARDENAS,,[re-promoted with dedup key incl. description+provider] wave2_review,,,
SP-00331,EXP-14.3,Mantencion Agua y Purines,silver_audit_v2,TUB CUAD NEG 50 X 3.0 MM,TUB CUAD NEG 50 X 3.0 MM,Acenor Aceros Del Norte S.A.,,[re-promoted with dedup key incl. description+provider] wave2_review,,,
SP-00332,EXP-10.4,Otros Gastos Lecheria,silver_audit_v2,CEMENTO PVC WET DRY PARA TUBOS Y FLEXIBLE LANCO 118ML -@,CEMENTO PVC WET DRY PARA TUBOS Y FLEXIBLE LANCO 118ML -@,DORIS IVONNE CASTILLO KANTER,,[re-promoted with dedup key incl. description+provider] wave2_review,,,
SP-00333,EXP-14.3,Mantencion Agua y Purines,silver_audit_v2,SERVICIO TÉCNICO,"LIMPIEZA DE POZO 6"" ACERO FUNDO YUTRECO, SECTOR MULPULMO - OSORNO (POZO N°2759) Forma de Pago: CRÉDITO 30 DÍAS",SONDAJES PERFOMAQ SA,,[re-promoted with dedup key incl. description+provider] 2step_review,,,
SP-00334,EXP-15.3,Fletes,silver_audit_v2,Traslado de tuberia hdpe y accesorios desde rio bueno a futrono,,CRISTIAN MIGUEL MATAMALA NAVARRO,,[re-promoted with dedup key incl. description+provider] wave2_review,,,
SP-00335,EXP-14.3,Mantencion Agua y Purines,silver_audit_v2,TUB CUAD NEG 75 X 3.0 MM,TUB CUAD NEG 75 X 3.0 MM,Acenor Aceros Del Norte S.A.,,[re-promoted with dedup key incl. description+provider] wave2_review,,,
SP-00336,EXP-14.3,Mantencion Agua y Purines,silver_audit_v2,MATERIALES VARIOS,,WALDEMAR ORLANDO VARGAS CARDENAS,,[re-promoted with dedup key incl. description+provider] wave2_review,,,
SP-00337,EXP-13.1,Mantencion Maquinaria,silver_audit_v2,TI18 -PALA REDONDA ASA PLAST C MANGO TRUPER 17160 -@,TI18 -PALA REDONDA ASA PLAST C MANGO TRUPER 17160 -@,DORIS IVONNE CASTILLO KANTER,,[re-promoted with dedup key incl. description+provider] wave2_review,,,
SP-00338,EXP-10.4,Otros Gastos Lecheria,silver_audit_v2,CONF 01 MANG HIDRA 1&quot; R2,,SERGIO GUILLERMO LOEBEL PUSCHEL,,[re-promoted with dedup key incl. description+provider] wave2_review,,,
SP-00339,EXP-10.1,Mantencion Sala,silver_audit_v2,CONFEC 01 MANG HIDRA 1&#47;4 R2,,SERGIO GUILLERMO LOEBEL PUSCHEL,,[re-promoted with dedup key incl. description+provider] wave2_review,,,
SP-00340,EXP-14.3,Mantencion Agua y Purines,silver_audit_v2,CONFEC 01 MANG HIDRA 1&#47;2 R2,,SERGIO GUILLERMO LOEBEL PUSCHEL,,[re-promoted with dedup key incl. description+provider] wave2_review,,,
SP-00341,EXP-14.4,Mantencion Instalaciones,silver_audit_v2,-COPLA REDUCCION HI-HI 1 X 3/4 -@,-COPLA REDUCCION HI-HI 1 X 3/4 -@,DORIS IVONNE CASTILLO KANTER,,[re-promoted with dedup key incl. description+provider] wave2_review,,,
SP-00342,EXP-9.2,Otros Gastos Riego,silver_audit_v2,LAVADO POZO,,WALDEMAR ORLANDO VARGAS CARDENAS,,[re-promoted with dedup key incl. description+provider] wave2_review,,,
SP-00343,EXP-14.4,Mantencion Instalaciones,silver_audit_v2,"TUERCA STORZ HI 3""",,COMERCIAL CLIMENT SPA,,[re-promoted with dedup key incl. description+provider] wave2_review,,,
SP-00344,EXP-14.4,Mantencion Instalaciones,silver_audit_v2,"CODO PLANSA 1/2"" - HOFFENS","CODO PLANSA 1/2"" - HOFFENS",COMERCIAL HARCHA SPA,,[re-promoted with dedup key incl. description+provider] wave2_review,,,
SP-00345,EXP-14.4,Mantencion Instalaciones,silver_audit_v2,"Piezas de Pino B. 1 1/2x6x3,20 Mtrs",,MADERAS LACOSTE SPA,,[re-promoted with dedup key incl. description+provider] wave2_review,,,
SP-00346,EXP-16.2,Otros Gastos Campo,silver_audit_v2,BASURERO CON PEDAL 30LTS - CHILEMAT,BASURERO CON PEDAL 30LTS - CHILEMAT,COMERCIAL HARCHA SPA,,[re-promoted with dedup key incl. description+provider] Trash can is waste/rubbish management item; EXP-16.2 covers 'reciclaje y residuos'.,,,
SP-00347,EXP-10.1,Mantencion Sala,silver_audit_v2,"CUOTA 1-4, SERVICIO INSTALACION Y PUESTA EN MARCHA",,HGS DAIRY SOLUTIONS SPA,,[re-promoted with dedup key incl. description+provider] HGS Dairy Solutions installing IXPRESS ICR dairy parlor system; shed installation/maintenance.,,,
SP-00348,EXP-13.3,Mantencion Vehiculos,silver_audit_v2,foco led patente,,MIGUEL ANGEL ARRIAGADA INAYADO,,[re-promoted with dedup key incl. description+provider] 2step_review,,,
SP-00349,EXP-15.2,Servicios Veterinarios,silver_audit_v2,TÉCNICAS DE MANEJO DE CRIANZA DE TERNERAS DE LECHERÍA,,Fundación de Instrucción Agrícola Adolfo Matthei,,[re-promoted with dedup key incl. description+provider] 2step_review,,,
SP-00350,EXP-15.3,Fletes,silver_audit_v2,VIATICO MOVILIZACION,,MOLINA MANNS SPA,,[re-promoted with dedup key incl. description+provider] 2step_review,,,
SP-00351,EXP-15.2,Servicios Veterinarios,silver_audit_v2,PODOLOGÍA CLINICA BOVINA,Servicio realizado 25 abril 2025 por Roberto Molina,MOLINA MANNS SPA,,[re-promoted with dedup key incl. description+provider] 2step_review,,,
SP-00352,EXP-15.3,Fletes,silver_audit_v2,VIATICO MOVILIZACION,100km por visita,MOLINA MANNS SPA,,[re-promoted with dedup key incl. description+provider] 2step_review,,,
SP-00353,EXP-15.2,Servicios Veterinarios,silver_audit_v2,PODOLOGIA CORRECTIVA,8 MAYO: 16 VACAS 9 MAYO: 17 VACAS 15 MAYO: 23 VACAS 21 MAYO: 30 VACAS *SERVICIOS REALIZADOS POR ROBERTO MOLINA,MOLINA MANNS SPA,,[re-promoted with dedup key incl. description+provider] 2step_review,,,
SP-00354,EXP-15.3,Fletes,silver_audit_v2,VIATICO MOVILIZACION,100 KILOMETROS POR VISITA,MOLINA MANNS SPA,,[re-promoted with dedup key incl. description+provider] 2step_review,,,
SP-00355,EXP-2.6,Otros Gastos Salud Animal,silver_audit_v2,AUTO POLF GRANDE P-B,,SERVIGEN LTDA,,[re-promoted with dedup key incl. description+provider] 2step_review,,,
SP-00356,EXP-2.6,Otros Gastos Salud Animal,silver_audit_v2,Segregador de ganado,Blitz-Kerner,CUIDATUVACA SPA,,[re-promoted with dedup key incl. description+provider] 2step_review,,,
SP-00357,EXP-15.3,Fletes,silver_audit_v2,TRASLADO DE PERSONAL,DE FUTRONO A FUNDO MAITEN,CONSTRUCTORA DSL SPA,,[re-promoted with dedup key incl. description+provider] Personnel transport from town to farm; EXP-15.3 covers traslados not assigned to other categories.,,,
SP-00358,EXP-15.3,Fletes,silver_audit_v2,traslado de oficina easy la union destino la union...materiales varios,,CRISTIAN MIGUEL MATAMALA NAVARRO,,[re-promoted with dedup key incl. description+provider] Freight transport of office materials from hardware store; giro=transporte de carga.,,,
SP-00359,EXP-15.5,Servicios Agricolas,silver_audit_v2,Traslado de madera,,JUAN ANGEL ANIBAL VERGARA OBANDO,,[re-promoted with dedup key incl. description+provider] 2step_review,,,
SP-00360,EXP-15.5,Servicios Agricolas,silver_audit_v2,Flete Feria 07/10/2025,,JUAN ANGEL ANIBAL VERGARA OBANDO,,[re-promoted with dedup key incl. description+provider] 2step_review,,,
SP-00361,EXP-15.3,Fletes,silver_audit_v2,TRASLADO DE BOLOS,DESDE BRAMADERO A YUTRECO 39 BOLOS,SERGIO FABIAN RODRIGUEZ DELGADO,,[re-promoted with dedup key incl. description+provider] 2step_review,,,
SP-00362,EXP-15.3,Fletes,silver_audit_v2,Traslado de bolos,De silo desde raices a yutreco segun guia n 1473,MARCELO ALEJANDRO GUZMAN CATALAN,,[re-promoted with dedup key incl. description+provider] 2step_review,,,
SP-00363,EXP-15.3,Fletes,silver_audit_v2,TRASLADO DE BOLOS,DESDE FDO BRAMADERO HASTA YUTRECO GUIAS 1479/1481,SERGIO FABIAN RODRIGUEZ DELGADO,,[re-promoted with dedup key incl. description+provider] 2step_review,,,
SP-00364,EXP-15.3,Fletes,silver_audit_v2,TRASLADO DE BOLOS,DESDE BROMADERO HASTA YUTRECO GUIA 1487,SERGIO FABIAN RODRIGUEZ DELGADO,,[re-promoted with dedup key incl. description+provider] 2step_review,,,
SP-00365,EXP-15.3,Fletes,silver_audit_v2,TRASLADO DE BOLOS,DESDE BRAMADERO HASTA YUTRECO GUIA 1491 1492 1493,SERGIO FABIAN RODRIGUEZ DELGADO,,[re-promoted with dedup key incl. description+provider] 2step_review,,,
SP-00366,EXP-15.5,Servicios Agricolas,silver_audit_v2,Arriendo abril 25,,ADDVISE SPA,,[re-promoted with dedup key incl. description+provider] 2step_review,,,
SP-00367,EXP-15.5,Servicios Agricolas,silver_audit_v2,Arriendo julio 25,,ADDVISE SPA,,[re-promoted with dedup key incl. description+provider] 2step_review,,,
SP-00368,EXP-15.5,Servicios Agricolas,silver_audit_v2,Arriendo marzo 25,,ADDVISE SPA,,[re-promoted with dedup key incl. description+provider] 2step_review,,,
SP-00369,EXP-15.5,Servicios Agricolas,silver_audit_v2,Arriendo junio 25,,ADDVISE SPA,,[re-promoted with dedup key incl. description+provider] 2step_review,,,
SP-00370,EXP-15.5,Servicios Agricolas,silver_audit_v2,Arriendo Diciembre 25,,ADDVISE SPA,,[re-promoted with dedup key incl. description+provider] 2step_review,,,
SP-00371,EXP-15.5,Servicios Agricolas,silver_audit_v2,Arriendo Enero 26,,ADDVISE SPA,,[re-promoted with dedup key incl. description+provider] 2step_review,,,
SP-00372,EXP-15.5,Servicios Agricolas,silver_audit_v2,Arriendo febrero 25,,ADDVISE SPA,,[re-promoted with dedup key incl. description+provider] 2step_review,,,
SP-00373,EXP-15.3,Fletes,silver_audit_v2,Arriendo febrero 26,,ADDVISE SPA,,[re-promoted with dedup key incl. description+provider] 2step_review,,,
SP-00374,EXP-15.5,Servicios Agricolas,silver_audit_v2,SERVICIOS VARIOS,SERVICIOS VARIOS,Servicios Bergström Limitada,,[re-promoted with dedup key incl. description+provider] 2step_review,,,
SP-00375,EXP-15.5,Servicios Agricolas,silver_audit_v2,NOTA DEBITO X INTERESES,,COMPAÑÍA AGROPECUARIA COPEVAL S.A.,,[re-promoted with dedup key incl. description+provider] 2step_review,,,
SP-00376,EXP-15.3,Fletes,silver_audit_v2,Arriendo Noviembre 25,,ADDVISE SPA,,[re-promoted with dedup key incl. description+provider] wave2_review,,,
SP-00377,EXP-8.1,Pradera Perenne,silver_audit_v2,MAITEN SIEMBRA EMPAST.,,PRESTACIONES DE SERVICIOS AGRICOLAS EL SIERVO LIMITADA,,[re-promoted with dedup key incl. description+provider] MAITEN SIEMBRA EMPAST = pasture establishment sowing; EXP-15.5 explicitly excludes siembras,,,
SP-00378,EXP-8.1,Pradera Perenne,silver_audit_v2,Servicio Siembra,,BENEDICTO NOLBERTO GUTIERREZ RIVERA,,[re-promoted with dedup key incl. description+provider] Siembra service; EXP-15.5 explicitly excludes siembras; perennial default for unspecified sowing,,,
SP-00379,EXP-8.4,Otros Cultivos,silver_audit_v2,SIEMBRA,,PRESTACIONES DE SERVICIOS AGRICOLAS EL SIERVO LIMITADA,,[re-promoted with dedup key incl. description+provider] Sowing service (siembra); EXP-15.5 explicitly excludes siembras; siblings show silo crop prep.,,,
SP-00380,EXP-15.3,Fletes,silver_audit_v2,Nombre ítem 1,,SOCIEDAD PANEBRA E HIJOS SPA,,[re-promoted with dedup key incl. description+provider] wave2_review,,,
SP-00381,EXP-15.3,Fletes,silver_audit_v2,CLAVO DE 4 OFERTA,,FERIA REMEHUE LTDA.,,[re-promoted with dedup key incl. description+provider] wave2_review,,,
SP-00382,EXP-14.4,Mantencion Instalaciones,silver_audit_v2,ANTICORROSIVO ESTRUCT.1GL NEGRO,,FERIA REMEHUE LTDA.,,[re-promoted with dedup key incl. description+provider] wave2_review,,,
SP-00383,EXP-15.4,Arriendo Maquinaria y Vehiculos,silver_audit_v2,Arriendo enero 25,,ADDVISE SPA,,[re-promoted with dedup key incl. description+provider] wave2_review,,,
SP-00384,EXP-14.4,Mantencion Instalaciones,silver_audit_v2,LEVANTADOR DE VACAS STANDARD 201613,,COOPERATIVA AGRICOLA Y DE SERVICIOS LTDA,,[re-promoted with dedup key incl. description+provider] wave2_review,,,
SP-00385,EXP-13.3,Mantencion Vehiculos,silver_audit_v2,"LAVAPARABRISAS, 5LT","LAVAPARABRISAS, 5LT",DANIEL VILLAR Y CIA LTDA,,"[re-promoted with dedup key incl. description+provider] Windshield washer fluid from gas station, sibling is gasoline — vehicle maintenance supply.",,,
SP-00386,EXP-14.4,Mantencion Instalaciones,silver_audit_v2,LIJA MADERA GRANO 180,LIJA MADERA GRANO 180,DORIS IVONNE CASTILLO KANTER,,[re-promoted with dedup key incl. description+provider] Sandpaper + wood glue = woodwork/carpentry repair of farm building; EXP-14.4 includes materiales mantenciones.,,,
SP-00387,EXP-2.5,Otros Medicamentos,silver_audit_v2,ORBENIN E.D.C CAJA 36 JER SECADO,,COOPERATIVA AGRICOLA Y DE SERVICIOS LTDA,,[re-promoted with dedup key incl. description+provider] 2step_review,,,
SP-00388,EXP-15.5,Servicios Agricolas,silver_audit_v2,Arriendo Septiembre 25,,ADDVISE SPA,,[re-promoted with dedup key incl. description+provider] 2step_review,,,
SP-00389,EXP-4.1,Parva Silo,silver_audit_v2,SILO PARVA,FUNDO YUTRECO,AGRO SERVICIOS NAVARRETE SPA,,[re-promoted with dedup key incl. description+provider] 2step_review,,,
SP-00390,EXP-4.1,Parva Silo,silver_audit_v2,SILO PARVA,EL MAITEN,AGRO SERVICIOS NAVARRETE SPA,,[re-promoted with dedup key incl. description+provider] 2step_review,,,
SP-00391,EXP-4.2,Bolos Silo,silver_audit_v2,CONFECCION CHAPILCAHUIN,202 bolos en 30 ha 7 bolos x ha : 30x 12.000; 360.000 mas 202x18.500: 3.737.000 total: 4.097.000 valor Ha: 136.567,SERVICIOS AGRICOLAS CORPAL SPA,,[re-promoted with dedup key incl. description+provider] 2step_review,,,
SP-00392,EXP-4.2,Bolos Silo,silver_audit_v2,CONFECCION BOLOS,,AGRÍCOLA J-S-E LIMITADA,,[re-promoted with dedup key incl. description+provider] wave2_review,,,
SP-00393,EXP-4.2,Bolos Silo,silver_audit_v2,FILM BOLOS -Barbier Blanco__1500 M__,Barbier Blanco__1500 M__,FEROSOR AGRICOLA S.A.,,[re-promoted with dedup key incl. description+provider] wave2_review,,,
SP-00394,EXP-4.2,Bolos Silo,silver_audit_v2,SERVICIO CONFECCION BOLOS,,AGRÍCOLA RIBERAS DEL SAUCE SPA,,[re-promoted with dedup key incl. description+provider] wave2_review,,,
SP-00395,EXP-4.2,Bolos Silo,silver_audit_v2,FUNDO RAICES,CONFECCION BOLOS. TOTAL BOLOS 50 EN 15 HA 3.3 BOLOS POR HA. VALOR HA 120.000 VALOR BOLO 12.000 SIN INSUMOS,SERVICIOS AGRICOLAS CORPAL SPA,,[re-promoted with dedup key incl. description+provider] 2step_review,,,
SP-00396,EXP-4.2,Bolos Silo,silver_audit_v2,FUNDO PELLECO,CONFECCION BOLOS. TOTAL 350 BOLOS EN 50 HA. 7 BOLOS POR HA. VALOR HA 152.000 VALOR BOLO 12.000 SIN INSUMOS,SERVICIOS AGRICOLAS CORPAL SPA,,[re-promoted with dedup key incl. description+provider] 2step_review,,,
SP-00397,EXP-4.2,Bolos Silo,silver_audit_v2,YUTRECO COMFECCION BOLOS,"12 NOVIEMBRE SALA YUTRECO POTREROS 21-30-4-43 TOTAL BOLOS 49 EN 12HA. 4 bolos por ha, valor ha : 122.000xha",SERVICIOS AGRICOLAS CORPAL SPA,,[re-promoted with dedup key incl. description+provider] wave2_review,,,
SP-00398,EXP-4.2,Bolos Silo,silver_audit_v2,ARRIENDO CHAPILCAHUIN,CONFECCION BOLOS ARRIENDO TOTAL 278 COBRO POR BOLO 18.500,SERVICIOS AGRICOLAS CORPAL SPA,,[re-promoted with dedup key incl. description+provider] wave2_review,,,
SP-00399,EXP-4.2,Bolos Silo,silver_audit_v2,FUNDO RAICES,CONFECCION BOLOS RAICES 283 COBRO POR BOLOS 18.500,SERVICIOS AGRICOLAS CORPAL SPA,,[re-promoted with dedup key incl. description+provider] wave2_review,,,
SP-00400,EXP-4.2,Bolos Silo,silver_audit_v2,YUTRECO SALA,21 NOVIEMBRE BOLOS SALA POTREROS 1-19-23 total 18ha bolos 101 serian 6 bolos xha valor ha; 135000,SERVICIOS AGRICOLAS CORPAL SPA,,[re-promoted with dedup key incl. description+provider] wave2_review,,,
SP-00401,EXP-4.2,Bolos Silo,silver_audit_v2,BOLOS PELLECO,Bolos 68 en 9 ha : sería 7 bolos por ha y el valor Ha seria: 141.500,SERVICIOS AGRICOLAS CORPAL SPA,,[re-promoted with dedup key incl. description+provider] wave2_review,,,
SP-00402,EXP-4.2,Bolos Silo,silver_audit_v2,Mínimo de bolos,,HECTOR ADRIAN VALENZUELA PAREDES,,[re-promoted with dedup key incl. description+provider] wave2_review,,,
SP-00403,EXP-5.1,Concentrado Vacas,silver_audit_v2,CARRO ALIMENT 50 UNID OT50S STALLION,,COOPERATIVA AGRICOLA Y DE SERVICIOS LTDA,,[re-promoted with dedup key incl. description+provider] 2step_review,,,
SP-00404,EXP-5.3,Concentrado Otros Animales,silver_audit_v2,Fardos Paja de Trigo,"Según Guía Despacho 576, 577, 578 Fundo El Maitén",SERVICIOS AGRICOLAS OSORNO SPA,,[re-promoted with dedup key incl. description+provider] 2step_review,,,
SP-00405,EXP-4.2,Bolos Silo,silver_audit_v2,Bolos,,HECTOR ADRIAN VALENZUELA PAREDES,,[re-promoted with dedup key incl. description+provider] wave2_review,,,
SP-00406,EXP-15.3,Fletes,silver_audit_v2,TRASLADO DE BOLOS,DEMAIHUE AL MAITEN,SERVICIOS VITAP SPA,,[re-promoted with dedup key incl. description+provider] wave2_review,,,
SP-00407,EXP-6.1,Fosforo,silver_audit_v2,TREFOS PLUS MAXI PF YARA (SF3)-FERTILIZANTES(B)-ME,,COMPAÑÍA AGROPECUARIA COPEVAL S.A.,,[re-promoted with dedup key incl. description+provider] 2step_review,,,
SP-00408,EXP-6.1,Fosforo,silver_audit_v2,SUPERFOSFATO TRIPLE FUNDO,SUPERFOSFATO TRIPLE FUNDO,COOPERATIVA AGRICOLA Y LECHERA DE LA UNION LTDA.,,[re-promoted with dedup key incl. description+provider] 2step_review,,,
SP-00409,EXP-6.1,Fosforo,silver_audit_v2,FOSFATO MONOAMONICO FUNDO,FOSFATO MONOAMONICO FUNDO,COOPERATIVA AGRICOLA Y LECHERA DE LA UNION LTDA.,,[re-promoted with dedup key incl. description+provider] 2step_review,,,
SP-00410,EXP-6.1,Fosforo,silver_audit_v2,SUPERFOSFATO TRIPLE X 25 KG,SUPERFOSFATO TRIPLE,COOPERATIVA AGRICOLA Y LECHERA DE LA UNION LTDA.,,[re-promoted with dedup key incl. description+provider] 2step_review,,,
SP-00411,EXP-6.5,Otros Fertilizantes,silver_audit_v2,PELLECO FERTILIZANTE,UREA S-MART BLUE 100 Y 150 K/HA,SERVICIOS AGRICOLAS CORPAL SPA,,[re-promoted with dedup key incl. description+provider] wave2_review,,,
SP-00412,EXP-6.4,Guano,silver_audit_v2,GUANO DE GALLINA FUNDO,GUANO DE GALLINA FUNDO,COOPERATIVA AGRICOLA Y LECHERA DE LA UNION LTDA.,,[re-promoted with dedup key incl. description+provider] 2step_review,,,
SP-00413,EXP-12.2,Analisis Animales,silver_audit_v2,CALCIO (CA) SUERO,,COOPERATIVA AGRICOLA Y DE SERVICIOS LTDA,,[re-promoted with dedup key incl. description+provider] 2step_review,,,
SP-00414,EXP-6.5,Otros Fertilizantes,silver_audit_v2,MURIATO DE POTASIO 60% FUNDO,MURIATO DE POTASIO 60% FUNDO,COOPERATIVA AGRICOLA Y LECHERA DE LA UNION LTDA.,,[re-promoted with dedup key incl. description+provider] 2step_review,,,
SP-00415,EXP-6.2,Nitrogeno,silver_audit_v2,APLICACION FERTILIZANTE,FERTILIZANTE NITROGENO 192 HA,SERVICIOS AGRICOLAS CORPAL SPA,,[re-promoted with dedup key incl. description+provider] 2step_review,,,
SP-00416,EXP-6.5,Otros Fertilizantes,silver_audit_v2,VITRAMAG FUNDO,VITRAMAG FUNDO,COOPERATIVA AGRICOLA Y LECHERA DE LA UNION LTDA.,,[re-promoted with dedup key incl. description+provider] 2step_review,,,
SP-00417,EXP-7.0,AGROQUIMICOS,silver_audit_v2,CHAPILCAHUIN FERTILIZANTE,APLICACION UREA SMART BLUE 100 HA,SERVICIOS AGRICOLAS CORPAL SPA,,[re-promoted with dedup key incl. description+provider] 2step_review,,,
SP-00418,EXP-16.2,Otros Gastos Campo,silver_audit_v2,Apoyo Huerto Septiembre,,HSV SPA,,[re-promoted with dedup key incl. description+provider] wave2_review,,,
SP-00419,EXP-16.2,Otros Gastos Campo,silver_audit_v2,FRUTOS SECOS NUTS Y FRUTA VIVO BOLSA 80 GR,,COMERCIAL AMAR HERMANOS Y COMPANIA LIMITADA,,[re-promoted with dedup key incl. description+provider] wave2_review,,,
SP-00420,EXP-7.0,AGROQUIMICOS,silver_audit_v2,MOSKIMIC FORTE - 3 LT,,COOPERATIVA AGRICOLA LECHERA STGO.,,[re-promoted with dedup key incl. description+provider] wave2_review,,,
SP-00421,EXP-11.1,Electricidad Lecheria,silver_audit_v2,Servicio electricos fundo yutreco,,COOPERATIVA AGRICOLA Y DE SERVICIOS LTDA,,[re-promoted with dedup key incl. description+provider] wave2_review,,,
SP-00422,EXP-9.1,Energia Electrica Riego,silver_audit_v2,Transporte de Electricidad,,Sociedad Austral de Electricidad SA,,[re-promoted with dedup key incl. description+provider] wave2_review,,,
SP-00423,ING-0.1,VENTA DE LECHE,silver_audit_v2,VENTA DE LECHE,"9.663 kg de leche a $ 592,51 Estanque 03076-7, El Maiten Guia entre 1267029 - 1256625",ANTILLANCA SPA,,[re-promoted with dedup key incl. description+provider] 2step_review,,,
SP-00424,ING-0.1,VENTA DE LECHE,silver_audit_v2,VENTA DE LECHE,"6.740 kg de leche a $ 627,80 Estanque 21215-6, Yutreco Guia entre 1256339 - 1267203",ANTILLANCA SPA,,[re-promoted with dedup key incl. description+provider] 2step_review,,,
SP-00425,ING-0.1,VENTA DE LECHE,silver_audit_v2,VENTA DE LECHE,"7.400 kg de leche a $ 508,74 Estanque 20530-3, El Maiten Guia entre 1305464 - 1306578",ANTILLANCA SPA,,[re-promoted with dedup key incl. description+provider] 2step_review,,,
SP-00426,ING-0.1,VENTA DE LECHE,silver_audit_v2,VENTA DE LECHE,"126.399 kg de leche a $ 423,80 Estanque 21055-2, Raices Guias entre 1346319 - 1327163",ANTILLANCA SPA,,[re-promoted with dedup key incl. description+provider] 2step_review,,,
SP-00427,ING-0.1,VENTA DE LECHE,silver_audit_v2,VENTA DE LECHE,"379845 kg de leche a $ 513,59 Estanque 20530-3, El Maiten Guias entre 13782520 - 1380018",ANTILLANCA SPA,,[re-promoted with dedup key incl. description+provider] 2step_review,,,
SP-00428,ING-0.1,VENTA DE LECHE,silver_audit_v2,VENTA DE LECHE,"124668 kg de leche a $ 447,60 Estanque 21055-2, Raices Guias entre 1343238 - 1319386",ANTILLANCA SPA,,[re-promoted with dedup key incl. description+provider] 2step_review,,,
SP-00429,ING-0.1,VENTA DE LECHE,silver_audit_v2,VENTA DE LECHE,"411.500 kg de leche a $ 423,54 Estanque 20530-3, El Maiten Guias entre 1345651 - 1335806",ANTILLANCA SPA,,[re-promoted with dedup key incl. description+provider] 2step_review,,,
SP-00430,ING-0.1,VENTA DE LECHE,silver_audit_v2,VENTA DE LECHE,"415009 kg de leche a $ 452,11 Estanque 21215-6, Yutreco Guias entre 1333836 - 1361824",ANTILLANCA SPA,,[re-promoted with dedup key incl. description+provider] 2step_review,,,
SP-00431,ING-0.1,VENTA DE LECHE,silver_audit_v2,VENTA DE LECHE,"134633 kg de leche a $ 446,48 Estanque 03076-7, El Maiten Guias entre 1302397 - 1322548",ANTILLANCA SPA,,[re-promoted with dedup key incl. description+provider] 2step_review,,,
SP-00432,ING-0.1,VENTA DE LECHE,silver_audit_v2,VENTA DE LECHE,"366.000 kg de leche a $ 528,87 estanque 03076-7, El Maiten Guia entre 1315476 - 1274768",ANTILLANCA SPA,,[re-promoted with dedup key incl. description+provider] 2step_review,,,
SP-00433,ING-0.1,VENTA DE LECHE,silver_audit_v2,VENTA DE LECHE,"141202 kg de leche a $ 441,51 Estanque 21055-2, Raices Guias entre 1339064 - 1322131",ANTILLANCA SPA,,[re-promoted with dedup key incl. description+provider] 2step_review,,,
SP-00434,ING-0.1,VENTA DE LECHE,silver_audit_v2,VENTA DE LECHE,"7.910 kg de leche a $ 466,82 Estanque 21215-6, Yutreco Guias entre 1303668 - 1304710",ANTILLANCA SPA,,[re-promoted with dedup key incl. description+provider] 2step_review,,,
SP-00435,ING-0.1,VENTA DE LECHE,silver_audit_v2,VENTA DE LECHE,"72.826 kg de leche a $448.72 Estanque 20530-3, El Maiten Guias entre 1298482-1271418",ANTILLANCA SPA,,[re-promoted with dedup key incl. description+provider] 2step_review,,,
SP-00436,ING-0.1,VENTA DE LECHE,silver_audit_v2,VENTA DE LECHE,"144.463 kg de leche a $451.05 Estanque 21055-2, Raices Guias entre 1300349-1268098",ANTILLANCA SPA,,[re-promoted with dedup key incl. description+provider] 2step_review,,,
SP-00437,ING-0.1,VENTA DE LECHE,silver_audit_v2,VENTA DE LECHE,"346.310 kg de leche a 461.94 Estanque 21215-6, Yutreco Guias entre 1297954-1269265",ANTILLANCA SPA,,[re-promoted with dedup key incl. description+provider] 2step_review,,,
SP-00438,ING-0.1,VENTA DE LECHE,silver_audit_v2,VENTA DE LECHE,"435.744 kg de leche a $ 426,99 Estanque 20530-3, El Maiten Guias entre 1336519 - 1312258",ANTILLANCA SPA,,[re-promoted with dedup key incl. description+provider] 2step_review,,,
SP-00439,ING-0.1,VENTA DE LECHE,silver_audit_v2,VENTA DE LECHE,"102.387 kg de leche a $ 406,85 Estanque 03076-7, El Maiten Guia entre 1306302 - 1335806",ANTILLANCA SPA,,[re-promoted with dedup key incl. description+provider] 2step_review,,,
SP-00440,ING-0.1,VENTA DE LECHE,silver_audit_v2,VENTA DE LECHE,"212.775 kg de leche a $ 595,49 Estanque 03076-7, El Maiten Guia entre 1344676 - 1256614",ANTILLANCA SPA,,[re-promoted with dedup key incl. description+provider] 2step_review,,,
SP-00441,ING-0.1,VENTA DE LECHE,silver_audit_v2,VENTA DE LECHE,"69.360 kg de leche a $ 463,64 Estanque 21055-2, Raices Guias entre 1263089 - 1311895",ANTILLANCA SPA,,[re-promoted with dedup key incl. description+provider] 2step_review,,,
SP-00442,ING-0.1,VENTA DE LECHE,silver_audit_v2,VENTA DE LECHE,"203.017 kg de leche a $ 456,20 Estanque 21215-6, Yutreco Guias entre 1304715 - 1346590",ANTILLANCA SPA,,[re-promoted with dedup key incl. description+provider] 2step_review,,,
SP-00443,ING-0.1,VENTA DE LECHE,silver_audit_v2,VENTA DE LECHE,"57.212 kg de leche a $ 554,51 Estanque 21055-2, Raices Guia entre 1257430 - 1266914",ANTILLANCA SPA,,[re-promoted with dedup key incl. description+provider] 2step_review,,,
SP-00444,ING-0.1,VENTA DE LECHE,silver_audit_v2,VENTA DE LECHE,"396.889 kg de leche a $ 449,06 Estanque 20530-3, El Maiten Guias entre 1311475 - 1302683",ANTILLANCA SPA,,[re-promoted with dedup key incl. description+provider] 2step_review,,,
SP-00445,ING-0.1,VENTA DE LECHE,silver_audit_v2,VENTA DE LECHE,"193.996 kg de leche a $ 438,18 Estanque 03076-7, El Maiten Guias entre 1311475 - 1302683",ANTILLANCA SPA,,[re-promoted with dedup key incl. description+provider] 2step_review,,,
SP-00446,ING-0.1,VENTA DE LECHE,silver_audit_v2,VENTA DE LECHE,"473.548 kg de leche a $ 414,16 Estanque 21215-6, Yutreco Guias entre 1328394 - 1311274",ANTILLANCA SPA,,[re-promoted with dedup key incl. description+provider] 2step_review,,,
SP-00447,ING-0.1,VENTA DE LECHE,silver_audit_v2,VENTA DE LECHE,"301.899 kg de leche a $ 480,43 Estanque 21215-6, Yutreco Guias entre 1276573-1261418",ANTILLANCA SPA,,[re-promoted with dedup key incl. description+provider] wave2_review,,,
SP-00448,ING-0.1,VENTA DE LECHE,silver_audit_v2,VENTA DE LECHE,"125.109 kg de leche a $ 470,88 Estanque 21055-2, Raices Guias entre 1268805-1269347",ANTILLANCA SPA,,[re-promoted with dedup key incl. description+provider] wave2_review,,,
SP-00449,ING-0.1,VENTA DE LECHE,silver_audit_v2,VENTA DE LECHE,"397.465 kg de leche a $ 420,94 Estanque 21215-6, Yutreco Guias entre 1305559 - 1331026",ANTILLANCA SPA,,[re-promoted with dedup key incl. description+provider] wave2_review,,,
SP-00450,ING-0.1,VENTA DE LECHE,silver_audit_v2,VENTA DE LECHE,"279.943 kg de leche a $ 517,18 Estanque 21215-6, Yutreco Guias entre 1315427 - 1350541",ANTILLANCA SPA,,[re-promoted with dedup key incl. description+provider] wave2_review,,,
SP-00451,ING-0.1,VENTA DE LECHE,silver_audit_v2,VENTA DE LECHE,"411.897 kg de leche a $477,40 Estanque 03076-7, El Maiten Guias entre 1271587-1260591",ANTILLANCA SPA,,[re-promoted with dedup key incl. description+provider] wave2_review,,,
SP-00452,ING-0.1,VENTA DE LECHE,silver_audit_v2,VENTA DE LECHE,"425.985 kg de leche a $455.41 . Estanque 03076-7, El Maiten Guias entre 1298482-1271440",ANTILLANCA SPA,,[re-promoted with dedup key incl. description+provider] wave2_review,,,
SP-00453,ING-0.1,VENTA DE LECHE,silver_audit_v2,VENTA DE LECHE,"334305 kg de leche a $ 517,22 Estanque 21215-6, Yutreco Guias entre 1354563 - 1354517",ANTILLANCA SPA,,[re-promoted with dedup key incl. description+provider] wave2_review,,,
SP-00454,ING-0.1,VENTA DE LECHE,silver_audit_v2,VENTA DE LECHE,"180.231 kg de leche a $ 414,48 Estanque 03076-7, El Maiten Guias entre 1336519 - 1312258",ANTILLANCA SPA,,[re-promoted with dedup key incl. description+provider] wave2_review,,,
SP-00455,ING-0.1,VENTA DE LECHE,silver_audit_v2,VENTA DE LECHE,"488.819 kg de leche a $ 436,79 Estanque 21215-6, Yutreco Guias entre 1330734 - 1320168",ANTILLANCA SPA,,[re-promoted with dedup key incl. description+provider] wave2_review,,,
SP-00456,ING-0.1,VENTA DE LECHE,silver_audit_v2,VENTA DE LECHE,"462971 kg de leche a $ 447,24 Estanque 21215-6, Yutreco Guias entre 1340201 - 1323759",ANTILLANCA SPA,,[re-promoted with dedup key incl. description+provider] wave2_review,,,
SP-00457,ING-0.1,VENTA DE LECHE,silver_audit_v2,VENTA DE LECHE,"109.690 kg de leche a $ 511,10 estanque 21055-2, Raices Guia entre 1314877 - 1344674",ANTILLANCA SPA,,[re-promoted with dedup key incl. description+provider] wave2_review,,,
SP-00458,ING-0.1,VENTA DE LECHE,silver_audit_v2,VENTA DE LECHE,"359524 kg de leche a $ 457,08 Estanque 20530-3, El Maiten Guias entre 1302397 - 1355906",ANTILLANCA SPA,,[re-promoted with dedup key incl. description+provider] wave2_review,,,
SP-00459,ING-0.1,VENTA DE LECHE,silver_audit_v2,VENTA DE LECHE,"434.085 kg de leche a $500,63 estanque 03076-7, El Maiten Guias entre 1270047-1350907",ANTILLANCA SPA,,[re-promoted with dedup key incl. description+provider] wave2_review,,,
SP-00460,ING-0.1,VENTA DE LECHE,silver_audit_v2,VENTA DE LECHE,"164.256 Kg de leche a $ 553,29 Estanque 21215-6, Yutreco Guia entre 1274730 - 1256336",ANTILLANCA SPA,,[re-promoted with dedup key incl. description+provider] wave2_review,,,
SP-00461,ING-0.1,VENTA DE LECHE,silver_audit_v2,VENTA DE LECHE,"166035 kg de leche a $ 444,94 Estanque 03076-7, El Maiten Guias entre 1302875 - 1318335",ANTILLANCA SPA,,[re-promoted with dedup key incl. description+provider] wave2_review,,,
SP-00462,ING-0.1,VENTA DE LECHE,silver_audit_v2,VENTA DE LECHE,"259.442 kig de leche a $ 458,18 Estanque 20530-3, El Maiten Guia entre 1308325 -1307393",ANTILLANCA SPA,,[re-promoted with dedup key incl. description+provider] wave2_review,,,
SP-00463,ING-0.1,VENTA DE LECHE,silver_audit_v2,VENTA DE LECHE,"127.970 kg de lecha a $489,60 Estanque 21055-2, Raices Guias entre 1260441-1258522",ANTILLANCA SPA,,[re-promoted with dedup key incl. description+provider] wave2_review,,,
SP-00464,ING-0.1,VENTA DE LECHE,silver_audit_v2,VENTA DE LECHE,"312.014 kg de leche $501,31 Estanque 21215-6, Yutreco Guias entre 1268997-1351643",ANTILLANCA SPA,,[re-promoted with dedup key incl. description+provider] wave2_review,,,
SP-00465,ING-0.1,VENTA DE LECHE,silver_audit_v2,VENTA DE LECHE,"2.979 kg de keche a $ 491.27 Estanque 21055-2, Raices Guias entre 1303672 - 1263085",ANTILLANCA SPA,,[re-promoted with dedup key incl. description+provider] wave2_review,,,
SP-00466,ING-0.1,VENTA DE LECHE,silver_audit_v2,VENTA DE LECHE,"143.145 kg de lecha a $ 441,21 Estanque 21055-2, Raices Guias entre 1314648 - 1320169",ANTILLANCA SPA,,[re-promoted with dedup key incl. description+provider] wave2_review,,,
SP-00467,ING-0.1,VENTA DE LECHE,silver_audit_v2,VENTA DE LECHE,"369253 kg de leceh a $ 453,75 Estanque 20530-3, El Maiten Guias entre 1302875 - 1318335",ANTILLANCA SPA,,[re-promoted with dedup key incl. description+provider] wave2_review,,,
SP-00468,ING-0.1,VENTA DE LECHE,silver_audit_v2,VENTA DE LECHE,"98404 kg de leche a $ 505,57 Estanque 21055-2, Raices Guias entre 1354677 - 1354193",ANTILLANCA SPA,,[re-promoted with dedup key incl. description+provider] wave2_review,,,
SP-00472,ING-0.1,VENTA DE LECHE,silver_audit_v2,VENTA DE ACTIVO FIJO,ESTANQUE LECHE 6.000 LITROS USADO,ANTILLANCA SPA,,[re-promoted with dedup key incl. description+provider] 2step_review,,,
HV-00001,ING-0.2,VENTA DE VACAS,raw_ventas_harvest,VENTA DE VACAS,,ANTILLANCA SPA,,Harvested from client's own VENTAS invoice; item name states the category and direction is a sale.,,VENTAS,
HV-00002,ING-0.2,VENTA DE VACAS,raw_ventas_harvest,VENTA DE VACAS,2 VACAS DESDE YUTRECO,ANTILLANCA SPA,,Harvested from client's own VENTAS invoice; item name states the category and direction is a sale.,,VENTAS,
HV-00003,ING-0.2,VENTA DE VACAS,raw_ventas_harvest,VENTA DE VACAS,DESDE EL MAITEN FMA 101610652,ANTILLANCA SPA,,Harvested from client's own VENTAS invoice; item name states the category and direction is a sale.,,VENTAS,
HV-00004,ING-0.2,VENTA DE VACAS,raw_ventas_harvest,VENTA DE VACAS,40 VACAS NOTA VENTA 22559-A,ANTILLANCA SPA,,Harvested from client's own VENTAS invoice; item name states the category and direction is a sale.,,VENTAS,
HV-00005,ING-0.2,VENTA DE VACAS,raw_ventas_harvest,VENTA DE VACAS,DESDE RAICES FMA 112626628,ANTILLANCA SPA,,Harvested from client's own VENTAS invoice; item name states the category and direction is a sale.,,VENTAS,
HV-00006,ING-0.3,VENTA VAQUILLAS,raw_ventas_harvest,VENTA DE VAQUILLAS,23 VAQUILLAS NV 22599-A,ANTILLANCA SPA,,Harvested from client's own VENTAS invoice; item name states the category and direction is a sale.,,VENTAS,
HV-00007,ING-0.2,VENTA DE VACAS,raw_ventas_harvest,VENTA DE VACAS,25 VACAS NOTA VENTA 22599-A,ANTILLANCA SPA,,Harvested from client's own VENTAS invoice; item name states the category and direction is a sale.,,VENTAS,
HV-00008,ING-0.2,VENTA DE VACAS,raw_ventas_harvest,VENTA DE VACAS,DESDE YUTRECO FMA 121613949,ANTILLANCA SPA,,Harvested from client's own VENTAS invoice; item name states the category and direction is a sale.,,VENTAS,
HV-00009,ING-0.4,VENTA TERNEROS,raw_ventas_harvest,VENTAS TERNEROS,,ANTILLANCA SPA,,Harvested from client's own VENTAS invoice; item name states the category and direction is a sale.,,VENTAS,
HV-00010,ING-0.4,VENTA TERNEROS,raw_ventas_harvest,VENTAS TERNEROS,DESDE EL MAITEN FMA 170004282,ANTILLANCA SPA,,Harvested from client's own VENTAS invoice; item name states the category and direction is a sale.,,VENTAS,
HV-00011,ING-0.4,VENTA TERNEROS,raw_ventas_harvest,VENTAS TERNEROS,DESDE YUTRECO FMA 171627410,ANTILLANCA SPA,,Harvested from client's own VENTAS invoice; item name states the category and direction is a sale.,,VENTAS,
HV-00012,ING-0.4,VENTA TERNEROS,raw_ventas_harvest,VENTAS TERNEROS,DESDE RAICES FMA 142321766,ANTILLANCA SPA,,Harvested from client's own VENTAS invoice; item name states the category and direction is a sale.,,VENTAS,
HV-00013,ING-0.4,VENTA TERNEROS,raw_ventas_harvest,VENTAS TERNEROS,DESDE RAICES FMA 160350948,ANTILLANCA SPA,,Harvested from client's own VENTAS invoice; item name states the category and direction is a sale.,,VENTAS,
HV-00014,ING-0.4,VENTA TERNEROS,raw_ventas_harvest,VENTAS TERNEROS,DESDE YUTRECO FMA 170555170,ANTILLANCA SPA,,Harvested from client's own VENTAS invoice; item name states the category and direction is a sale.,,VENTAS,
HV-00015,ING-0.4,VENTA TERNEROS,raw_ventas_harvest,VENTAS TERNEROS,DESDE EL MAITEN FMA 151421205,ANTILLANCA SPA,,Harvested from client's own VENTAS invoice; item name states the category and direction is a sale.,,VENTAS,
HV-00016,ING-0.4,VENTA TERNEROS,raw_ventas_harvest,VENTAS TERNEROS,DESDE EL MAITEN FMA 121714622,ANTILLANCA SPA,,Harvested from client's own VENTAS invoice; item name states the category and direction is a sale.,,VENTAS,holdout
HV-00017,ING-0.4,VENTA TERNEROS,raw_ventas_harvest,VENTAS TERNEROS,DESDE YUTRECO FMA 122337480,ANTILLANCA SPA,,Harvested from client's own VENTAS invoice; item name states the category and direction is a sale.,,VENTAS,
HV-00018,ING-0.4,VENTA TERNEROS,raw_ventas_harvest,VENTAS TERNEROS,DESDE EL MAITEN FMA 143022936,ANTILLANCA SPA,,Harvested from client's own VENTAS invoice; item name states the category and direction is a sale.,,VENTAS,
HV-00019,ING-0.4,VENTA TERNEROS,raw_ventas_harvest,VENTAS TERNEROS,DESDE EL MAITEN FMA 092853544,ANTILLANCA SPA,,Harvested from client's own VENTAS invoice; item name states the category and direction is a sale.,,VENTAS,
HV-00020,ING-0.4,VENTA TERNEROS,raw_ventas_harvest,VENTAS TERNEROS,DESDE EL MAITEN FMA 140328980,ANTILLANCA SPA,,Harvested from client's own VENTAS invoice; item name states the category and direction is a sale.,,VENTAS,holdout
HV-00021,ING-0.4,VENTA TERNEROS,raw_ventas_harvest,VENTAS TERNEROS,DESDE YUTRECO FMA 155245949 FMA 155245950,ANTILLANCA SPA,,Harvested from client's own VENTAS invoice; item name states the category and direction is a sale.,,VENTAS,
HV-00022,ING-0.4,VENTA TERNEROS,raw_ventas_harvest,VENTAS TERNEROS,DESDE RAICES FMA 151444068,ANTILLANCA SPA,,Harvested from client's own VENTAS invoice; item name states the category and direction is a sale.,,VENTAS,
HV-00023,ING-0.4,VENTA TERNEROS,raw_ventas_harvest,VENTAS TERNEROS,DESDE BRAMADERO FMA 114219802 FMA 114219801,ANTILLANCA SPA,,Harvested from client's own VENTAS invoice; item name states the category and direction is a sale.,,VENTAS,
HV-00024,ING-0.4,VENTA TERNEROS,raw_ventas_harvest,VENTAS TERNEROS,DESDE EL MAITEN FMA 103235085,ANTILLANCA SPA,,Harvested from client's own VENTAS invoice; item name states the category and direction is a sale.,,VENTAS,holdout
HV-00025,ING-0.4,VENTA TERNEROS,raw_ventas_harvest,VENTAS TERNEROS,DESDE BRAMADERO FMA 143936917,ANTILLANCA SPA,,Harvested from client's own VENTAS invoice; item name states the category and direction is a sale.,,VENTAS,holdout
HV-00026,ING-0.4,VENTA TERNEROS,raw_ventas_harvest,VENTAS TERNEROS,DESDE YUTRECO FMA 155825702,ANTILLANCA SPA,,Harvested from client's own VENTAS invoice; item name states the category and direction is a sale.,,VENTAS,holdout
HV-00027,ING-0.4,VENTA TERNEROS,raw_ventas_harvest,VENTAS TERNEROS,DESDE YUTRECO FMA 140346765,ANTILLANCA SPA,,Harvested from client's own VENTAS invoice; item name states the category and direction is a sale.,,VENTAS,
HV-00028,ING-0.2,VENTA DE VACAS,raw_ventas_harvest,VENTA DE VACAS,DESDE RAICES FMA 104521773,ANTILLANCA SPA,,Harvested from client's own VENTAS invoice; item name states the category and direction is a sale.,,VENTAS,
HV-00029,ING-0.4,VENTA TERNEROS,raw_ventas_harvest,VENTAS TERNEROS,DESDE BRAMADERO FMA 130410601 FMA 130410600,ANTILLANCA SPA,,Harvested from client's own VENTAS invoice; item name states the category and direction is a sale.,,VENTAS,
HV-00030,ING-0.4,VENTA TERNEROS,raw_ventas_harvest,VENTAS TERNEROS,DESDE EL MAITEN FMA 143746151,ANTILLANCA SPA,,Harvested from client's own VENTAS invoice; item name states the category and direction is a sale.,,VENTAS,holdout
HV-00031,ING-0.4,VENTA TERNEROS,raw_ventas_harvest,VENTAS TERNEROS,DESDE EL MAITEN FMA 130552983,ANTILLANCA SPA,,Harvested from client's own VENTAS invoice; item name states the category and direction is a sale.,,VENTAS,
HV-00032,ING-0.4,VENTA TERNEROS,raw_ventas_harvest,VENTAS TERNEROS,DESDE YUTRECO FMA 164644743,ANTILLANCA SPA,,Harvested from client's own VENTAS invoice; item name states the category and direction is a sale.,,VENTAS,
HV-00033,ING-0.4,VENTA TERNEROS,raw_ventas_harvest,VENTAS TERNEROS,DESDE EL MAITEN FMA 104709951,ANTILLANCA SPA,,Harvested from client's own VENTAS invoice; item name states the category and direction is a sale.,,VENTAS,holdout
HV-00034,ING-0.4,VENTA TERNEROS,raw_ventas_harvest,VENTAS TERNEROS,DESDE YUTRECO FMA 130729191,ANTILLANCA SPA,,Harvested from client's own VENTAS invoice; item name states the category and direction is a sale.,,VENTAS,
HV-00035,ING-0.4,VENTA TERNEROS,raw_ventas_harvest,VENTAS TERNEROS,DESDE YUTRECO FMA 182731210,ANTILLANCA SPA,,Harvested from client's own VENTAS invoice; item name states the category and direction is a sale.,,VENTAS,
HV-00036,ING-0.4,VENTA TERNEROS,raw_ventas_harvest,VENTAS TERNEROS,DESDE EL MAITEN FMA 120147335,ANTILLANCA SPA,,Harvested from client's own VENTAS invoice; item name states the category and direction is a sale.,,VENTAS,
HV-00037,ING-0.4,VENTA TERNEROS,raw_ventas_harvest,VENTAS TERNEROS,DESDE EL MAITEN FMA 152946905,ANTILLANCA SPA,,Harvested from client's own VENTAS invoice; item name states the category and direction is a sale.,,VENTAS,
HV-00038,ING-0.4,VENTA TERNEROS,raw_ventas_harvest,VENTAS TERNEROS,DESDE EL MAITEN FMA 151816661,ANTILLANCA SPA,,Harvested from client's own VENTAS invoice; item name states the category and direction is a sale.,,VENTAS,
HV-00039,ING-0.4,VENTA TERNEROS,raw_ventas_harvest,VENTAS TERNEROS,DESDE YUTRECO FMA 163118296,ANTILLANCA SPA,,Harvested from client's own VENTAS invoice; item name states the category and direction is a sale.,,VENTAS,
HV-00040,ING-0.4,VENTA TERNEROS,raw_ventas_harvest,VENTAS TERNEROS,DESDE YUTRECO FMA 175616539,ANTILLANCA SPA,,Harvested from client's own VENTAS invoice; item name states the category and direction is a sale.,,VENTAS,
HV-00041,ING-0.4,VENTA TERNEROS,raw_ventas_harvest,VENTAS TERNEROS,FMA 103707105 DESDE EL MAITEN,ANTILLANCA SPA,,Harvested from client's own VENTAS invoice; item name states the category and direction is a sale.,,VENTAS,
HV-00042,ING-0.4,VENTA TERNEROS,raw_ventas_harvest,VENTAS TERNEROS,DESDE YUTRECO FMA 155152035,ANTILLANCA SPA,,Harvested from client's own VENTAS invoice; item name states the category and direction is a sale.,,VENTAS,
HV-00043,ING-0.4,VENTA TERNEROS,raw_ventas_harvest,VENTAS TERNEROS,DESDE YUTRECO FMA 103912878,ANTILLANCA SPA,,Harvested from client's own VENTAS invoice; item name states the category and direction is a sale.,,VENTAS,
HV-00044,ING-0.4,VENTA TERNEROS,raw_ventas_harvest,VENTAS TERNEROS,DESDE EL MAITEN FMA 173315742,ANTILLANCA SPA,,Harvested from client's own VENTAS invoice; item name states the category and direction is a sale.,,VENTAS,
HV-00045,ING-0.4,VENTA TERNEROS,raw_ventas_harvest,VENTAS TERNEROS,DESDE YUTRECO FMA 165031280,ANTILLANCA SPA,,Harvested from client's own VENTAS invoice; item name states the category and direction is a sale.,,VENTAS,
HV-00046,ING-0.4,VENTA TERNEROS,raw_ventas_harvest,VENTAS TERNEROS,DESDE YUTRECO FMA 170743332,ANTILLANCA SPA,,Harvested from client's own VENTAS invoice; item name states the category and direction is a sale.,,VENTAS,
HV-00047,ING-0.2,VENTA DE VACAS,raw_ventas_harvest,VENTA DE VACAS,DESDE YUTRECO FMA 094247529,ANTILLANCA SPA,,Harvested from client's own VENTAS invoice; item name states the category and direction is a sale.,,VENTAS,holdout
HV-00048,ING-0.4,VENTA TERNEROS,raw_ventas_harvest,VENTAS TERNEROS,DESDE EL MAITEN FMA 143023576,ANTILLANCA SPA,,Harvested from client's own VENTAS invoice; item name states the category and direction is a sale.,,VENTAS,
HV-00049,ING-0.4,VENTA TERNEROS,raw_ventas_harvest,VENTAS TERNEROS,DESDE YUTRECO FMA 150355407,ANTILLANCA SPA,,Harvested from client's own VENTAS invoice; item name states the category and direction is a sale.,,VENTAS,holdout
HV-00050,ING-0.4,VENTA TERNEROS,raw_ventas_harvest,VENTAS TERNEROS,DESDE EL MAITEN FMA 114503831,ANTILLANCA SPA,,Harvested from client's own VENTAS invoice; item name states the category and direction is a sale.,,VENTAS,
HV-00051,ING-0.2,VENTA DE VACAS,raw_ventas_harvest,VENTA DE VACAS,DESDE YUTRECO FMA 143036721 DESDE RAICES FMA 142616088,ANTILLANCA SPA,,Harvested from client's own VENTAS invoice; item name states the category and direction is a sale.,,VENTAS,
HV-00052,ING-0.2,VENTA DE VACAS,raw_ventas_harvest,VENTA DE VACAS,DESDE EL MAITEN FMA 173831778,ANTILLANCA SPA,,Harvested from client's own VENTAS invoice; item name states the category and direction is a sale.,,VENTAS,
HV-00053,ING-0.4,VENTA TERNEROS,raw_ventas_harvest,VENTAS TERNEROS,DESDE EL MAITEN FMA 142716100,ANTILLANCA SPA,,Harvested from client's own VENTAS invoice; item name states the category and direction is a sale.,,VENTAS,
HV-00054,ING-0.4,VENTA TERNEROS,raw_ventas_harvest,VENTAS TERNEROS,DESDE PREDIO RAICES FMA 105103472,ANTILLANCA SPA,,Harvested from client's own VENTAS invoice; item name states the category and direction is a sale.,,VENTAS,
HV-00055,ING-0.2,VENTA DE VACAS,raw_ventas_harvest,VENTA DE VACAS,desde RAICES FMA 174646744 desde YUTRECO FMA 174314556,ANTILLANCA SPA,,Harvested from client's own VENTAS invoice; item name states the category and direction is a sale.,,VENTAS,
HV-00056,ING-0.2,VENTA DE VACAS,raw_ventas_harvest,VENTA DE VACAS,DESDE YUTRECO FMA 155958330,ANTILLANCA SPA,,Harvested from client's own VENTAS invoice; item name states the category and direction is a sale.,,VENTAS,holdout
HV-00057,ING-0.2,VENTA DE VACAS,raw_ventas_harvest,VENTA DE VACAS,DESDE YUTRECO FMA 155748945,ANTILLANCA SPA,,Harvested from client's own VENTAS invoice; item name states the category and direction is a sale.,,VENTAS,
HV-00058,ING-0.4,VENTA TERNEROS,raw_ventas_harvest,VENTAS TERNEROS,DESDE YUTRECO FMA 085625938,ANTILLANCA SPA,,Harvested from client's own VENTAS invoice; item name states the category and direction is a sale.,,VENTAS,
HV-00059,ING-0.4,VENTA TERNEROS,raw_ventas_harvest,VENTAS TERNEROS,DESDE EL MAITEN FMA 084917582,ANTILLANCA SPA,,Harvested from client's own VENTAS invoice; item name states the category and direction is a sale.,,VENTAS,
SY-00001,ING-0.3,VENTA VAQUILLAS,synthetic_floor,VENTA VAQUILLAS,"Venta de vaquillas de reposicion, feria ganadera",,,"SYNTHETIC. Generated only to clear the 2-example training floor. Not a real invoice: no folio, no row_id. Never used for validation.",synthetic,VENTAS,
SY-00002,ING-0.6,VENTA LEÑA,synthetic_floor,VENTA LEÑA,"Venta de lena seca, metros ruma",,,"SYNTHETIC. Generated only to clear the 2-example training floor. Not a real invoice: no folio, no row_id. Never used for validation.",synthetic,VENTAS,
SY-00003,ING-0.6,VENTA LEÑA,synthetic_floor,VENTA LEÑA,"Lena nativa vendida a tercero, despacho en predio",,,"SYNTHETIC. Generated only to clear the 2-example training floor. Not a real invoice: no folio, no row_id. Never used for validation.",synthetic,VENTAS,
SY-00004,ING-0.6,VENTA LEÑA,synthetic_floor,VENTA LEÑA,"Venta de lena, madera de raleo",,,"SYNTHETIC. Generated only to clear the 2-example training floor. Not a real invoice: no folio, no row_id. Never used for validation.",synthetic,VENTAS,
FR-00001,EXP-11.4,Bencina,plate_rule_audit,93 S/P,,COMERCIALIZADORA CARTIZ SPA,,"Client convention: plate on the invoice = vehicle travel, jerrycan = farm fuel",,,
FR-00002,EXP-13.1,Mantencion Maquinaria,plate_rule_audit,Eurodiesel plus 15W40 CK4 19 lts,,SOCIEDAD TOROYO LTDA,,"Client convention: plate on the invoice = vehicle travel, jerrycan = farm fuel",,,
FR-00003,ADM-1.4,Movilizacion,plate_rule_audit,G93,G93,ADMINISTRADORA DE VENTAS AL DETALLE LTDA,,"Client convention: plate on the invoice = vehicle travel, jerrycan = farm fuel",,,
FR-00004,ADM-1.4,Movilizacion,plate_rule_audit,G93,G93,COMERCIAL AIKETEN LIMITADA,,"Client convention: plate on the invoice = vehicle travel, jerrycan = farm fuel",,,
FR-00005,ADM-1.4,Movilizacion,plate_rule_audit,G93,G93,COMERCIAL DASEFE LIMITADA,,"Client convention: plate on the invoice = vehicle travel, jerrycan = farm fuel",,,
FR-00006,ADM-1.4,Movilizacion,plate_rule_audit,G93,G93,COMERCIAL NAVEA LIMITADA,,"Client convention: plate on the invoice = vehicle travel, jerrycan = farm fuel",,,
FR-00007,ADM-1.4,Movilizacion,plate_rule_audit,G93,G93,COMERCIAL Y SERVICIOS FUTRONO LIMITADA,,"Client convention: plate on the invoice = vehicle travel, jerrycan = farm fuel",,,
FR-00008,ADM-1.4,Movilizacion,plate_rule_audit,G93,G93,COMERCIAL Y SERVICIOS J Y M LIMITADA,,"Client convention: plate on the invoice = vehicle travel, jerrycan = farm fuel",,,
FR-00009,ADM-1.4,Movilizacion,plate_rule_audit,G93,G93,COMERCIAL Y SERVICIOS PALMILLA LTDA,,"Client convention: plate on the invoice = vehicle travel, jerrycan = farm fuel",,,
FR-00010,ADM-1.4,Movilizacion,plate_rule_audit,G93,G93,COOPRINSEM,,"Client convention: plate on the invoice = vehicle travel, jerrycan = farm fuel",,,
FR-00011,ADM-1.4,Movilizacion,plate_rule_audit,G93,G93,DANIEL VILLAR Y CIA LTDA,,"Client convention: plate on the invoice = vehicle travel, jerrycan = farm fuel",,,
FR-00012,ADM-1.4,Movilizacion,plate_rule_audit,G93,G93,DISTRIBUIDORA COMERCIAL P Y G LIMITADA,,"CONFLICT: same input has both labels on different invoices; decided per-invoice by the plate/jerrycan field, which the model input does not carry",conflict,,
FR-00013,EXP-11.4,Bencina,plate_rule_audit,G93,G93,DISTRIBUIDORA COMERCIAL P Y G LIMITADA,,"CONFLICT: same input has both labels on different invoices; decided per-invoice by the plate/jerrycan field, which the model input does not carry",conflict,,
FR-00014,ADM-1.4,Movilizacion,plate_rule_audit,G93,G93,DISTRIBUIDORA DE COMBUSTIBLES ARAUCANIA,,"Client convention: plate on the invoice = vehicle travel, jerrycan = farm fuel",,,
FR-00015,ADM-1.4,Movilizacion,plate_rule_audit,G93,G93,ESTACION DE SERVICIOS BULNES LIMITADA,,"Client convention: plate on the invoice = vehicle travel, jerrycan = farm fuel",,,
FR-00016,ADM-1.4,Movilizacion,plate_rule_audit,G93,G93,JUAN CARLOS MARTINEZ Y CIA LTDA,,"CONFLICT: same input has both labels on different invoices; decided per-invoice by the plate/jerrycan field, which the model input does not carry",conflict,,
FR-00017,EXP-11.4,Bencina,plate_rule_audit,G93,G93,JUAN CARLOS MARTINEZ Y CIA LTDA,,"CONFLICT: same input has both labels on different invoices; decided per-invoice by the plate/jerrycan field, which the model input does not carry",conflict,,
FR-00018,ADM-1.4,Movilizacion,plate_rule_audit,G93,G93,PATRICIO SANTIAGO CAREY BRIONES,,"Client convention: plate on the invoice = vehicle travel, jerrycan = farm fuel",,,
FR-00019,ADM-1.4,Movilizacion,plate_rule_audit,G93,G93,SOC COMERCIAL SANTA SOLEDAD LTDA,,"Client convention: plate on the invoice = vehicle travel, jerrycan = farm fuel",,,
FR-00020,ADM-1.4,Movilizacion,plate_rule_audit,G93,G93,SOC DE TRANSPORTES STEUER HOLMGREN Y COM,,"CONFLICT: same input has both labels on different invoices; decided per-invoice by the plate/jerrycan field, which the model input does not carry",conflict,,
FR-00021,EXP-11.4,Bencina,plate_rule_audit,G93,G93,SOC DE TRANSPORTES STEUER HOLMGREN Y COM,,"CONFLICT: same input has both labels on different invoices; decided per-invoice by the plate/jerrycan field, which the model input does not carry",conflict,,
FR-00022,ADM-1.4,Movilizacion,plate_rule_audit,Gasolina 93,Gasolina 93,ADMINISTRADORA DE VENTAS AL DETALLE LTDA,,"Client convention: plate on the invoice = vehicle travel, jerrycan = farm fuel",,,
FR-00023,ADM-1.4,Movilizacion,plate_rule_audit,Gasolina 93,Gasolina 93,COMERCIAL AIKETEN LIMITADA,,"Client convention: plate on the invoice = vehicle travel, jerrycan = farm fuel",,,
FR-00024,ADM-1.4,Movilizacion,plate_rule_audit,Gasolina 93,Gasolina 93,COMERCIAL Y SERVICIOS FUTRONO LIMITADA,,"Client convention: plate on the invoice = vehicle travel, jerrycan = farm fuel",,,
FR-00025,ADM-1.4,Movilizacion,plate_rule_audit,Gasolina 93,Gasolina 93,COMERCIAL Y SERVICIOS J Y M LIMITADA,,"Client convention: plate on the invoice = vehicle travel, jerrycan = farm fuel",,,
FR-00026,ADM-1.4,Movilizacion,plate_rule_audit,Gasolina 93,Gasolina 93,COMERCIAL Y SERVICIOS VIGU LIMITADA,,"Client convention: plate on the invoice = vehicle travel, jerrycan = farm fuel",,,
FR-00027,ADM-1.4,Movilizacion,plate_rule_audit,Gasolina 93,Gasolina 93,DANIEL VILLAR Y CIA LTDA,,"Client convention: plate on the invoice = vehicle travel, jerrycan = farm fuel",,,
FR-00028,ADM-1.4,Movilizacion,plate_rule_audit,Gasolina 93,Gasolina 93,DISTRIBUIDORA COMERCIAL P Y G LIMITADA,,"Client convention: plate on the invoice = vehicle travel, jerrycan = farm fuel",,,
FR-00029,ADM-1.4,Movilizacion,plate_rule_audit,Gasolina 93,Gasolina 93,JUAN CARLOS MARTINEZ Y CIA LTDA,,"Client convention: plate on the invoice = vehicle travel, jerrycan = farm fuel",,,
FR-00030,ADM-1.4,Movilizacion,plate_rule_audit,Gasolina 93,Gasolina 93,PATRICIO SANTIAGO CAREY BRIONES,,"Client convention: plate on the invoice = vehicle travel, jerrycan = farm fuel",,,
AC-00001,AF-1.1,COMPRAS DE ANIMALES,client_new_category,vacas preñadas,,AGRICOLA Y GANADERA EMERALD LIMITADA,,Client created this category on 2026-08-14; row had no valid label before.,,,
AC-00002,AF-1.1,COMPRAS DE ANIMALES,client_new_category,vacas,,AGRICOLA Y GANADERA EMERALD LIMITADA,,Client created this category on 2026-08-14; row had no valid label before.,,,
AC-00003,AF-1.1,COMPRAS DE ANIMALES,client_new_category,002 VAC(S) CARN. EXPORT. JER B,36-2|36,FERIA GANADEROS OSORNO S.A.,,Client created this category on 2026-08-14; row had no valid label before.,,,
AC-00004,AF-1.1,COMPRAS DE ANIMALES,client_new_category,001 VACUNO(S) S/G JER LL,36-3|36,FERIA GANADEROS OSORNO S.A.,,Client created this category on 2026-08-14; row had no valid label before.,,,
AC-00005,AF-1.1,COMPRAS DE ANIMALES,client_new_category,VACA CARNAZA,CAB YER EXPO 8*,Tattersall Ganado S.A.,,Client created this category on 2026-08-14; row had no valid label before.,,,
AC-00006,AF-1.1,COMPRAS DE ANIMALES,client_new_category,VACA GORDA,CAB NEG EXP 8*,Tattersall Ganado S.A.,,Client created this category on 2026-08-14; row had no valid label before.,,,
AC-00007,AF-1.1,COMPRAS DE ANIMALES,client_new_category,VACA GORDA,NEGR EXPO 8*,Tattersall Ganado S.A.,,Client created this category on 2026-08-14; row had no valid label before.,,,
AC-00008,AF-1.1,COMPRAS DE ANIMALES,client_new_category,002 VACUNO(S) S/G CAB N,25-4|25,FERIA GANADEROS OSORNO S.A.,,Client created this category on 2026-08-14; row had no valid label before.,,,
AC-00009,AF-1.1,COMPRAS DE ANIMALES,client_new_category,003 VAC(S) CARN. EXPORT. JER CAB / ANCA,25-5|25,FERIA GANADEROS OSORNO S.A.,,Client created this category on 2026-08-14; row had no valid label before.,,,
AC-00010,AF-1.1,COMPRAS DE ANIMALES,client_new_category,005 VACA(S) EXPORT. JERSEY NEG . LOMO,43-7|43,FERIA GANADEROS OSORNO S.A.,,Client created this category on 2026-08-14; row had no valid label before.,,,
AC-00011,AF-1.1,COMPRAS DE ANIMALES,client_new_category,004 VAQ.(S) ENG. CAB NEG - LOMO,39-1|39,FERIA GANADEROS OSORNO S.A.,,Client created this category on 2026-08-14; row had no valid label before.,,,
AC-00012,AF-1.1,COMPRAS DE ANIMALES,client_new_category,VACA GORDA,NEGR/8 EXPO,Tattersall Ganado S.A.,,Client created this category on 2026-08-14; row had no valid label before.,,,
AC-00013,AF-1.1,COMPRAS DE ANIMALES,client_new_category,VACA GORDA,YERS/CABR/8 EXPO,Tattersall Ganado S.A.,,Client created this category on 2026-08-14; row had no valid label before.,,,
AC-00014,AF-1.1,COMPRAS DE ANIMALES,client_new_category,VAQUILLA ENGORDA,YERS/2,Tattersall Ganado S.A.,,Client created this category on 2026-08-14; row had no valid label before.,,,
AC-00015,AF-1.1,COMPRAS DE ANIMALES,client_new_category,VACA CARNAZA,NEGRE EXP,Tattersall Ganado S.A.,,Client created this category on 2026-08-14; row had no valid label before.,,,
AC-00016,AF-1.1,COMPRAS DE ANIMALES,client_new_category,001 VAC(S) CARN. EXPORT. NEG 39,24-7|24,FERIA GANADEROS OSORNO S.A.,,Client created this category on 2026-08-14; row had no valid label before.,,,
AC-00017,AF-1.1,COMPRAS DE ANIMALES,client_new_category,005 VACA(S) EXPORT. JERS . LOMO,24-8|24,FERIA GANADEROS OSORNO S.A.,,Client created this category on 2026-08-14; row had no valid label before.,,,
AC-00018,AF-1.1,COMPRAS DE ANIMALES,client_new_category,002 VACA(S) EXPORT. NEG % LOMO,24-9|24,FERIA GANADEROS OSORNO S.A.,,Client created this category on 2026-08-14; row had no valid label before.,,,
AC-00019,AF-1.1,COMPRAS DE ANIMALES,client_new_category,002 VAQ(S) EXPORT. JERS /\/\ LOMO,28-14|28,FERIA GANADEROS OSORNO S.A.,,Client created this category on 2026-08-14; row had no valid label before.,,,
AC-00020,AF-1.1,COMPRAS DE ANIMALES,client_new_category,005 VAC(S) CARN. EXPORT. CAB JERS . LOMO,24-4|24,FERIA GANADEROS OSORNO S.A.,,Client created this category on 2026-08-14; row had no valid label before.,,,
AC-00021,AF-1.1,COMPRAS DE ANIMALES,client_new_category,007 VAC(S) CARN. EXPORT. JERS SM JER,24-5|24,FERIA GANADEROS OSORNO S.A.,,Client created this category on 2026-08-14; row had no valid label before.,,,
AC-00022,AF-1.1,COMPRAS DE ANIMALES,client_new_category,008 VAQ(S) EXPORT. JER NEG / ANCA,46-1|46,FERIA GANADEROS OSORNO S.A.,,Client created this category on 2026-08-14; row had no valid label before.,,,
AC-00023,AF-1.1,COMPRAS DE ANIMALES,client_new_category,004 VAQ(S) EXPORT. CAB GOL .. LOMO,46-2|46,FERIA GANADEROS OSORNO S.A.,,Client created this category on 2026-08-14; row had no valid label before.,,,
AC-00024,AF-1.1,COMPRAS DE ANIMALES,client_new_category,048 VAQ.(S) GORDA,1-2|1,FERIA GANADEROS OSORNO S.A.,,Client created this category on 2026-08-14; row had no valid label before.,,,
AC-00025,AF-1.1,COMPRAS DE ANIMALES,client_new_category,021 TORETE(S),1-3|1,FERIA GANADEROS OSORNO S.A.,,Client created this category on 2026-08-14; row had no valid label before.,,,
AC-00026,AF-1.1,COMPRAS DE ANIMALES,client_new_category,VAQUILLA ENGORDA,CAB-2-4D-RABO,Tattersall Ganado S.A.,,Client created this category on 2026-08-14; row had no valid label before.,,,
AC-00027,AF-1.1,COMPRAS DE ANIMALES,client_new_category,VACA GORDA,CAB-ATRAVEZA,Tattersall Ganado S.A.,,Client created this category on 2026-08-14; row had no valid label before.,,,
AC-00028,AF-1.1,COMPRAS DE ANIMALES,client_new_category,VACA GORDA,YERZ-CAB-RYA-LMO,Tattersall Ganado S.A.,,Client created this category on 2026-08-14; row had no valid label before.,,,
AC-00029,AF-1.1,COMPRAS DE ANIMALES,client_new_category,VACA GORDA,YERZ-CAB-X-ANCA,Tattersall Ganado S.A.,,Client created this category on 2026-08-14; row had no valid label before.,,,
AC-00030,AF-1.1,COMPRAS DE ANIMALES,client_new_category,VAQUILLA ENGORDA,JER/4D/EXP/*CAD,Tattersall Ganado S.A.,,Client created this category on 2026-08-14; row had no valid label before.,,,
AC-00031,AF-1.1,COMPRAS DE ANIMALES,client_new_category,VAQUILLA ENGORDA,PARD/2D/EXPO,Tattersall Ganado S.A.,,Client created this category on 2026-08-14; row had no valid label before.,,,
AC-00032,AF-1.1,COMPRAS DE ANIMALES,client_new_category,VACA ENGORDA,NE/JER/6D/EXP,Tattersall Ganado S.A.,,Client created this category on 2026-08-14; row had no valid label before.,,,
AC-00033,AF-1.1,COMPRAS DE ANIMALES,client_new_category,VACA ENGORDA,JER/EXP/S/M,Tattersall Ganado S.A.,,Client created this category on 2026-08-14; row had no valid label before.,,,
AC-00034,AF-1.1,COMPRAS DE ANIMALES,client_new_category,VAQUILLA ENGORDA,JER/4D/EXP/--ATR,Tattersall Ganado S.A.,,Client created this category on 2026-08-14; row had no valid label before.,,,
AC-00035,AF-1.1,COMPRAS DE ANIMALES,client_new_category,VACA CARNAZA,CA/CL/EXP/*LOM,Tattersall Ganado S.A.,,Client created this category on 2026-08-14; row had no valid label before.,,,
AC-00036,AF-1.1,COMPRAS DE ANIMALES,client_new_category,VACA GORDA,PARD/EXP/ALOM,Tattersall Ganado S.A.,,Client created this category on 2026-08-14; row had no valid label before.,,,
AC-00037,AF-1.1,COMPRAS DE ANIMALES,client_new_category,VAQUILLA ENGORDA,YER-CAB-4D-EXPO,Tattersall Ganado S.A.,,Client created this category on 2026-08-14; row had no valid label before.,,,
AC-00038,AF-1.1,COMPRAS DE ANIMALES,client_new_category,VACA ENGORDA,YER-NEG-EXP-PTO,Tattersall Ganado S.A.,,Client created this category on 2026-08-14; row had no valid label before.,,,
AC-00039,AF-1.1,COMPRAS DE ANIMALES,client_new_category,VACA ENGORDA,YERZ-EXP-RYA-LOM,Tattersall Ganado S.A.,,Client created this category on 2026-08-14; row had no valid label before.,,,
AC-00040,AF-1.1,COMPRAS DE ANIMALES,client_new_category,VACA ENGORDA,CLAV-YER-EXP-ATR,Tattersall Ganado S.A.,,Client created this category on 2026-08-14; row had no valid label before.,,,
AC-00041,AF-1.1,COMPRAS DE ANIMALES,client_new_category,VACA ENGORDA,YER-CAB-EXPO,Tattersall Ganado S.A.,,Client created this category on 2026-08-14; row had no valid label before.,,,
AC-00042,AF-1.1,COMPRAS DE ANIMALES,client_new_category,002 VAQ(S) EXPORT. CAB T,17-2|17,FERIA GANADEROS OSORNO S.A.,,Client created this category on 2026-08-14; row had no valid label before.,,,
AC-00043,AF-1.1,COMPRAS DE ANIMALES,client_new_category,003 VAQ(S) EXPORT. CAB X ANCA,17-3|17,FERIA GANADEROS OSORNO S.A.,,Client created this category on 2026-08-14; row had no valid label before.,,,
AC-00044,AF-1.1,COMPRAS DE ANIMALES,client_new_category,002 VACA(S) EXPORT. JER S,23-1|23,FERIA GANADEROS OSORNO S.A.,,Client created this category on 2026-08-14; row had no valid label before.,,,
AC-00045,AF-1.1,COMPRAS DE ANIMALES,client_new_category,003 VACA(S) EXPORT. JER O LOMO,23-2|23,FERIA GANADEROS OSORNO S.A.,,Client created this category on 2026-08-14; row had no valid label before.,,,
AC-00046,AF-1.1,COMPRAS DE ANIMALES,client_new_category,001 VACA(S) EXPORT. CAB 19,23-3|23,FERIA GANADEROS OSORNO S.A.,,Client created this category on 2026-08-14; row had no valid label before.,,,
AC-00047,AF-1.1,COMPRAS DE ANIMALES,client_new_category,001 VACA(S) EXPORT. CAB 20,23-4|23,FERIA GANADEROS OSORNO S.A.,,Client created this category on 2026-08-14; row had no valid label before.,,,
AC-00048,AF-1.1,COMPRAS DE ANIMALES,client_new_category,VACA GORDA,CAB-EXP-SM,Tattersall Ganado S.A.,,Client created this category on 2026-08-14; row had no valid label before.,,,
AC-00049,AF-1.1,COMPRAS DE ANIMALES,client_new_category,VACA ENGORDA,CLAV-CAB-EXP-*-L,Tattersall Ganado S.A.,,Client created this category on 2026-08-14; row had no valid label before.,,,
AC-00050,AF-1.1,COMPRAS DE ANIMALES,client_new_category,VACA ENGORDA,YER-CAB-EXP-RYA,Tattersall Ganado S.A.,,Client created this category on 2026-08-14; row had no valid label before.,,,
AC-00051,AF-1.1,COMPRAS DE ANIMALES,client_new_category,VAQUILLA ENGORDA,NEGR-2D-EXP-H-LM,Tattersall Ganado S.A.,,Client created this category on 2026-08-14; row had no valid label before.,,,
AC-00052,AF-1.1,COMPRAS DE ANIMALES,client_new_category,VACA ENGORDA,CAB-6D-EXPO-0-LM,Tattersall Ganado S.A.,,Client created this category on 2026-08-14; row had no valid label before.,,,
AC-00053,AF-1.1,COMPRAS DE ANIMALES,client_new_category,VAQUILLA ENGORDA,YERZ-CAB-EXP-4D,Tattersall Ganado S.A.,,Client created this category on 2026-08-14; row had no valid label before.,,,
AC-00054,AF-1.1,COMPRAS DE ANIMALES,client_new_category,VAQUILLA ENGORDA,CAB-EXP-0-2D-SM,Tattersall Ganado S.A.,,Client created this category on 2026-08-14; row had no valid label before.,,,
AC-00055,AF-1.1,COMPRAS DE ANIMALES,client_new_category,VAQUILLA ENGORDA,YERZ-CAB-EXP-PTO,Tattersall Ganado S.A.,,Client created this category on 2026-08-14; row had no valid label before.,,,
AC-00056,AF-1.1,COMPRAS DE ANIMALES,client_new_category,VACA ENGORDA,CAB-YERZ-6D-EXP-,Tattersall Ganado S.A.,,Client created this category on 2026-08-14; row had no valid label before.,,,
AC-00057,AF-1.1,COMPRAS DE ANIMALES,client_new_category,VACA ENGORDA,YER-CAB-EXP-*-LM,Tattersall Ganado S.A.,,Client created this category on 2026-08-14; row had no valid label before.,,,
AC-00058,AF-1.1,COMPRAS DE ANIMALES,client_new_category,VACA ENGORDA,CAB-CLA-EXP-RYA-,Tattersall Ganado S.A.,,Client created this category on 2026-08-14; row had no valid label before.,,,
AC-00059,AF-1.1,COMPRAS DE ANIMALES,client_new_category,VACA ENGORDA,YERZ-CAB-EXP-O-L,Tattersall Ganado S.A.,,Client created this category on 2026-08-14; row had no valid label before.,,,
AC-00060,AF-1.1,COMPRAS DE ANIMALES,client_new_category,VACA GORDA,NEG-EXP-ATRAVEZA,Tattersall Ganado S.A.,,Client created this category on 2026-08-14; row had no valid label before.,,,
AC-00061,AF-1.1,COMPRAS DE ANIMALES,client_new_category,VACA GORDA,CAB-NE-EXPO-O-LM,Tattersall Ganado S.A.,,Client created this category on 2026-08-14; row had no valid label before.,,,
AC-00062,AF-1.1,COMPRAS DE ANIMALES,client_new_category,VACA GORDA,CABR-6D-EXP-RABO,Tattersall Ganado S.A.,,Client created this category on 2026-08-14; row had no valid label before.,,,
AC-00063,AF-1.1,COMPRAS DE ANIMALES,client_new_category,008 VAQ(S) EXPORT. JERS SM JERS,11-1|11,FERIA GANADEROS OSORNO S.A.,,Client created this category on 2026-08-14; row had no valid label before.,,,
AC-00064,AF-1.1,COMPRAS DE ANIMALES,client_new_category,006 VAQ(S) EXPORT. CAB . LOMO,18-7|18,FERIA GANADEROS OSORNO S.A.,,Client created this category on 2026-08-14; row had no valid label before.,,,
AC-00065,AF-1.1,COMPRAS DE ANIMALES,client_new_category,007 VAQ(S) EXPORT. JERS CAB / ANCA,18-8|18,FERIA GANADEROS OSORNO S.A.,,Client created this category on 2026-08-14; row had no valid label before.,,,
AC-00066,AF-1.1,COMPRAS DE ANIMALES,client_new_category,006 VACA(S) EXPORT. JERS CAB . LOMO,58-1|58,FERIA GANADEROS OSORNO S.A.,,Client created this category on 2026-08-14; row had no valid label before.,,,
AC-00067,AF-1.1,COMPRAS DE ANIMALES,client_new_category,007 VACA(S) EXPORT. JERS SM JERS,58-2|58,FERIA GANADEROS OSORNO S.A.,,Client created this category on 2026-08-14; row had no valid label before.,,,
AC-00068,AF-1.1,COMPRAS DE ANIMALES,client_new_category,006 VACA(S) EXPORT. JERS CAB /\ LOMO,58-3|58,FERIA GANADEROS OSORNO S.A.,,Client created this category on 2026-08-14; row had no valid label before.,,,
AC-00069,AF-1.1,COMPRAS DE ANIMALES,client_new_category,007 VACA(S) EXPORT. CAB JER SM CAB,25-3|25,FERIA GANADEROS OSORNO S.A.,,Client created this category on 2026-08-14; row had no valid label before.,,,
AC-00070,AF-1.1,COMPRAS DE ANIMALES,client_new_category,008 VACA(S) EXPORT. CAB JER . LOMO,25-4|25,FERIA GANADEROS OSORNO S.A.,,Client created this category on 2026-08-14; row had no valid label before.,,,
AC-00071,AF-1.1,COMPRAS DE ANIMALES,client_new_category,002 VACA(S) EXPORT. JER C ANCA,25-5|25,FERIA GANADEROS OSORNO S.A.,,Client created this category on 2026-08-14; row had no valid label before.,,,
AC-00072,AF-1.1,COMPRAS DE ANIMALES,client_new_category,003 VACA(S) EXPORT. JER /\ LOMO,25-6|25,FERIA GANADEROS OSORNO S.A.,,Client created this category on 2026-08-14; row had no valid label before.,,,
AC-00073,AF-1.1,COMPRAS DE ANIMALES,client_new_category,VAQUILLA ENGORDA,YER-EXPO-B-ANCA,Tattersall Ganado S.A.,,Client created this category on 2026-08-14; row had no valid label before.,,,
AC-00074,AF-1.1,COMPRAS DE ANIMALES,client_new_category,VACA GORDA,YERZ-6D-EXP-CRUZ,Tattersall Ganado S.A.,,Client created this category on 2026-08-14; row had no valid label before.,,,
AC-00075,AF-1.1,COMPRAS DE ANIMALES,client_new_category,VACA ENGORDA,NEG-YER-6D-EXP,Tattersall Ganado S.A.,,Client created this category on 2026-08-14; row had no valid label before.,,,
AC-00076,AF-1.1,COMPRAS DE ANIMALES,client_new_category,VACA GORDA,YERZ-CAB-EXP-ATR,Tattersall Ganado S.A.,,Client created this category on 2026-08-14; row had no valid label before.,,,
AC-00077,AF-1.1,COMPRAS DE ANIMALES,client_new_category,VACA GORDA,PAR/NEG/RYA LOM/EXP,Tattersall Ganado S.A.,,Client created this category on 2026-08-14; row had no valid label before.,,,
AC-00078,AF-1.1,COMPRAS DE ANIMALES,client_new_category,VACA GORDA,PAR/NEG/ATRBZA/EXP,Tattersall Ganado S.A.,,Client created this category on 2026-08-14; row had no valid label before.,,,
AC-00079,AF-1.1,COMPRAS DE ANIMALES,client_new_category,VAQUILLA ENGORDA,CAB/SM/EXP/0/2,Tattersall Ganado S.A.,,Client created this category on 2026-08-14; row had no valid label before.,,,
AC-00080,AF-1.1,COMPRAS DE ANIMALES,client_new_category,VAQUILLA ENGORDA,CAB/2D/EXP/V L0M,Tattersall Ganado S.A.,,Client created this category on 2026-08-14; row had no valid label before.,,,
AC-00081,AF-1.1,COMPRAS DE ANIMALES,client_new_category,004 VACA(S) EXPORT. CAB / ANCA,24-3|24,FERIA GANADEROS OSORNO S.A.,,Client created this category on 2026-08-14; row had no valid label before.,,,
AC-00082,AF-1.1,COMPRAS DE ANIMALES,client_new_category,003 VACA(S) EXPORT. BAY 3 LOMO,24-4|24,FERIA GANADEROS OSORNO S.A.,,Client created this category on 2026-08-14; row had no valid label before.,,,
AC-00083,AF-1.1,COMPRAS DE ANIMALES,client_new_category,006 VAQ(S) EXPORT. CAB SM CAB,28-10|28,FERIA GANADEROS OSORNO S.A.,,Client created this category on 2026-08-14; row had no valid label before.,,,
AC-00084,AF-1.1,COMPRAS DE ANIMALES,client_new_category,007 VAQ(S) EXPORT. CAB CLA . LOMO,28-11|28,FERIA GANADEROS OSORNO S.A.,,Client created this category on 2026-08-14; row had no valid label before.,,,
AC-00085,AF-1.1,COMPRAS DE ANIMALES,client_new_category,VACA CARNAZA,YERS/8 EXPO,Tattersall Ganado S.A.,,Client created this category on 2026-08-14; row had no valid label before.,,,
AC-00086,AF-1.1,COMPRAS DE ANIMALES,client_new_category,VACA CARNAZA,CLV/8 EXPO,Tattersall Ganado S.A.,,Client created this category on 2026-08-14; row had no valid label before.,,,
AC-00087,AF-1.1,COMPRAS DE ANIMALES,client_new_category,VACA CARNAZA,NEGR/8 EXPO,Tattersall Ganado S.A.,,Client created this category on 2026-08-14; row had no valid label before.,,,
AC-00088,AF-1.1,COMPRAS DE ANIMALES,client_new_category,VACA GORDA,YEERS/8 EXPO,Tattersall Ganado S.A.,,Client created this category on 2026-08-14; row had no valid label before.,,,
AC-00089,AF-1.1,COMPRAS DE ANIMALES,client_new_category,VACA GORDA,YERS/8 EXPO,Tattersall Ganado S.A.,,Client created this category on 2026-08-14; row had no valid label before.,,,
AC-00090,AF-1.1,COMPRAS DE ANIMALES,client_new_category,VACA GORDA,YERS/8 EXPO ATRV,Tattersall Ganado S.A.,,Client created this category on 2026-08-14; row had no valid label before.,,,
AC-00091,AF-1.1,COMPRAS DE ANIMALES,client_new_category,VAQUILLA GORDA,YERS/2/4OT C EXP,Tattersall Ganado S.A.,,Client created this category on 2026-08-14; row had no valid label before.,,,
AC-00092,AF-1.1,COMPRAS DE ANIMALES,client_new_category,VAQUILLA ENGORDA,YERS/2/4 CRUZ EX,Tattersall Ganado S.A.,,Client created this category on 2026-08-14; row had no valid label before.,,,
AC-00093,AF-1.1,COMPRAS DE ANIMALES,client_new_category,VAQUILLA GORDA,YERS/4 EXP,Tattersall Ganado S.A.,,Client created this category on 2026-08-14; row had no valid label before.,,,
AC-00094,AF-1.1,COMPRAS DE ANIMALES,client_new_category,VAQUILLA GORDA,NEG-EXPO-2D,Tattersall Ganado S.A.,,Client created this category on 2026-08-14; row had no valid label before.,,,
AC-00095,AF-1.1,COMPRAS DE ANIMALES,client_new_category,VACA CARNAZA,NEG-YERZ-EXP-ATR,Tattersall Ganado S.A.,,Client created this category on 2026-08-14; row had no valid label before.,,,
AC-00096,AF-1.1,COMPRAS DE ANIMALES,client_new_category,VACA CARNAZA,NEG-CAB-EXP-CRUZ,Tattersall Ganado S.A.,,Client created this category on 2026-08-14; row had no valid label before.,,,
AC-00097,AF-1.1,COMPRAS DE ANIMALES,client_new_category,TERNERO,PARD/ NEGR/ P CA,Tattersall Ganado S.A.,,Client created this category on 2026-08-14; row had no valid label before.,,,
AC-00098,AF-1.1,COMPRAS DE ANIMALES,client_new_category,TERNERA,PARD/NG/ RAB,Tattersall Ganado S.A.,,Client created this category on 2026-08-14; row had no valid label before.,,,
AC-00099,AF-1.1,COMPRAS DE ANIMALES,client_new_category,003 VACA(S) EXPORT. CAB . LOMO,23-1|23,FERIA GANADEROS OSORNO S.A.,,Client created this category on 2026-08-14; row had no valid label before.,,,
AC-00100,AF-1.1,COMPRAS DE ANIMALES,client_new_category,002 VACA(S) EXPORT. CAB H LOMO,23-2|23,FERIA GANADEROS OSORNO S.A.,,Client created this category on 2026-08-14; row had no valid label before.,,,
AC-00101,AF-1.1,COMPRAS DE ANIMALES,client_new_category,VACA ENGORDA,NEGR/8 EXPO,Tattersall Ganado S.A.,,Client created this category on 2026-08-14; row had no valid label before.,,,
AC-00102,AF-1.1,COMPRAS DE ANIMALES,client_new_category,VAQUILLA ENGORDA,NEGR/2 EXPO,Tattersall Ganado S.A.,,Client created this category on 2026-08-14; row had no valid label before.,,,
AC-00103,AF-1.1,COMPRAS DE ANIMALES,client_new_category,VACA CARNAZA,YERZ-EXPO,Tattersall Ganado S.A.,,Client created this category on 2026-08-14; row had no valid label before.,,,
AC-00104,AF-1.1,COMPRAS DE ANIMALES,client_new_category,VACA CARNAZA,CABR-EXPOR,Tattersall Ganado S.A.,,Client created this category on 2026-08-14; row had no valid label before.,,,
AC-00105,AF-1.1,COMPRAS DE ANIMALES,client_new_category,VACA CARNAZA,NEGR-EXPO,Tattersall Ganado S.A.,,Client created this category on 2026-08-14; row had no valid label before.,,,
AC-00106,ING-0.7,VENTAS DE ACTIVO FIJO,client_new_category,VENTA CAMIONETA,MARCA: FORD TIPO: CAMIONETA MODELO F150 LARIAT SPORT 4X4 AUT AÃO: 2017 COLOR: GRIS METALICO NÂ° MOTOR: HFB01978 CHASSIS: 1FTEW1EF6HFB01978 COMBUSTIBLE: GASOLINA PATENTE: JSFK23,ANTILLANCA SPA,,Client created this category on 2026-08-14; row had no valid label before.,,VENTAS,
AC-00107,ING-0.7,VENTAS DE ACTIVO FIJO,client_new_category,VENTA DE ACTIVO FIJO,ESTANQUE DELAVAL 16.000 LTS USADO,ANTILLANCA SPA,,Client created this category on 2026-08-14; row had no valid label before.,,VENTAS,
AC-00108,ING-0.7,VENTAS DE ACTIVO FIJO,client_new_category,VENTA DE ACTIVO FIJO,ESTANQUE LECHE 6.000 LITROS USADO,ANTILLANCA SPA,,Client created this category on 2026-08-14; row had no valid label before.,,VENTAS,
AC-00109,ING-0.7,VENTAS DE ACTIVO FIJO,client_new_category,VENTA CAMIONETA,"Vehiculo: Usado Tipo Vehiculo: Camioneta Marcar: FORD Modelo: F150 LARIAT SPORT DCAB 4X4 5.0 AUT Color: Rojo Metalico AÃ±o 2021 Chasis NÂ°: 1FTEW1E52LFC25875 Motor: LFC25875 Patente: PKSR82 Cilindrada 5.0 cc Tipo Combustible: GASOLINA PBV: 3.175,00 KILOS El Vehiculo se vende en las condiciones que se encuentra sabidas y probadas por el comprador",ANTILLANCA SPA,,Client created this category on 2026-08-14; row had no valid label before.,,VENTAS,
AC-00110,ING-0.7,VENTAS DE ACTIVO FIJO,client_new_category,VENTA CAMIONETA,"DONDE DICE "" Patente: PKSR82 "" DEBE DECIR "" Patente: PKSR82-0 """,ANTILLANCA SPA,,Client created this category on 2026-08-14; row had no valid label before.,,VENTAS,
AC-00111,ING-0.7,VENTAS DE ACTIVO FIJO,client_new_category,maquinaria,"TRACTOR AGRICOLA MARCA JOHN DEER MODELO 6115J DOBLE TRACCIÃN CON CABINA,MOTOR JOHN DEERE POWERTEH PLUS, 4 CILINDROS, 4,5L, TURBOALIMENTADO DE 115 HP TRANSMISIÃN POWERQUAD CON 16 MARCHAS DE AVANCE Y 16 DE RETROCESO CON INVERSOR ELECTRO HIDRÃULICO, CON ACCIONAMIENTO MECANICO. ORIGEN BRASIL USADO, AÃO 2024 COLOR VERDE TIPO DE COMBUSTIBLE DIESEL. P.B.V 4.990 KG NÂ° DE CHASIS : 1BM6115JCRD601743 NÂ° Motor : J04045B734554 PPU : TPHJ.26-6 NOTA: BIEN EXENTO DEL PAGO AL IMPUESTO A LA TRANSFERENCIA DE ACUERDO AL ART 12 DEL DECRETO LEY 3.063 DE AÃO 1975, POR SER UNA MAQUINARIA INDUSTRIAL Y POR SUS CARACTERISTICAS NO ESTA DESTINADA A CIRCULAR POR LA VIA PUBLICA YA QUE NO POSEE PERMISO DE CIRCULACION",ANTILLANCA SPA,,Client created this category on 2026-08-14; row had no valid label before.,,VENTAS,
GC-00001,EXP-1.1,Otros Gastos RRHH,client_convention,QUEQUE BROWNIE S AZUCAR NUTRABIEN 250 GR,1.0 x 1 UN $2950 Bruto/$2479.0 Neto,RENDIC HERMANOS S.A.,,Client 2026-08-14: supermarket food and drink go to Otros Gastos RRHH.,,,
GC-00002,EXP-1.1,Otros Gastos RRHH,client_convention,GALLETA DELI NAVIDENA CAJA COSTA 200 GR,3.0 x 1 UN $1390 Bruto/$1168.0 Neto,RENDIC HERMANOS S.A.,,Client 2026-08-14: supermarket food and drink go to Otros Gastos RRHH.,,,
GC-00003,EXP-1.1,Otros Gastos RRHH,client_convention,GALLETAS AVENA PASAS NUTRABIEN 175 GR,1.0 x 1 UN $2490 Bruto/$2092.0 Neto,RENDIC HERMANOS S.A.,,Client 2026-08-14: supermarket food and drink go to Otros Gastos RRHH.,,,
GC-00004,EXP-1.1,Otros Gastos RRHH,client_convention,GALLETAS AVENA CHOTE NUTRABIEN 175 GR,1.0 x 1 UN $2490 Bruto/$2092.0 Neto,RENDIC HERMANOS S.A.,,Client 2026-08-14: supermarket food and drink go to Otros Gastos RRHH.,,,
GC-00005,EXP-1.1,Otros Gastos RRHH,client_convention,"GALLETA TRITON MCKAY 126 GR, VAINILLA",2.0 x 1 UN $780 Bruto/$655.5 Neto,RENDIC HERMANOS S.A.,,Client 2026-08-14: supermarket food and drink go to Otros Gastos RRHH.,,,
GC-00006,EXP-1.1,Otros Gastos RRHH,client_convention,GALLETA SANDWICH GULLON CHOCOLATE 250GR,1.0 x 1 UN $3650 Bruto/$3067.0 Neto,RENDIC HERMANOS S.A.,,Client 2026-08-14: supermarket food and drink go to Otros Gastos RRHH.,,,
GC-00007,EXP-1.1,Otros Gastos RRHH,client_convention,QUEQUE BROWNIE S AZUCAR NUTRABIEN 250 GR,2.0 x 1 UN $2950 Bruto/$2479.5 Neto,RENDIC HERMANOS S.A.,,Client 2026-08-14: supermarket food and drink go to Otros Gastos RRHH.,,,
GC-00008,EXP-1.1,Otros Gastos RRHH,client_convention,GALLETA NIZA MCKAY 150 GR,2.0 x 1 UN $910 Bruto/$765.0 Neto,RENDIC HERMANOS S.A.,,Client 2026-08-14: supermarket food and drink go to Otros Gastos RRHH.,,,
GC-00009,EXP-1.1,Otros Gastos RRHH,client_convention,GALLETA MANTEQUILLA MCKAY 140 GR,2.0 x 1 UN $910 Bruto/$765.0 Neto,RENDIC HERMANOS S.A.,,Client 2026-08-14: supermarket food and drink go to Otros Gastos RRHH.,,,
GC-00010,EXP-1.1,Otros Gastos RRHH,client_convention,GALLETA OBLEA CHOCO DIET GULLON 180 GR,1.0 x 1 UN $3650 Bruto/$3067.0 Neto,RENDIC HERMANOS S.A.,,Client 2026-08-14: supermarket food and drink go to Otros Gastos RRHH.,,,
GC-00011,EXP-1.1,Otros Gastos RRHH,client_convention,GALL SANDWICH S GLUTEN CHOC GULLON 225GR,1.0 x 1 UN $4190 Bruto/$3521.0 Neto,RENDIC HERMANOS S.A.,,Client 2026-08-14: supermarket food and drink go to Otros Gastos RRHH.,,,
GC-00012,EXP-1.1,Otros Gastos RRHH,client_convention,GALLETAS DE ARROZ CHOCOLATE MIZOS 20 GR.,2.0 x 1 UN $590 Bruto/$496.0 Neto,RENDIC HERMANOS S.A.,,Client 2026-08-14: supermarket food and drink go to Otros Gastos RRHH.,,,
GC-00013,EXP-1.1,Otros Gastos RRHH,client_convention,GALLETA MINI VINO COSTA 35 GR,2.0 x 1 UN $300 Bruto/$252.0 Neto,RENDIC HERMANOS S.A.,,Client 2026-08-14: supermarket food and drink go to Otros Gastos RRHH.,,,
GC-00014,EXP-1.1,Otros Gastos RRHH,client_convention,"GALLETA FRAC COSTA 110 GR, CLASICA",1.0 x 1 UN $750 Bruto/$630.0 Neto,RENDIC HERMANOS S.A.,,Client 2026-08-14: supermarket food and drink go to Otros Gastos RRHH.,,,
GC-00015,EXP-1.1,Otros Gastos RRHH,client_convention,"GALLETA FRAC COSTA 110 GR, VAINILLA",1.0 x 1 UN $750 Bruto/$630.0 Neto,RENDIC HERMANOS S.A.,,Client 2026-08-14: supermarket food and drink go to Otros Gastos RRHH.,,,
GC-00016,EXP-1.1,Otros Gastos RRHH,client_convention,"GALLETA FRAC COSTA 110 GR, BI CAPUCCINO",1.0 x 1 UN $750 Bruto/$630.0 Neto,RENDIC HERMANOS S.A.,,Client 2026-08-14: supermarket food and drink go to Otros Gastos RRHH.,,,
GC-00017,EXP-1.1,Otros Gastos RRHH,client_convention,GALLETA BUTTER COOKIES COLOMBINA 250 GR,1.0 x 1 UN $1490 Bruto/$1252.0 Neto,RENDIC HERMANOS S.A.,,Client 2026-08-14: supermarket food and drink go to Otros Gastos RRHH.,,,
GC-00018,EXP-1.1,Otros Gastos RRHH,client_convention,QUEQUE MARMOL PREMIUN NUTRABIEN 250 GR,1.0 x 1 UN $3050 Bruto/$2563.0 Neto,RENDIC HERMANOS S.A.,,Client 2026-08-14: supermarket food and drink go to Otros Gastos RRHH.,,,
GC-00019,EXP-1.1,Otros Gastos RRHH,client_convention,GALLETAS RELLENA FRAMBUESA PULMAHUE 260G,1.0 x 1 UN $2890 Bruto/$2429.0 Neto,RENDIC HERMANOS S.A.,,Client 2026-08-14: supermarket food and drink go to Otros Gastos RRHH.,,,
GC-00020,EXP-1.1,Otros Gastos RRHH,client_convention,MAGDALENA CHIP CHOCOLATE PULMAHUE UN,1.0 x 1 UN $2750 Bruto/$2311.0 Neto,RENDIC HERMANOS S.A.,,Client 2026-08-14: supermarket food and drink go to Otros Gastos RRHH.,,,
GC-00021,EXP-1.1,Otros Gastos RRHH,client_convention,"GALLETA DONUTS COSTA 100 GR, BITTER",4.0 x 1 UN $1220 Bruto/$1025.0 Neto,RENDIC HERMANOS S.A.,,Client 2026-08-14: supermarket food and drink go to Otros Gastos RRHH.,,,
GC-00022,EXP-1.1,Otros Gastos RRHH,client_convention,"GALLETA DONUTS COSTA 100 GR, BLANCO",2.0 x 1 UN $1220 Bruto/$1025.5 Neto,RENDIC HERMANOS S.A.,,Client 2026-08-14: supermarket food and drink go to Otros Gastos RRHH.,,,
GC-00023,EXP-1.1,Otros Gastos RRHH,client_convention,GALLETA MANT,UN 0003@@Lleve N x $#D#276,ADMIN. DE SUPERMERCADOS HIPER LIMITADA,,Client 2026-08-14: supermarket food and drink go to Otros Gastos RRHH.,,,
GC-00024,EXP-1.1,Otros Gastos RRHH,client_convention,GALLETA TRIT,UN 0003,ADMIN. DE SUPERMERCADOS HIPER LIMITADA,,Client 2026-08-14: supermarket food and drink go to Otros Gastos RRHH.,,,
GC-00025,EXP-1.1,Otros Gastos RRHH,client_convention,GALLETA LIMO,UN 0003@@Lleve N x $#D#411,ADMIN. DE SUPERMERCADOS HIPER LIMITADA,,Client 2026-08-14: supermarket food and drink go to Otros Gastos RRHH.,,,
GC-00026,EXP-1.1,Otros Gastos RRHH,client_convention,AZUCAR 1KG,UN 0000,ADMIN. DE SUPERMERCADOS HIPER LIMITADA,,Client 2026-08-14: supermarket food and drink go to Otros Gastos RRHH.,,,
GC-00027,EXP-1.1,Otros Gastos RRHH,client_convention,GALLETA CHOC,UN 0003@@Lleve N x $#D#137,ADMIN. DE SUPERMERCADOS HIPER LIMITADA,,Client 2026-08-14: supermarket food and drink go to Otros Gastos RRHH.,,,
GC-00028,EXP-1.1,Otros Gastos RRHH,client_convention,GALLETA COSTA MANTEQUILLA 140 GRS,,COMERCIAL AMAR HNOS. Y CIA. LTDA,,Client 2026-08-14: supermarket food and drink go to Otros Gastos RRHH.,,,
GC-00029,EXP-1.1,Otros Gastos RRHH,client_convention,GALLETA COSTA LIMON 140 GRS,,COMERCIAL AMAR HNOS. Y CIA. LTDA,,Client 2026-08-14: supermarket food and drink go to Otros Gastos RRHH.,,,
GC-00030,EXP-1.1,Otros Gastos RRHH,client_convention,GALLETA GRETEL FRUTILLA 85 GRS,,COMERCIAL AMAR HNOS. Y CIA. LTDA,,Client 2026-08-14: supermarket food and drink go to Otros Gastos RRHH.,,,
GC-00031,EXP-1.1,Otros Gastos RRHH,client_convention,GALLETA TRITON VAINILLA 126 GRS,,COMERCIAL AMAR HNOS. Y CIA. LTDA,,Client 2026-08-14: supermarket food and drink go to Otros Gastos RRHH.,,,
GC-00032,EXP-1.1,Otros Gastos RRHH,client_convention,GALLETA TRITON NARANJA 126G,,COMERCIAL AMAR HNOS. Y CIA. LTDA,,Client 2026-08-14: supermarket food and drink go to Otros Gastos RRHH.,,,
GC-00033,EXP-1.1,Otros Gastos RRHH,client_convention,GALLETA DONUTS ORANGE BITTER 100GRS,,COMERCIAL AMAR HNOS. Y CIA. LTDA,,Client 2026-08-14: supermarket food and drink go to Otros Gastos RRHH.,,,
GC-00034,EXP-1.1,Otros Gastos RRHH,client_convention,GALLETA MCKAY COCO 120 GRS,,COMERCIAL AMAR HNOS. Y CIA. LTDA,,Client 2026-08-14: supermarket food and drink go to Otros Gastos RRHH.,,,
GC-00035,EXP-1.1,Otros Gastos RRHH,client_convention,AZUCAR IANSA 1 KG,,COMERCIAL AMAR HNOS. Y CIA. LTDA,,Client 2026-08-14: supermarket food and drink go to Otros Gastos RRHH.,,,
GC-00036,EXP-1.1,Otros Gastos RRHH,client_convention,CERVEZA HEINEKEN X12 5.0G PAK 350CC,JUMBO OFERTAS $ 12000,CENCOSUD RETAIL S.A.,,Client 2026-08-14: supermarket food and drink go to Otros Gastos RRHH.,,,
GC-00037,EXP-1.1,Otros Gastos RRHH,client_convention,BEBIDA COCA COLA PET 3 LT,,CENCOSUD RETAIL S.A.,,Client 2026-08-14: supermarket food and drink go to Otros Gastos RRHH.,,,
GC-00038,EXP-1.1,Otros Gastos RRHH,client_convention,BEBIDA SPRITE 3 LTS,,CENCOSUD RETAIL S.A.,,Client 2026-08-14: supermarket food and drink go to Otros Gastos RRHH.,,,
GC-00039,EXP-1.1,Otros Gastos RRHH,client_convention,JUGO ANDINA FRUTILLA LIGHT PET 1.5L,JUMBO OFERTAS $ 345,CENCOSUD RETAIL S.A.,,Client 2026-08-14: supermarket food and drink go to Otros Gastos RRHH.,,,
GC-00040,EXP-1.1,Otros Gastos RRHH,client_convention,GALLETA CHOC,UN 0003@@Lleve N x $#D#275,ADMIN. DE SUPERMERCADOS HIPER LIMITADA,,Client 2026-08-14: supermarket food and drink go to Otros Gastos RRHH.,,,
GC-00041,EXP-1.1,Otros Gastos RRHH,client_convention,GALLETA MANT,UN 0003@@Lleve N x $#D#137,ADMIN. DE SUPERMERCADOS HIPER LIMITADA,,Client 2026-08-14: supermarket food and drink go to Otros Gastos RRHH.,,,
GC-00042,EXP-1.1,Otros Gastos RRHH,client_convention,GALLETA NIK,UN 0003,ADMIN. DE SUPERMERCADOS HIPER LIMITADA,,Client 2026-08-14: supermarket food and drink go to Otros Gastos RRHH.,,,
GC-00043,EXP-1.1,Otros Gastos RRHH,client_convention,GALLETAS DON,UN 0003,ADMIN. DE SUPERMERCADOS HIPER LIMITADA,,Client 2026-08-14: supermarket food and drink go to Otros Gastos RRHH.,,,
GC-00044,EXP-1.1,Otros Gastos RRHH,client_convention,COCA COLA 2L,UN 0001,ADMIN. DE SUPERMERCADOS HIPER LIMITADA,,Client 2026-08-14: supermarket food and drink go to Otros Gastos RRHH.,,,
GC-00045,EXP-1.1,Otros Gastos RRHH,client_convention,GALLETA MANT,UN 0003,ADMIN. DE SUPERMERCADOS HIPER LIMITADA,,Client 2026-08-14: supermarket food and drink go to Otros Gastos RRHH.,,,
GC-00046,EXP-1.1,Otros Gastos RRHH,client_convention,COCACOLA 591,UN 0001,ADMIN. DE SUPERMERCADOS HIPER LIMITADA,,Client 2026-08-14: supermarket food and drink go to Otros Gastos RRHH.,,,
GC-00047,EXP-1.1,Otros Gastos RRHH,client_convention,GALLETA CHOC,UN 0003,ADMIN. DE SUPERMERCADOS HIPER LIMITADA,,Client 2026-08-14: supermarket food and drink go to Otros Gastos RRHH.,,,
GC-00048,EXP-1.1,Otros Gastos RRHH,client_convention,NESCAFE INSTANTANEO TRADICION DJ 170 GR,1.0 x 1 UN $7750 Bruto/$6513.0 Neto,RENDIC HERMANOS S.A.,,Client 2026-08-14: supermarket food and drink go to Otros Gastos RRHH.,,,
GC-00049,EXP-1.1,Otros Gastos RRHH,client_convention,AZUCAR GRANULADA IANSA 900 GR,2.0 x 1 UN $1000 Bruto/$840.5 Neto,RENDIC HERMANOS S.A.,,Client 2026-08-14: supermarket food and drink go to Otros Gastos RRHH.,,,
GC-00050,EXP-1.1,Otros Gastos RRHH,client_convention,COCA COLA DESECHABLE 1 LT,2.0 x 1 UN $1590 Bruto/$1160.0 Neto,RENDIC HERMANOS S.A.,,Client 2026-08-14: supermarket food and drink go to Otros Gastos RRHH.,,,
GC-00051,EXP-1.1,Otros Gastos RRHH,client_convention,COCA COLA DESECHABLE 591 CC,1.0 x 1 UN $1210 Bruto/$883.0 Neto,RENDIC HERMANOS S.A.,,Client 2026-08-14: supermarket food and drink go to Otros Gastos RRHH.,,,
GC-00052,EXP-1.1,Otros Gastos RRHH,client_convention,"GALLETA TUAREG COSTA 120 GR, ORIGINAL",2.0 x 1 UN $610 Bruto/$512.5 Neto,RENDIC HERMANOS S.A.,,Client 2026-08-14: supermarket food and drink go to Otros Gastos RRHH.,,,
GC-00053,EXP-1.1,Otros Gastos RRHH,client_convention,"GALLETA TRITON MCKAY 126 GR, VAINILLA",2.0 x 1 UN $820 Bruto/$689.0 Neto,RENDIC HERMANOS S.A.,,Client 2026-08-14: supermarket food and drink go to Otros Gastos RRHH.,,,
GC-00054,EXP-1.1,Otros Gastos RRHH,client_convention,"GALLETA TRITON MCKAY 126 GR, CHOCOLATE",2.0 x 1 UN $820 Bruto/$689.0 Neto,RENDIC HERMANOS S.A.,,Client 2026-08-14: supermarket food and drink go to Otros Gastos RRHH.,,,
GC-00055,EXP-1.1,Otros Gastos RRHH,client_convention,QUEQUE FAM ZANAHORIA NUTRABIEN 250GR,1.0 x 1 UN $3050 Bruto/$2563.0 Neto,RENDIC HERMANOS S.A.,,Client 2026-08-14: supermarket food and drink go to Otros Gastos RRHH.,,,
GC-00056,EXP-1.1,Otros Gastos RRHH,client_convention,"GALLETA COSTA 140 GR, MANTEQUILLA",2.0 x 1 UN $880 Bruto/$739.5 Neto,RENDIC HERMANOS S.A.,,Client 2026-08-14: supermarket food and drink go to Otros Gastos RRHH.,,,
GC-00057,EXP-1.1,Otros Gastos RRHH,client_convention,"GALLETA TRITON MCKAY 126 GR, NARANJA",2.0 x 1 UN $820 Bruto/$689.0 Neto,RENDIC HERMANOS S.A.,,Client 2026-08-14: supermarket food and drink go to Otros Gastos RRHH.,,,
GC-00058,EXP-1.1,Otros Gastos RRHH,client_convention,"GALLETA DONUTS COSTA 100 GR, BITTER",4.0 x 1 UN $1220 Bruto/$1025.5 Neto,RENDIC HERMANOS S.A.,,Client 2026-08-14: supermarket food and drink go to Otros Gastos RRHH.,,,
GC-00059,EXP-1.1,Otros Gastos RRHH,client_convention,"GALLETA COSTA 140 GR, LIMON",2.0 x 1 UN $880 Bruto/$739.5 Neto,RENDIC HERMANOS S.A.,,Client 2026-08-14: supermarket food and drink go to Otros Gastos RRHH.,,,
GC-00060,EXP-1.1,Otros Gastos RRHH,client_convention,GALLETA GRETEL PIE DE LIMON COSTA 85 GR,2.0 x 1 UN $1140 Bruto/$958.0 Neto,RENDIC HERMANOS S.A.,,Client 2026-08-14: supermarket food and drink go to Otros Gastos RRHH.,,,
GC-00061,EXP-1.1,Otros Gastos RRHH,client_convention,"GALLETA DONUTS COSTA 100 GR, CHOC LECHE",1.0 x 1 UN $1220 Bruto/$1025.0 Neto,RENDIC HERMANOS S.A.,,Client 2026-08-14: supermarket food and drink go to Otros Gastos RRHH.,,,
GC-00062,EXP-1.1,Otros Gastos RRHH,client_convention,"GALLETA GRETEL COSTA 85 GR, CHOCOLATE",2.0 x 1 UN $1150 Bruto/$966.5 Neto,RENDIC HERMANOS S.A.,,Client 2026-08-14: supermarket food and drink go to Otros Gastos RRHH.,,,
GC-00063,EXP-1.1,Otros Gastos RRHH,client_convention,AZUCAR GRANULADA IANSA 1 KG,2.0 x 1 UN $1490 Bruto/$1252.0 Neto,RENDIC HERMANOS S.A.,,Client 2026-08-14: supermarket food and drink go to Otros Gastos RRHH.,,,
GC-00064,EXP-1.1,Otros Gastos RRHH,client_convention,GALLETA MANTEQUILLA MCKAY 140 GR,3.0 x 1 UN $930 Bruto/$781.6667 Neto,RENDIC HERMANOS S.A.,,Client 2026-08-14: supermarket food and drink go to Otros Gastos RRHH.,,,
GC-00065,EXP-1.1,Otros Gastos RRHH,client_convention,"GALLETA KUKY MCKAY 190 GR, 2.0",2.0 x 1 UN $2060 Bruto/$1731.0 Neto,RENDIC HERMANOS S.A.,,Client 2026-08-14: supermarket food and drink go to Otros Gastos RRHH.,,,
GC-00066,EXP-1.1,Otros Gastos RRHH,client_convention,"GALLETA DONUTS COSTA 100 GR, BITTER",2.0 x 1 UN $1250 Bruto/$1050.5 Neto,RENDIC HERMANOS S.A.,,Client 2026-08-14: supermarket food and drink go to Otros Gastos RRHH.,,,
GC-00067,EXP-1.1,Otros Gastos RRHH,client_convention,GALLETA GRETEL PIE DE LIMON COSTA 85 GR,2.0 x 1 UN $1220 Bruto/$1025.0 Neto,RENDIC HERMANOS S.A.,,Client 2026-08-14: supermarket food and drink go to Otros Gastos RRHH.,,,
GC-00068,EXP-1.1,Otros Gastos RRHH,client_convention,"GALLETA OBSESION COSTA 85 GR, MANI",2.0 x 1 UN $1250 Bruto/$1050.5 Neto,RENDIC HERMANOS S.A.,,Client 2026-08-14: supermarket food and drink go to Otros Gastos RRHH.,,,
GC-00069,EXP-1.1,Otros Gastos RRHH,client_convention,"GALLETA KUKY MCKAY 120 GR, CLASICA",2.0 x 1 UN $1260 Bruto/$1059.0 Neto,RENDIC HERMANOS S.A.,,Client 2026-08-14: supermarket food and drink go to Otros Gastos RRHH.,,,
GC-00070,EXP-1.1,Otros Gastos RRHH,client_convention,"GALLETA DONUTS COSTA 100 GR, BLANCO",2.0 x 1 UN $1250 Bruto/$1050.5 Neto,RENDIC HERMANOS S.A.,,Client 2026-08-14: supermarket food and drink go to Otros Gastos RRHH.,,,
GC-00071,EXP-1.1,Otros Gastos RRHH,client_convention,"GALLETA OREO 108 GR, CLASICA VAINILLA",3.0 x 1 UN $820 Bruto/$689.0 Neto,RENDIC HERMANOS S.A.,,Client 2026-08-14: supermarket food and drink go to Otros Gastos RRHH.,,,
GC-00072,EXP-1.1,Otros Gastos RRHH,client_convention,"GALLETA TUAREG COSTA 120 GR, ORIGINAL",2.0 x 1 UN $620 Bruto/$521.0 Neto,RENDIC HERMANOS S.A.,,Client 2026-08-14: supermarket food and drink go to Otros Gastos RRHH.,,,
GC-00073,EXP-1.1,Otros Gastos RRHH,client_convention,"GALLETA CRACKER SELZ 90GR, TRADICIONAL",3.0 x 1 UN $570 Bruto/$479.0 Neto,RENDIC HERMANOS S.A.,,Client 2026-08-14: supermarket food and drink go to Otros Gastos RRHH.,,,
GC-00074,EXP-1.1,Otros Gastos RRHH,client_convention,"GALLETA GRETEL COSTA 85 GR, CHOCOLATE",2.0 x 1 UN $1220 Bruto/$1025.5 Neto,RENDIC HERMANOS S.A.,,Client 2026-08-14: supermarket food and drink go to Otros Gastos RRHH.,,,
GC-00075,EXP-1.1,Otros Gastos RRHH,client_convention,GALLETAS DON,UN 0000,ADMIN. DE SUPERMERCADOS HIPER LIMITADA,,Client 2026-08-14: supermarket food and drink go to Otros Gastos RRHH.,,,
GC-00076,EXP-1.1,Otros Gastos RRHH,client_convention,GALLETA CHOC,UN 0000,ADMIN. DE SUPERMERCADOS HIPER LIMITADA,,Client 2026-08-14: supermarket food and drink go to Otros Gastos RRHH.,,,
GC-00077,EXP-1.1,Otros Gastos RRHH,client_convention,GALLETA COSTA TUAREG COCO 120 GRS,,COMERCIAL AMAR HNOS. Y CIA. LTDA,,Client 2026-08-14: supermarket food and drink go to Otros Gastos RRHH.,,,
GC-00078,EXP-1.1,Otros Gastos RRHH,client_convention,GALLETA TRITON VAINILLA 3 X 116 GRS,,COMERCIAL AMAR HNOS. Y CIA. LTDA,,Client 2026-08-14: supermarket food and drink go to Otros Gastos RRHH.,,,
GC-00079,EXP-1.1,Otros Gastos RRHH,client_convention,AZUCAR GRANULADA IANSA 900 GR,3.0 x 1 UN $1000 Bruto/$840.3333 Neto,RENDIC HERMANOS S.A.,,Client 2026-08-14: supermarket food and drink go to Otros Gastos RRHH.,,,
GC-00080,EXP-1.1,Otros Gastos RRHH,client_convention,NESCAFE INSTANTANEO TRADICION 170 GR,3.0 x 1 UN $7750 Bruto/$6513.0 Neto,RENDIC HERMANOS S.A.,,Client 2026-08-14: supermarket food and drink go to Otros Gastos RRHH.,,,
GC-00081,EXP-1.1,Otros Gastos RRHH,client_convention,"TRIPACK GALLETA TRITON 3X116 G, VAINILLA",1.0 x 1 UN $2490 Bruto/$2092.0 Neto,RENDIC HERMANOS S.A.,,Client 2026-08-14: supermarket food and drink go to Otros Gastos RRHH.,,,
GC-00082,EXP-1.1,Otros Gastos RRHH,client_convention,"GALLETA TUAREG COSTA 120 GR, ORIGINAL",2.0 x 1 UN $680 Bruto/$571.5 Neto,RENDIC HERMANOS S.A.,,Client 2026-08-14: supermarket food and drink go to Otros Gastos RRHH.,,,
GC-00083,EXP-1.1,Otros Gastos RRHH,client_convention,JAMON SANDWICH SAN JORGE KL,,COMERCIAL AMAR HNOS. Y CIA. LTDA,,Client 2026-08-14: supermarket food and drink go to Otros Gastos RRHH.,,,
GC-00084,EXP-1.1,Otros Gastos RRHH,client_convention,NESCAFE TRADICION 2 X 170 GRS.,,COMERCIAL AMAR HNOS. Y CIA. LTDA,,Client 2026-08-14: supermarket food and drink go to Otros Gastos RRHH.,,,
GC-00085,EXP-1.1,Otros Gastos RRHH,client_convention,QUEQUE NUTRA BIEN MARMOL PREM 250 GR,,COMERCIAL AMAR HNOS. Y CIA. LTDA,,Client 2026-08-14: supermarket food and drink go to Otros Gastos RRHH.,,,
GC-00086,EXP-1.1,Otros Gastos RRHH,client_convention,GALLETA TRITON NARANJA 116GRS,,COMERCIAL AMAR HNOS. Y CIA. LTDA,,Client 2026-08-14: supermarket food and drink go to Otros Gastos RRHH.,,,
GC-00087,EXP-1.1,Otros Gastos RRHH,client_convention,MANZANA ROJA FRUTALAN MALLA KG,,COMERCIAL AMAR HNOS. Y CIA. LTDA,,Client 2026-08-14: supermarket food and drink go to Otros Gastos RRHH.,,,
GC-00088,EXP-1.1,Otros Gastos RRHH,client_convention,GALLETA BARQUILLO VAINILLA GULLON 180 GR,1.0 x 1 UN $3650 Bruto/$3068.0 Neto,RENDIC HERMANOS S.A.,,Client 2026-08-14: supermarket food and drink go to Otros Gastos RRHH.,,,
GC-00089,EXP-1.1,Otros Gastos RRHH,client_convention,"YOGHURT SIN AZUCAR SOPROLE 120G, NATURAL",4.0 x 1 UN $340 Bruto/$285.5 Neto,RENDIC HERMANOS S.A.,,Client 2026-08-14: supermarket food and drink go to Otros Gastos RRHH.,,,
GC-00090,EXP-1.1,Otros Gastos RRHH,client_convention,"GALLETAS SALM SANISSIMO 108G, CLASICA",1.0 x 1 UN $2290 Bruto/$1924.0 Neto,RENDIC HERMANOS S.A.,,Client 2026-08-14: supermarket food and drink go to Otros Gastos RRHH.,,,
GC-00091,EXP-1.1,Otros Gastos RRHH,client_convention,Empanadas,,DULAC FUTRONO SPA,,Client 2026-08-14: supermarket food and drink go to Otros Gastos RRHH.,,,
GC-00092,EXP-1.1,Otros Gastos RRHH,client_convention,GALLETA SCONER 250 GRS.,,COMERCIAL AMAR HNOS. Y CIA. LTDA,,Client 2026-08-14: supermarket food and drink go to Otros Gastos RRHH.,,,
GC-00093,EXP-1.1,Otros Gastos RRHH,client_convention,NARANJA JUGO KL,,COMERCIAL AMAR HNOS. Y CIA. LTDA,,Client 2026-08-14: supermarket food and drink go to Otros Gastos RRHH.,,,
GC-00094,EXP-1.1,Otros Gastos RRHH,client_convention,GALLETA COSTA DONUTS LECHE 100 GR,,CENCOSUD RETAIL S.A.,,Client 2026-08-14: supermarket food and drink go to Otros Gastos RRHH.,,,
GC-00095,EXP-1.1,Otros Gastos RRHH,client_convention,GALLETA BIPACK TRITON VAINILLA 2X95G,,CENCOSUD RETAIL S.A.,,Client 2026-08-14: supermarket food and drink go to Otros Gastos RRHH.,,,
GC-00096,EXP-1.1,Otros Gastos RRHH,client_convention,GALLETA COSTA DONUTS CHOC BLANCO 100G,,CENCOSUD RETAIL S.A.,,Client 2026-08-14: supermarket food and drink go to Otros Gastos RRHH.,,,
GC-00097,EXP-1.1,Otros Gastos RRHH,client_convention,AZUCAR IANSA 1KG,,CENCOSUD RETAIL S.A.,,Client 2026-08-14: supermarket food and drink go to Otros Gastos RRHH.,,,
GC-00098,EXP-1.1,Otros Gastos RRHH,client_convention,GALLETA COSTA FIESTA CHOCOCHIPS 125 G,,CENCOSUD RETAIL S.A.,,Client 2026-08-14: supermarket food and drink go to Otros Gastos RRHH.,,,
GC-00099,EXP-1.1,Otros Gastos RRHH,client_convention,GALLETA TRITON VAINILLA 116GR,,CENCOSUD RETAIL S.A.,,Client 2026-08-14: supermarket food and drink go to Otros Gastos RRHH.,,,
GC-00100,EXP-1.1,Otros Gastos RRHH,client_convention,"GALLETA TUAREG COSTA 120 GR, ORIGINAL",2.0 x 1 UN $680 Bruto/$571.0 Neto,RENDIC HERMANOS S.A.,,Client 2026-08-14: supermarket food and drink go to Otros Gastos RRHH.,,,
GC-00101,EXP-1.1,Otros Gastos RRHH,client_convention,"GALLETA DONUTS COSTA 100 GR, BITTER",3.0 x 1 UN $1250 Bruto/$1050.3333 Neto,RENDIC HERMANOS S.A.,,Client 2026-08-14: supermarket food and drink go to Otros Gastos RRHH.,,,
GC-00102,EXP-1.1,Otros Gastos RRHH,client_convention,GALLETA BUTTER COOKIES DANOR 340 GR,1.0 x 1 UN $3790 Bruto/$3184.0 Neto,RENDIC HERMANOS S.A.,,Client 2026-08-14: supermarket food and drink go to Otros Gastos RRHH.,,,
GC-00103,EXP-1.1,Otros Gastos RRHH,client_convention,QUEQUE NARANJA CH PR NUTRABIEN 250 GR,1.0 x 1 UN $3050 Bruto/$2563.0 Neto,RENDIC HERMANOS S.A.,,Client 2026-08-14: supermarket food and drink go to Otros Gastos RRHH.,,,
GC-00104,EXP-1.1,Otros Gastos RRHH,client_convention,"GALLETA TRITON MCKAY 116GR, NARANJA",2.0 x 1 UN $860 Bruto/$722.5 Neto,RENDIC HERMANOS S.A.,,Client 2026-08-14: supermarket food and drink go to Otros Gastos RRHH.,,,
GC-00105,EXP-1.1,Otros Gastos RRHH,client_convention,GALLETA GRETEL PIE DE LIMON COSTA 85 GR,2.0 x 1 UN $1330 Bruto/$1117.5 Neto,RENDIC HERMANOS S.A.,,Client 2026-08-14: supermarket food and drink go to Otros Gastos RRHH.,,,
GC-00106,EXP-1.1,Otros Gastos RRHH,client_convention,COCA COLA DESECHABLE 3 LT,2.0 x 1 UN $3150 Bruto/$2299.5 Neto,RENDIC HERMANOS S.A.,,Client 2026-08-14: supermarket food and drink go to Otros Gastos RRHH.,,,
GC-00107,EXP-1.1,Otros Gastos RRHH,client_convention,AZUCAR IANSA 900GRS BOLSA 900 GR,,COMERCIAL AMAR HERMANOS Y COMPANIA LIMITADA,,Client 2026-08-14: supermarket food and drink go to Otros Gastos RRHH.,,,
GC-00108,EXP-1.1,Otros Gastos RRHH,client_convention,MANZANA ROJA FRUTALAN MALLA 1 KG,,COMERCIAL AMAR HERMANOS Y COMPANIA LIMITADA,,Client 2026-08-14: supermarket food and drink go to Otros Gastos RRHH.,,,
GC-00109,EXP-1.1,Otros Gastos RRHH,client_convention,GALLETA MANTEQUILLA COSTA PAQUETE 140 GR,,COMERCIAL AMAR HERMANOS Y COMPANIA LIMITADA,,Client 2026-08-14: supermarket food and drink go to Otros Gastos RRHH.,,,
GC-00110,EXP-1.1,Otros Gastos RRHH,client_convention,GALLETA LIMÓN COSTA PAQUETE 140 GR,,COMERCIAL AMAR HERMANOS Y COMPANIA LIMITADA,,Client 2026-08-14: supermarket food and drink go to Otros Gastos RRHH.,,,
GC-00111,EXP-1.1,Otros Gastos RRHH,client_convention,GALLETA TAUREG COCO COSTA PAQUETE 120 GR,,COMERCIAL AMAR HERMANOS Y COMPANIA LIMITADA,,Client 2026-08-14: supermarket food and drink go to Otros Gastos RRHH.,,,
GC-00112,EXP-1.1,Otros Gastos RRHH,client_convention,GALLETA TRITON NARANJA BOLSA 116 GR,,COMERCIAL AMAR HERMANOS Y COMPANIA LIMITADA,,Client 2026-08-14: supermarket food and drink go to Otros Gastos RRHH.,,,
GC-00113,EXP-1.1,Otros Gastos RRHH,client_convention,GALLETA TRITON VAINILLA BOLSA 116 GR,,COMERCIAL AMAR HERMANOS Y COMPANIA LIMITADA,,Client 2026-08-14: supermarket food and drink go to Otros Gastos RRHH.,,,
GC-00114,EXP-1.1,Otros Gastos RRHH,client_convention,GALLETA DELICIAS DURAZNO MANJAR BOLSA 220 GR,,COMERCIAL AMAR HERMANOS Y COMPANIA LIMITADA,,Client 2026-08-14: supermarket food and drink go to Otros Gastos RRHH.,,,
GC-00115,EXP-1.1,Otros Gastos RRHH,client_convention,BOCADITOS GALLETAS CON DULCE DE MEMBRILLO DOS EN UNO BOLSA 300 GR,,COMERCIAL AMAR HERMANOS Y COMPANIA LIMITADA,,Client 2026-08-14: supermarket food and drink go to Otros Gastos RRHH.,,,
GC-00116,EXP-1.1,Otros Gastos RRHH,client_convention,GALLETAS SCONES BIZCOCHO ARCOR BOLSA 900 GR,,COMERCIAL AMAR HERMANOS Y COMPANIA LIMITADA,,Client 2026-08-14: supermarket food and drink go to Otros Gastos RRHH.,,,
GC-00117,EXP-1.1,Otros Gastos RRHH,client_convention,"AGUA MAS S GAS 1.6LT, MANZANA",2.0 x 1 UN $1320 Bruto/$1023.5 Neto,RENDIC HERMANOS S.A.,,Client 2026-08-14: supermarket food and drink go to Otros Gastos RRHH.,,,
GC-00118,EXP-1.1,Otros Gastos RRHH,client_convention,"GALLETA COSTA 140 GR, MANTEQUILLA",2.0 x 1 UN $920 Bruto/$773.0 Neto,RENDIC HERMANOS S.A.,,Client 2026-08-14: supermarket food and drink go to Otros Gastos RRHH.,,,
GC-00119,EXP-1.1,Otros Gastos RRHH,client_convention,"GALLETA GRETEL COSTA 85 GR, YOG FRUTILLA",2.0 x 1 UN $1370 Bruto/$1151.5 Neto,RENDIC HERMANOS S.A.,,Client 2026-08-14: supermarket food and drink go to Otros Gastos RRHH.,,,
GC-00120,EXP-1.1,Otros Gastos RRHH,client_convention,"GALLETA COSTA 140 GR, LIMON",2.0 x 1 UN $920 Bruto/$773.0 Neto,RENDIC HERMANOS S.A.,,Client 2026-08-14: supermarket food and drink go to Otros Gastos RRHH.,,,
GC-00121,EXP-1.1,Otros Gastos RRHH,client_convention,GALLETA REC ABUELA BOCADO MEMB DEU 300GR,2.0 x 1 UN $2650 Bruto/$2227.0 Neto,RENDIC HERMANOS S.A.,,Client 2026-08-14: supermarket food and drink go to Otros Gastos RRHH.,,,
GC-00122,EXP-1.1,Otros Gastos RRHH,client_convention,GALLETA GRETEL PIE DE LIMON COSTA 85 GR,2.0 x 1 UN $1370 Bruto/$1151.5 Neto,RENDIC HERMANOS S.A.,,Client 2026-08-14: supermarket food and drink go to Otros Gastos RRHH.,,,
GC-00123,EXP-1.1,Otros Gastos RRHH,client_convention,"TRIPACK GALLETA TRITON 3X116 G, VAINILLA",2.0 x 1 UN $2490 Bruto/$2092.5 Neto,RENDIC HERMANOS S.A.,,Client 2026-08-14: supermarket food and drink go to Otros Gastos RRHH.,,,
GC-00124,EXP-1.1,Otros Gastos RRHH,client_convention,TORTA PANQUEQUE NARANJA JUMBO 15P V3,,CENCOSUD RETAIL S.A.,,Client 2026-08-14: supermarket food and drink go to Otros Gastos RRHH.,,,
GC-00125,EXP-1.1,Otros Gastos RRHH,client_convention,JAMON SANDWICH PF GRANEL,,CENCOSUD RETAIL S.A.,,Client 2026-08-14: supermarket food and drink go to Otros Gastos RRHH.,,,
GC-00126,EXP-1.1,Otros Gastos RRHH,client_convention,BEBIDA CON TE FLOR DE CEREZO LILA,,CENCOSUD RETAIL S.A.,,Client 2026-08-14: supermarket food and drink go to Otros Gastos RRHH.,,,
GC-00127,EXP-1.1,Otros Gastos RRHH,client_convention,GALLETA DONUTS COSTA NARANJA BITER 100 G,JUMBO OFERTA $ 780,CENCOSUD RETAIL S.A.,,Client 2026-08-14: supermarket food and drink go to Otros Gastos RRHH.,,,
GC-00128,EXP-1.1,Otros Gastos RRHH,client_convention,GALLETA DEU SCONES 250GRS.,JUMBO OFERTA $ 500,CENCOSUD RETAIL S.A.,,Client 2026-08-14: supermarket food and drink go to Otros Gastos RRHH.,,,
GC-00129,EXP-1.1,Otros Gastos RRHH,client_convention,GALLETA FIESTA COSTA MANTEQUILLA 140 G,,CENCOSUD RETAIL S.A.,,Client 2026-08-14: supermarket food and drink go to Otros Gastos RRHH.,,,
GC-00130,EXP-1.1,Otros Gastos RRHH,client_convention,GALLETAS DELICIAS PAN DE PASCUA,,CENCOSUD RETAIL S.A.,,Client 2026-08-14: supermarket food and drink go to Otros Gastos RRHH.,,,
GC-00131,EXP-1.1,Otros Gastos RRHH,client_convention,GALLETA OREO ROLLO SELENA GOMEZ 30X108G,,CENCOSUD RETAIL S.A.,,Client 2026-08-14: supermarket food and drink go to Otros Gastos RRHH.,,,
GC-00132,EXP-1.1,Otros Gastos RRHH,client_convention,GALLETA GRETEL COSTA CHOCOLATE 85 G,OFERTA SEMANAL $ 120,CENCOSUD RETAIL S.A.,,Client 2026-08-14: supermarket food and drink go to Otros Gastos RRHH.,,,
GC-00133,EXP-1.1,Otros Gastos RRHH,client_convention,GALLETA TUAREG COSTA 120 G,JUMBO OFERTA $ 160,CENCOSUD RETAIL S.A.,,Client 2026-08-14: supermarket food and drink go to Otros Gastos RRHH.,,,
GC-00134,EXP-1.1,Otros Gastos RRHH,client_convention,GALLETA TRITON NARANJA 116GR,,CENCOSUD RETAIL S.A.,,Client 2026-08-14: supermarket food and drink go to Otros Gastos RRHH.,,,
GC-00135,EXP-1.1,Otros Gastos RRHH,client_convention,GALLETA TRITON VAINILLA PACK 3X116GR,,CENCOSUD RETAIL S.A.,,Client 2026-08-14: supermarket food and drink go to Otros Gastos RRHH.,,,
GC-00136,EXP-1.1,Otros Gastos RRHH,client_convention,GALLETA FIESTA COSTA LIMON 140GR,,CENCOSUD RETAIL S.A.,,Client 2026-08-14: supermarket food and drink go to Otros Gastos RRHH.,,,
GC-00137,EXP-1.1,Otros Gastos RRHH,client_convention,GALLETA WAFERS CHOCOLATE CUISINE CO 150G,JUMBO OFERTA $ 590,CENCOSUD RETAIL S.A.,,Client 2026-08-14: supermarket food and drink go to Otros Gastos RRHH.,,,
GC-00138,EXP-1.1,Otros Gastos RRHH,client_convention,FRAGUE ACRILICO CAFE OSCURO SIKA C710 300ML -@,FRAGUE ACRILICO CAFE OSCURO SIKA C710 300ML -@,DORIS IVONNE CASTILLO KANTER,,Client 2026-08-14: supermarket food and drink go to Otros Gastos RRHH.,,,
GC-00139,EXP-1.1,Otros Gastos RRHH,client_convention,GALLETA GRETEL COSTA YOGHURT FRUT 85 G,,CENCOSUD RETAIL S.A.,,Client 2026-08-14: supermarket food and drink go to Otros Gastos RRHH.,,,
GC-00140,EXP-1.1,Otros Gastos RRHH,client_convention,GALLETA DEU SCONES 250GRS.,,CENCOSUD RETAIL S.A.,,Client 2026-08-14: supermarket food and drink go to Otros Gastos RRHH.,,,
GC-00141,EXP-1.1,Otros Gastos RRHH,client_convention,GALLETA DONUTS COSTA NARANJA BITER 100 G,,CENCOSUD RETAIL S.A.,,Client 2026-08-14: supermarket food and drink go to Otros Gastos RRHH.,,,
GC-00142,EXP-1.1,Otros Gastos RRHH,client_convention,GALLETA TUAREG COSTA 120 G,,CENCOSUD RETAIL S.A.,,Client 2026-08-14: supermarket food and drink go to Otros Gastos RRHH.,,,
GC-00143,EXP-1.1,Otros Gastos RRHH,client_convention,GALLETA BIPACK TRITON CHOCOLATE 2X95G,,CENCOSUD RETAIL S.A.,,Client 2026-08-14: supermarket food and drink go to Otros Gastos RRHH.,,,
GC-00144,EXP-1.1,Otros Gastos RRHH,client_convention,GALLETA COSTA OBSESION MENTA 85GR,JUMBO OFERTA $ 260,CENCOSUD RETAIL S.A.,,Client 2026-08-14: supermarket food and drink go to Otros Gastos RRHH.,,,
GC-00145,EXP-1.1,Otros Gastos RRHH,client_convention,"CERVEZA CRISTAL 12 X 350 CC LATA G 4,6",3.0 x 1 UN $8390 Bruto/$6014.3333 Neto,RENDIC HERMANOS S.A.,,Client 2026-08-14: supermarket food and drink go to Otros Gastos RRHH.,,,
GC-00146,EXP-1.1,Otros Gastos RRHH,client_convention,"CERVEZA CERO ALCOHOL CRISTAL 350 CC LATA G 0,0",2.0 x 1 DIS $5690 Bruto/$4410.5 Neto,RENDIC HERMANOS S.A.,,Client 2026-08-14: supermarket food and drink go to Otros Gastos RRHH.,,,
GC-00147,EXP-1.1,Otros Gastos RRHH,client_convention,"CERVEZA CRISTAL RADLER CERO 350 CC LATA G 0,0",2.0 x 1 DIS $5690 Bruto/$4410.5 Neto,RENDIC HERMANOS S.A.,,Client 2026-08-14: supermarket food and drink go to Otros Gastos RRHH.,,,
GC-00148,EXP-1.1,Otros Gastos RRHH,client_convention,COCA COLA SIN AZUCAR DESECHABLE 3 LT,4.0 x 1 UN $3150 Bruto/$2442.25 Neto,RENDIC HERMANOS S.A.,,Client 2026-08-14: supermarket food and drink go to Otros Gastos RRHH.,,,
GC-00149,EXP-1.1,Otros Gastos RRHH,client_convention,VISION CLARA MANZANA SONAX 250ML,VISION CLARA MANZANA SONAX 250ML,COOPERATIVA AGRICOLA Y LECHERA DE LA UNION LTDA.,,Client 2026-08-14: supermarket food and drink go to Otros Gastos RRHH.,,,
GC-00150,EXP-1.1,Otros Gastos RRHH,client_convention,GALLETA CHAMPANA COSTA 140 GR,1.0 x 1 UN $1990 Bruto/$1672.0 Neto,RENDIC HERMANOS S.A.,,Client 2026-08-14: supermarket food and drink go to Otros Gastos RRHH.,,,
GC-00151,EXP-1.1,Otros Gastos RRHH,client_convention,GALLETA LIMON MCKAY 120 GR,2.0 x 1 UN $960 Bruto/$806.5 Neto,RENDIC HERMANOS S.A.,,Client 2026-08-14: supermarket food and drink go to Otros Gastos RRHH.,,,
GC-00152,EXP-1.1,Otros Gastos RRHH,client_convention,"GALLETA COSTA 140 GR, MANTEQUILLA",2.0 x 1 UN $950 Bruto/$798.5 Neto,RENDIC HERMANOS S.A.,,Client 2026-08-14: supermarket food and drink go to Otros Gastos RRHH.,,,
GC-00153,EXP-1.1,Otros Gastos RRHH,client_convention,"GALLETA GRETEL COSTA 85 GR, YOG FRUTILLA",2.0 x 1 UN $1390 Bruto/$1168.0 Neto,RENDIC HERMANOS S.A.,,Client 2026-08-14: supermarket food and drink go to Otros Gastos RRHH.,,,
GC-00154,EXP-1.1,Otros Gastos RRHH,client_convention,"GALLETA COSTA 125 GR, COCO",2.0 x 1 UN $950 Bruto/$798.5 Neto,RENDIC HERMANOS S.A.,,Client 2026-08-14: supermarket food and drink go to Otros Gastos RRHH.,,,
GC-00155,EXP-1.1,Otros Gastos RRHH,client_convention,"GALLETA DONUTS COSTA 100 GR, BITTER",3.0 x 1 UN $1340 Bruto/$1126.0 Neto,RENDIC HERMANOS S.A.,,Client 2026-08-14: supermarket food and drink go to Otros Gastos RRHH.,,,
GC-00156,EXP-1.1,Otros Gastos RRHH,client_convention,"GALLETA TRITON MCKAY 116GR, FRUTILLA",2.0 x 1 UN $820 Bruto/$689.0 Neto,RENDIC HERMANOS S.A.,,Client 2026-08-14: supermarket food and drink go to Otros Gastos RRHH.,,,
GC-00157,EXP-1.1,Otros Gastos RRHH,client_convention,"GALLETA TRITON MCKAY 116GR, VAINILLA",2.0 x 1 UN $820 Bruto/$689.0 Neto,RENDIC HERMANOS S.A.,,Client 2026-08-14: supermarket food and drink go to Otros Gastos RRHH.,,,
GC-00158,EXP-1.1,Otros Gastos RRHH,client_convention,COCA COLA DESECHABLE 591 CC,1.0 x 1 UN $1250 Bruto/$912.0 Neto,RENDIC HERMANOS S.A.,,Client 2026-08-14: supermarket food and drink go to Otros Gastos RRHH.,,,
AN-00001,AF-1.1,COMPRAS DE ANIMALES,client_new_category,VAQUILLAS,,MARS AGRICOLA SPA,,Live animals bought direct from a breeder. Found 2026-08-14 sweep; had no valid label before.,,,
AN-00002,AF-1.1,COMPRAS DE ANIMALES,client_new_category,VAQUILLAS PREÑADAS,,AGRICOLA Y GANADERA EMERALD LIMITADA,,Live animals bought direct from a breeder. Found 2026-08-14 sweep; had no valid label before.,,,
AN-00003,AF-1.1,COMPRAS DE ANIMALES,client_new_category,VAQUILLA PARA ENCASTE,,AGRICOLA WEBER HUBER LIMITADA,,Live animals bought direct from a breeder. Found 2026-08-14 sweep; had no valid label before.,,,
FA-00001,AF-2.1,COMPRAS DE ACTIVO FIJO,client_new_category,Item,"TRACTOR DE JARDÍN JOHN DEERE~MODELO S140 DE 22 HP DE POTENCIA.~PLATAFORMA DE CORTE DE 122 CM DE ANCHO DE EDGE#.~TRANSMISIÓN HIDROESTÁTICA.~ACTIVACIÓN DE LA UNIDAD ELÉCTRICA, ORIGEN USA.~COMBUSTIBLE BENCINERO.~NUEVO Y SIN USO, COLOR VERDE, AÑO COMERCIAL 2025,~P.B.V. 212 KG.~Chasis 1GXS140AHRR300463~Motor 2403188751072~CDO Nº~FACTURA POR USD $3.900 + IVA. TC $1.012,36",SALINAS Y FABRES S.A.,,"Client 2026-08-14 offered an ""activo fijo"" category for asset purchases. Buying a durable asset had no valid label before.",,,
FA-00002,AF-2.1,COMPRAS DE ACTIVO FIJO,client_new_category,35% de anticipo de,construccion galpon Fundo el Maiten,CONSTRUCTORA RAUL ERNESTO PALMA RISOPATRON E.I.R.L.,,"Client 2026-08-14 offered an ""activo fijo"" category for asset purchases. Buying a durable asset had no valid label before.",,,
FA-00003,AF-2.1,COMPRAS DE ACTIVO FIJO,client_new_category,GENERADOR MONOFASICO GO1200 GTA 12KVA KOLVOK,,BOBINADOS INDUSTRIALES LONCOMILLA SPA,,"Client 2026-08-14 offered an ""activo fijo"" category for asset purchases. Buying a durable asset had no valid label before.",,,
FA-00004,AF-2.1,COMPRAS DE ACTIVO FIJO,client_new_category,GENERADOR MONOFASICO GO1200 GTA 12KVA KOLVOK,OFERTA ESPECIAL PARA DON FELIPE ANGUITA MEDIO DE PAGO TRANSFERENCIA ELECTRONICA,BOBINADOS INDUSTRIALES LONCOMILLA SPA,,"Client 2026-08-14 offered an ""activo fijo"" category for asset purchases. Buying a durable asset had no valid label before.",,,
FA-00005,AF-2.1,COMPRAS DE ACTIVO FIJO,client_new_category,Estado de pago Nº1,construccion de galpon Fundo El Maiten,CONSTRUCTORA RAUL ERNESTO PALMA RISOPATRON E.I.R.L.,,"Client 2026-08-14 offered an ""activo fijo"" category for asset purchases. Buying a durable asset had no valid label before.",,,
FA-00006,AF-2.1,COMPRAS DE ACTIVO FIJO,client_new_category,MOTO NUEVA SIN USO,MARCA: HONDA MODELO: TRX 420 FM COLOR: ROJO AÑO: 2025 VIN: 1HFTE40U8RJ001435 MOTOR: TE40E8858394 PBV: 465 KG TIPO DE COMBUSTIBLE: 93 OCTANOS GASOLINA,ENRIQUE RICARDO SCHMIDT ROJAS,,"Client 2026-08-14 offered an ""activo fijo"" category for asset purchases. Buying a durable asset had no valid label before.",,,
FA-00007,AF-2.1,COMPRAS DE ACTIVO FIJO,client_new_category,GENERADOR MONOFASICO GO1200 GTA 12KVA KOLVOK,¡¡ DESCUENTO ESPECIAL !! CLIENTE : FELIPE ANGUITA .,BOBINADOS INDUSTRIALES LONCOMILLA SPA,,"Client 2026-08-14 offered an ""activo fijo"" category for asset purchases. Buying a durable asset had no valid label before.",,,
FA-00008,AF-2.1,COMPRAS DE ACTIVO FIJO,client_new_category,Contenedor de 40 pies,habilitado,SOCIEDAD INVERSIONES SERCO SPA,,"Client 2026-08-14 offered an ""activo fijo"" category for asset purchases. Buying a durable asset had no valid label before.",,,
FA-00009,AF-2.1,COMPRAS DE ACTIVO FIJO,client_new_category,portones,,CONSTRUCTORA RAUL ERNESTO PALMA RISOPATRON E.I.R.L.,,"Client 2026-08-14 offered an ""activo fijo"" category for asset purchases. Buying a durable asset had no valid label before.",,,
FA-00010,AF-2.1,COMPRAS DE ACTIVO FIJO,client_new_category,PORTON METALICO 7mt x1.60,,COMERCIAL TCS SPA,,"Client 2026-08-14 offered an ""activo fijo"" category for asset purchases. Buying a durable asset had no valid label before.",,,
FA-00011,AF-2.1,COMPRAS DE ACTIVO FIJO,client_new_category,TIPO VEHÍCULO: CAMIONETA,,Automotriz Cordillera S.A.,,"Client 2026-08-14 offered an ""activo fijo"" category for asset purchases. Buying a durable asset had no valid label before.",,,
FA-00012,AF-2.1,COMPRAS DE ACTIVO FIJO,client_new_category,Carro bebedero,Capacidad de 8.000L,DANIEL PATRICIO CASTRO ASCENCIO,,"Client 2026-08-14 offered an ""activo fijo"" category for asset purchases. Buying a durable asset had no valid label before.",,,
FA-00013,AF-2.1,COMPRAS DE ACTIVO FIJO,client_new_category,Carro bebedero,Capacidad 8.000L,DANIEL PATRICIO CASTRO ASCENCIO,,"Client 2026-08-14 offered an ""activo fijo"" category for asset purchases. Buying a durable asset had no valid label before.",,,
