row_id,input_id,source_file,period,folio,nro_lin_det,direction,invoice_date,document_type,provider_rut,provider_giro,item_text,description,provider,farm,meter_code,amount,unit_price,xml_document_kind,source,prediction,top1,margin,entropy,decision,reason,top3,model_prediction,model_top1,lookup_conflict,exact_known_truth,exact_known_consistent,risk_flags,evidence_tier,correction
18,COMPRAS|84262528|131|1,DTE_033_000000000131_84262528.xml,2025-01,131,1,COMPRAS,2025-01-24,33,84262528,SUB. GAS/PROVISIONES/CARNICERIA/CONF./EXP CERVEZAS/PENSION/AGRICULTOR,Galón de Gas 45 kgs.,,JULIA IGNACIA FUENTES FLORES,,,84034,84034.00,Documento,silver_audit_backfill,EXP-11.5,0.819685,0.713,0.714312,auto_accept,,EXP-11.5:0.8197;EXP-11.4:0.1067;ADM-1.4:0.0460,EXP-11.5,0.819685,False,,,,silver_audit,recovered
44,COMPRAS|777616161|400|1,DTE_033_000000000400_777616161.xml,2025-01,400,1,COMPRAS,2025-01-31,33,777616161,LABORATORIO DE ANALISIS Y SERVICIOS,Analisis Nirs,Bolos de Ballica - Yutreco x 4 bolo y parva de ballica - Maiten x 9 Bramadero 10 Convenio Javier Silva,ROCK RIVER LABORATORY LIMITADA,,,1058000,46000.00,Documento,silver_audit_backfill,EXP-12.1,0.330413,0.019288,1.722272,auto_accept,,EXP-4.3:0.3304;EXP-4.2:0.3111;EXP-12.1:0.1683,EXP-4.3,0.330413,False,,,,silver_audit,recovered_over_model_disagreement
52,COMPRAS|773568596|468|1,DTE_033_000000000468_773568596.xml,2025-01,468,1,COMPRAS,2025-01-04,33,773568596,AGRICOLA Y PRESTACION SERVICIOS AGRICOLAS,DICIEMBRE LAS RAICES,SERVICIO DE CARO PURINERO CORRESPONDIENTE A (19 CARROS X 10.000 LT Y 11 CARROS X 10.400),AGRÍCOLA RIBERAS DEL SAUCE SPA,,,456600,1.50,Documento,manually_audited_near_identical_backfill,EXP-15.5,0.331975,0.125651,2.503574,auto_accept,,EXP-14.1:0.3320;EXP-13.3:0.2063;ADM-1.4:0.0676,EXP-14.1,0.331975,False,,,,manually_audited_near_identical,recovered_over_model_disagreement
54,COMPRAS|119206855|479|1,DTE_033_000000000479_119206855.xml,2025-01,479,1,COMPRAS,2025-01-04,33,119206855,ASERRADERO PORTATIL MADERAS Y COMERC/PRODUCTOS FORESTALES Y MADERAS,Confección de bolos,,HECTOR ADRIAN VALENZUELA PAREDES,,,22104000,18000.00,Documento,manually_audited_near_identical_backfill,EXP-4.2,0.725961,0.593977,1.048345,auto_accept,,EXP-4.2:0.7260;EXP-4.3:0.1320;EXP-5.4:0.0605,EXP-4.2,0.725961,False,,,,manually_audited_near_identical,recovered
56,COMPRAS|119206855|480|1,DTE_033_000000000480_119206855.xml,2025-01,480,1,COMPRAS,2025-01-04,33,119206855,ASERRADERO PORTATIL MADERAS Y COMERC/PRODUCTOS FORESTALES Y MADERAS,Confección de bolos,,HECTOR ADRIAN VALENZUELA PAREDES,,,2772000,18000.00,Documento,manually_audited_near_identical_backfill,EXP-4.2,0.725961,0.593977,1.048345,auto_accept,,EXP-4.2:0.7260;EXP-4.3:0.1320;EXP-5.4:0.0605,EXP-4.2,0.725961,False,,,,manually_audited_near_identical,recovered
62,COMPRAS|770334063|1125|1,DTE_033_000000001125_770334063.xml,2025-01,1125,1,COMPRAS,2025-01-02,33,770334063,SERVICIOS MECANICOS A DOMICILIO DE MOTOCICLETAS,mantencion trx 520,,MULTIMOTOS OSORNO SPA,,,67227,67226.80,Documento,manually_audited_near_identical_backfill,EXP-13.2,0.275622,0.000383,2.204358,auto_accept,,EXP-13.1:0.2756;EXP-10.1:0.2752;EXP-14.4:0.1345,EXP-13.1,0.275622,False,,,,manually_audited_near_identical,recovered_over_model_disagreement
73,COMPRAS|760726559|2367|1,DTE_033_000000002367_760726559.xml,2025-01,2367,1,COMPRAS,2025-01-27,33,760726559,ASESORIAS AGRICOLAS,CONTROL DE ROEDORES,"PROGRAMA DE CONTROL DE ROEDORES AL PREDIO RAICES, VISITAS REALIZADAS 7/01/2025 HT6415; 21/01/2025 HT6440.",H2 ASESORIAS Y SERVICIOS SPA,,,65000,65000.00,Documento,silver_audit_backfill,EXP-7.0,0.574824,0.347372,1.549189,auto_accept,,EXP-7.0:0.5748;EXP-9.2:0.2275;EXP-10.1:0.0300,EXP-7.0,0.574824,False,,,,silver_audit,recovered
74,COMPRAS|760726559|2368|1,DTE_033_000000002368_760726559.xml,2025-01,2368,1,COMPRAS,2025-01-27,33,760726559,ASESORIAS AGRICOLAS,CONTROL DE ROEDORES,"CONTROL DE ROEDORES PREDIO YUTRECO, VISITAS REALIZADA 8/01/2025 HT6420; 22/01/2025 HT6445.",H2 ASESORIAS Y SERVICIOS SPA,,,60000,60000.00,Documento,silver_audit_backfill,EXP-7.0,0.497315,0.199106,1.611332,auto_accept,,EXP-7.0:0.4973;EXP-9.2:0.2982;EXP-10.1:0.0340,EXP-7.0,0.497315,False,,,,silver_audit,recovered
75,COMPRAS|760726559|2379|1,DTE_033_000000002379_760726559.xml,2025-01,2379,1,COMPRAS,2025-01-29,33,760726559,ASESORIAS AGRICOLAS,CONTROL DE ROEDORES,"PROGRAMA DE CONTROL DE ROEDORES PREDIO BRAMADERO, VISITAS REALIZADAS 15/01/2025 HT6433; 29/01/2025 HT6460.",H2 ASESORIAS Y SERVICIOS SPA,,,61500,61500.00,Documento,silver_audit_backfill,EXP-7.0,0.549034,0.327249,1.668509,auto_accept,,EXP-7.0:0.5490;EXP-9.2:0.2218;EXP-10.1:0.0327,EXP-7.0,0.549034,False,,,,silver_audit,recovered
76,COMPRAS|760726559|2380|1,DTE_033_000000002380_760726559.xml,2025-01,2380,1,COMPRAS,2025-01-29,33,760726559,ASESORIAS AGRICOLAS,CONTROL DE ROEDORES,"PROGRAMA DE CONTROL DE ROEDORES AL PREDIO EL MAITEN, VISITAS REALIZADAS 15/01/2025 HT6434; 29/01/2025 HT6461.",H2 ASESORIAS Y SERVICIOS SPA,,,154500,154500.00,Documento,silver_audit_backfill,EXP-7.0,0.548576,0.318319,1.640642,auto_accept,,EXP-7.0:0.5486;EXP-9.2:0.2303;ADM-1.6:0.0311,EXP-7.0,0.548576,False,,,,silver_audit,recovered
77,COMPRAS|760726559|2391|1,DTE_033_000000002391_760726559.xml,2025-01,2391,1,COMPRAS,2025-01-31,33,760726559,ASESORIAS AGRICOLAS,CONTROL DE ROEDORES,PROGRAMA DE CONTROL DE ROEDORES CASA ADM HT6468.,H2 ASESORIAS Y SERVICIOS SPA,,,38000,38000.00,Documento,silver_audit_backfill,EXP-7.0,0.557981,0.372789,1.728366,auto_accept,,EXP-7.0:0.5580;EXP-9.2:0.1852;EXP-10.1:0.0425,EXP-7.0,0.557981,False,,,,silver_audit,recovered
99,COMPRAS|770691567|11578|1,DTE_033_000000011578_770691567.xml,2025-01,11578,1,COMPRAS,2025-01-03,33,770691567,VENTA AL POR MENOR DE ARTICULOS DE FERRETERIA Y MATERIALES DE CONSTRUCCION,COPLA 32 MM HDPE,,TODO CONSTRUCCION SUR SPA,,,81900,5460.000000,Documento,silver_audit_backfill,EXP-14.3,0.532448,0.441287,2.028133,auto_accept,,EXP-14.3:0.5324;EXP-10.4:0.0912;EXP-8.4:0.0561,EXP-14.3,0.532448,False,,,,silver_audit,recovered
145,COMPRAS|771552897|56854|1,DTE_033_000000056854_771552897.xml,2025-01,56854,1,COMPRAS,2025-01-03,33,771552897,AGROINDUSTRIA,BIOLACT ANTILLANCA GRANEL,,AGROCOMERCIAL IANSA S.A.,,A096685810,3745960,284.000,Documento,client_evidence_backfill,EXP-5.1,0.792513,0.709271,0.939673,auto_accept,,EXP-5.1:0.7925;EXP-5.2:0.0832;EXP-6.5:0.0582,EXP-5.1,0.792513,False,,,,client_evidence,recovered
146,COMPRAS|771552897|56855|1,DTE_033_000000056855_771552897.xml,2025-01,56855,1,COMPRAS,2025-01-07,33,771552897,AGROINDUSTRIA,BIOLACT ANTILLANCA GRANEL,,AGROCOMERCIAL IANSA S.A.,,A096685810,3771520,284.000,Documento,client_evidence_backfill,EXP-5.1,0.792513,0.709271,0.939673,auto_accept,,EXP-5.1:0.7925;EXP-5.2:0.0832;EXP-6.5:0.0582,EXP-5.1,0.792513,False,,,,client_evidence,recovered
147,COMPRAS|771552897|57123|1,DTE_033_000000057123_771552897.xml,2025-01,57123,1,COMPRAS,2025-01-13,33,771552897,AGROINDUSTRIA,BIOLACT ANTILLANCA GRANEL,,AGROCOMERCIAL IANSA S.A.,,A096685810,3831160,284.000,Documento,client_evidence_backfill,EXP-5.1,0.792513,0.709271,0.939673,auto_accept,,EXP-5.1:0.7925;EXP-5.2:0.0832;EXP-6.5:0.0582,EXP-5.1,0.792513,False,,,,client_evidence,recovered
148,COMPRAS|771552897|57362|1,DTE_033_000000057362_771552897.xml,2025-01,57362,1,COMPRAS,2025-01-21,33,771552897,AGROINDUSTRIA,BIOLACT ANTILLANCA GRANEL,,AGROCOMERCIAL IANSA S.A.,,A096685810,3862400,284.000,Documento,client_evidence_backfill,EXP-5.1,0.792513,0.709271,0.939673,auto_accept,,EXP-5.1:0.7925;EXP-5.2:0.0832;EXP-6.5:0.0582,EXP-5.1,0.792513,False,,,,client_evidence,recovered
149,COMPRAS|771552897|57503|1,DTE_033_000000057503_771552897.xml,2025-01,57503,1,COMPRAS,2025-01-27,33,771552897,AGROINDUSTRIA,BIOLACT ANTILLANCA GRANEL,,AGROCOMERCIAL IANSA S.A.,,A096685810,3626680,284.000,Documento,client_evidence_backfill,EXP-5.1,0.792513,0.709271,0.939673,auto_accept,,EXP-5.1:0.7925;EXP-5.2:0.0832;EXP-6.5:0.0582,EXP-5.1,0.792513,False,,,,client_evidence,recovered
153,COMPRAS|762599570|189892|1,DTE_033_000000189892_762599570.xml,2025-01,189892,1,COMPRAS,2025-01-14,33,762599570,SERVICENTRO,93 S/P,,ESTACIONES DE SERVICIO PAOLA USLAR MOLINA E.I.R.L.,,,66389,825.27,Documento,client_evidence_backfill,ADM-1.4,0.746355,0.704891,1.381561,auto_accept,,ADM-1.4:0.7464;EXP-11.4:0.0415;EXP-10.1:0.0346,ADM-1.4,0.746355,False,,,,client_evidence,recovered
207,COMPRAS|66554732|206711|6,DTE_033_000000206711_66554732.xml,2025-01,206711,6,COMPRAS,2025-01-24,33,66554732,Ferretería,BALON GAS DESECHABLE 190 GR PROVIDUS -@,BALON GAS DESECHABLE 190 GR PROVIDUS -@,DORIS IVONNE CASTILLO KANTER,,96685810,9245,1849,Documento,silver_audit_backfill,EXP-11.5,0.86916,0.764807,0.537015,auto_accept,,EXP-11.5:0.8692;EXP-16.2:0.1044;EXP-11.4:0.0043,EXP-11.5,0.86916,False,,,,silver_audit,recovered
302,COMPRAS|969183005|551719|6,DTE_033_000000551719_969183005.xml,2025-01,551719,6,COMPRAS,2025-01-03,33,969183005,"SS.DE REPARACION DE AUTOMOVILES, COMPRA-VENTA DE VEHICULOS NUEVOS Y USADOS",S-MD40 CUARTA MANTENCION,A@S-MD40 CUARTA MANTENCION,DIFOR CHILE S.A.,,,0,,Documento,client_evidence_backfill,EXP-13.3,0.909282,0.851664,0.467813,auto_accept,,EXP-13.3:0.9093;EXP-13.1:0.0576;EXP-10.1:0.0050,EXP-13.3,0.909282,False,,,,client_evidence,recovered
326,COMPRAS|990120005|622975|1,DTE_033_000000622975_990120005.xml,2025-01,622975,1,COMPRAS,2025-01-07,33,990120005,Seguros de Vida,Seguro Colectivo. Poliza Nro. 12799,,Cia de Seguros de Vida Consorcio Nacional de Seguros SA,,,585889,,Documento,silver_audit_backfill,ADM-2.2,0.804647,0.722246,0.934617,auto_accept,,ADM-2.2:0.8046;ADM-1.4:0.0824;ADM-1.8:0.0247,ADM-2.2,0.804647,False,,,,silver_audit,recovered
358,COMPRAS|967754005|660820|1,DTE_033_000000660820_967754005.xml,2025-01,660820,1,COMPRAS,2025-01-24,33,967754005,Distribución de Insumos y Maquinaria Agrícola,FILM PARA BOLO WINPACK 750MM X 1500MT BLANCO,ROLLO 1500 MT|,Tattersall AgroInsumos S.A.,,C096685810,260000,65000.000000,Documento,silver_audit_backfill,EXP-4.3,0.795925,0.733427,1.074516,auto_accept,,EXP-4.3:0.7959;EXP-4.2:0.0625;EXP-1.1:0.0175,EXP-4.3,0.795925,False,,,,silver_audit,recovered
439,COMPRAS|97080000K|3173255|1,DTE_033_000003173255_97080000K.xml,2025-01,3173255,1,COMPRAS,2025-01-08,33,97080000K,BANCO COMERCIAL,Comisión por Nóminas en Línea CCA,,BANCO BICE,,,447401,447401,Documento,silver_audit_backfill,ADM-1.7,0.517366,0.394462,1.727873,auto_accept,,ADM-1.7:0.5174;EXP-15.1:0.1229;ADM-1.10:0.1009,ADM-1.7,0.517366,False,,,,silver_audit,recovered
488,COMPRAS|823926006|4860777|1,DTE_033_000004860777_823926006.xml,2025-01,4860777,1,COMPRAS,2025-01-15,33,823926006,"CRIA DE GANADO Y BOVINO, ESTACION SERV.",LEUCOSIS ELISA SUERO POOL 10 MUESTRAS,,COOPERATIVA AGRICOLA Y DE SERVICIOS LTDA,,0010042407,386100,3900,Documento,silver_audit_backfill,EXP-12.2,0.496826,0.389221,2.068154,auto_accept,,EXP-12.2:0.4968;EXP-8.2:0.1076;EXP-8.4:0.0700,EXP-12.2,0.496826,False,,,,silver_audit,recovered
494,COMPRAS|823926006|4864235|2,DTE_033_000004864235_823926006.xml,2025-01,4864235,2,COMPRAS,2025-01-20,33,823926006,"CRIA DE GANADO Y BOVINO, ESTACION SERV.",LEUCOSIS ELISA SUERO POOL 10 MUESTRAS,,COOPERATIVA AGRICOLA Y DE SERVICIOS LTDA,,0010042407,93600,3900,Documento,silver_audit_backfill,EXP-12.2,0.496826,0.389221,2.068154,auto_accept,,EXP-12.2:0.4968;EXP-8.2:0.1076;EXP-8.4:0.0700,EXP-12.2,0.496826,False,,,,silver_audit,recovered
496,COMPRAS|823926006|4864419|2,DTE_033_000004864419_823926006.xml,2025-01,4864419,2,COMPRAS,2025-01-20,33,823926006,"CRIA DE GANADO Y BOVINO, ESTACION SERV.",LEUCOSIS ELISA SUERO POOL 10 MUESTRAS,,COOPERATIVA AGRICOLA Y DE SERVICIOS LTDA,,0010042407,230100,3900,Documento,silver_audit_backfill,EXP-12.2,0.496826,0.389221,2.068154,auto_accept,,EXP-12.2:0.4968;EXP-8.2:0.1076;EXP-8.4:0.0700,EXP-12.2,0.496826,False,,,,silver_audit,recovered
498,COMPRAS|823926006|4868870|2,DTE_033_000004868870_823926006.xml,2025-01,4868870,2,COMPRAS,2025-01-27,33,823926006,"CRIA DE GANADO Y BOVINO, ESTACION SERV.",LEUCOSIS ELISA SUERO POOL 10 MUESTRAS,,COOPERATIVA AGRICOLA Y DE SERVICIOS LTDA,,0010042407,257400,3900,Documento,silver_audit_backfill,EXP-12.2,0.496826,0.389221,2.068154,auto_accept,,EXP-12.2:0.4968;EXP-8.2:0.1076;EXP-8.4:0.0700,EXP-12.2,0.496826,False,,,,silver_audit,recovered
531,COMPRAS|810941006|27783122|1,DTE_033_000027783122_810941006.xml,2025-01,27783122,1,COMPRAS,2025-01-02,33,810941006,FABR.Y DIST.PROD.LACTEOS VTAS.INSUMOS AGRICOLAS VETER. COMBUSTIBLES Y VEHICULOS,GASOLINA 93,,COOPERATIVA AGRICOLA Y LECHERA DE LA UNION LTDA.,,0966858109,47328,788.801500,Documento,client_evidence_backfill,EXP-11.4,0.734373,0.548601,0.906511,auto_accept,,EXP-11.4:0.7344;ADM-1.4:0.1858;EXP-11.5:0.0304,EXP-11.4,0.734373,False,,,,client_evidence,recovered
533,COMPRAS|810941006|27783260|1,DTE_033_000027783260_810941006.xml,2025-01,27783260,1,COMPRAS,2025-01-06,33,810941006,FABR.Y DIST.PROD.LACTEOS VTAS.INSUMOS AGRICOLAS VETER. COMBUSTIBLES Y VEHICULOS,GASOLINA 93,,COOPERATIVA AGRICOLA Y LECHERA DE LA UNION LTDA.,,0966858109,15776,788.801500,Documento,client_evidence_backfill,EXP-11.4,0.734373,0.548601,0.906511,auto_accept,,EXP-11.4:0.7344;ADM-1.4:0.1858;EXP-11.5:0.0304,EXP-11.4,0.734373,False,,,,client_evidence,recovered
535,COMPRAS|810941006|27783288|1,DTE_033_000027783288_810941006.xml,2025-01,27783288,1,COMPRAS,2025-01-06,33,810941006,FABR.Y DIST.PROD.LACTEOS VTAS.INSUMOS AG,GASOLINA 93,,COOPERATIVA AGRICOLA Y LECHERA DE LA UNI,,0966858109,47328,788.8,Documento,client_evidence_backfill,EXP-11.4,0.742119,0.56984,0.91508,auto_accept,,EXP-11.4:0.7421;ADM-1.4:0.1723;EXP-11.5:0.0309,EXP-11.4,0.742119,False,,,,client_evidence,recovered
536,COMPRAS|810941006|27783412|1,DTE_033_000027783412_810941006.xml,2025-01,27783412,1,COMPRAS,2025-01-09,33,810941006,FABR.Y DIST.PROD.LACTEOS VTAS.INSUMOS AG,GASOLINA 93,,COOPERATIVA AGRICOLA Y LECHERA DE LA UNI,,0966858109,48004,800.0667,Documento,client_evidence_backfill,EXP-11.4,0.742119,0.56984,0.91508,auto_accept,,EXP-11.4:0.7421;ADM-1.4:0.1723;EXP-11.5:0.0309,EXP-11.4,0.742119,False,,,,client_evidence,recovered
538,COMPRAS|810941006|27783697|1,DTE_033_000027783697_810941006.xml,2025-01,27783697,1,COMPRAS,2025-01-17,33,810941006,FABR.Y DIST.PROD.LACTEOS VTAS.INSUMOS AGRICOLAS VETER. COMBUSTIBLES Y VEHICULOS,GASOLINA 93,,COOPERATIVA AGRICOLA Y LECHERA DE LA UNION LTDA.,,0966858109,33333,833.337200,Documento,client_evidence_backfill,EXP-11.4,0.734373,0.548601,0.906511,auto_accept,,EXP-11.4:0.7344;ADM-1.4:0.1858;EXP-11.5:0.0304,EXP-11.4,0.734373,False,,,,client_evidence,recovered
540,COMPRAS|810941006|27783757|1,DTE_033_000027783757_810941006.xml,2025-01,27783757,1,COMPRAS,2025-01-20,33,810941006,FABR.Y DIST.PROD.LACTEOS VTAS.INSUMOS AGRICOLAS VETER. COMBUSTIBLES Y VEHICULOS,GASOLINA 93,Retira: ANTILLANCA SPA{Impuesto base combustible: 24274{Impuesto variable combustible: -2535,COOPERATIVA AGRICOLA Y LECHERA DE LA UNION LTDA.,,0966858109,50000,833.337200,Documento,client_evidence_backfill,EXP-11.4,0.532089,0.154393,1.130639,auto_accept,,EXP-11.4:0.5321;ADM-1.4:0.3777;EXP-11.5:0.0242,EXP-11.4,0.532089,False,,,,client_evidence,recovered
541,COMPRAS|810941006|27783762|1,DTE_033_000027783762_810941006.xml,2025-01,27783762,1,COMPRAS,2025-01-20,33,810941006,FABR.Y DIST.PROD.LACTEOS VTAS.INSUMOS AGRICOLAS VETER. COMBUSTIBLES Y VEHICULOS,GASOLINA 93,,COOPERATIVA AGRICOLA Y LECHERA DE LA UNION LTDA.,,0966858109,50000,833.337200,Documento,client_evidence_backfill,EXP-11.4,0.734373,0.548601,0.906511,auto_accept,,EXP-11.4:0.7344;ADM-1.4:0.1858;EXP-11.5:0.0304,EXP-11.4,0.734373,False,,,,client_evidence,recovered
544,COMPRAS|810941006|27783884|1,DTE_033_000027783884_810941006.xml,2025-01,27783884,1,COMPRAS,2025-01-23,33,810941006,FABR.Y DIST.PROD.LACTEOS VTAS.INSUMOS AGRICOLAS VETER. COMBUSTIBLES Y VEHICULOS,GASOLINA 93,Retira: ANTILLANCA SPA{Impuesto base combustible: 46526{Impuesto variable combustible: -6795,COOPERATIVA AGRICOLA Y LECHERA DE LA UNION LTDA.,,0966858109,97655,849.171200,Documento,client_evidence_backfill,EXP-11.4,0.5207,0.129374,1.124762,auto_accept,,EXP-11.4:0.5207;ADM-1.4:0.3913;EXP-11.5:0.0227,EXP-11.4,0.5207,False,,,,client_evidence,recovered
545,COMPRAS|810941006|27783937|1,DTE_033_000027783937_810941006.xml,2025-01,27783937,1,COMPRAS,2025-01-24,33,810941006,FABR.Y DIST.PROD.LACTEOS VTAS.INSUMOS AGRICOLAS VETER. COMBUSTIBLES Y VEHICULOS,GASOLINA 93,Retira: ANTILLANCA SPA{Impuesto base combustible: 24274{Impuesto variable combustible: -3545,COOPERATIVA AGRICOLA Y LECHERA DE LA UNION LTDA.,,0966858109,50950,849.171200,Documento,client_evidence_backfill,EXP-11.4,0.544162,0.176559,1.119554,auto_accept,,EXP-11.4:0.5442;ADM-1.4:0.3676;EXP-11.5:0.0236,EXP-11.4,0.544162,False,,,,client_evidence,recovered
546,COMPRAS|810941006|27783947|1,DTE_033_000027783947_810941006.xml,2025-01,27783947,1,COMPRAS,2025-01-24,33,810941006,FABR.Y DIST.PROD.LACTEOS VTAS.INSUMOS AGRICOLAS VETER. COMBUSTIBLES Y VEHICULOS,GASOLINA 93,,COOPERATIVA AGRICOLA Y LECHERA DE LA UNION LTDA.,,0966858109,16983,849.171200,Documento,client_evidence_backfill,EXP-11.4,0.734373,0.548601,0.906511,auto_accept,,EXP-11.4:0.7344;ADM-1.4:0.1858;EXP-11.5:0.0304,EXP-11.4,0.734373,False,,,,client_evidence,recovered
548,COMPRAS|810941006|27785510|1,DTE_033_000027785510_810941006.xml,2025-01,27785510,1,COMPRAS,2025-01-03,33,810941006,FABR.Y DIST.PROD.LACTEOS VTAS.INSUMOS AGRICOLAS VETER. COMBUSTIBLES Y VEHICULOS,GASOLINA 93,Retira: ANTILLANCA SPA{Impuesto base combustible: 12137{Impuesto variable combustible: -1117,COOPERATIVA AGRICOLA Y LECHERA DE LA UNION LTDA.,,0966858109,23664,788.801500,Documento,client_evidence_backfill,EXP-11.4,0.538497,0.163645,1.11707,auto_accept,,EXP-11.4:0.5385;ADM-1.4:0.3749;EXP-11.5:0.0217,EXP-11.4,0.538497,False,,,,client_evidence,recovered
549,COMPRAS|810941006|27785578|1,DTE_033_000027785578_810941006.xml,2025-01,27785578,1,COMPRAS,2025-01-08,33,810941006,FABR.Y DIST.PROD.LACTEOS VTAS.INSUMOS AG,GASOLINA 93,,COOPERATIVA AGRICOLA Y LECHERA DE LA UNI,,0966858109,23664,788.8,Documento,client_evidence_backfill,EXP-11.4,0.742119,0.56984,0.91508,auto_accept,,EXP-11.4:0.7421;ADM-1.4:0.1723;EXP-11.5:0.0309,EXP-11.4,0.742119,False,,,,client_evidence,recovered
550,COMPRAS|810941006|27785847|1,DTE_033_000027785847_810941006.xml,2025-01,27785847,1,COMPRAS,2025-01-27,33,810941006,FABR.Y DIST.PROD.LACTEOS VTAS.INSUMOS AGRICOLAS VETER. COMBUSTIBLES Y VEHICULOS,GASOLINA 93,Retira: ANTILLANCA SPA{Impuesto base combustible: 12542{Impuesto variable combustible: -1832,COOPERATIVA AGRICOLA Y LECHERA DE LA UNION LTDA.,,0966858109,26324,849.171200,Documento,client_evidence_backfill,EXP-11.4,0.554762,0.194308,1.104533,auto_accept,,EXP-11.4:0.5548;ADM-1.4:0.3605;EXP-11.5:0.0228,EXP-11.4,0.554762,False,,,,client_evidence,recovered
551,COMPRAS|810941006|27785925|1,DTE_033_000027785925_810941006.xml,2025-01,27785925,1,COMPRAS,2025-01-31,33,810941006,FABR.Y DIST.PROD.LACTEOS VTAS.INSUMOS AGRICOLAS VETER. COMBUSTIBLES Y VEHICULOS,GASOLINA 93,Retira: ANTILLANCA SPA{Impuesto base combustible: 27106{Impuesto variable combustible: -1520,COOPERATIVA AGRICOLA Y LECHERA DE LA UNION LTDA.,,0966858109,56421,842.108300,Documento,client_evidence_backfill,EXP-11.4,0.54805,0.179605,1.1008,auto_accept,,EXP-11.4:0.5481;ADM-1.4:0.3684;EXP-11.5:0.0218,EXP-11.4,0.54805,False,,,,client_evidence,recovered
584,COMPRAS|810941006|28124565|1,DTE_033_000028124565_810941006.xml,2025-01,28124565,1,COMPRAS,2025-01-06,33,810941006,FABR.Y DIST.PROD.LACTEOS VTAS.INSUMOS AGRICOLAS VETER. COMBUSTIBLES Y VEHICULOS,GASOLINA 93,Retira: ANTILLANCA SPA{Impuesto base combustible: 27916{Impuesto variable combustible: -2570,COOPERATIVA AGRICOLA Y LECHERA DE LA UNION LTDA.,,0966858109,54427,788.801500,Documento,client_evidence_backfill,EXP-11.4,0.549313,0.184022,1.106782,auto_accept,,EXP-11.4:0.5493;ADM-1.4:0.3653;EXP-11.5:0.0224,EXP-11.4,0.549313,False,,,,client_evidence,recovered
587,COMPRAS|810941006|28124572|1,DTE_033_000028124572_810941006.xml,2025-01,28124572,1,COMPRAS,2025-01-06,33,810941006,FABR.Y DIST.PROD.LACTEOS VTAS.INSUMOS AGRICOLAS VETER. COMBUSTIBLES Y VEHICULOS,GASOLINA 93,Retira: ANTILLANCA SPA{Impuesto base combustible: 12137{Impuesto variable combustible: -1117,COOPERATIVA AGRICOLA Y LECHERA DE LA UNION LTDA.,,0966858109,23664,788.801500,Documento,client_evidence_backfill,EXP-11.4,0.538497,0.163645,1.11707,auto_accept,,EXP-11.4:0.5385;ADM-1.4:0.3749;EXP-11.5:0.0217,EXP-11.4,0.538497,False,,,,client_evidence,recovered
588,COMPRAS|810941006|28124685|1,DTE_033_000028124685_810941006.xml,2025-01,28124685,1,COMPRAS,2025-01-09,33,810941006,FABR.Y DIST.PROD.LACTEOS VTAS.INSUMOS AG,GASOLINA 93,,COOPERATIVA AGRICOLA Y LECHERA DE LA UNI,,0966858109,32977,824.425,Documento,client_evidence_backfill,EXP-11.4,0.742119,0.56984,0.91508,auto_accept,,EXP-11.4:0.7421;ADM-1.4:0.1723;EXP-11.5:0.0309,EXP-11.4,0.742119,False,,,,client_evidence,recovered
589,COMPRAS|810941006|28124686|1,DTE_033_000028124686_810941006.xml,2025-01,28124686,1,COMPRAS,2025-01-09,33,810941006,FABR.Y DIST.PROD.LACTEOS VTAS.INSUMOS AG,GASOLINA 93,,COOPERATIVA AGRICOLA Y LECHERA DE LA UNI,,0966858109,39573,824.4375,Documento,client_evidence_backfill,EXP-11.4,0.742119,0.56984,0.91508,auto_accept,,EXP-11.4:0.7421;ADM-1.4:0.1723;EXP-11.5:0.0309,EXP-11.4,0.742119,False,,,,client_evidence,recovered
591,COMPRAS|810941006|28124894|1,DTE_033_000028124894_810941006.xml,2025-01,28124894,1,COMPRAS,2025-01-17,33,810941006,FABR.Y DIST.PROD.LACTEOS VTAS.INSUMOS AGRICOLAS VETER. COMBUSTIBLES Y VEHICULOS,GASOLINA 93,Retira: ANTILLANCA SPA{Impuesto base combustible: 32366{Impuesto variable combustible: -3380,COOPERATIVA AGRICOLA Y LECHERA DE LA UNION LTDA.,,0966858109,66667,833.337200,Documento,client_evidence_backfill,EXP-11.4,0.54097,0.167877,1.114469,auto_accept,,EXP-11.4:0.5410;ADM-1.4:0.3731;EXP-11.5:0.0229,EXP-11.4,0.54097,False,,,,client_evidence,recovered
592,COMPRAS|810941006|28124895|1,DTE_033_000028124895_810941006.xml,2025-01,28124895,1,COMPRAS,2025-01-17,33,810941006,FABR.Y DIST.PROD.LACTEOS VTAS.INSUMOS AGRICOLAS VETER. COMBUSTIBLES Y VEHICULOS,GASOLINA 93,Retira: ANTILLANCA SPA{Impuesto base combustible: 33984{Impuesto variable combustible: -3549,COOPERATIVA AGRICOLA Y LECHERA DE LA UNION LTDA.,,0966858109,70000,833.337200,Documento,client_evidence_backfill,EXP-11.4,0.538568,0.164686,1.120259,auto_accept,,EXP-11.4:0.5386;ADM-1.4:0.3739;EXP-11.5:0.0223,EXP-11.4,0.538568,False,,,,client_evidence,recovered
593,COMPRAS|810941006|28124912|1,DTE_033_000028124912_810941006.xml,2025-01,28124912,1,COMPRAS,2025-01-20,33,810941006,FABR.Y DIST.PROD.LACTEOS VTAS.INSUMOS AGRICOLAS VETER. COMBUSTIBLES Y VEHICULOS,GASOLINA 93,,COOPERATIVA AGRICOLA Y LECHERA DE LA UNION LTDA.,,0966858109,25000,833.337200,Documento,client_evidence_backfill,EXP-11.4,0.734373,0.548601,0.906511,auto_accept,,EXP-11.4:0.7344;ADM-1.4:0.1858;EXP-11.5:0.0304,EXP-11.4,0.734373,False,,,,client_evidence,recovered
595,COMPRAS|810941006|28124962|1,DTE_033_000028124962_810941006.xml,2025-01,28124962,1,COMPRAS,2025-01-21,33,810941006,FABR.Y DIST.PROD.LACTEOS VTAS.INSUMOS AGRICOLAS VETER. COMBUSTIBLES Y VEHICULOS,GASOLINA 93,Retira: ANTILLANCA SPA{Impuesto base combustible: 28320{Impuesto variable combustible: -2957,COOPERATIVA AGRICOLA Y LECHERA DE LA UNION LTDA.,,0966858109,58334,833.337200,Documento,client_evidence_backfill,EXP-11.4,0.54698,0.17631,1.097534,auto_accept,,EXP-11.4:0.5470;ADM-1.4:0.3707;EXP-11.5:0.0217,EXP-11.4,0.54698,False,,,,client_evidence,recovered
596,COMPRAS|810941006|28124963|1,DTE_033_000028124963_810941006.xml,2025-01,28124963,1,COMPRAS,2025-01-21,33,810941006,FABR.Y DIST.PROD.LACTEOS VTAS.INSUMOS AGRICOLAS VETER. COMBUSTIBLES Y VEHICULOS,GASOLINA 93,Retira: ANTILLANCA SPA{Impuesto base combustible: 32366{Impuesto variable combustible: -3380,COOPERATIVA AGRICOLA Y LECHERA DE LA UNION LTDA.,,0966858109,66667,833.337200,Documento,client_evidence_backfill,EXP-11.4,0.54097,0.167877,1.114469,auto_accept,,EXP-11.4:0.5410;ADM-1.4:0.3731;EXP-11.5:0.0229,EXP-11.4,0.54097,False,,,,client_evidence,recovered
597,COMPRAS|810941006|28125072|1,DTE_033_000028125072_810941006.xml,2025-01,28125072,1,COMPRAS,2025-01-24,33,810941006,FABR.Y DIST.PROD.LACTEOS VTAS.INSUMOS AGRICOLAS VETER. COMBUSTIBLES Y VEHICULOS,GASOLINA 93,Retira: ANTILLANCA SPA{Impuesto base combustible: 16183{Impuesto variable combustible: -2364,COOPERATIVA AGRICOLA Y LECHERA DE LA UNION LTDA.,,0966858109,33967,849.171200,Documento,client_evidence_backfill,EXP-11.4,0.560476,0.202904,1.088943,auto_accept,,EXP-11.4:0.5605;ADM-1.4:0.3576;EXP-11.5:0.0228,EXP-11.4,0.560476,False,,,,client_evidence,recovered
600,COMPRAS|810941006|28125124|1,DTE_033_000028125124_810941006.xml,2025-01,28125124,1,COMPRAS,2025-01-27,33,810941006,FABR.Y DIST.PROD.LACTEOS VTAS.INSUMOS AGRICOLAS VETER. COMBUSTIBLES Y VEHICULOS,GASOLINA 93,Retira: ANTILLANCA SPA{Impuesto base combustible: 8091{Impuesto variable combustible: -1182,COOPERATIVA AGRICOLA Y LECHERA DE LA UNION LTDA.,,0966858109,16983,849.171200,Documento,client_evidence_backfill,EXP-11.4,0.56362,0.207919,1.083597,auto_accept,,EXP-11.4:0.5636;ADM-1.4:0.3557;EXP-11.5:0.0216,EXP-11.4,0.56362,False,,,,client_evidence,recovered
601,COMPRAS|810941006|28125155|1,DTE_033_000028125155_810941006.xml,2025-01,28125155,1,COMPRAS,2025-01-28,33,810941006,FABR.Y DIST.PROD.LACTEOS VTAS.INSUMOS AGRICOLAS VETER. COMBUSTIBLES Y VEHICULOS,GASOLINA 93,Retira: ANTILLANCA SPA{Impuesto base combustible: 32366{Impuesto variable combustible: -4727,COOPERATIVA AGRICOLA Y LECHERA DE LA UNION LTDA.,,0966858109,67934,849.171200,Documento,client_evidence_backfill,EXP-11.4,0.529038,0.144055,1.117274,auto_accept,,EXP-11.4:0.5290;ADM-1.4:0.3850;EXP-11.5:0.0219,EXP-11.4,0.529038,False,,,,client_evidence,recovered
604,COMPRAS|810941006|28125265|1,DTE_033_000028125265_810941006.xml,2025-01,28125265,1,COMPRAS,2025-01-31,33,810941006,FABR.Y DIST.PROD.LACTEOS VTAS.INSUMOS AGRICOLAS VETER. COMBUSTIBLES Y VEHICULOS,GASOLINA 93,Retira: ANTILLANCA SPA{Impuesto base combustible: 12137{Impuesto variable combustible: -680,COOPERATIVA AGRICOLA Y LECHERA DE LA UNION LTDA.,,0966858109,25263,842.108300,Documento,client_evidence_backfill,EXP-11.4,0.553266,0.192876,1.109301,auto_accept,,EXP-11.4:0.5533;ADM-1.4:0.3604;EXP-11.5:0.0240,EXP-11.4,0.553266,False,,,,client_evidence,recovered
672,COMPRAS|810941006|28309003|1,DTE_033_000028309003_810941006.xml,2025-01,28309003,1,COMPRAS,2025-01-27,33,810941006,FABR.Y DIST.PROD.LACTEOS VTAS.INSUMOS AGRICOLAS VETER. COMBUSTIBLES Y VEHICULOS,GASOLINA 93,Retira: ANTILLANCA SPA{Impuesto base combustible: 16183{Impuesto variable combustible: -2364,COOPERATIVA AGRICOLA Y LECHERA DE LA UNION LTDA.,,0966858109,33967,849.171200,Documento,client_evidence_backfill,EXP-11.4,0.560476,0.202904,1.088943,auto_accept,,EXP-11.4:0.5605;ADM-1.4:0.3576;EXP-11.5:0.0228,EXP-11.4,0.560476,False,,,,client_evidence,recovered
673,COMPRAS|810941006|28309030|1,DTE_033_000028309030_810941006.xml,2025-01,28309030,1,COMPRAS,2025-01-27,33,810941006,FABR.Y DIST.PROD.LACTEOS VTAS.INSUMOS AGRICOLAS VETER. COMBUSTIBLES Y VEHICULOS,GASOLINA 93,,COOPERATIVA AGRICOLA Y LECHERA DE LA UNION LTDA.,,0966858109,33967,849.171200,Documento,client_evidence_backfill,EXP-11.4,0.734373,0.548601,0.906511,auto_accept,,EXP-11.4:0.7344;ADM-1.4:0.1858;EXP-11.5:0.0304,EXP-11.4,0.734373,False,,,,client_evidence,recovered
675,COMPRAS|810941006|28309183|1,DTE_033_000028309183_810941006.xml,2025-01,28309183,1,COMPRAS,2025-01-31,33,810941006,FABR.Y DIST.PROD.LACTEOS VTAS.INSUMOS AGRICOLAS VETER. COMBUSTIBLES Y VEHICULOS,GASOLINA 93,,COOPERATIVA AGRICOLA Y LECHERA DE LA UNION LTDA.,,0966858109,50526,842.108300,Documento,client_evidence_backfill,EXP-11.4,0.734373,0.548601,0.906511,auto_accept,,EXP-11.4:0.7344;ADM-1.4:0.1858;EXP-11.5:0.0304,EXP-11.4,0.734373,False,,,,client_evidence,recovered
694,COMPRAS|815376005|41403234|10,DTE_033_000041403234_815376005.xml,2025-01,41403234,10,COMPRAS,2025-01-28,33,815376005,"GRANDES ESTABLECIMIENTOS (VENTA DE ALIMENTOS), HIPERMERCADOS",BOLSA REUTILIZABLE ALGODON GRANDE,1.0 x 1 UN $1730 Bruto/$1454.0 Neto,RENDIC HERMANOS S.A.,,,1454,1454.0,Documento,manually_audited_near_identical_backfill,ADM-1.6,0.659872,0.560026,1.626939,auto_accept,,ADM-1.6:0.6599;EXP-1.1:0.0998;EXP-10.4:0.0339,ADM-1.6,0.659872,False,,,,manually_audited_near_identical,recovered
699,COMPRAS|970040005|42305614|1,DTE_033_000042305614_970040005.xml,2025-01,42305614,1,COMPRAS,2025-01-07,33,970040005,Banco Comercial,COMISION MENSUAL ADMINISTRACION CONVENIO]REMUNERACIONES,COMISION MENSUAL ADMINISTRACION CONVENIO]REMUNERACIONES ]NUMERO DE OPERACION 02600554401 .,Banco de Chile,,,12908,12908,Documento,silver_audit_backfill,ADM-1.7,0.370805,0.201617,2.203085,auto_accept,,ADM-1.7:0.3708;ADM-1.5:0.1692;EXP-15.1:0.0886,ADM-1.7,0.370805,False,,,,silver_audit,recovered
718,COMPRAS|968480502|94246|1,DTE_034_000000094246_968480502.xml,2025-01,94246,1,COMPRAS,2025-01-20,34,968480502,Concesionario de Peaje,Recarga de Prepagos,,Ruta de los Rios Sociedad Concesionaria S.A.,,,200000,200000,Documento,client_evidence_backfill,ADM-1.4,0.546193,0.402762,1.881673,auto_accept,,ADM-1.4:0.5462;EXP-15.5:0.1434;ADM-1.7:0.0673,ADM-1.4,0.546193,False,,,,client_evidence,recovered
750,COMPRAS|772240368|221|1,DTE_033_000000000221_772240368.xml,2025-02,221,1,COMPRAS,2025-02-17,33,772240368,"CULTIVOS AGRÍCOLAS, CRÍA Y CORRETAJE DE GANADO, ACTIVIDADES VENTA LEÑA",servicio de purines,,SILVOAGROPECUARIO YERKO VERA CAMPOS EMPRESA INDIVIDUAL DE RESPONSABILI,,,450000,15000.00,Documento,silver_audit_backfill,EXP-15.5,0.377845,0.2716,2.312905,auto_accept,,EXP-15.5:0.3778;EXP-6.2:0.1062;EXP-6.4:0.0962,EXP-15.5,0.377845,False,,,,silver_audit,recovered
765,COMPRAS|770299004|380|1,DTE_033_000000000380_770299004.xml,2025-02,380,1,COMPRAS,2025-02-10,33,770299004,CRIA DE GANADO BOVINO PARA LA PRODUCCIN LECHERA,Aplicación con dron agrícola 13 ha de Rutabaga,,SOC AGRICOLA GANADERA Y FORESTAL SANTA FE LTDA,,,260000,20000,Documento,silver_audit_backfill,EXP-7.0,0.584268,0.472151,1.750786,auto_accept,,EXP-7.0:0.5843;EXP-10.3:0.1121;EXP-2.4:0.0712,EXP-7.0,0.584268,False,,,,silver_audit,recovered
766,COMPRAS|119206855|495|1,DTE_033_000000000495_119206855.xml,2025-02,495,1,COMPRAS,2025-02-28,33,119206855,ASERRADERO PORTATIL MADERAS Y COMERC/PRODUCTOS FORESTALES Y MADERAS,Confección de bolos,,HECTOR ADRIAN VALENZUELA PAREDES,,,3510000,15000.00,Documento,manually_audited_near_identical_backfill,EXP-4.2,0.725961,0.593977,1.048345,auto_accept,,EXP-4.2:0.7260;EXP-4.3:0.1320;EXP-5.4:0.0605,EXP-4.2,0.725961,False,,,,manually_audited_near_identical,recovered
769,COMPRAS|776655848|702|1,DTE_033_000000000702_776655848.xml,2025-02,702,1,COMPRAS,2025-02-04,33,776655848,"VENTA, ENVASADO Y DISTRIBUCIÓN DE AGUA PURIFICADA",Recarga Agua Purificada,,PURIFICADORA DE AGUA ALEJANDRO SALAZAR RIVERA E.I.R.L.,,,7563,2521.00,Documento,client_evidence_backfill,ADM-1.6,0.517144,0.242039,1.550521,auto_accept,,ADM-1.6:0.5171;EXP-9.2:0.2751;EXP-14.3:0.0530,ADM-1.6,0.517144,False,,,,client_evidence,recovered
770,COMPRAS|776655848|717|1,DTE_033_000000000717_776655848.xml,2025-02,717,1,COMPRAS,2025-02-11,33,776655848,"VENTA, ENVASADO Y DISTRIBUCIÓN DE AGUA PURIFICADA",Recarga Agua Purificada,,PURIFICADORA DE AGUA ALEJANDRO SALAZAR RIVERA E.I.R.L.,,,7563,2521.00,Documento,client_evidence_backfill,ADM-1.6,0.517144,0.242039,1.550521,auto_accept,,ADM-1.6:0.5171;EXP-9.2:0.2751;EXP-14.3:0.0530,ADM-1.6,0.517144,False,,,,client_evidence,recovered
772,COMPRAS|776655848|746|1,DTE_033_000000000746_776655848.xml,2025-02,746,1,COMPRAS,2025-02-22,33,776655848,"VENTA, ENVASADO Y DISTRIBUCIÓN DE AGUA PURIFICADA",Recarga Agua Purificada,,PURIFICADORA DE AGUA ALEJANDRO SALAZAR RIVERA E.I.R.L.,,,5042,2521.00,Documento,client_evidence_backfill,ADM-1.6,0.517144,0.242039,1.550521,auto_accept,,ADM-1.6:0.5171;EXP-9.2:0.2751;EXP-14.3:0.0530,ADM-1.6,0.517144,False,,,,client_evidence,recovered
773,COMPRAS|776655848|750|1,DTE_033_000000000750_776655848.xml,2025-02,750,1,COMPRAS,2025-02-26,33,776655848,"VENTA, ENVASADO Y DISTRIBUCIÓN DE AGUA PURIFICADA",Recarga Agua Purificada,,PURIFICADORA DE AGUA ALEJANDRO SALAZAR RIVERA E.I.R.L.,,,7563,2521.00,Documento,client_evidence_backfill,ADM-1.6,0.517144,0.242039,1.550521,auto_accept,,ADM-1.6:0.5171;EXP-9.2:0.2751;EXP-14.3:0.0530,ADM-1.6,0.517144,False,,,,client_evidence,recovered
786,COMPRAS|897562006|2077|1,DTE_033_000000002077_897562006.xml,2025-02,2077,1,COMPRAS,2025-02-17,33,897562006,AGRICOLA,KILOS PAJA DE TRIGO,CANTIDAD: 39 MAXIFARDOS ACOPLADO: JF-2403,AGRICOLA LAS LOMAS LIMITADA,,,1078800,60,Documento,manually_audited_near_identical_backfill,EXP-4.3,0.263919,0.167153,2.960947,auto_accept,,ADM-1.6:0.2639;EXP-10.1:0.0968;EXP-2.4:0.0826,ADM-1.6,0.263919,False,,,,manually_audited_near_identical,recovered_over_model_disagreement
787,COMPRAS|760726559|2398|1,DTE_033_000000002398_760726559.xml,2025-02,2398,1,COMPRAS,2025-02-26,33,760726559,ASESORIAS AGRICOLAS,CONTROL DE ROEDORES,"PROGRAMA DE CONTROL DE ROEDORES AL PREDIO RAICES, VISITAS REALIZADAS 4/2/2025 HT6470; 18/2/2025 HT6495.",H2 ASESORIAS Y SERVICIOS SPA,,,65000,65000.00,Documento,silver_audit_backfill,EXP-7.0,0.545877,0.298898,1.580028,auto_accept,,EXP-7.0:0.5459;EXP-9.2:0.2470;EXP-10.1:0.0400,EXP-7.0,0.545877,False,,,,silver_audit,recovered
788,COMPRAS|760726559|2399|1,DTE_033_000000002399_760726559.xml,2025-02,2399,1,COMPRAS,2025-02-26,33,760726559,ASESORIAS AGRICOLAS,CONTROL DE ROEDORES,"CONTROL DE ROEDORES PREDIO YUTRECO, VISITAS REALIZADA 5/2/2025 HT6475; 19/2/2025 HT6500.",H2 ASESORIAS Y SERVICIOS SPA,,,60000,60000.00,Documento,silver_audit_backfill,EXP-7.0,0.549492,0.316923,1.597587,auto_accept,,EXP-7.0:0.5495;EXP-9.2:0.2326;EXP-10.1:0.0495,EXP-7.0,0.549492,False,,,,silver_audit,recovered
789,COMPRAS|760726559|2400|1,DTE_033_000000002400_760726559.xml,2025-02,2400,1,COMPRAS,2025-02-26,33,760726559,ASESORIAS AGRICOLAS,CONTROL DE ROEDORES,"PROGRAMA DE CONTROL DE ROEDORES PREDIO BRAMADERO, VISITAS REALIZADAS 13/2/2025 HT6492; 26/2/2025 HT6515.",H2 ASESORIAS Y SERVICIOS SPA,,,61500,61500.00,Documento,silver_audit_backfill,EXP-7.0,0.559604,0.34189,1.620204,auto_accept,,EXP-7.0:0.5596;EXP-9.2:0.2177;EXP-10.1:0.0401,EXP-7.0,0.559604,False,,,,silver_audit,recovered
790,COMPRAS|760726559|2401|1,DTE_033_000000002401_760726559.xml,2025-02,2401,1,COMPRAS,2025-02-26,33,760726559,ASESORIAS AGRICOLAS,CONTROL DE ROEDORES,"PROGRAMA DE CONTROL DE ROEDORES AL PREDIO EL MAITEN, VISITAS REALIZADAS 13/2/2025 HT6493; 26/2/2025 HT6516.",H2 ASESORIAS Y SERVICIOS SPA,,,154500,154500.00,Documento,silver_audit_backfill,EXP-7.0,0.534516,0.291814,1.639692,auto_accept,,EXP-7.0:0.5345;EXP-9.2:0.2427;EXP-10.1:0.0395,EXP-7.0,0.534516,False,,,,silver_audit,recovered
792,COMPRAS|760726559|2421|1,DTE_033_000000002421_760726559.xml,2025-02,2421,1,COMPRAS,2025-02-28,33,760726559,ASESORIAS AGRICOLAS,CONTROL DE ROEDORES,PROGRAMA DE CONTROL DE ROEDORES CASA ADM HT6523.,H2 ASESORIAS Y SERVICIOS SPA,,,38000,38000.00,Documento,silver_audit_backfill,EXP-7.0,0.535445,0.337185,1.774042,auto_accept,,EXP-7.0:0.5354;EXP-9.2:0.1983;EXP-10.1:0.0442,EXP-7.0,0.535445,False,,,,silver_audit,recovered
804,COMPRAS|774562605|5899|1,DTE_033_000000005899_774562605.xml,2025-02,5899,1,COMPRAS,2025-02-27,33,774562605,"ROTURACION, SIEMBRAS, RECOLEC, EMPACADO, TRILLA , OTROS SERVICIOS AGRICOLAS",APLICACION KG GUANO TEBBE,APLICACION KG GUANO TEBBE,Servicios Bergström Limitada,,,6508580,13.000000,Documento,silver_audit_backfill,EXP-6.4,0.937368,0.925671,0.418821,auto_accept,,EXP-6.4:0.9374;EXP-15.5:0.0117;EXP-6.5:0.0074,EXP-6.4,0.937368,False,,,,silver_audit,recovered
805,COMPRAS|774562605|5900|1,DTE_033_000000005900_774562605.xml,2025-02,5900,1,COMPRAS,2025-02-27,33,774562605,"ROTURACION, SIEMBRAS, RECOLEC, EMPACADO, TRILLA , OTROS SERVICIOS AGRICOLAS",APLICACION KG GUANO TEBBE,APLICACION KG GUANO TEBBE,Servicios Bergström Limitada,,,2426970,13.000000,Documento,silver_audit_backfill,EXP-6.4,0.937368,0.925671,0.418821,auto_accept,,EXP-6.4:0.9374;EXP-15.5:0.0117;EXP-6.5:0.0074,EXP-6.4,0.937368,False,,,,silver_audit,recovered
806,COMPRAS|774562605|5901|1,DTE_033_000000005901_774562605.xml,2025-02,5901,1,COMPRAS,2025-02-27,33,774562605,"ROTURACION, SIEMBRAS, RECOLEC, EMPACADO, TRILLA , OTROS SERVICIOS AGRICOLAS",APLICACION KG GUANO TEBBE,APLICACION KG GUANO TEBBE,Servicios Bergström Limitada,,,8288540,13.000000,Documento,silver_audit_backfill,EXP-6.4,0.937368,0.925671,0.418821,auto_accept,,EXP-6.4:0.9374;EXP-15.5:0.0117;EXP-6.5:0.0074,EXP-6.4,0.937368,False,,,,silver_audit,recovered
840,COMPRAS|760703753|18886|8,DTE_033_000000018886_760703753.xml,2025-02,18886,8,COMPRAS,2025-02-26,33,760703753,"Importacion Exportacion y Comercializacion de Maquinarias, Repuestos e Insumos A",MANO DE OBRA SERVICIO TECNICO GILTRAP,MANO DE OBRA SERVICIO TECNICO GILTRAP,GALLAGHER CHILE SPA,,,448500,34500,Documento,silver_audit_backfill,EXP-13.1,0.298047,0.029521,2.263685,auto_accept,,EXP-13.1:0.2980;EXP-14.4:0.2685;EXP-14.2:0.0823,EXP-13.1,0.298047,False,,,,silver_audit,recovered
853,COMPRAS|760703753|18887|6,DTE_033_000000018887_760703753.xml,2025-02,18887,6,COMPRAS,2025-02-26,33,760703753,"Importacion Exportacion y Comercializacion de Maquinarias, Repuestos e Insumos A",MANO DE OBRA SERVICIO TECNICO GILTRAP,MANO DE OBRA SERVICIO TECNICO GILTRAP,GALLAGHER CHILE SPA,,,448500,34500,Documento,silver_audit_backfill,EXP-13.1,0.298047,0.029521,2.263685,auto_accept,,EXP-13.1:0.2980;EXP-14.4:0.2685;EXP-14.2:0.0823,EXP-13.1,0.298047,False,,,,silver_audit,recovered
861,COMPRAS|760703753|18888|4,DTE_033_000000018888_760703753.xml,2025-02,18888,4,COMPRAS,2025-02-26,33,760703753,"Importacion Exportacion y Comercializacion de Maquinarias, Repuestos e Insumos A",MANO DE OBRA SERVICIO TECNICO GILTRAP,MANO DE OBRA SERVICIO TECNICO GILTRAP,GALLAGHER CHILE SPA,,,345000,34500,Documento,silver_audit_backfill,EXP-13.1,0.298047,0.029521,2.263685,auto_accept,,EXP-13.1:0.2980;EXP-14.4:0.2685;EXP-14.2:0.0823,EXP-13.1,0.298047,False,,,,silver_audit,recovered
863,COMPRAS|761757865|23476|2,DTE_033_000000023476_761757865.xml,2025-02,23476,2,COMPRAS,2025-02-03,33,761757865,"INSTALACION,MANTENCION,REPARACION MAQUINARIA AGROPECUARIA,FORESTAL",TRI-PFAN 200 LTS,,GEA Farm Technologies Osorno Ltda.,,,413186,516483,Documento,client_evidence_backfill,EXP-10.3,0.506297,0.31415,1.573306,auto_accept,,EXP-10.3:0.5063;EXP-10.4:0.1921;EXP-10.1:0.1729,EXP-10.3,0.506297,False,,,,client_evidence,recovered
903,COMPRAS|771552897|57660|1,DTE_033_000000057660_771552897.xml,2025-01,57660,1,COMPRAS,2025-01-31,33,771552897,AGROINDUSTRIA,BIOLACT ANTILLANCA GRANEL,,AGROCOMERCIAL IANSA S.A.,,A096685810,3646560,284.000,Documento,client_evidence_backfill,EXP-5.1,0.792513,0.709271,0.939673,auto_accept,,EXP-5.1:0.7925;EXP-5.2:0.0832;EXP-6.5:0.0582,EXP-5.1,0.792513,False,,,,client_evidence,recovered
904,COMPRAS|771552897|57710|1,DTE_033_000000057710_771552897.xml,2025-02,57710,1,COMPRAS,2025-02-03,33,771552897,AGROINDUSTRIA,BIOLACT ANTILLANCA GRANEL,,AGROCOMERCIAL IANSA S.A.,,A096685810,3831160,284.000,Documento,client_evidence_backfill,EXP-5.1,0.792513,0.709271,0.939673,auto_accept,,EXP-5.1:0.7925;EXP-5.2:0.0832;EXP-6.5:0.0582,EXP-5.1,0.792513,False,,,,client_evidence,recovered
914,COMPRAS|969839504|120535|4,DTE_033_000000120535_969839504.xml,2025-02,120535,4,COMPRAS,2025-02-18,33,969839504,"COM. EQ.ORDEÑA,VTA.ART.ASEO Y DETER,ASESORIA",REPARACION DE EQUIPOS DE REFRIGERACION EN TERRENO,,SOCIEDAD COMERCIAL SERLAC CHILE S.A.,,,180000,180000.00000,Documento,manually_audited_near_identical_backfill,EXP-10.1,0.576551,0.434109,1.824889,auto_accept,,EXP-10.1:0.5766;ADM-1.6:0.1424;EXP-13.2:0.0648,EXP-10.1,0.576551,False,,,,manually_audited_near_identical,recovered
915,COMPRAS|969839504|120535|5,DTE_033_000000120535_969839504.xml,2025-02,120535,5,COMPRAS,2025-02-18,33,969839504,"COM. EQ.ORDEÑA,VTA.ART.ASEO Y DETER,ASESORIA",MOVILIZACION DE EQUIPOS DE REFRIGERACION,,SOCIEDAD COMERCIAL SERLAC CHILE S.A.,,,20000,20000.000000,Documento,client_evidence_backfill,EXP-10.1,0.754551,0.713575,1.327882,auto_accept,,EXP-10.1:0.7546;EXP-6.5:0.0410;EXP-1.1:0.0266,EXP-10.1,0.754551,False,,,,client_evidence,recovered
918,COMPRAS|969839504|120548|3,DTE_033_000000120548_969839504.xml,2025-02,120548,3,COMPRAS,2025-02-18,33,969839504,"COM. EQ.ORDEÑA,VTA.ART.ASEO Y DETER,ASESORIA",MOVILIZACION DE EQUIPOS DE ORDEÑA,,SOCIEDAD COMERCIAL SERLAC CHILE S.A.,,,50000,50000.000000,Documento,manually_audited_near_identical_backfill,EXP-10.1,0.510056,0.382984,2.125712,auto_accept,,EXP-10.1:0.5101;ADM-1.4:0.1271;ADM-1.5:0.0713,EXP-10.1,0.510056,False,,,,manually_audited_near_identical,recovered
919,COMPRAS|762599570|191789|1,DTE_033_000000191789_762599570.xml,2025-02,191789,1,COMPRAS,2025-02-01,33,762599570,SERVICENTRO,93 S/P,,ESTACIONES DE SERVICIO PAOLA USLAR MOLINA E.I.R.L.,,,33744,843.59,Documento,client_evidence_backfill,ADM-1.4,0.746355,0.704891,1.381561,auto_accept,,ADM-1.4:0.7464;EXP-11.4:0.0415;EXP-10.1:0.0346,ADM-1.4,0.746355,False,,,,client_evidence,recovered
921,COMPRAS|762599570|193032|1,DTE_033_000000193032_762599570.xml,2025-02,193032,1,COMPRAS,2025-02-13,33,762599570,SERVICENTRO,93 S/P,,ESTACIONES DE SERVICIO PAOLA USLAR MOLINA E.I.R.L.,,,16339,816.95,Documento,client_evidence_backfill,ADM-1.4,0.746355,0.704891,1.381561,auto_accept,,ADM-1.4:0.7464;EXP-11.4:0.0415;EXP-10.1:0.0346,ADM-1.4,0.746355,False,,,,client_evidence,recovered
922,COMPRAS|762599570|193634|1,DTE_033_000000193634_762599570.xml,2025-02,193634,1,COMPRAS,2025-02-19,33,762599570,SERVICENTRO,93 S/P,,ESTACIONES DE SERVICIO PAOLA USLAR MOLINA E.I.R.L.,,,48966,816.11,Documento,client_evidence_backfill,ADM-1.4,0.746355,0.704891,1.381561,auto_accept,,ADM-1.4:0.7464;EXP-11.4:0.0415;EXP-10.1:0.0346,ADM-1.4,0.746355,False,,,,client_evidence,recovered
923,COMPRAS|762599570|193900|1,DTE_033_000000193900_762599570.xml,2025-02,193900,1,COMPRAS,2025-02-22,33,762599570,SERVICENTRO,93 S/P,,ESTACIONES DE SERVICIO PAOLA USLAR MOLINA E.I.R.L.,,,32209,805.24,Documento,client_evidence_backfill,ADM-1.4,0.746355,0.704891,1.381561,auto_accept,,ADM-1.4:0.7464;EXP-11.4:0.0415;EXP-10.1:0.0346,ADM-1.4,0.746355,False,,,,client_evidence,recovered
1051,COMPRAS|969183005|561426|6,DTE_033_000000561426_969183005.xml,2025-02,561426,6,COMPRAS,2025-02-28,33,969183005,"SS.DE REPARACION DE AUTOMOVILES, COMPRA-VENTA DE VEHICULOS NUEVOS Y USADOS",S-MD10 PRIMERA MANTENCION,A@S-MD10 PRIMERA MANTENCION,DIFOR CHILE S.A.,,,0,,Documento,client_evidence_backfill,EXP-13.3,0.942077,0.925339,0.384381,auto_accept,,EXP-13.3:0.9421;EXP-13.1:0.0167;EXP-7.0:0.0078,EXP-13.3,0.942077,False,,,,client_evidence,recovered
1061,COMPRAS|990120005|628741|1,DTE_033_000000628741_990120005.xml,2025-02,628741,1,COMPRAS,2025-02-10,33,990120005,Seguros de Vida,Seguro Colectivo. Poliza Nro. 12799,,Cia de Seguros de Vida Consorcio Nacional de Seguros SA,,,610838,,Documento,silver_audit_backfill,ADM-2.2,0.804647,0.722246,0.934617,auto_accept,,ADM-2.2:0.8046;ADM-1.4:0.0824;ADM-1.8:0.0247,ADM-2.2,0.804647,False,,,,silver_audit,recovered
1090,COMPRAS|967754005|663216|1,DTE_033_000000663216_967754005.xml,2025-02,663216,1,COMPRAS,2025-02-12,33,967754005,Distribución de Insumos y Maquinaria Agrícola,PIRIMOR,BOLSA 1 KG|,Tattersall AgroInsumos S.A.,,C096685810,345027,115009.000000,Documento,manually_audited_near_identical_backfill,EXP-7.0,0.309668,0.214163,2.877592,auto_accept,,EXP-2.4:0.3097;EXP-1.1:0.0955;EXP-6.1:0.0642,EXP-2.4,0.309668,False,,,,manually_audited_near_identical,recovered_over_model_disagreement
1093,COMPRAS|967754005|663673|1,DTE_033_000000663673_967754005.xml,2025-02,663673,1,COMPRAS,2025-02-17,33,967754005,Distribución de Insumos y Maquinaria Agrícola,FILM PARA BOLO WINPACK 750MM X 1500MT BLANCO,ROLLO 1500 MT|SOLICITADO POR PILAR LOBOS. CANCELAN EN 3 CUOTAS IGUALES,Tattersall AgroInsumos S.A.,,C096685810,640000,64000.000000,Documento,silver_audit_backfill,EXP-4.3,0.773675,0.646272,0.994767,auto_accept,,EXP-4.3:0.7737;EXP-4.2:0.1274;EXP-15.3:0.0147,EXP-4.3,0.773675,False,,,,silver_audit,recovered
1095,COMPRAS|760468894|988598|1,DTE_033_000000988598_760468894.xml,2025-02,988598,1,COMPRAS,2025-02-28,33,760468894,"VENTA AL POR MAYOR DE MATERIAS PRIMAS AGRICOLAS,FUMIGACIONES,DESTRUCC. DE PLAGAS",ROUNDUP CONTROLMAX (15 KG) BY,,MARTINEZ Y VALDIVIESO S.A,,0001019264,350996,7799.9111,Documento,silver_audit_backfill,EXP-7.0,0.583678,0.501709,1.827523,auto_accept,,EXP-7.0:0.5837;EXP-10.3:0.0820;EXP-13.1:0.0719,EXP-7.0,0.583678,False,,,,silver_audit,recovered
1147,COMPRAS|967728101|1393253|1,DTE_033_000001393253_967728101.xml,2025-02,1393253,1,COMPRAS,2025-02-28,33,967728101,AGROINDUSTRIA,CAL SUR IANSA A GRANEL,,IANSAGRO S.A.,,A096685810,1415640,50.200,Documento,silver_audit_backfill,EXP-6.3,0.956788,0.944051,0.31047,auto_accept,,EXP-6.3:0.9568;EXP-14.1:0.0127;EXP-10.4:0.0034,EXP-6.3,0.956788,False,,,,silver_audit,recovered
1148,COMPRAS|967728101|1393253|2,DTE_033_000001393253_967728101.xml,2025-02,1393253,2,COMPRAS,2025-02-28,33,967728101,AGROINDUSTRIA,CAL SUR IANSA A GRANEL,,IANSAGRO S.A.,,A096685810,1406604,50.200,Documento,silver_audit_backfill,EXP-6.3,0.956788,0.944051,0.31047,auto_accept,,EXP-6.3:0.9568;EXP-14.1:0.0127;EXP-10.4:0.0034,EXP-6.3,0.956788,False,,,,silver_audit,recovered
1149,COMPRAS|967728101|1393253|3,DTE_033_000001393253_967728101.xml,2025-02,1393253,3,COMPRAS,2025-02-28,33,967728101,AGROINDUSTRIA,CAL SUR IANSA A GRANEL,,IANSAGRO S.A.,,A096685810,1369958,50.200,Documento,silver_audit_backfill,EXP-6.3,0.956788,0.944051,0.31047,auto_accept,,EXP-6.3:0.9568;EXP-14.1:0.0127;EXP-10.4:0.0034,EXP-6.3,0.956788,False,,,,silver_audit,recovered
1150,COMPRAS|967728101|1393253|4,DTE_033_000001393253_967728101.xml,2025-02,1393253,4,COMPRAS,2025-02-28,33,967728101,AGROINDUSTRIA,CAL SUR IANSA A GRANEL,,IANSAGRO S.A.,,A096685810,1462326,50.200,Documento,silver_audit_backfill,EXP-6.3,0.956788,0.944051,0.31047,auto_accept,,EXP-6.3:0.9568;EXP-14.1:0.0127;EXP-10.4:0.0034,EXP-6.3,0.956788,False,,,,silver_audit,recovered
1151,COMPRAS|967728101|1393253|5,DTE_033_000001393253_967728101.xml,2025-02,1393253,5,COMPRAS,2025-02-28,33,967728101,AGROINDUSTRIA,CAL SUR IANSA A GRANEL,,IANSAGRO S.A.,,A096685810,1454796,50.200,Documento,silver_audit_backfill,EXP-6.3,0.956788,0.944051,0.31047,auto_accept,,EXP-6.3:0.9568;EXP-14.1:0.0127;EXP-10.4:0.0034,EXP-6.3,0.956788,False,,,,silver_audit,recovered
1152,COMPRAS|967728101|1393253|6,DTE_033_000001393253_967728101.xml,2025-02,1393253,6,COMPRAS,2025-02-28,33,967728101,AGROINDUSTRIA,CAL SUR IANSA A GRANEL,,IANSAGRO S.A.,,A096685810,1486924,50.200,Documento,silver_audit_backfill,EXP-6.3,0.956788,0.944051,0.31047,auto_accept,,EXP-6.3:0.9568;EXP-14.1:0.0127;EXP-10.4:0.0034,EXP-6.3,0.956788,False,,,,silver_audit,recovered
1153,COMPRAS|967728101|1393253|7,DTE_033_000001393253_967728101.xml,2025-02,1393253,7,COMPRAS,2025-02-28,33,967728101,AGROINDUSTRIA,CAL SUR IANSA A GRANEL,,IANSAGRO S.A.,,A096685810,1398070,50.200,Documento,silver_audit_backfill,EXP-6.3,0.956788,0.944051,0.31047,auto_accept,,EXP-6.3:0.9568;EXP-14.1:0.0127;EXP-10.4:0.0034,EXP-6.3,0.956788,False,,,,silver_audit,recovered
1189,COMPRAS|97080000K|3199209|1,DTE_033_000003199209_97080000K.xml,2025-02,3199209,1,COMPRAS,2025-02-07,33,97080000K,BANCO COMERCIAL,Comisión por Nóminas en Línea CCA,,BANCO BICE,,,418968,418968,Documento,silver_audit_backfill,ADM-1.7,0.517366,0.394462,1.727873,auto_accept,,ADM-1.7:0.5174;EXP-15.1:0.1229;ADM-1.10:0.1009,ADM-1.7,0.517366,False,,,,silver_audit,recovered
1204,COMPRAS|868872004|3268621|3,DTE_033_000003268621_868872004.xml,2025-02,3268621,3,COMPRAS,2025-02-25,33,868872004,DISTRIBUCION DE ARTICULOS DE SEGURIDAD,GUANTE CABRITILLA SIN FORRO TIPO A,,COMERCIALIZADORA DE ART DE PROTECCION Y SEGURIDAD INDUSTRIAL MANQUEHUE LIMITADA,,,49500,990.000000,Documento,client_evidence_backfill,EXP-16.1,0.926688,0.900633,0.434455,auto_accept,,EXP-16.1:0.9267;EXP-16.2:0.0261;EXP-11.5:0.0116,EXP-16.1,0.926688,False,,,,client_evidence,recovered
1234,COMPRAS|823926006|4891594|1,DTE_033_000004891594_823926006.xml,2025-02,4891594,1,COMPRAS,2025-02-21,33,823926006,"CRIA DE GANADO Y BOVINO, ESTACION SERV.",LEUCOSIS ELISA SUERO POOL 10 MUESTRAS,,COOPERATIVA AGRICOLA Y DE SERVICIOS LTDA,,0010042407,15600,3900,Documento,silver_audit_backfill,EXP-12.2,0.496826,0.389221,2.068154,auto_accept,,EXP-12.2:0.4968;EXP-8.2:0.1076;EXP-8.4:0.0700,EXP-12.2,0.496826,False,,,,silver_audit,recovered
1261,COMPRAS|810941006|27785997|1,DTE_033_000027785997_810941006.xml,2025-02,27785997,1,COMPRAS,2025-02-05,33,810941006,FABR.Y DIST.PROD.LACTEOS VTAS.INSUMOS AG,GASOLINA 93,,COOPERATIVA AGRICOLA Y LECHERA DE LA UNI,,0966858109,25283,842.7667,Documento,client_evidence_backfill,EXP-11.4,0.742119,0.56984,0.91508,auto_accept,,EXP-11.4:0.7421;ADM-1.4:0.1723;EXP-11.5:0.0309,EXP-11.4,0.742119,False,,,,client_evidence,recovered
1270,COMPRAS|810941006|28087604|1,DTE_033_000028087604_810941006.xml,2025-02,28087604,1,COMPRAS,2025-02-12,33,810941006,FABR. Y DIST.PROD.LACTEOS VTAS. INSAGRIC,GASOLINA 93,GASOLINA 93,COOPERATIVA AGRICOLA Y LECHERA DE LA UNION LTDA.,,,56733,822.217391,Documento,client_evidence_backfill,EXP-11.4,0.683454,0.434096,0.922669,auto_accept,,EXP-11.4:0.6835;ADM-1.4:0.2494;EXP-11.5:0.0307,EXP-11.4,0.683454,False,,,,client_evidence,recovered
1274,COMPRAS|810941006|28125297|1,DTE_033_000028125297_810941006.xml,2025-02,28125297,1,COMPRAS,2025-02-03,33,810941006,FABR.Y DIST.PROD.LACTEOS VTAS.INSUMOS AGRICOLAS VETER. COMBUSTIBLES Y VEHICULOS,GASOLINA 93,Retira: ANTILLANCA SPA{Impuesto base combustible: 16183{Impuesto variable combustible: -907,COOPERATIVA AGRICOLA Y LECHERA DE LA UNION LTDA.,,0966858109,33684,842.108300,Documento,client_evidence_backfill,EXP-11.4,0.559078,0.19998,1.089562,auto_accept,,EXP-11.4:0.5591;ADM-1.4:0.3591;EXP-11.5:0.0230,EXP-11.4,0.559078,False,,,,client_evidence,recovered
1278,COMPRAS|810941006|28125506|1,DTE_033_000028125506_810941006.xml,2025-02,28125506,1,COMPRAS,2025-02-10,33,810941006,FABR.Y DIST.PROD.LACTEOS VTAS.INSUMOS AG,GASOLINA 93,,COOPERATIVA AGRICOLA Y LECHERA DE LA UNI,,0966858109,65778,822.225,Documento,client_evidence_backfill,EXP-11.4,0.742119,0.56984,0.91508,auto_accept,,EXP-11.4:0.7421;ADM-1.4:0.1723;EXP-11.5:0.0309,EXP-11.4,0.742119,False,,,,client_evidence,recovered
1281,COMPRAS|810941006|28125540|1,DTE_033_000028125540_810941006.xml,2025-02,28125540,1,COMPRAS,2025-02-11,33,810941006,FABR.Y DIST.PROD.LACTEOS VTAS.INSUMOS AG,GASOLINA 93,,COOPERATIVA AGRICOLA Y LECHERA DE LA UNI,,0966858109,34533,822.2143,Documento,client_evidence_backfill,EXP-11.4,0.742119,0.56984,0.91508,auto_accept,,EXP-11.4:0.7421;ADM-1.4:0.1723;EXP-11.5:0.0309,EXP-11.4,0.742119,False,,,,client_evidence,recovered
1282,COMPRAS|810941006|28125621|1,DTE_033_000028125621_810941006.xml,2025-02,28125621,1,COMPRAS,2025-02-13,33,810941006,FABR.Y DIST.PROD.LACTEOS VTAS.INSUMOS AG,GASOLINA 93,,COOPERATIVA AGRICOLA Y LECHERA DE LA UNI,,0966858109,28564,816.1143,Documento,client_evidence_backfill,EXP-11.4,0.742119,0.56984,0.91508,auto_accept,,EXP-11.4:0.7421;ADM-1.4:0.1723;EXP-11.5:0.0309,EXP-11.4,0.742119,False,,,,client_evidence,recovered
1284,COMPRAS|810941006|28125668|1,DTE_033_000028125668_810941006.xml,2025-02,28125668,1,COMPRAS,2025-02-17,33,810941006,FABR.Y DIST.PROD.LACTEOS VTAS.INSUMOS AG,GASOLINA 93,,COOPERATIVA AGRICOLA Y LECHERA DE LA UNI,,0966858109,32644,816.1,Documento,client_evidence_backfill,EXP-11.4,0.742119,0.56984,0.91508,auto_accept,,EXP-11.4:0.7421;ADM-1.4:0.1723;EXP-11.5:0.0309,EXP-11.4,0.742119,False,,,,client_evidence,recovered
1285,COMPRAS|810941006|28125729|1,DTE_033_000028125729_810941006.xml,2025-02,28125729,1,COMPRAS,2025-02-18,33,810941006,FABR.Y DIST.PROD.LACTEOS VTAS.INSUMOS AGRICOLAS VETER. COMBUSTIBLES Y VEHICULOS,GASOLINA 93,Retira: ANTILLANCA SPA{Impuesto base combustible: 11709{Impuesto variable combustible: 263,COOPERATIVA AGRICOLA Y LECHERA DE LA UNION LTDA.,,0966858109,23667,816.104800,Documento,client_evidence_backfill,EXP-11.4,0.54815,0.181141,1.105017,auto_accept,,EXP-11.4:0.5482;ADM-1.4:0.3670;EXP-11.5:0.0237,EXP-11.4,0.54815,False,,,,client_evidence,recovered
1286,COMPRAS|810941006|28125730|1,DTE_033_000028125730_810941006.xml,2025-02,28125730,1,COMPRAS,2025-02-18,33,810941006,FABR.Y DIST.PROD.LACTEOS VTAS.INSUMOS AGRICOLAS VETER. COMBUSTIBLES Y VEHICULOS,GASOLINA 93,Retira: ANTILLANCA SPA{Impuesto base combustible: 12113{Impuesto variable combustible: 272,COOPERATIVA AGRICOLA Y LECHERA DE LA UNION LTDA.,,0966858109,24483,816.104800,Documento,client_evidence_backfill,EXP-11.4,0.539831,0.163997,1.106,auto_accept,,EXP-11.4:0.5398;ADM-1.4:0.3758;EXP-11.5:0.0230,EXP-11.4,0.539831,False,,,,client_evidence,recovered
1287,COMPRAS|810941006|28125756|1,DTE_033_000028125756_810941006.xml,2025-02,28125756,1,COMPRAS,2025-02-19,33,810941006,FABR.Y DIST.PROD.LACTEOS VTAS.INSUMOS AG,GASOLINA 93,,COOPERATIVA AGRICOLA Y LECHERA DE LA UNI,,0966858109,32644,816.1,Documento,client_evidence_backfill,EXP-11.4,0.742119,0.56984,0.91508,auto_accept,,EXP-11.4:0.7421;ADM-1.4:0.1723;EXP-11.5:0.0309,EXP-11.4,0.742119,False,,,,client_evidence,recovered
1289,COMPRAS|810941006|28125796|1,DTE_033_000028125796_810941006.xml,2025-02,28125796,1,COMPRAS,2025-02-20,33,810941006,FABR.Y DIST.PROD.LACTEOS VTAS.INSUMOS AGRICOLAS VETER. COMBUSTIBLES Y VEHICULOS,GASOLINA 93,Retira: ANTILLANCA SPA{Impuesto base combustible: 24226{Impuesto variable combustible: 0,COOPERATIVA AGRICOLA Y LECHERA DE LA UNION LTDA.,,0966858109,48314,805.240300,Documento,client_evidence_backfill,EXP-11.4,0.609617,0.297729,1.048575,auto_accept,,EXP-11.4:0.6096;ADM-1.4:0.3119;EXP-11.5:0.0216,EXP-11.4,0.609617,False,,,,client_evidence,recovered
1292,COMPRAS|810941006|28125874|1,DTE_033_000028125874_810941006.xml,2025-02,28125874,1,COMPRAS,2025-02-24,33,810941006,FABR.Y DIST.PROD.LACTEOS VTAS.INSUMOS AGRICOLAS VETER. COMBUSTIBLES Y VEHICULOS,GASOLINA 93,Retira: ANTILLANCA SPA{Impuesto base combustible: 24226{Impuesto variable combustible: 0,COOPERATIVA AGRICOLA Y LECHERA DE LA UNION LTDA.,,0966858109,48314,805.240300,Documento,client_evidence_backfill,EXP-11.4,0.609617,0.297729,1.048575,auto_accept,,EXP-11.4:0.6096;ADM-1.4:0.3119;EXP-11.5:0.0216,EXP-11.4,0.609617,False,,,,client_evidence,recovered
1295,COMPRAS|810941006|28125922|1,DTE_033_000028125922_810941006.xml,2025-02,28125922,1,COMPRAS,2025-02-26,33,810941006,FABR.Y DIST.PROD.LACTEOS VTAS.INSUMOS AG,GASOLINA 93,,COOPERATIVA AGRICOLA Y LECHERA DE LA UNI,,0966858109,8052,805.2,Documento,client_evidence_backfill,EXP-11.4,0.742119,0.56984,0.91508,auto_accept,,EXP-11.4:0.7421;ADM-1.4:0.1723;EXP-11.5:0.0309,EXP-11.4,0.742119,False,,,,client_evidence,recovered
1297,COMPRAS|810941006|28125976|1,DTE_033_000028125976_810941006.xml,2025-02,28125976,1,COMPRAS,2025-02-27,33,810941006,FABR.Y DIST.PROD.LACTEOS VTAS.INSUMOS AGRICOLAS VETER. COMBUSTIBLES Y VEHICULOS,GASOLINA 95,Retira: ANTILLANCA SPA{Impuesto base combustible: 13728{Impuesto variable combustible: 249,COOPERATIVA AGRICOLA Y LECHERA DE LA UNION LTDA.,,0966858109,27683,814.216600,Documento,silver_audit_backfill,EXP-11.4,0.586225,0.267467,1.12211,auto_accept,,EXP-11.4:0.5862;ADM-1.4:0.3188;EXP-11.5:0.0264,EXP-11.4,0.586225,False,,,,silver_audit,recovered
1298,COMPRAS|810941006|28125986|1,DTE_033_000028125986_810941006.xml,2025-02,28125986,1,COMPRAS,2025-02-28,33,810941006,FABR.Y DIST.PROD.LACTEOS VTAS.INSUMOS AGRICOLAS VETER. COMBUSTIBLES Y VEHICULOS,GASOLINA 93,Retira: ANTILLANCA SPA{Impuesto base combustible: 24226{Impuesto variable combustible: 387,COOPERATIVA AGRICOLA Y LECHERA DE LA UNION LTDA.,,0966858109,47939,798.982300,Documento,client_evidence_backfill,EXP-11.4,0.543985,0.174586,1.111856,auto_accept,,EXP-11.4:0.5440;ADM-1.4:0.3694;EXP-11.5:0.0242,EXP-11.4,0.543985,False,,,,client_evidence,recovered
1348,COMPRAS|810941006|28273550|1,DTE_033_000028273550_810941006.xml,2025-02,28273550,1,COMPRAS,2025-02-26,33,810941006,FABR. Y DIST.PROD.LACTEOS VTAS. INSAGRIC,GASOLINA 93,GASOLINA 93,COOPERATIVA AGRICOLA Y LECHERA DE LA UNION LTDA.,,,96629,805.241667,Documento,client_evidence_backfill,EXP-11.4,0.683454,0.434096,0.922669,auto_accept,,EXP-11.4:0.6835;ADM-1.4:0.2494;EXP-11.5:0.0307,EXP-11.4,0.683454,False,,,,client_evidence,recovered
1349,COMPRAS|810941006|28273608|1,DTE_033_000028273608_810941006.xml,2025-02,28273608,1,COMPRAS,2025-02-27,33,810941006,FABR. Y DIST.PROD.LACTEOS VTAS. INSAGRIC,GASOLINA 93,GASOLINA 93,COOPERATIVA AGRICOLA Y LECHERA DE LA UNION LTDA.,,,23969,798.966667,Documento,client_evidence_backfill,EXP-11.4,0.683454,0.434096,0.922669,auto_accept,,EXP-11.4:0.6835;ADM-1.4:0.2494;EXP-11.5:0.0307,EXP-11.4,0.683454,False,,,,client_evidence,recovered
1357,COMPRAS|810941006|28309324|1,DTE_033_000028309324_810941006.xml,2025-02,28309324,1,COMPRAS,2025-02-04,33,810941006,FABR.Y DIST.PROD.LACTEOS VTAS.INSUMOS AG,GASOLINA 93,,COOPERATIVA AGRICOLA Y LECHERA DE LA UNI,,0966858109,33710,842.75,Documento,client_evidence_backfill,EXP-11.4,0.742119,0.56984,0.91508,auto_accept,,EXP-11.4:0.7421;ADM-1.4:0.1723;EXP-11.5:0.0309,EXP-11.4,0.742119,False,,,,client_evidence,recovered
1359,COMPRAS|810941006|28309380|1,DTE_033_000028309380_810941006.xml,2025-02,28309380,1,COMPRAS,2025-02-05,33,810941006,FABR.Y DIST.PROD.LACTEOS VTAS.INSUMOS AG,GASOLINA 93,,COOPERATIVA AGRICOLA Y LECHERA DE LA UNI,,0966858109,50565,842.75,Documento,client_evidence_backfill,EXP-11.4,0.742119,0.56984,0.91508,auto_accept,,EXP-11.4:0.7421;ADM-1.4:0.1723;EXP-11.5:0.0309,EXP-11.4,0.742119,False,,,,client_evidence,recovered
1361,COMPRAS|810941006|28309430|1,DTE_033_000028309430_810941006.xml,2025-02,28309430,1,COMPRAS,2025-02-06,33,810941006,FABR.Y DIST.PROD.LACTEOS VTAS.INSUMOS AG,GASOLINA 93,,COOPERATIVA AGRICOLA Y LECHERA DE LA UNI,,0966858109,32889,822.225,Documento,client_evidence_backfill,EXP-11.4,0.742119,0.56984,0.91508,auto_accept,,EXP-11.4:0.7421;ADM-1.4:0.1723;EXP-11.5:0.0309,EXP-11.4,0.742119,False,,,,client_evidence,recovered
1363,COMPRAS|810941006|28309444|1,DTE_033_000028309444_810941006.xml,2025-02,28309444,1,COMPRAS,2025-02-06,33,810941006,FABR.Y DIST.PROD.LACTEOS VTAS.INSUMOS AG,GASOLINA 93,,COOPERATIVA AGRICOLA Y LECHERA DE LA UNI,,0966858109,32889,822.225,Documento,client_evidence_backfill,EXP-11.4,0.742119,0.56984,0.91508,auto_accept,,EXP-11.4:0.7421;ADM-1.4:0.1723;EXP-11.5:0.0309,EXP-11.4,0.742119,False,,,,client_evidence,recovered
1364,COMPRAS|810941006|28309638|1,DTE_033_000028309638_810941006.xml,2025-02,28309638,1,COMPRAS,2025-02-11,33,810941006,FABR.Y DIST.PROD.LACTEOS VTAS.INSUMOS AGRICOLAS VETER. COMBUSTIBLES Y VEHICULOS,GASOLINA 93,,COOPERATIVA AGRICOLA Y LECHERA DE LA UNION LTDA.,,0966858109,49333,822.223500,Documento,client_evidence_backfill,EXP-11.4,0.734373,0.548601,0.906511,auto_accept,,EXP-11.4:0.7344;ADM-1.4:0.1858;EXP-11.5:0.0304,EXP-11.4,0.734373,False,,,,client_evidence,recovered
1367,COMPRAS|810941006|28309741|2,DTE_033_000028309741_810941006.xml,2025-02,28309741,2,COMPRAS,2025-02-13,33,810941006,FABR.Y DIST.PROD.LACTEOS VTAS.INSUMOS AG,GASOLINA 93,,COOPERATIVA AGRICOLA Y LECHERA DE LA UNI,,0966858109,32644,816.1,Documento,client_evidence_backfill,EXP-11.4,0.742119,0.56984,0.91508,auto_accept,,EXP-11.4:0.7421;ADM-1.4:0.1723;EXP-11.5:0.0309,EXP-11.4,0.742119,False,,,,client_evidence,recovered
1369,COMPRAS|810941006|28309763|1,DTE_033_000028309763_810941006.xml,2025-02,28309763,1,COMPRAS,2025-02-14,33,810941006,FABR.Y DIST.PROD.LACTEOS VTAS.INSUMOS AG,GASOLINA 93,,COOPERATIVA AGRICOLA Y LECHERA DE LA UNI,,0966858109,32644,816.1,Documento,client_evidence_backfill,EXP-11.4,0.742119,0.56984,0.91508,auto_accept,,EXP-11.4:0.7421;ADM-1.4:0.1723;EXP-11.5:0.0309,EXP-11.4,0.742119,False,,,,client_evidence,recovered
1370,COMPRAS|810941006|28309837|1,DTE_033_000028309837_810941006.xml,2025-02,28309837,1,COMPRAS,2025-02-17,33,810941006,FABR.Y DIST.PROD.LACTEOS VTAS.INSUMOS AG,GASOLINA 93,,COOPERATIVA AGRICOLA Y LECHERA DE LA UNI,,0966858109,48966,816.1,Documento,client_evidence_backfill,EXP-11.4,0.742119,0.56984,0.91508,auto_accept,,EXP-11.4:0.7421;ADM-1.4:0.1723;EXP-11.5:0.0309,EXP-11.4,0.742119,False,,,,client_evidence,recovered
1372,COMPRAS|810941006|28310197|1,DTE_033_000028310197_810941006.xml,2025-02,28310197,1,COMPRAS,2025-02-26,33,810941006,FABR.Y DIST.PROD.LACTEOS VTAS.INSUMOS AG,GASOLINA 93,,COOPERATIVA AGRICOLA Y LECHERA DE LA UNI,,0966858109,32210,805.25,Documento,client_evidence_backfill,EXP-11.4,0.742119,0.56984,0.91508,auto_accept,,EXP-11.4:0.7421;ADM-1.4:0.1723;EXP-11.5:0.0309,EXP-11.4,0.742119,False,,,,client_evidence,recovered
1374,COMPRAS|810941006|28310199|2,DTE_033_000028310199_810941006.xml,2025-02,28310199,2,COMPRAS,2025-02-26,33,810941006,FABR.Y DIST.PROD.LACTEOS VTAS.INSUMOS AG,GASOLINA 93,,COOPERATIVA AGRICOLA Y LECHERA DE LA UNI,,0966858109,48314,805.2333,Documento,client_evidence_backfill,EXP-11.4,0.742119,0.56984,0.91508,auto_accept,,EXP-11.4:0.7421;ADM-1.4:0.1723;EXP-11.5:0.0309,EXP-11.4,0.742119,False,,,,client_evidence,recovered
1376,COMPRAS|810941006|28310284|2,DTE_033_000028310284_810941006.xml,2025-02,28310284,2,COMPRAS,2025-02-28,33,810941006,FABR.Y DIST.PROD.LACTEOS VTAS.INSUMOS AGRICOLAS VETER. COMBUSTIBLES Y VEHICULOS,GASOLINA 93,Retira: ANTILLANCA SPA{Impuesto base combustible: 37247{Impuesto variable combustible: 750,COOPERATIVA AGRICOLA Y LECHERA DE LA UNION LTDA.,,0966858109,63919,798.982300,Documento,client_evidence_backfill,EXP-11.4,0.549374,0.185983,1.113199,auto_accept,,EXP-11.4:0.5494;ADM-1.4:0.3634;EXP-11.5:0.0233,EXP-11.4,0.549374,False,,,,client_evidence,recovered
1379,COMPRAS|810941006|28354015|1,DTE_033_000028354015_810941006.xml,2025-02,28354015,1,COMPRAS,2025-02-18,33,810941006,FABR.Y DIST.PROD.LACTEOS VTAS.INSUMOS AG,GASOLINA 93,,COOPERATIVA AGRICOLA Y LECHERA DE LA UNI,,0966858109,32644,816.1,Documento,client_evidence_backfill,EXP-11.4,0.742119,0.56984,0.91508,auto_accept,,EXP-11.4:0.7421;ADM-1.4:0.1723;EXP-11.5:0.0309,EXP-11.4,0.742119,False,,,,client_evidence,recovered
1381,COMPRAS|810941006|28354030|1,DTE_033_000028354030_810941006.xml,2025-02,28354030,1,COMPRAS,2025-02-19,33,810941006,FABR.Y DIST.PROD.LACTEOS VTAS.INSUMOS AG,GASOLINA 93,,COOPERATIVA AGRICOLA Y LECHERA DE LA UNI,,0966858109,39173,816.1042,Documento,client_evidence_backfill,EXP-11.4,0.742119,0.56984,0.91508,auto_accept,,EXP-11.4:0.7421;ADM-1.4:0.1723;EXP-11.5:0.0309,EXP-11.4,0.742119,False,,,,client_evidence,recovered
1411,COMPRAS|970040005|42586750|1,DTE_033_000042586750_970040005.xml,2025-02,42586750,1,COMPRAS,2025-02-07,33,970040005,Banco Comercial,COMISION MENSUAL ADMINISTRACION CONVENIO]REMUNERACIONES,COMISION MENSUAL ADMINISTRACION CONVENIO]REMUNERACIONES ]NUMERO DE OPERACION 02600554401 .,Banco de Chile,,,12897,12897,Documento,silver_audit_backfill,ADM-1.7,0.370805,0.201617,2.203085,auto_accept,,ADM-1.7:0.3708;ADM-1.5:0.1692;EXP-15.1:0.0886,ADM-1.7,0.370805,False,,,,silver_audit,recovered
1428,COMPRAS|968480502|95825|1,DTE_034_000000095825_968480502.xml,2025-02,95825,1,COMPRAS,2025-02-25,34,968480502,Concesionario de Peaje,Recarga de Prepagos,,Ruta de los Rios Sociedad Concesionaria S.A.,,,250000,250000,Documento,client_evidence_backfill,ADM-1.4,0.546193,0.402762,1.881673,auto_accept,,ADM-1.4:0.5462;EXP-15.5:0.1434;ADM-1.7:0.0673,ADM-1.4,0.546193,False,,,,client_evidence,recovered
1430,COMPRAS|605030009|2805971|1,DTE_034_000002805971_605030009.xml,2025-02,2805971,1,COMPRAS,2025-02-03,34,605030009,Servicios Postales Nacionales e Internacionales,270 RECAUDACION POR RENOVACION CASILLAS,,EMPRESAS DE CORREOS DE CHILE,,,120800,120800.0,Documento,silver_audit_backfill,ADM-1.7,0.536814,0.451692,1.819097,auto_accept,,ADM-1.7:0.5368;EXP-15.1:0.0851;ADM-1.10:0.0802,ADM-1.7,0.536814,False,,,,silver_audit,recovered
1431,COMPRAS|968752308|7009246|1,DTE_034_000007009246_968752308.xml,2025-02,7009246,1,COMPRAS,2025-02-05,34,968752308,"Construcción, Conservación y Explotación de Obra Pública Fiscal",Gastos Cobranza,,"RUTA DEL MAIPO SOCIEDAD CONCESIONARIA, S.A.",,,630,630,Documento,silver_audit_backfill,ADM-1.4,0.869877,0.856139,0.833538,auto_accept,,ADM-1.4:0.8699;EXP-14.1:0.0137;ADM-1.5:0.0132,ADM-1.4,0.869877,False,,,,silver_audit,recovered
1465,COMPRAS|771713130|134|1,DTE_033_000000000134_771713130.xml,2025-03,134,1,COMPRAS,2025-03-18,33,771713130,ASESORÍAS Y SERVICIOS LEGALES,Representacion Casub RBM,,AWÜA CONSULTORES SPA,,,310632,310632.00,Documento,manually_audited_near_identical_backfill,ADM-1.9,0.303897,0.182635,2.662288,auto_accept,,EXP-1.1:0.3039;EXP-8.3:0.1213;ADM-1.2:0.0848,EXP-1.1,0.303897,False,,,,manually_audited_near_identical,recovered_over_model_disagreement
1471,COMPRAS|772240368|230|1,DTE_033_000000000230_772240368.xml,2025-03,230,1,COMPRAS,2025-03-10,33,772240368,"CULTIVOS AGRÍCOLAS, CRÍA Y CORRETAJE DE GANADO, ACTIVIDADES VENTA LEÑA",servicio de purines,,SILVOAGROPECUARIO YERKO VERA CAMPOS EMPRESA INDIVIDUAL DE RESPONSABILI,,,405000,15000.00,Documento,silver_audit_backfill,EXP-15.5,0.377845,0.2716,2.312905,auto_accept,,EXP-15.5:0.3778;EXP-6.2:0.1062;EXP-6.4:0.0962,EXP-15.5,0.377845,False,,,,silver_audit,recovered
1482,COMPRAS|119206855|500|1,DTE_033_000000000500_119206855.xml,2025-03,500,1,COMPRAS,2025-03-29,33,119206855,ASERRADERO PORTATIL MADERAS Y COMERC/PRODUCTOS FORESTALES Y MADERAS,Confección de bolos.,En pasto seco,HECTOR ADRIAN VALENZUELA PAREDES,,,6210000,18000.00,Documento,manually_audited_near_identical_backfill,EXP-4.2,0.522629,0.250115,1.409244,auto_accept,,EXP-4.2:0.5226;EXP-4.3:0.2725;EXP-5.4:0.0924,EXP-4.2,0.522629,False,,,,manually_audited_near_identical,recovered
1483,COMPRAS|119206855|502|1,DTE_033_000000000502_119206855.xml,2025-03,502,1,COMPRAS,2025-03-29,33,119206855,ASERRADERO PORTATIL MADERAS Y COMERC/PRODUCTOS FORESTALES Y MADERAS,Confección de bolos,Pasto seco en campo raíces,HECTOR ADRIAN VALENZUELA PAREDES,,,1800000,18000.00,Documento,manually_audited_near_identical_backfill,EXP-4.2,0.59049,0.390684,1.376883,auto_accept,,EXP-4.2:0.5905;EXP-4.3:0.1998;EXP-5.4:0.0833,EXP-4.2,0.59049,False,,,,manually_audited_near_identical,recovered
1487,COMPRAS|765667461|618|2,DTE_033_000000000618_765667461.xml,2025-03,618,2,COMPRAS,2025-03-06,33,765667461,TRANSPORTES DE CARGA,CAMION TOLVA,RETIRANDO ESCOMBROS,TRANSPORTES PINILLA SPA,,,200000,200000.00,Documento,silver_audit_backfill,EXP-14.1,0.823556,0.735416,0.78415,auto_accept,,EXP-14.1:0.8236;EXP-15.4:0.0881;EXP-13.3:0.0277,EXP-14.1,0.823556,False,,,,silver_audit,recovered
1488,COMPRAS|765667461|618|3,DTE_033_000000000618_765667461.xml,2025-03,618,3,COMPRAS,2025-03-06,33,765667461,TRANSPORTES DE CARGA,ARRIENDO PARRILLA,,TRANSPORTES PINILLA SPA,,,200000,200000.00,Documento,silver_audit_backfill,EXP-14.1,0.57522,0.2372,1.102786,auto_accept,,EXP-14.1:0.5752;EXP-15.4:0.3380;EXP-15.3:0.0312,EXP-14.1,0.57522,False,,,,silver_audit,recovered
1489,COMPRAS|765667461|618|4,DTE_033_000000000618_765667461.xml,2025-03,618,4,COMPRAS,2025-03-06,33,765667461,TRANSPORTES DE CARGA,CUBOS DE ARENA,PARRILLADO ( 681 CUBX 16 X 42 ),TRANSPORTES PINILLA SPA,,,4576320,4576320.00,Documento,silver_audit_backfill,EXP-14.1,0.637437,0.537012,1.655941,auto_accept,,EXP-14.1:0.6374;ADM-1.6:0.1004;EXP-10.1:0.0387,EXP-14.1,0.637437,False,,,,silver_audit,recovered
1491,COMPRAS|763019918|643|2,DTE_033_000000000643_763019918.xml,2025-03,643,2,COMPRAS,2025-03-31,33,763019918,SERVICIOS AGRICOLAS CON MAQUINARIAS,Aplicación Compost,,SAN BLAS FERTILIZACION SPA,,,315000,10500.00,Documento,silver_audit_backfill,EXP-6.5,0.709829,0.576247,1.201422,auto_accept,,EXP-6.5:0.7098;EXP-6.1:0.1336;EXP-5.1:0.0650,EXP-6.5,0.709829,False,,,,silver_audit,recovered
1492,COMPRAS|776655848|772|1,DTE_033_000000000772_776655848.xml,2025-03,772,1,COMPRAS,2025-03-07,33,776655848,"VENTA, ENVASADO Y DISTRIBUCIÓN DE AGUA PURIFICADA",Recarga Agua Purificada,,PURIFICADORA DE AGUA ALEJANDRO SALAZAR RIVERA E.I.R.L.,,,5042,2521.00,Documento,client_evidence_backfill,ADM-1.6,0.517144,0.242039,1.550521,auto_accept,,ADM-1.6:0.5171;EXP-9.2:0.2751;EXP-14.3:0.0530,ADM-1.6,0.517144,False,,,,client_evidence,recovered
1493,COMPRAS|776655848|812|1,DTE_033_000000000812_776655848.xml,2025-03,812,1,COMPRAS,2025-03-21,33,776655848,"VENTA, ENVASADO Y DISTRIBUCIÓN DE AGUA PURIFICADA",Recarga Agua Purificada,,PURIFICADORA DE AGUA ALEJANDRO SALAZAR RIVERA E.I.R.L.,,,7563,2521.00,Documento,client_evidence_backfill,ADM-1.6,0.517144,0.242039,1.550521,auto_accept,,ADM-1.6:0.5171;EXP-9.2:0.2751;EXP-14.3:0.0530,ADM-1.6,0.517144,False,,,,client_evidence,recovered
1509,COMPRAS|760726559|2433|1,DTE_033_000000002433_760726559.xml,2025-03,2433,1,COMPRAS,2025-03-28,33,760726559,ASESORIAS AGRICOLAS,CONTROL DE ROEDORES,"PROGRAMA DE CONTROL DE ROEDORES AL PREDIO RAICES, VISITAS REALIZADAS 4/3/2025 HT6525; 18/3/2025 HT6550.",H2 ASESORIAS Y SERVICIOS SPA,,,65000,65000.00,Documento,silver_audit_backfill,EXP-7.0,0.545353,0.296689,1.574185,auto_accept,,EXP-7.0:0.5454;EXP-9.2:0.2487;EXP-10.1:0.0406,EXP-7.0,0.545353,False,,,,silver_audit,recovered
1510,COMPRAS|760726559|2434|1,DTE_033_000000002434_760726559.xml,2025-03,2434,1,COMPRAS,2025-03-28,33,760726559,ASESORIAS AGRICOLAS,CONTROL DE ROEDORES,"CONTROL DE ROEDORES PREDIO YUTRECO, VISITAS REALIZADA 5/3/2025 HT6530; 19/3/2025 HT6555.",H2 ASESORIAS Y SERVICIOS SPA,,,60000,60000.00,Documento,silver_audit_backfill,EXP-7.0,0.550096,0.313529,1.585572,auto_accept,,EXP-7.0:0.5501;EXP-9.2:0.2366;EXP-10.1:0.0475,EXP-7.0,0.550096,False,,,,silver_audit,recovered
1512,COMPRAS|760726559|2435|1,DTE_033_000000002435_760726559.xml,2025-03,2435,1,COMPRAS,2025-03-28,33,760726559,ASESORIAS AGRICOLAS,CONTROL DE ROEDORES,"PROGRAMA DE CONTROL DE ROEDORES PREDIO BRAMADERO, VISITAS REALIZADAS 12/3/2025 HT6542; 26/3/2025 HT6568.",H2 ASESORIAS Y SERVICIOS SPA,,,61500,61500.00,Documento,silver_audit_backfill,EXP-7.0,0.533658,0.298663,1.663487,auto_accept,,EXP-7.0:0.5337;EXP-9.2:0.2350;EXP-10.1:0.0431,EXP-7.0,0.533658,False,,,,silver_audit,recovered
1513,COMPRAS|760726559|2436|1,DTE_033_000000002436_760726559.xml,2025-03,2436,1,COMPRAS,2025-03-28,33,760726559,ASESORIAS AGRICOLAS,CONTROL DE ROEDORES,"PROGRAMA DE CONTROL DE ROEDORES AL PREDIO EL MAITEN, VISITAS REALIZADAS 12/3/2025 HT6543; 26/3/2025 HT6569.",H2 ASESORIAS Y SERVICIOS SPA,,,154500,154500.00,Documento,silver_audit_backfill,EXP-7.0,0.513226,0.256465,1.671496,auto_accept,,EXP-7.0:0.5132;EXP-9.2:0.2568;EXP-10.1:0.0428,EXP-7.0,0.513226,False,,,,silver_audit,recovered
1514,COMPRAS|760726559|2452|1,DTE_033_000000002452_760726559.xml,2025-03,2452,1,COMPRAS,2025-03-31,33,760726559,ASESORIAS AGRICOLAS,CONTROL DE ROEDORES,PROGRAMA DE CONTROL DE ROEDORES CASA ADM HT6579.,H2 ASESORIAS Y SERVICIOS SPA,,,38000,38000.00,Documento,silver_audit_backfill,EXP-7.0,0.554979,0.367311,1.730032,auto_accept,,EXP-7.0:0.5550;EXP-9.2:0.1877;EXP-10.1:0.0423,EXP-7.0,0.554979,False,,,,silver_audit,recovered
1522,COMPRAS|782881507|4567|1,DTE_033_000000004567_782881507.xml,2025-03,4567,1,COMPRAS,2025-03-14,33,782881507,COM.PROD.E INS.AGR.-ASES.Y SERV.AGR.-COM.DE GANADO-COM.PROD. TECNOLOGI,BOLOS DE PAJA,Según guía de despacho N° 2145 48 Bolos equivalentes a 8.770 kg.,SOC COMERCIAL AGRO-TRUST LTDA,,,657750,75.00,Documento,silver_audit_backfill,EXP-5.4,0.343259,0.00757,1.367567,auto_accept,,EXP-4.3:0.3433;EXP-5.4:0.3357;EXP-4.2:0.2683,EXP-4.3,0.343259,False,,,,silver_audit,recovered_over_model_disagreement
1523,COMPRAS|774562605|5949|1,DTE_033_000000005949_774562605.xml,2025-03,5949,1,COMPRAS,2025-03-28,33,774562605,"ROTURACION, SIEMBRAS, RECOLEC, EMPACADO, TRILLA , OTROS SERVICIOS AGRICOLAS",APLICACION KG GUANO TEBBE,APLICACION KG GUANO TEBBE,Servicios Bergström Limitada,,,916500,13.000000,Documento,silver_audit_backfill,EXP-6.4,0.937368,0.925671,0.418821,auto_accept,,EXP-6.4:0.9374;EXP-15.5:0.0117;EXP-6.5:0.0074,EXP-6.4,0.937368,False,,,,silver_audit,recovered
1524,COMPRAS|774562605|5949|2,DTE_033_000000005949_774562605.xml,2025-03,5949,2,COMPRAS,2025-03-28,33,774562605,"ROTURACION, SIEMBRAS, RECOLEC, EMPACADO, TRILLA , OTROS SERVICIOS AGRICOLAS",APLICACION KG GUANO TEBBE,APLICACION KG GUANO TEBBE,Servicios Bergström Limitada,,,5496400,13.000000,Documento,silver_audit_backfill,EXP-6.4,0.937368,0.925671,0.418821,auto_accept,,EXP-6.4:0.9374;EXP-15.5:0.0117;EXP-6.5:0.0074,EXP-6.4,0.937368,False,,,,silver_audit,recovered
1525,COMPRAS|774562605|5949|3,DTE_033_000000005949_774562605.xml,2025-03,5949,3,COMPRAS,2025-03-28,33,774562605,"ROTURACION, SIEMBRAS, RECOLEC, EMPACADO, TRILLA , OTROS SERVICIOS AGRICOLAS",Ton Aplicación Cal,Ton Aplicación Cal,Servicios Bergström Limitada,,,234000,13000.000000,Documento,silver_audit_backfill,EXP-6.3,0.968554,0.962611,0.244035,auto_accept,,EXP-6.3:0.9686;EXP-14.1:0.0059;EXP-6.5:0.0028,EXP-6.3,0.968554,False,,,,silver_audit,recovered
1526,COMPRAS|57249404|7731|1,DTE_033_000000007731_57249404.xml,2025-03,7731,1,COMPRAS,2025-03-07,33,57249404,LUBRICENTRO-SUBDISTRIBUIDOR LIPIGAS-VTA MATERIAS PRIMAS AGRICOLA,CARGA GAS 45 KG,,RICARDO GERMAN OSWALD BUCHNER,,,80672,80672.20,Documento,silver_audit_backfill,EXP-11.5,0.955046,0.930419,0.251913,auto_accept,,EXP-11.5:0.9550;ADM-1.4:0.0246;EXP-16.2:0.0082,EXP-11.5,0.955046,False,,,,silver_audit,recovered
1527,COMPRAS|57249404|7781|1,DTE_033_000000007781_57249404.xml,2025-03,7781,1,COMPRAS,2025-03-26,33,57249404,LUBRICENTRO-SUBDISTRIBUIDOR LIPIGAS-VTA MATERIAS PRIMAS AGRICOLA,CARGA GAS 15 KG,,RICARDO GERMAN OSWALD BUCHNER,,,22689,22689.00,Documento,silver_audit_backfill,EXP-11.5,0.956545,0.934229,0.247712,auto_accept,,EXP-11.5:0.9565;ADM-1.4:0.0223;EXP-16.2:0.0093,EXP-11.5,0.956545,False,,,,silver_audit,recovered
1530,COMPRAS|760703753|18910|2,DTE_033_000000018910_760703753.xml,2025-03,18910,2,COMPRAS,2025-03-05,33,760703753,"Importacion Exportacion y Comercializacion de Maquinarias, Repuestos e Insumos A",MANO DE OBRA SERVICIO TECNICO GALLAGHER,MANO DE OBRA SERVICIO TECNICO GALLAGHER,GALLAGHER CHILE SPA,,,49000,49000,Documento,silver_audit_backfill,EXP-13.1,0.28157,0.049955,2.354047,auto_accept,,EXP-14.4:0.2816;EXP-13.1:0.2316;EXP-14.2:0.0943,EXP-14.4,0.28157,False,,,,silver_audit,recovered_over_model_disagreement
1535,COMPRAS|761757865|23700|2,DTE_033_000000023700_761757865.xml,2025-03,23700,2,COMPRAS,2025-03-03,33,761757865,"INSTALACION,MANTENCION,REPARACION MAQUINARIA AGROPECUARIA,FORESTAL",TRI-PFAN 200 LTS,,GEA Farm Technologies Osorno Ltda.,,,413186,516483,Documento,client_evidence_backfill,EXP-10.3,0.506297,0.31415,1.573306,auto_accept,,EXP-10.3:0.5063;EXP-10.4:0.1921;EXP-10.1:0.1729,EXP-10.3,0.506297,False,,,,client_evidence,recovered
1539,COMPRAS|761757865|23748|1,DTE_033_000000023748_761757865.xml,2025-03,23748,1,COMPRAS,2025-03-05,33,761757865,"INSTALACION,MANTENCION,REPARACION MAQUINARIA AGROPECUARIA,FORESTAL",JUEGO PEZONERAS MONOBLOCK,,GEA Farm Technologies Osorno Ltda.,,,199240,49810,Documento,client_evidence_backfill,EXP-10.4,0.602647,0.284794,1.10017,auto_accept,,EXP-10.4:0.6026;EXP-10.1:0.3179;EXP-10.2:0.0141,EXP-10.4,0.602647,False,,,,client_evidence,recovered
1543,COMPRAS|761757865|23835|2,DTE_033_000000023835_761757865.xml,2025-03,23835,2,COMPRAS,2025-03-24,33,761757865,"INSTALACION,MANTENCION,REPARACION MAQUINARIA AGROPECUARIA,FORESTAL",TRI-PFAN 200 LTS,,GEA Farm Technologies Osorno Ltda.,,,413186,516483,Documento,client_evidence_backfill,EXP-10.3,0.506297,0.31415,1.573306,auto_accept,,EXP-10.3:0.5063;EXP-10.4:0.1921;EXP-10.1:0.1729,EXP-10.3,0.506297,False,,,,client_evidence,recovered
1561,COMPRAS|771552897|58579|1,DTE_033_000000058579_771552897.xml,2025-03,58579,1,COMPRAS,2025-03-04,33,771552897,AGROINDUSTRIA,BIOLACT ANTILLANCA GRANEL,,AGROCOMERCIAL IANSA S.A.,,A096685810,3748500,294.000,Documento,client_evidence_backfill,EXP-5.1,0.792513,0.709271,0.939673,auto_accept,,EXP-5.1:0.7925;EXP-5.2:0.0832;EXP-6.5:0.0582,EXP-5.1,0.792513,False,,,,client_evidence,recovered
1562,COMPRAS|771552897|58580|1,DTE_033_000000058580_771552897.xml,2025-03,58580,1,COMPRAS,2025-03-04,33,771552897,AGROINDUSTRIA,BIOLACT ANTILLANCA GRANEL,,AGROCOMERCIAL IANSA S.A.,,A096685810,3966060,294.000,Documento,client_evidence_backfill,EXP-5.1,0.792513,0.709271,0.939673,auto_accept,,EXP-5.1:0.7925;EXP-5.2:0.0832;EXP-6.5:0.0582,EXP-5.1,0.792513,False,,,,client_evidence,recovered
1573,COMPRAS|111003351|81978|5,DTE_033_000000081978_111003351.xml,2025-03,81978,5,COMPRAS,2025-03-14,33,111003351,COMPRAVENTA MAQUINARIAS SERVICIO TECNICO,MANO DE OBRA MARCELO,MANO DE OBRA MARCELO,LIDIA ANGELICA SANHUEZA FUENTES,,,21008,2100.84,Documento,silver_audit_backfill,EXP-13.1,0.484149,0.391625,2.140081,auto_accept,,EXP-13.1:0.4841;EXP-14.4:0.0925;EXP-2.4:0.0569,EXP-13.1,0.484149,False,,,,silver_audit,recovered
1576,COMPRAS|969839504|121220|3,DTE_033_000000121220_969839504.xml,2025-03,121220,3,COMPRAS,2025-03-20,33,969839504,"COM. EQ.ORDEÑA,VTA.ART.ASEO Y DETER,ASESORIA",EMERGENCIA EQUIPOS DE REFRIGERACION,,SOCIEDAD COMERCIAL SERLAC CHILE S.A.,,,130000,130000.00000,Documento,client_evidence_backfill,EXP-10.1,0.573246,0.451248,1.948051,auto_accept,,EXP-10.1:0.5732;ADM-1.6:0.1220;EXP-1.1:0.0416,EXP-10.1,0.573246,False,,,,client_evidence,recovered
1577,COMPRAS|969839504|121220|4,DTE_033_000000121220_969839504.xml,2025-03,121220,4,COMPRAS,2025-03-20,33,969839504,"COM. EQ.ORDEÑA,VTA.ART.ASEO Y DETER,ASESORIA",MOVILIZACION DE EQUIPOS DE REFRIGERACION,,SOCIEDAD COMERCIAL SERLAC CHILE S.A.,,,20000,20000.000000,Documento,client_evidence_backfill,EXP-10.1,0.754551,0.713575,1.327882,auto_accept,,EXP-10.1:0.7546;EXP-6.5:0.0410;EXP-1.1:0.0266,EXP-10.1,0.754551,False,,,,client_evidence,recovered
1583,COMPRAS|762599570|194828|1,DTE_033_000000194828_762599570.xml,2025-03,194828,1,COMPRAS,2025-03-04,33,762599570,SERVICENTRO,93 S/P,,ESTACIONES DE SERVICIO PAOLA USLAR MOLINA E.I.R.L.,,,31841,796.03,Documento,client_evidence_backfill,ADM-1.4,0.746355,0.704891,1.381561,auto_accept,,ADM-1.4:0.7464;EXP-11.4:0.0415;EXP-10.1:0.0346,ADM-1.4,0.746355,False,,,,client_evidence,recovered
1584,COMPRAS|762599570|194867|1,DTE_033_000000194867_762599570.xml,2025-03,194867,1,COMPRAS,2025-03-05,33,762599570,SERVICENTRO,93 S/P,,ESTACIONES DE SERVICIO PAOLA USLAR MOLINA E.I.R.L.,,,31847,796.03,Documento,client_evidence_backfill,ADM-1.4,0.746355,0.704891,1.381561,auto_accept,,ADM-1.4:0.7464;EXP-11.4:0.0415;EXP-10.1:0.0346,ADM-1.4,0.746355,False,,,,client_evidence,recovered
1676,COMPRAS|966856904|460876|1,DTE_033_000000460876_966856904.xml,2025-03,460876,1,COMPRAS,2025-03-31,33,966856904,SERVICIOS DE ALOJAMIENTOS HOTELEROS A EXTRANJEROS Y NACIONALES,Habitaciones ( 1),,TALBOT HOTELS S A,,"Anguita, Cristian",70000,70000.000000,Documento,client_evidence_backfill,ADM-1.5,0.421062,0.282322,2.153004,auto_accept,,ADM-1.5:0.4211;EXP-1.1:0.1387;EXP-14.4:0.1042,ADM-1.5,0.421062,False,,,,client_evidence,recovered
1701,COMPRAS|990120005|633520|1,DTE_033_000000633520_990120005.xml,2025-03,633520,1,COMPRAS,2025-03-11,33,990120005,Seguros de Vida,Seguro Colectivo. Poliza Nro. 12799,,Cia de Seguros de Vida Consorcio Nacional de Seguros SA,,,631714,,Documento,silver_audit_backfill,ADM-2.2,0.804647,0.722246,0.934617,auto_accept,,ADM-2.2:0.8046;ADM-1.4:0.0824;ADM-1.8:0.0247,ADM-2.2,0.804647,False,,,,silver_audit,recovered
1712,COMPRAS|760468894|989762|1,DTE_033_000000989762_760468894.xml,2025-03,989762,1,COMPRAS,2025-03-07,33,760468894,"VENTA AL POR MAYOR DE MATERIAS PRIMAS AGRICOLAS,FUMIGACIONES,DESTRUCC. DE PLAGAS",ROUNDUP CONTROLMAX (15 KG) BY,,MARTINEZ Y VALDIVIESO S.A,,0001019264,227924,7597.4667,Documento,silver_audit_backfill,EXP-7.0,0.583678,0.501709,1.827523,auto_accept,,EXP-7.0:0.5837;EXP-10.3:0.0820;EXP-13.1:0.0719,EXP-7.0,0.583678,False,,,,silver_audit,recovered
1780,COMPRAS|967728101|1393441|1,DTE_033_000001393441_967728101.xml,2025-03,1393441,1,COMPRAS,2025-03-03,33,967728101,AGROINDUSTRIA,CAL SUR IANSA A GRANEL,,IANSAGRO S.A.,,A096685810,1346364,50.200,Documento,silver_audit_backfill,EXP-6.3,0.956788,0.944051,0.31047,auto_accept,,EXP-6.3:0.9568;EXP-14.1:0.0127;EXP-10.4:0.0034,EXP-6.3,0.956788,False,,,,silver_audit,recovered
1781,COMPRAS|967728101|1393441|2,DTE_033_000001393441_967728101.xml,2025-03,1393441,2,COMPRAS,2025-03-03,33,967728101,AGROINDUSTRIA,CAL SUR IANSA A GRANEL,,IANSAGRO S.A.,,A096685810,1458812,50.200,Documento,silver_audit_backfill,EXP-6.3,0.956788,0.944051,0.31047,auto_accept,,EXP-6.3:0.9568;EXP-14.1:0.0127;EXP-10.4:0.0034,EXP-6.3,0.956788,False,,,,silver_audit,recovered
1782,COMPRAS|967728101|1393441|3,DTE_033_000001393441_967728101.xml,2025-03,1393441,3,COMPRAS,2025-03-03,33,967728101,AGROINDUSTRIA,CAL SUR IANSA A GRANEL,,IANSAGRO S.A.,,A096685810,1407106,50.200,Documento,silver_audit_backfill,EXP-6.3,0.956788,0.944051,0.31047,auto_accept,,EXP-6.3:0.9568;EXP-14.1:0.0127;EXP-10.4:0.0034,EXP-6.3,0.956788,False,,,,silver_audit,recovered
1783,COMPRAS|967728101|1393441|4,DTE_033_000001393441_967728101.xml,2025-03,1393441,4,COMPRAS,2025-03-03,33,967728101,AGROINDUSTRIA,CAL SUR IANSA A GRANEL,,IANSAGRO S.A.,,A096685810,1409114,50.200,Documento,silver_audit_backfill,EXP-6.3,0.956788,0.944051,0.31047,auto_accept,,EXP-6.3:0.9568;EXP-14.1:0.0127;EXP-10.4:0.0034,EXP-6.3,0.956788,False,,,,silver_audit,recovered
1784,COMPRAS|967728101|1393441|5,DTE_033_000001393441_967728101.xml,2025-03,1393441,5,COMPRAS,2025-03-03,33,967728101,AGROINDUSTRIA,CAL SUR IANSA A GRANEL,,IANSAGRO S.A.,,A096685810,1470358,50.200,Documento,silver_audit_backfill,EXP-6.3,0.956788,0.944051,0.31047,auto_accept,,EXP-6.3:0.9568;EXP-14.1:0.0127;EXP-10.4:0.0034,EXP-6.3,0.956788,False,,,,silver_audit,recovered
1785,COMPRAS|967728101|1393442|1,DTE_033_000001393442_967728101.xml,2025-03,1393442,1,COMPRAS,2025-03-11,33,967728101,AGROINDUSTRIA,CAL SUR IANSA A GRANEL,,IANSAGRO S.A.,,A096685810,1449274,50.200,Documento,silver_audit_backfill,EXP-6.3,0.956788,0.944051,0.31047,auto_accept,,EXP-6.3:0.9568;EXP-14.1:0.0127;EXP-10.4:0.0034,EXP-6.3,0.956788,False,,,,silver_audit,recovered
1786,COMPRAS|967728101|1393442|2,DTE_033_000001393442_967728101.xml,2025-03,1393442,2,COMPRAS,2025-03-11,33,967728101,AGROINDUSTRIA,CAL SUR IANSA A GRANEL,,IANSAGRO S.A.,,A096685810,1455800,50.200,Documento,silver_audit_backfill,EXP-6.3,0.956788,0.944051,0.31047,auto_accept,,EXP-6.3:0.9568;EXP-14.1:0.0127;EXP-10.4:0.0034,EXP-6.3,0.956788,False,,,,silver_audit,recovered
1787,COMPRAS|967728101|1393442|3,DTE_033_000001393442_967728101.xml,2025-03,1393442,3,COMPRAS,2025-03-11,33,967728101,AGROINDUSTRIA,CAL SUR IANSA A GRANEL,,IANSAGRO S.A.,,A096685810,1444756,50.200,Documento,silver_audit_backfill,EXP-6.3,0.956788,0.944051,0.31047,auto_accept,,EXP-6.3:0.9568;EXP-14.1:0.0127;EXP-10.4:0.0034,EXP-6.3,0.956788,False,,,,silver_audit,recovered
1788,COMPRAS|967728101|1393442|4,DTE_033_000001393442_967728101.xml,2025-03,1393442,4,COMPRAS,2025-03-11,33,967728101,AGROINDUSTRIA,CAL SUR IANSA A GRANEL,,IANSAGRO S.A.,,A096685810,1441242,50.200,Documento,silver_audit_backfill,EXP-6.3,0.956788,0.944051,0.31047,auto_accept,,EXP-6.3:0.9568;EXP-14.1:0.0127;EXP-10.4:0.0034,EXP-6.3,0.956788,False,,,,silver_audit,recovered
1789,COMPRAS|967728101|1393442|5,DTE_033_000001393442_967728101.xml,2025-03,1393442,5,COMPRAS,2025-03-11,33,967728101,AGROINDUSTRIA,CAL SUR IANSA A GRANEL,,IANSAGRO S.A.,,A096685810,1485920,50.200,Documento,silver_audit_backfill,EXP-6.3,0.956788,0.944051,0.31047,auto_accept,,EXP-6.3:0.9568;EXP-14.1:0.0127;EXP-10.4:0.0034,EXP-6.3,0.956788,False,,,,silver_audit,recovered
1790,COMPRAS|967728101|1393442|6,DTE_033_000001393442_967728101.xml,2025-03,1393442,6,COMPRAS,2025-03-11,33,967728101,AGROINDUSTRIA,CAL SUR IANSA A GRANEL,,IANSAGRO S.A.,,A096685810,1470860,50.200,Documento,silver_audit_backfill,EXP-6.3,0.956788,0.944051,0.31047,auto_accept,,EXP-6.3:0.9568;EXP-14.1:0.0127;EXP-10.4:0.0034,EXP-6.3,0.956788,False,,,,silver_audit,recovered
1791,COMPRAS|967728101|1393442|7,DTE_033_000001393442_967728101.xml,2025-03,1393442,7,COMPRAS,2025-03-11,33,967728101,AGROINDUSTRIA,CAL SUR IANSA A GRANEL,,IANSAGRO S.A.,,A096685810,1458812,50.200,Documento,silver_audit_backfill,EXP-6.3,0.956788,0.944051,0.31047,auto_accept,,EXP-6.3:0.9568;EXP-14.1:0.0127;EXP-10.4:0.0034,EXP-6.3,0.956788,False,,,,silver_audit,recovered
1792,COMPRAS|967728101|1393443|1,DTE_033_000001393443_967728101.xml,2025-03,1393443,1,COMPRAS,2025-03-11,33,967728101,AGROINDUSTRIA,CAL SUR IANSA A GRANEL,,IANSAGRO S.A.,,A096685810,1321264,50.200,Documento,silver_audit_backfill,EXP-6.3,0.956788,0.944051,0.31047,auto_accept,,EXP-6.3:0.9568;EXP-14.1:0.0127;EXP-10.4:0.0034,EXP-6.3,0.956788,False,,,,silver_audit,recovered
1793,COMPRAS|967728101|1393443|2,DTE_033_000001393443_967728101.xml,2025-03,1393443,2,COMPRAS,2025-03-11,33,967728101,AGROINDUSTRIA,CAL SUR IANSA A GRANEL,,IANSAGRO S.A.,,A096685810,86984,52.400,Documento,silver_audit_backfill,EXP-6.3,0.956788,0.944051,0.31047,auto_accept,,EXP-6.3:0.9568;EXP-14.1:0.0127;EXP-10.4:0.0034,EXP-6.3,0.956788,False,,,,silver_audit,recovered
1794,COMPRAS|967728101|1393443|3,DTE_033_000001393443_967728101.xml,2025-03,1393443,3,COMPRAS,2025-03-11,33,967728101,AGROINDUSTRIA,CAL SUR IANSA A GRANEL,,IANSAGRO S.A.,,A096685810,1423708,52.400,Documento,silver_audit_backfill,EXP-6.3,0.956788,0.944051,0.31047,auto_accept,,EXP-6.3:0.9568;EXP-14.1:0.0127;EXP-10.4:0.0034,EXP-6.3,0.956788,False,,,,silver_audit,recovered
1795,COMPRAS|967728101|1393443|4,DTE_033_000001393443_967728101.xml,2025-03,1393443,4,COMPRAS,2025-03-11,33,967728101,AGROINDUSTRIA,CAL SUR IANSA A GRANEL,,IANSAGRO S.A.,,A096685810,1415324,52.400,Documento,silver_audit_backfill,EXP-6.3,0.956788,0.944051,0.31047,auto_accept,,EXP-6.3:0.9568;EXP-14.1:0.0127;EXP-10.4:0.0034,EXP-6.3,0.956788,False,,,,silver_audit,recovered
1796,COMPRAS|967728101|1393443|5,DTE_033_000001393443_967728101.xml,2025-03,1393443,5,COMPRAS,2025-03-11,33,967728101,AGROINDUSTRIA,CAL SUR IANSA A GRANEL,,IANSAGRO S.A.,,A096685810,1525364,52.400,Documento,silver_audit_backfill,EXP-6.3,0.956788,0.944051,0.31047,auto_accept,,EXP-6.3:0.9568;EXP-14.1:0.0127;EXP-10.4:0.0034,EXP-6.3,0.956788,False,,,,silver_audit,recovered
1797,COMPRAS|967728101|1393443|6,DTE_033_000001393443_967728101.xml,2025-03,1393443,6,COMPRAS,2025-03-11,33,967728101,AGROINDUSTRIA,CAL SUR IANSA A GRANEL,,IANSAGRO S.A.,,A096685810,1465628,52.400,Documento,silver_audit_backfill,EXP-6.3,0.956788,0.944051,0.31047,auto_accept,,EXP-6.3:0.9568;EXP-14.1:0.0127;EXP-10.4:0.0034,EXP-6.3,0.956788,False,,,,silver_audit,recovered
1798,COMPRAS|967728101|1393443|7,DTE_033_000001393443_967728101.xml,2025-03,1393443,7,COMPRAS,2025-03-11,33,967728101,AGROINDUSTRIA,CAL SUR IANSA A GRANEL,,IANSAGRO S.A.,,A096685810,1516980,52.400,Documento,silver_audit_backfill,EXP-6.3,0.956788,0.944051,0.31047,auto_accept,,EXP-6.3:0.9568;EXP-14.1:0.0127;EXP-10.4:0.0034,EXP-6.3,0.956788,False,,,,silver_audit,recovered
1799,COMPRAS|967728101|1393443|8,DTE_033_000001393443_967728101.xml,2025-03,1393443,8,COMPRAS,2025-03-11,33,967728101,AGROINDUSTRIA,CAL SUR IANSA A GRANEL,,IANSAGRO S.A.,,A096685810,1459864,52.400,Documento,silver_audit_backfill,EXP-6.3,0.956788,0.944051,0.31047,auto_accept,,EXP-6.3:0.9568;EXP-14.1:0.0127;EXP-10.4:0.0034,EXP-6.3,0.956788,False,,,,silver_audit,recovered
1800,COMPRAS|967728101|1393443|9,DTE_033_000001393443_967728101.xml,2025-03,1393443,9,COMPRAS,2025-03-11,33,967728101,AGROINDUSTRIA,CAL SUR IANSA A GRANEL,,IANSAGRO S.A.,,A096685810,1507024,52.400,Documento,silver_audit_backfill,EXP-6.3,0.956788,0.944051,0.31047,auto_accept,,EXP-6.3:0.9568;EXP-14.1:0.0127;EXP-10.4:0.0034,EXP-6.3,0.956788,False,,,,silver_audit,recovered
1801,COMPRAS|967728101|1393443|10,DTE_033_000001393443_967728101.xml,2025-03,1393443,10,COMPRAS,2025-03-11,33,967728101,AGROINDUSTRIA,CAL SUR IANSA A GRANEL,,IANSAGRO S.A.,,A096685810,1422136,52.400,Documento,silver_audit_backfill,EXP-6.3,0.956788,0.944051,0.31047,auto_accept,,EXP-6.3:0.9568;EXP-14.1:0.0127;EXP-10.4:0.0034,EXP-6.3,0.956788,False,,,,silver_audit,recovered
1817,COMPRAS|97080000K|3223494|1,DTE_033_000003223494_97080000K.xml,2025-03,3223494,1,COMPRAS,2025-03-07,33,97080000K,BANCO COMERCIAL,Comisión por Nóminas en Línea CCA,,BANCO BICE,,,384438,384438,Documento,silver_audit_backfill,ADM-1.7,0.517366,0.394462,1.727873,auto_accept,,ADM-1.7:0.5174;EXP-15.1:0.1229;ADM-1.10:0.1009,ADM-1.7,0.517366,False,,,,silver_audit,recovered
1880,COMPRAS|810941006|28273812|1,DTE_033_000028273812_810941006.xml,2025-03,28273812,1,COMPRAS,2025-03-03,33,810941006,FABR. Y DIST.PROD.LACTEOS VTAS. INSAGRIC,SEMILLA BALLICA ARRAY NEA2 AGR X 25 KG,SEMILLA BALLICA ARRAY NEA2 AGR X 25 KG,COOPERATIVA AGRICOLA Y LECHERA DE LA UNION LTDA.,,,11339000,246500,Documento,silver_audit_backfill,EXP-8.1,0.479738,0.012837,0.994093,auto_accept,,EXP-8.1:0.4797;EXP-8.2:0.4669;EXP-8.4:0.0244,EXP-8.1,0.479738,False,,,,silver_audit,recovered
1896,COMPRAS|810941006|28274288|1,DTE_033_000028274288_810941006.xml,2025-03,28274288,1,COMPRAS,2025-03-07,33,810941006,FABR. Y DIST.PROD.LACTEOS VTAS. INSAGRIC,GASOLINA 93,GASOLINA 93,COOPERATIVA AGRICOLA Y LECHERA DE LA UNION LTDA.,,,31435,785.875000,Documento,client_evidence_backfill,EXP-11.4,0.683454,0.434096,0.922669,auto_accept,,EXP-11.4:0.6835;ADM-1.4:0.2494;EXP-11.5:0.0307,EXP-11.4,0.683454,False,,,,client_evidence,recovered
1898,COMPRAS|810941006|28274562|1,DTE_033_000028274562_810941006.xml,2025-03,28274562,1,COMPRAS,2025-03-11,33,810941006,FABR. Y DIST.PROD.LACTEOS VTAS. INSAGRIC,GASOLINA 93,GASOLINA 93,COOPERATIVA AGRICOLA Y LECHERA DE LA UNION LTDA.,,,78587,785.870000,Documento,client_evidence_backfill,EXP-11.4,0.683454,0.434096,0.922669,auto_accept,,EXP-11.4:0.6835;ADM-1.4:0.2494;EXP-11.5:0.0307,EXP-11.4,0.683454,False,,,,client_evidence,recovered
1919,COMPRAS|810941006|28310693|2,DTE_033_000028310693_810941006.xml,2025-03,28310693,2,COMPRAS,2025-03-12,33,810941006,FABR.Y DIST.PROD.LACTEOS VTAS.INSUMOS AG,GASOLINA 93,,COOPERATIVA AGRICOLA Y LECHERA DE LA UNI,,0966858109,47152,785.8667,Documento,client_evidence_backfill,EXP-11.4,0.742119,0.56984,0.91508,auto_accept,,EXP-11.4:0.7421;ADM-1.4:0.1723;EXP-11.5:0.0309,EXP-11.4,0.742119,False,,,,client_evidence,recovered
1920,COMPRAS|810941006|28310706|1,DTE_033_000028310706_810941006.xml,2025-03,28310706,1,COMPRAS,2025-03-12,33,810941006,FABR.Y DIST.PROD.LACTEOS VTAS.INSUMOS AGRICOLAS VETER. COMBUSTIBLES Y VEHICULOS,GASOLINA 93,Retira: ANTILLANCA SPA{Impuesto base combustible: 16328{Impuesto variable combustible: 745,COOPERATIVA AGRICOLA Y LECHERA DE LA UNION LTDA.,,0966858109,31435,785.867000,Documento,client_evidence_backfill,EXP-11.4,0.545122,0.175642,1.107964,auto_accept,,EXP-11.4:0.5451;ADM-1.4:0.3695;EXP-11.5:0.0236,EXP-11.4,0.545122,False,,,,client_evidence,recovered
1922,COMPRAS|810941006|28310970|1,DTE_033_000028310970_810941006.xml,2025-03,28310970,1,COMPRAS,2025-03-19,33,810941006,FABR.Y DIST.PROD.LACTEOS VTAS.INSUMOS AG,GASOLINA 93,,COOPERATIVA AGRICOLA Y LECHERA DE LA UNI,,0966858109,30343,758.575,Documento,client_evidence_backfill,EXP-11.4,0.742119,0.56984,0.91508,auto_accept,,EXP-11.4:0.7421;ADM-1.4:0.1723;EXP-11.5:0.0309,EXP-11.4,0.742119,False,,,,client_evidence,recovered
1926,COMPRAS|810941006|28311284|1,DTE_033_000028311284_810941006.xml,2025-03,28311284,1,COMPRAS,2025-03-27,33,810941006,FABR.Y DIST.PROD.LACTEOS VTAS.INSUMOS AG,GASOLINA 93,,COOPERATIVA AGRICOLA Y LECHERA DE LA UNI,,0966858109,30152,753.8,Documento,client_evidence_backfill,EXP-11.4,0.742119,0.56984,0.91508,auto_accept,,EXP-11.4:0.7421;ADM-1.4:0.1723;EXP-11.5:0.0309,EXP-11.4,0.742119,False,,,,client_evidence,recovered
1932,COMPRAS|810941006|28354092|1,DTE_033_000028354092_810941006.xml,2025-03,28354092,1,COMPRAS,2025-03-10,33,810941006,FABR.Y DIST.PROD.LACTEOS VTAS.INSUMOS AGRICOLAS VETER. COMBUSTIBLES Y VEHICULOS,GASOLINA 93,Retira: ANTILLANCA SPA{Impuesto base combustible: 12246{Impuesto variable combustible: 558,COOPERATIVA AGRICOLA Y LECHERA DE LA UNION LTDA.,,0966858109,23576,785.867000,Documento,client_evidence_backfill,EXP-11.4,0.540871,0.169094,1.116492,auto_accept,,EXP-11.4:0.5409;ADM-1.4:0.3718;EXP-11.5:0.0241,EXP-11.4,0.540871,False,,,,client_evidence,recovered
1933,COMPRAS|810941006|28354108|1,DTE_033_000028354108_810941006.xml,2025-03,28354108,1,COMPRAS,2025-03-10,33,810941006,FABR.Y DIST.PROD.LACTEOS VTAS.INSUMOS AG,GASOLINA 93,,COOPERATIVA AGRICOLA Y LECHERA DE LA UNI,,0966858109,31435,785.875,Documento,client_evidence_backfill,EXP-11.4,0.742119,0.56984,0.91508,auto_accept,,EXP-11.4:0.7421;ADM-1.4:0.1723;EXP-11.5:0.0309,EXP-11.4,0.742119,False,,,,client_evidence,recovered
1934,COMPRAS|810941006|28354167|1,DTE_033_000028354167_810941006.xml,2025-03,28354167,1,COMPRAS,2025-03-17,33,810941006,FABR.Y DIST.PROD.LACTEOS VTAS.INSUMOS AGRICOLAS VETER. COMBUSTIBLES Y VEHICULOS,GASOLINA 93,Retira: ANTILLANCA SPA{Impuesto base combustible: 12246{Impuesto variable combustible: 663,COOPERATIVA AGRICOLA Y LECHERA DE LA UNION LTDA.,,0966858109,22757,758.576000,Documento,client_evidence_backfill,EXP-11.4,0.535361,0.156562,1.112351,auto_accept,,EXP-11.4:0.5354;ADM-1.4:0.3788;EXP-11.5:0.0240,EXP-11.4,0.535361,False,,,,client_evidence,recovered
1935,COMPRAS|810941006|28354220|1,DTE_033_000028354220_810941006.xml,2025-03,28354220,1,COMPRAS,2025-03-19,33,810941006,FABR.Y DIST.PROD.LACTEOS VTAS.INSUMOS AG,GASOLINA 93,,COOPERATIVA AGRICOLA Y LECHERA DE LA UNI,,0966858109,60686,758.575,Documento,client_evidence_backfill,EXP-11.4,0.742119,0.56984,0.91508,auto_accept,,EXP-11.4:0.7421;ADM-1.4:0.1723;EXP-11.5:0.0309,EXP-11.4,0.742119,False,,,,client_evidence,recovered
1938,COMPRAS|810941006|28354274|1,DTE_033_000028354274_810941006.xml,2025-03,28354274,1,COMPRAS,2025-03-24,33,810941006,FABR.Y DIST.PROD.LACTEOS VTAS.INSUMOS AG,GASOLINA 93,,COOPERATIVA AGRICOLA Y LECHERA DE LA UNI,,0966858109,59577,744.7125,Documento,client_evidence_backfill,EXP-11.4,0.742119,0.56984,0.91508,auto_accept,,EXP-11.4:0.7421;ADM-1.4:0.1723;EXP-11.5:0.0309,EXP-11.4,0.742119,False,,,,client_evidence,recovered
1941,COMPRAS|810941006|28354337|1,DTE_033_000028354337_810941006.xml,2025-03,28354337,1,COMPRAS,2025-03-27,33,810941006,FABR.Y DIST.PROD.LACTEOS VTAS.INSUMOS AG,GASOLINA 93,,COOPERATIVA AGRICOLA Y LECHERA DE LA UNI,,0966858109,59577,744.7125,Documento,client_evidence_backfill,EXP-11.4,0.742119,0.56984,0.91508,auto_accept,,EXP-11.4:0.7421;ADM-1.4:0.1723;EXP-11.5:0.0309,EXP-11.4,0.742119,False,,,,client_evidence,recovered
1942,COMPRAS|810941006|28354368|1,DTE_033_000028354368_810941006.xml,2025-03,28354368,1,COMPRAS,2025-03-31,33,810941006,FABR.Y DIST.PROD.LACTEOS VTAS.INSUMOS AG,GASOLINA 93,,COOPERATIVA AGRICOLA Y LECHERA DE LA UNI,,0966858109,45227,753.7833,Documento,client_evidence_backfill,EXP-11.4,0.742119,0.56984,0.91508,auto_accept,,EXP-11.4:0.7421;ADM-1.4:0.1723;EXP-11.5:0.0309,EXP-11.4,0.742119,False,,,,client_evidence,recovered
1943,COMPRAS|810941006|28354377|1,DTE_033_000028354377_810941006.xml,2025-03,28354377,1,COMPRAS,2025-03-31,33,810941006,FABR.Y DIST.PROD.LACTEOS VTAS.INSUMOS AG,GASOLINA 93,,COOPERATIVA AGRICOLA Y LECHERA DE LA UNI,,0966858109,22614,753.8,Documento,client_evidence_backfill,EXP-11.4,0.742119,0.56984,0.91508,auto_accept,,EXP-11.4:0.7421;ADM-1.4:0.1723;EXP-11.5:0.0309,EXP-11.4,0.742119,False,,,,client_evidence,recovered
1970,COMPRAS|810941006|28367615|1,DTE_033_000028367615_810941006.xml,2025-03,28367615,1,COMPRAS,2025-03-06,33,810941006,FABR.Y DIST.PROD.LACTEOS VTAS.INSUMOS AG,GASOLINA 93,,COOPERATIVA AGRICOLA Y LECHERA DE LA UNI,,0966858109,32221,785.878,Documento,client_evidence_backfill,EXP-11.4,0.742119,0.56984,0.91508,auto_accept,,EXP-11.4:0.7421;ADM-1.4:0.1723;EXP-11.5:0.0309,EXP-11.4,0.742119,False,,,,client_evidence,recovered
1971,COMPRAS|810941006|28367633|1,DTE_033_000028367633_810941006.xml,2025-03,28367633,1,COMPRAS,2025-03-07,33,810941006,FABR.Y DIST.PROD.LACTEOS VTAS.INSUMOS AG,GASOLINA 93,,COOPERATIVA AGRICOLA Y LECHERA DE LA UNI,,0966858109,15717,785.85,Documento,client_evidence_backfill,EXP-11.4,0.742119,0.56984,0.91508,auto_accept,,EXP-11.4:0.7421;ADM-1.4:0.1723;EXP-11.5:0.0309,EXP-11.4,0.742119,False,,,,client_evidence,recovered
1972,COMPRAS|810941006|28367750|1,DTE_033_000028367750_810941006.xml,2025-03,28367750,1,COMPRAS,2025-03-13,33,810941006,FABR.Y DIST.PROD.LACTEOS VTAS.INSUMOS AGRICOLAS VETER. COMBUSTIBLES Y VEHICULOS,GASOLINA 93,Retira: ANTILLANCA SPA{Impuesto base combustible: 32656{Impuesto variable combustible: 1767,COOPERATIVA AGRICOLA Y LECHERA DE LA UNION LTDA.,,0966858109,60686,758.576000,Documento,client_evidence_backfill,EXP-11.4,0.550319,0.186173,1.106601,auto_accept,,EXP-11.4:0.5503;ADM-1.4:0.3641;EXP-11.5:0.0243,EXP-11.4,0.550319,False,,,,client_evidence,recovered
1974,COMPRAS|810941006|28367813|1,DTE_033_000028367813_810941006.xml,2025-03,28367813,1,COMPRAS,2025-03-17,33,810941006,FABR.Y DIST.PROD.LACTEOS VTAS.INSUMOS AG,GASOLINA 93,,COOPERATIVA AGRICOLA Y LECHERA DE LA UNI,,0966858109,15172,758.6,Documento,client_evidence_backfill,EXP-11.4,0.742119,0.56984,0.91508,auto_accept,,EXP-11.4:0.7421;ADM-1.4:0.1723;EXP-11.5:0.0309,EXP-11.4,0.742119,False,,,,client_evidence,recovered
1979,COMPRAS|810941006|28367948|1,DTE_033_000028367948_810941006.xml,2025-03,28367948,1,COMPRAS,2025-03-24,33,810941006,FABR.Y DIST.PROD.LACTEOS VTAS.INSUMOS AG,GASOLINA 93,,COOPERATIVA AGRICOLA Y LECHERA DE LA UNI,,0966858109,22342,744.7333,Documento,client_evidence_backfill,EXP-11.4,0.742119,0.56984,0.91508,auto_accept,,EXP-11.4:0.7421;ADM-1.4:0.1723;EXP-11.5:0.0309,EXP-11.4,0.742119,False,,,,client_evidence,recovered
2008,COMPRAS|970040005|43088429|1,DTE_033_000043088429_970040005.xml,2025-03,43088429,1,COMPRAS,2025-03-10,33,970040005,Banco Comercial,COMISION MENSUAL ADMINISTRACION CONVENIO]REMUNERACIONES,COMISION MENSUAL ADMINISTRACION CONVENIO]REMUNERACIONES ]NUMERO DE OPERACION 02600554401 .,Banco de Chile,,,12986,12986,Documento,silver_audit_backfill,ADM-1.7,0.370805,0.201617,2.203085,auto_accept,,ADM-1.7:0.3708;ADM-1.5:0.1692;EXP-15.1:0.0886,ADM-1.7,0.370805,False,,,,silver_audit,recovered
2049,COMPRAS|968480502|97409|1,DTE_034_000000097409_968480502.xml,2025-03,97409,1,COMPRAS,2025-03-31,34,968480502,Concesionario de Peaje,Recarga de Prepagos,,Ruta de los Rios Sociedad Concesionaria S.A.,,,250000,250000,Documento,client_evidence_backfill,ADM-1.4,0.546193,0.402762,1.881673,auto_accept,,ADM-1.4:0.5462;EXP-15.5:0.1434;ADM-1.7:0.0673,ADM-1.4,0.546193,False,,,,client_evidence,recovered
2058,COMPRAS|761248901|59923104|1,DTE_061_000059923104_761248901.xml,2025-03,59923104,1,COMPRAS,2025-03-30,61,761248901,Comunicaciones,Cargo Fijo BAM,2025-03-30++56974729073,Telefónica Móviles Chile S.A.,,35441912,670,670,Documento,manually_audited_near_identical_backfill,ADM-1.2,0.736518,0.692739,1.352394,auto_accept,,ADM-1.2:0.7365;EXP-13.3:0.0438;ADM-1.6:0.0379,ADM-1.2,0.736518,False,,,,manually_audited_near_identical,recovered
2065,COMPRAS|779509370|33|2,DTE_033_000000000033_779509370.xml,2025-03,33,2,COMPRAS,2025-03-31,33,779509370,PRESTACION DE SERVICIOS AGRICOLAS,MAITEN FERTILIZACION MAP,,PRESTACIONES DE SERVICIOS AGRICOLAS EL SIERVO LIMITADA,,,176000,8000.00,Documento,silver_audit_backfill,EXP-6.1,0.693711,0.506913,1.106459,auto_accept,,EXP-6.1:0.6937;EXP-6.5:0.1868;EXP-15.5:0.0411,EXP-6.1,0.693711,False,,,,silver_audit,recovered
2068,COMPRAS|779509370|33|5,DTE_033_000000000033_779509370.xml,2025-03,33,5,COMPRAS,2025-03-31,33,779509370,PRESTACION DE SERVICIOS AGRICOLAS,BRAM. FERTILIZACION MAP,,PRESTACIONES DE SERVICIOS AGRICOLAS EL SIERVO LIMITADA,,,1528000,8000.00,Documento,silver_audit_backfill,EXP-6.1,0.708146,0.570438,1.180261,auto_accept,,EXP-6.1:0.7081;EXP-6.5:0.1377;EXP-15.5:0.0456,EXP-6.1,0.708146,False,,,,silver_audit,recovered
2078,COMPRAS|779509370|34|7,DTE_033_000000000034_779509370.xml,2025-03,34,7,COMPRAS,2025-03-31,33,779509370,PRESTACION DE SERVICIOS AGRICOLAS,CULTIVO SILO RASTRA,,PRESTACIONES DE SERVICIOS AGRICOLAS EL SIERVO LIMITADA,,,75000,25000.00,Documento,silver_audit_backfill,EXP-4.1,0.625679,0.548107,1.723445,auto_accept,,EXP-4.1:0.6257;EXP-5.4:0.0776;EXP-14.4:0.0674,EXP-4.1,0.625679,False,,,,silver_audit,recovered
2091,COMPRAS|774580921|179|3,DTE_033_000000000179_774580921.xml,2025-03,179,3,COMPRAS,2025-03-31,33,774580921,VULCANIZACIÓN Y SERVICIOS DE MECÁNICA RÁPIDA - VENTA DE REPUESTOS- LUB,R.N.PIBOTE RIEGO R 24,,VULCANIZACIÓN NONTUELÁ SPA,,,25000,25000.00,Documento,manually_audited_near_identical_backfill,EXP-9.2,0.194652,0.058952,2.878632,auto_accept,,EXP-7.0:0.1947;EXP-6.2:0.1357;EXP-5.2:0.1097,EXP-7.0,0.194652,False,,,,manually_audited_near_identical,recovered_over_model_disagreement
2098,COMPRAS|772240368|244|1,DTE_033_000000000244_772240368.xml,2025-04,244,1,COMPRAS,2025-04-04,33,772240368,"CULTIVOS AGRÍCOLAS, CRÍA Y CORRETAJE DE GANADO, ACTIVIDADES VENTA LEÑA",servicio de purines,fdo raices,SILVOAGROPECUARIO YERKO VERA CAMPOS EMPRESA INDIVIDUAL DE RESPONSABILI,,,450000,15000.00,Documento,silver_audit_backfill,EXP-15.5,0.427254,0.274192,2.214468,auto_accept,,EXP-15.5:0.4273;EXP-6.5:0.1531;EXP-6.2:0.0782,EXP-15.5,0.427254,False,,,,silver_audit,recovered
2099,COMPRAS|772240368|245|1,DTE_033_000000000245_772240368.xml,2025-04,245,1,COMPRAS,2025-04-04,33,772240368,"CULTIVOS AGRÍCOLAS, CRÍA Y CORRETAJE DE GANADO, ACTIVIDADES VENTA LEÑA",servicio de purines,fdo maitenes,SILVOAGROPECUARIO YERKO VERA CAMPOS EMPRESA INDIVIDUAL DE RESPONSABILI,,,750000,15000.00,Documento,silver_audit_backfill,EXP-15.5,0.446977,0.306253,2.193915,auto_accept,,EXP-15.5:0.4470;EXP-6.5:0.1407;EXP-6.2:0.0946,EXP-15.5,0.446977,False,,,,silver_audit,recovered
2100,COMPRAS|772240368|251|1,DTE_033_000000000251_772240368.xml,2025-04,251,1,COMPRAS,2025-04-12,33,772240368,"CULTIVOS AGRÍCOLAS, CRÍA Y CORRETAJE DE GANADO, ACTIVIDADES VENTA LEÑA",servicio de purines,,SILVOAGROPECUARIO YERKO VERA CAMPOS EMPRESA INDIVIDUAL DE RESPONSABILI,,,525000,15000.00,Documento,silver_audit_backfill,EXP-15.5,0.377845,0.2716,2.312905,auto_accept,,EXP-15.5:0.3778;EXP-6.2:0.1062;EXP-6.4:0.0962,EXP-15.5,0.377845,False,,,,silver_audit,recovered
2101,COMPRAS|772240368|257|1,DTE_033_000000000257_772240368.xml,2025-04,257,1,COMPRAS,2025-04-24,33,772240368,"CULTIVOS AGRÍCOLAS, CRÍA Y CORRETAJE DE GANADO, ACTIVIDADES VENTA LEÑA",servicio de purines,,SILVOAGROPECUARIO YERKO VERA CAMPOS EMPRESA INDIVIDUAL DE RESPONSABILI,,,525000,15000.00,Documento,silver_audit_backfill,EXP-15.5,0.377845,0.2716,2.312905,auto_accept,,EXP-15.5:0.3778;EXP-6.2:0.1062;EXP-6.4:0.0962,EXP-15.5,0.377845,False,,,,silver_audit,recovered
2120,COMPRAS|776655848|844|1,DTE_033_000000000844_776655848.xml,2025-04,844,1,COMPRAS,2025-04-02,33,776655848,"VENTA, ENVASADO Y DISTRIBUCIÓN DE AGUA PURIFICADA",Recarga Agua Purificada,,PURIFICADORA DE AGUA ALEJANDRO SALAZAR RIVERA E.I.R.L.,,,10084,2521.00,Documento,client_evidence_backfill,ADM-1.6,0.517144,0.242039,1.550521,auto_accept,,ADM-1.6:0.5171;EXP-9.2:0.2751;EXP-14.3:0.0530,ADM-1.6,0.517144,False,,,,client_evidence,recovered
2121,COMPRAS|776655848|885|1,DTE_033_000000000885_776655848.xml,2025-04,885,1,COMPRAS,2025-04-24,33,776655848,"VENTA, ENVASADO Y DISTRIBUCIÓN DE AGUA PURIFICADA",Recarga Agua Purificada,,PURIFICADORA DE AGUA ALEJANDRO SALAZAR RIVERA E.I.R.L.,,,10084,2521.00,Documento,client_evidence_backfill,ADM-1.6,0.517144,0.242039,1.550521,auto_accept,,ADM-1.6:0.5171;EXP-9.2:0.2751;EXP-14.3:0.0530,ADM-1.6,0.517144,False,,,,client_evidence,recovered
2130,COMPRAS|760726559|2456|1,DTE_033_000000002456_760726559.xml,2025-04,2456,1,COMPRAS,2025-04-28,33,760726559,ASESORIAS AGRICOLAS,CONTROL DE ROEDORES,"PROGRAMA DE CONTROL DE ROEDORES AL PREDIO RAICES, VISITAS REALIZADAS 2/4/2025 HT6580; 15/4/2025 HT6605.",H2 ASESORIAS Y SERVICIOS SPA,,,65000,65000.00,Documento,silver_audit_backfill,EXP-7.0,0.542546,0.288549,1.56765,auto_accept,,EXP-7.0:0.5425;EXP-9.2:0.2540;EXP-10.1:0.0406,EXP-7.0,0.542546,False,,,,silver_audit,recovered
2131,COMPRAS|760726559|2457|1,DTE_033_000000002457_760726559.xml,2025-04,2457,1,COMPRAS,2025-04-28,33,760726559,ASESORIAS AGRICOLAS,CONTROL DE ROEDORES,"CONTROL DE ROEDORES PREDIO YUTRECO, VISITAS REALIZADA 3/4/2025 HT6584; 16/4/2025 HT6609.",H2 ASESORIAS Y SERVICIOS SPA,,,60000,60000.00,Documento,silver_audit_backfill,EXP-7.0,0.482373,0.164298,1.597919,auto_accept,,EXP-7.0:0.4824;EXP-9.2:0.3181;EXP-10.1:0.0349,EXP-7.0,0.482373,False,,,,silver_audit,recovered
2132,COMPRAS|760726559|2458|1,DTE_033_000000002458_760726559.xml,2025-04,2458,1,COMPRAS,2025-04-28,33,760726559,ASESORIAS AGRICOLAS,CONTROL DE ROEDORES,"PROGRAMA DE CONTROL DE ROEDORES PREDIO BRAMADERO, VISITAS REALIZADAS 8/4/2025 HT6593; 23/4/2025 HT6621.",H2 ASESORIAS Y SERVICIOS SPA,,,61500,61500.00,Documento,silver_audit_backfill,EXP-7.0,0.545104,0.317713,1.644696,auto_accept,,EXP-7.0:0.5451;EXP-9.2:0.2274;EXP-10.1:0.0419,EXP-7.0,0.545104,False,,,,silver_audit,recovered
2133,COMPRAS|760726559|2459|1,DTE_033_000000002459_760726559.xml,2025-04,2459,1,COMPRAS,2025-04-28,33,760726559,ASESORIAS AGRICOLAS,CONTROL DE ROEDORES,"PROGRAMA DE CONTROL DE ROEDORES AL PREDIO EL MAITEN, VISITAS REALIZADAS 8/4/2025 HT6594; 23/4/2025 HT6622.",H2 ASESORIAS Y SERVICIOS SPA,,,154500,154500.00,Documento,silver_audit_backfill,EXP-7.0,0.496359,0.216771,1.668121,auto_accept,,EXP-7.0:0.4964;EXP-9.2:0.2796;EXP-10.1:0.0412,EXP-7.0,0.496359,False,,,,silver_audit,recovered
2134,COMPRAS|760726559|2480|1,DTE_033_000000002480_760726559.xml,2025-04,2480,1,COMPRAS,2025-04-30,33,760726559,ASESORIAS AGRICOLAS,CONTROL DE ROEDORES,PROGRAMA DE CONTROL DE ROEDORES CASA ADM HT6628.,H2 ASESORIAS Y SERVICIOS SPA,,,38000,38000.00,Documento,silver_audit_backfill,EXP-7.0,0.539052,0.34173,1.765224,auto_accept,,EXP-7.0:0.5391;EXP-9.2:0.1973;EXP-10.1:0.0439,EXP-7.0,0.539052,False,,,,silver_audit,recovered
2135,COMPRAS|769536124|2644|1,DTE_033_000000002644_769536124.xml,2025-04,2644,1,COMPRAS,2025-04-30,33,769536124,"SERVICIO MANTEN., MONT Y AUTOMATIZACION DE EQUIPOS INDUST. EN TERRENO",HORA TECNICA,,COMERCIAL SERVIFEED SPA,,,38900,38900.00,Documento,manually_audited_near_identical_backfill,EXP-10.1,0.388924,0.169756,2.231524,auto_accept,,EXP-10.1:0.3889;EXP-14.4:0.2192;ADM-1.6:0.0971,EXP-10.1,0.388924,False,,,,manually_audited_near_identical,recovered
2143,COMPRAS|761804944|9530|1,DTE_033_000000009530_761804944.xml,2025-04,9530,1,COMPRAS,2025-04-22,33,761804944,VENTA AL POR MAYOR DE MATERIAS PRIMAS AGRICOLAS,COW GUARD BARRERA 210KG,PRODUCTO ENTREGADO FDO YUTRECO,BIOGENESIS ANIMAL HEALTH SPA,,,798889,840000,Documento,client_evidence_backfill,EXP-10.2,0.928037,0.913066,0.448233,auto_accept,,EXP-10.2:0.9280;EXP-6.1:0.0150;EXP-15.2:0.0140,EXP-10.2,0.928037,False,,,,client_evidence,recovered
2144,COMPRAS|761804944|9536|1,DTE_033_000000009536_761804944.xml,2025-04,9536,1,COMPRAS,2025-04-22,33,761804944,VENTA AL POR MAYOR DE MATERIAS PRIMAS AGRICOLAS,COW GUARD BARRERA 210KG,PRODUCTO ENTREGADO FDO EL MAITEN,BIOGENESIS ANIMAL HEALTH SPA,,,1597778,840000,Documento,client_evidence_backfill,EXP-10.2,0.935088,0.922279,0.41185,auto_accept,,EXP-10.2:0.9351;EXP-15.2:0.0128;EXP-6.1:0.0128,EXP-10.2,0.935088,False,,,,client_evidence,recovered
2174,COMPRAS|761757865|24150|1,DTE_033_000000024150_761757865.xml,2025-04,24150,1,COMPRAS,2025-04-29,33,761757865,"INSTALACION,MANTENCION,REPARACION MAQUINARIA AGROPECUARIA,FORESTAL",VASO METATRON CPL,,GEA Farm Technologies Osorno Ltda.,,,1005911,394475,Documento,manually_audited_near_identical_backfill,EXP-10.1,0.558618,0.380001,1.558636,auto_accept,,EXP-10.1:0.5586;EXP-10.4:0.1786;EXP-10.3:0.1180,EXP-10.1,0.558618,False,,,,manually_audited_near_identical,recovered
2194,COMPRAS|771552897|60880|1,DTE_033_000000060880_771552897.xml,2025-04,60880,1,COMPRAS,2025-04-24,33,771552897,AGROINDUSTRIA,BIOLACT ANTILLANCA GRANEL,,AGROCOMERCIAL IANSA S.A.,,A096685810,3795214,283.648,Documento,client_evidence_backfill,EXP-5.1,0.792513,0.709271,0.939673,auto_accept,,EXP-5.1:0.7925;EXP-5.2:0.0832;EXP-6.5:0.0582,EXP-5.1,0.792513,False,,,,client_evidence,recovered
2201,COMPRAS|111003351|82165|6,DTE_033_000000082165_111003351.xml,2025-04,82165,6,COMPRAS,2025-04-02,33,111003351,COMPRAVENTA MAQUINARIAS SERVICIO TECNICO,ENGRACE,ENGRACE,LIDIA ANGELICA SANHUEZA FUENTES,,,2521,840.34,Documento,silver_audit_backfill,EXP-13.1,0.743758,0.657035,1.229198,auto_accept,,EXP-13.1:0.7438;ADM-1.6:0.0867;EXP-14.4:0.0293,EXP-13.1,0.743758,False,,,,silver_audit,recovered
2202,COMPRAS|111003351|82165|7,DTE_033_000000082165_111003351.xml,2025-04,82165,7,COMPRAS,2025-04-02,33,111003351,COMPRAVENTA MAQUINARIAS SERVICIO TECNICO,MANO DE OBRA JOSE Q,MANO DE OBRA JOSE Q,LIDIA ANGELICA SANHUEZA FUENTES,,,23109,2100.84,Documento,silver_audit_backfill,EXP-13.1,0.568873,0.496377,1.806033,auto_accept,,EXP-13.1:0.5689;EXP-9.2:0.0725;EXP-14.4:0.0683,EXP-13.1,0.568873,False,,,,silver_audit,recovered
2206,COMPRAS|762599570|198951|1,DTE_033_000000198951_762599570.xml,2025-04,198951,1,COMPRAS,2025-04-08,33,762599570,SERVICENTRO,93 S/P,,ESTACIONES DE SERVICIO PAOLA USLAR MOLINA E.I.R.L.,,,31208,779.97,Documento,client_evidence_backfill,ADM-1.4,0.746355,0.704891,1.381561,auto_accept,,ADM-1.4:0.7464;EXP-11.4:0.0415;EXP-10.1:0.0346,ADM-1.4,0.746355,False,,,,client_evidence,recovered
2319,COMPRAS|969183005|567514|6,DTE_033_000000567514_969183005.xml,2025-04,567514,6,COMPRAS,2025-04-08,33,969183005,"SS.DE REPARACION DE AUTOMOVILES, COMPRA-VENTA DE VEHICULOS NUEVOS Y USADOS",S-MD50 QUINTA MANTENCION,A@S-MD50 QUINTA MANTENCION,DIFOR CHILE S.A.,,,0,,Documento,client_evidence_backfill,EXP-13.3,0.899419,0.875063,0.63046,auto_accept,,EXP-13.3:0.8994;EXP-13.1:0.0244;ADM-1.2:0.0072,EXP-13.3,0.899419,False,,,,client_evidence,recovered
2332,COMPRAS|969183005|569101|6,DTE_033_000000569101_969183005.xml,2025-04,569101,6,COMPRAS,2025-04-17,33,969183005,"SS.DE REPARACION DE AUTOMOVILES, COMPRA-VENTA DE VEHICULOS NUEVOS Y USADOS",S-MD10 PRIMERA MANTENCION,A@S-MD10 PRIMERA MANTENCION,DIFOR CHILE S.A.,,,0,,Documento,client_evidence_backfill,EXP-13.3,0.942077,0.925339,0.384381,auto_accept,,EXP-13.3:0.9421;EXP-13.1:0.0167;EXP-7.0:0.0078,EXP-13.3,0.942077,False,,,,client_evidence,recovered
2347,COMPRAS|969183005|571282|6,DTE_033_000000571282_969183005.xml,2025-04,571282,6,COMPRAS,2025-04-30,33,969183005,"SS.DE REPARACION DE AUTOMOVILES, COMPRA-VENTA DE VEHICULOS NUEVOS Y USADOS",S-MD40 CUARTA MANTENCION,A@S-MD40 CUARTA MANTENCION,DIFOR CHILE S.A.,,,0,,Documento,client_evidence_backfill,EXP-13.3,0.909282,0.851664,0.467813,auto_accept,,EXP-13.3:0.9093;EXP-13.1:0.0576;EXP-10.1:0.0050,EXP-13.3,0.909282,False,,,,client_evidence,recovered
2382,COMPRAS|990120005|638229|1,DTE_033_000000638229_990120005.xml,2025-04,638229,1,COMPRAS,2025-04-07,33,990120005,Seguros de Vida,Seguro Colectivo. Poliza Nro. 12799,,Cia de Seguros de Vida Consorcio Nacional de Seguros SA,,,566466,,Documento,silver_audit_backfill,ADM-2.2,0.804647,0.722246,0.934617,auto_accept,,ADM-2.2:0.8046;ADM-1.4:0.0824;ADM-1.8:0.0247,ADM-2.2,0.804647,False,,,,silver_audit,recovered
2458,COMPRAS|770711002|1158729|12,DTE_033_000001158729_770711002.xml,2025-04,1158729,12,COMPRAS,2025-04-11,33,770711002,FERRETERIA,HULE AFRANELADO DELGADO 1.40 ANCHO,HULE AFRANELADO DELGADO 1.40 ANCHO,COMERCIAL HARCHA SPA,,C96685810-9,5508,2754,Documento,silver_audit_backfill,EXP-14.4,0.200335,0.061381,2.690783,auto_accept,,EXP-14.3:0.2003;ADM-1.6:0.1390;EXP-14.4:0.1165,EXP-14.3,0.200335,False,,,,silver_audit,recovered_over_model_disagreement
2525,COMPRAS|97080000K|3247987|1,DTE_033_000003247987_97080000K.xml,2025-04,3247987,1,COMPRAS,2025-04-07,33,97080000K,BANCO COMERCIAL,Comisión por Nóminas en Línea CCA,,BANCO BICE,,,365934,365934,Documento,silver_audit_backfill,ADM-1.7,0.517366,0.394462,1.727873,auto_accept,,ADM-1.7:0.5174;EXP-15.1:0.1229;ADM-1.10:0.1009,ADM-1.7,0.517366,False,,,,silver_audit,recovered
2541,COMPRAS|823926006|4927558|1,DTE_033_000004927558_823926006.xml,2025-04,4927558,1,COMPRAS,2025-04-04,33,823926006,"CRIA DE GANADO Y BOVINO, ESTACION SERV.",LEUCOSIS ELISA SUERO POOL 10 MUESTRAS,,COOPERATIVA AGRICOLA Y DE SERVICIOS LTDA,,0010042407,19500,3900,Documento,silver_audit_backfill,EXP-12.2,0.496826,0.389221,2.068154,auto_accept,,EXP-12.2:0.4968;EXP-8.2:0.1076;EXP-8.4:0.0700,EXP-12.2,0.496826,False,,,,silver_audit,recovered
2664,COMPRAS|810941006|28311482|1,DTE_033_000028311482_810941006.xml,2025-04,28311482,1,COMPRAS,2025-04-02,33,810941006,FABR.Y DIST.PROD.LACTEOS VTAS.INSUMOS AG,GASOLINA 93,,COOPERATIVA AGRICOLA Y LECHERA DE LA UNI,,0966858109,30093,752.325,Documento,client_evidence_backfill,EXP-11.4,0.742119,0.56984,0.91508,auto_accept,,EXP-11.4:0.7421;ADM-1.4:0.1723;EXP-11.5:0.0309,EXP-11.4,0.742119,False,,,,client_evidence,recovered
2666,COMPRAS|810941006|28311727|1,DTE_033_000028311727_810941006.xml,2025-04,28311727,1,COMPRAS,2025-04-09,33,810941006,FABR.Y DIST.PROD.LACTEOS VTAS.INSUMOS AGRICOLAS VETER. COMBUSTIBLES Y VEHICULOS,GASOLINA 93,,COOPERATIVA AGRICOLA Y LECHERA DE LA UNION LTDA.,,0966858109,31165,779.129400,Documento,client_evidence_backfill,EXP-11.4,0.734373,0.548601,0.906511,auto_accept,,EXP-11.4:0.7344;ADM-1.4:0.1858;EXP-11.5:0.0304,EXP-11.4,0.734373,False,,,,client_evidence,recovered
2668,COMPRAS|810941006|28311895|1,DTE_033_000028311895_810941006.xml,2025-04,28311895,1,COMPRAS,2025-04-14,33,810941006,FABR.Y DIST.PROD.LACTEOS VTAS.INSUMOS AG,GASOLINA 93,,COOPERATIVA AGRICOLA Y LECHERA DE LA UNI,,0966858109,48627,810.45,Documento,client_evidence_backfill,EXP-11.4,0.742119,0.56984,0.91508,auto_accept,,EXP-11.4:0.7421;ADM-1.4:0.1723;EXP-11.5:0.0309,EXP-11.4,0.742119,False,,,,client_evidence,recovered
2673,COMPRAS|810941006|28354414|1,DTE_033_000028354414_810941006.xml,2025-04,28354414,1,COMPRAS,2025-04-02,33,810941006,FABR.Y DIST.PROD.LACTEOS VTAS.INSUMOS AG,GASOLINA 93,,COOPERATIVA AGRICOLA Y LECHERA DE LA UNI,,0966858109,45139,752.3167,Documento,client_evidence_backfill,EXP-11.4,0.742119,0.56984,0.91508,auto_accept,,EXP-11.4:0.7421;ADM-1.4:0.1723;EXP-11.5:0.0309,EXP-11.4,0.742119,False,,,,client_evidence,recovered
2674,COMPRAS|810941006|28354528|1,DTE_033_000028354528_810941006.xml,2025-04,28354528,1,COMPRAS,2025-04-10,33,810941006,FABR.Y DIST.PROD.LACTEOS VTAS.INSUMOS AGRICOLAS VETER. COMBUSTIBLES Y VEHICULOS,GASOLINA 93,Retira: ANTILLANCA SPA{Impuesto base combustible: 12295{Impuesto variable combustible: 0,COOPERATIVA AGRICOLA Y LECHERA DE LA UNION LTDA.,,0966858109,23374,779.129400,Documento,client_evidence_backfill,EXP-11.4,0.608874,0.29768,1.055467,auto_accept,,EXP-11.4:0.6089;ADM-1.4:0.3112;EXP-11.5:0.0223,EXP-11.4,0.608874,False,,,,client_evidence,recovered
2676,COMPRAS|810941006|28354656|1,DTE_033_000028354656_810941006.xml,2025-04,28354656,1,COMPRAS,2025-04-17,33,810941006,FABR.Y DIST.PROD.LACTEOS VTAS.INSUMOS AG,GASOLINA 93,,COOPERATIVA AGRICOLA Y LECHERA DE LA UNI,,0966858109,48627,810.45,Documento,client_evidence_backfill,EXP-11.4,0.742119,0.56984,0.91508,auto_accept,,EXP-11.4:0.7421;ADM-1.4:0.1723;EXP-11.5:0.0309,EXP-11.4,0.742119,False,,,,client_evidence,recovered
2678,COMPRAS|810941006|28354705|1,DTE_033_000028354705_810941006.xml,2025-04,28354705,1,COMPRAS,2025-04-23,33,810941006,FABR.Y DIST.PROD.LACTEOS VTAS.INSUMOS AG,GASOLINA 93,,COOPERATIVA AGRICOLA Y LECHERA DE LA UNI,,0966858109,24158,805.2667,Documento,client_evidence_backfill,EXP-11.4,0.742119,0.56984,0.91508,auto_accept,,EXP-11.4:0.7421;ADM-1.4:0.1723;EXP-11.5:0.0309,EXP-11.4,0.742119,False,,,,client_evidence,recovered
2679,COMPRAS|810941006|28354776|1,DTE_033_000028354776_810941006.xml,2025-04,28354776,1,COMPRAS,2025-04-29,33,810941006,FABR.Y DIST.PROD.LACTEOS VTAS.INSUMOS AG,GASOLINA 93,,COOPERATIVA AGRICOLA Y LECHERA DE LA UNI,,0966858109,22836,761.2,Documento,client_evidence_backfill,EXP-11.4,0.742119,0.56984,0.91508,auto_accept,,EXP-11.4:0.7421;ADM-1.4:0.1723;EXP-11.5:0.0309,EXP-11.4,0.742119,False,,,,client_evidence,recovered
2680,COMPRAS|810941006|28354780|1,DTE_033_000028354780_810941006.xml,2025-04,28354780,1,COMPRAS,2025-04-29,33,810941006,FABR.Y DIST.PROD.LACTEOS VTAS.INSUMOS AG,GASOLINA 93,,COOPERATIVA AGRICOLA Y LECHERA DE LA UNI,,0966858109,44150,761.2069,Documento,client_evidence_backfill,EXP-11.4,0.742119,0.56984,0.91508,auto_accept,,EXP-11.4:0.7421;ADM-1.4:0.1723;EXP-11.5:0.0309,EXP-11.4,0.742119,False,,,,client_evidence,recovered
2681,COMPRAS|810941006|28354788|1,DTE_033_000028354788_810941006.xml,2025-04,28354788,1,COMPRAS,2025-04-29,33,810941006,FABR.Y DIST.PROD.LACTEOS VTAS.INSUMOS AG,GASOLINA 93,,COOPERATIVA AGRICOLA Y LECHERA DE LA UNI,,0966858109,15224,761.2,Documento,client_evidence_backfill,EXP-11.4,0.742119,0.56984,0.91508,auto_accept,,EXP-11.4:0.7421;ADM-1.4:0.1723;EXP-11.5:0.0309,EXP-11.4,0.742119,False,,,,client_evidence,recovered
2682,COMPRAS|810941006|28354795|1,DTE_033_000028354795_810941006.xml,2025-04,28354795,1,COMPRAS,2025-04-30,33,810941006,FABR.Y DIST.PROD.LACTEOS VTAS.INSUMOS AG,GASOLINA 93,,COOPERATIVA AGRICOLA Y LECHERA DE LA UNI,,0966858109,22836,761.2,Documento,client_evidence_backfill,EXP-11.4,0.742119,0.56984,0.91508,auto_accept,,EXP-11.4:0.7421;ADM-1.4:0.1723;EXP-11.5:0.0309,EXP-11.4,0.742119,False,,,,client_evidence,recovered
2683,COMPRAS|810941006|28354801|1,DTE_033_000028354801_810941006.xml,2025-04,28354801,1,COMPRAS,2025-04-30,33,810941006,FABR.Y DIST.PROD.LACTEOS VTAS.INSUMOS AG,GASOLINA 93,,COOPERATIVA AGRICOLA Y LECHERA DE LA UNI,,0966858109,30449,761.225,Documento,client_evidence_backfill,EXP-11.4,0.742119,0.56984,0.91508,auto_accept,,EXP-11.4:0.7421;ADM-1.4:0.1723;EXP-11.5:0.0309,EXP-11.4,0.742119,False,,,,client_evidence,recovered
2685,COMPRAS|810941006|28368140|1,DTE_033_000028368140_810941006.xml,2025-04,28368140,1,COMPRAS,2025-04-01,33,810941006,FABR.Y DIST.PROD.LACTEOS VTAS.INSUMOS AGRICOLAS VETER. COMBUSTIBLES Y VEHICULOS,GASOLINA 93,Retira: ANTILLANCA SPA{Impuesto base combustible: 13934{Impuesto variable combustible: 983,COOPERATIVA AGRICOLA Y LECHERA DE LA UNION LTDA.,,0966858109,25579,752.322400,Documento,client_evidence_backfill,EXP-11.4,0.554307,0.191301,1.093613,auto_accept,,EXP-11.4:0.5543;ADM-1.4:0.3630;EXP-11.5:0.0233,EXP-11.4,0.554307,False,,,,client_evidence,recovered
2687,COMPRAS|810941006|28368194|1,DTE_033_000028368194_810941006.xml,2025-04,28368194,1,COMPRAS,2025-04-03,33,810941006,FABR.Y DIST.PROD.LACTEOS VTAS.INSUMOS AGRICOLAS VETER. COMBUSTIBLES Y VEHICULOS,GASOLINA 93,Retira: ANTILLANCA SPA{Impuesto base combustible: 8197{Impuesto variable combustible: 0,COOPERATIVA AGRICOLA Y LECHERA DE LA UNION LTDA.,,0966858109,15583,779.129400,Documento,client_evidence_backfill,EXP-11.4,0.612765,0.305292,1.052728,auto_accept,,EXP-11.4:0.6128;ADM-1.4:0.3075;EXP-11.5:0.0225,EXP-11.4,0.612765,False,,,,client_evidence,recovered
2688,COMPRAS|810941006|28368236|1,DTE_033_000028368236_810941006.xml,2025-04,28368236,1,COMPRAS,2025-04-07,33,810941006,FABR.Y DIST.PROD.LACTEOS VTAS.INSUMOS AG,GASOLINA 93,,COOPERATIVA AGRICOLA Y LECHERA DE LA UNI,,0966858109,31165,779.125,Documento,client_evidence_backfill,EXP-11.4,0.742119,0.56984,0.91508,auto_accept,,EXP-11.4:0.7421;ADM-1.4:0.1723;EXP-11.5:0.0309,EXP-11.4,0.742119,False,,,,client_evidence,recovered
2691,COMPRAS|810941006|28368417|1,DTE_033_000028368417_810941006.xml,2025-04,28368417,1,COMPRAS,2025-04-14,33,810941006,FABR.Y DIST.PROD.LACTEOS VTAS.INSUMOS AGRICOLAS VETER. COMBUSTIBLES Y VEHICULOS,GASOLINA 93,Retira: ANTILLANCA SPA{Impuesto base combustible: 8197{Impuesto variable combustible: -726,COOPERATIVA AGRICOLA Y LECHERA DE LA UNION LTDA.,,0966858109,16209,810.455000,Documento,client_evidence_backfill,EXP-11.4,0.536897,0.160613,1.117433,auto_accept,,EXP-11.4:0.5369;ADM-1.4:0.3763;EXP-11.5:0.0238,EXP-11.4,0.536897,False,,,,client_evidence,recovered
2692,COMPRAS|810941006|28368456|1,DTE_033_000028368456_810941006.xml,2025-04,28368456,1,COMPRAS,2025-04-15,33,810941006,FABR.Y DIST.PROD.LACTEOS VTAS.INSUMOS AG,GASOLINA 93,,COOPERATIVA AGRICOLA Y LECHERA DE LA UNI,,0966858109,59163,810.4521,Documento,client_evidence_backfill,EXP-11.4,0.742119,0.56984,0.91508,auto_accept,,EXP-11.4:0.7421;ADM-1.4:0.1723;EXP-11.5:0.0309,EXP-11.4,0.742119,False,,,,client_evidence,recovered
2693,COMPRAS|810941006|28368465|1,DTE_033_000028368465_810941006.xml,2025-04,28368465,1,COMPRAS,2025-04-15,33,810941006,FABR.Y DIST.PROD.LACTEOS VTAS.INSUMOS AG,GASOLINA 93,,COOPERATIVA AGRICOLA Y LECHERA DE LA UNI,,0966858109,16209,810.45,Documento,client_evidence_backfill,EXP-11.4,0.742119,0.56984,0.91508,auto_accept,,EXP-11.4:0.7421;ADM-1.4:0.1723;EXP-11.5:0.0309,EXP-11.4,0.742119,False,,,,client_evidence,recovered
2696,COMPRAS|810941006|28368491|1,DTE_033_000028368491_810941006.xml,2025-04,28368491,1,COMPRAS,2025-04-16,33,810941006,FABR.Y DIST.PROD.LACTEOS VTAS.INSUMOS AG,GASOLINA 93,,COOPERATIVA AGRICOLA Y LECHERA DE LA UNI,,0966858109,81046,810.46,Documento,client_evidence_backfill,EXP-11.4,0.742119,0.56984,0.91508,auto_accept,,EXP-11.4:0.7421;ADM-1.4:0.1723;EXP-11.5:0.0309,EXP-11.4,0.742119,False,,,,client_evidence,recovered
2697,COMPRAS|810941006|28368520|1,DTE_033_000028368520_810941006.xml,2025-04,28368520,1,COMPRAS,2025-04-17,33,810941006,FABR.Y DIST.PROD.LACTEOS VTAS.INSUMOS AG,GASOLINA 93,,COOPERATIVA AGRICOLA Y LECHERA DE LA UNI,,0966858109,35432,805.2727,Documento,client_evidence_backfill,EXP-11.4,0.742119,0.56984,0.91508,auto_accept,,EXP-11.4:0.7421;ADM-1.4:0.1723;EXP-11.5:0.0309,EXP-11.4,0.742119,False,,,,client_evidence,recovered
2698,COMPRAS|810941006|28368554|1,DTE_033_000028368554_810941006.xml,2025-04,28368554,1,COMPRAS,2025-04-21,33,810941006,FABR.Y DIST.PROD.LACTEOS VTAS.INSUMOS AG,GASOLINA 93,,COOPERATIVA AGRICOLA Y LECHERA DE LA UNI,,0966858109,32211,805.275,Documento,client_evidence_backfill,EXP-11.4,0.742119,0.56984,0.91508,auto_accept,,EXP-11.4:0.7421;ADM-1.4:0.1723;EXP-11.5:0.0309,EXP-11.4,0.742119,False,,,,client_evidence,recovered
2701,COMPRAS|810941006|28368708|1,DTE_033_000028368708_810941006.xml,2025-04,28368708,1,COMPRAS,2025-04-25,33,810941006,FABR.Y DIST.PROD.LACTEOS VTAS.INSUMOS AG,GASOLINA 93,,COOPERATIVA AGRICOLA Y LECHERA DE LA UNI,,0966858109,15224,761.2,Documento,client_evidence_backfill,EXP-11.4,0.742119,0.56984,0.91508,auto_accept,,EXP-11.4:0.7421;ADM-1.4:0.1723;EXP-11.5:0.0309,EXP-11.4,0.742119,False,,,,client_evidence,recovered
2702,COMPRAS|810941006|28368831|1,DTE_033_000028368831_810941006.xml,2025-04,28368831,1,COMPRAS,2025-04-29,33,810941006,FABR.Y DIST.PROD.LACTEOS VTAS.INSUMOS AG,GASOLINA 93,,COOPERATIVA AGRICOLA Y LECHERA DE LA UNI,,0966858109,22836,761.2,Documento,client_evidence_backfill,EXP-11.4,0.742119,0.56984,0.91508,auto_accept,,EXP-11.4:0.7421;ADM-1.4:0.1723;EXP-11.5:0.0309,EXP-11.4,0.742119,False,,,,client_evidence,recovered
2725,COMPRAS|810941006|28533905|1,DTE_033_000028533905_810941006.xml,2025-04,28533905,1,COMPRAS,2025-04-23,33,810941006,FABR. Y DIST.PROD.LACTEOS VTAS. INSAGRIC,GASOLINA 93,GASOLINA 93,COOPERATIVA AGRICOLA Y LECHERA DE LA UNION LTDA.,,,48316,805.266667,Documento,client_evidence_backfill,EXP-11.4,0.683454,0.434096,0.922669,auto_accept,,EXP-11.4:0.6835;ADM-1.4:0.2494;EXP-11.5:0.0307,EXP-11.4,0.683454,False,,,,client_evidence,recovered
2820,COMPRAS|810941006|28718313|2,DTE_033_000028718313_810941006.xml,2025-04,28718313,2,COMPRAS,2025-04-22,33,810941006,FABR.Y DIST.PROD.LACTEOS VTAS.INSUMOS AG,GASOLINA 93,,COOPERATIVA AGRICOLA Y LECHERA DE LA UNI,,0966858109,32211,805.275,Documento,client_evidence_backfill,EXP-11.4,0.742119,0.56984,0.91508,auto_accept,,EXP-11.4:0.7421;ADM-1.4:0.1723;EXP-11.5:0.0309,EXP-11.4,0.742119,False,,,,client_evidence,recovered
2821,COMPRAS|810941006|28718349|1,DTE_033_000028718349_810941006.xml,2025-04,28718349,1,COMPRAS,2025-04-23,33,810941006,FABR.Y DIST.PROD.LACTEOS VTAS.INSUMOS AG,GASOLINA 93,,COOPERATIVA AGRICOLA Y LECHERA DE LA UNI,,0966858109,48316,805.2667,Documento,client_evidence_backfill,EXP-11.4,0.742119,0.56984,0.91508,auto_accept,,EXP-11.4:0.7421;ADM-1.4:0.1723;EXP-11.5:0.0309,EXP-11.4,0.742119,False,,,,client_evidence,recovered
2824,COMPRAS|810941006|28718541|1,DTE_033_000028718541_810941006.xml,2025-04,28718541,1,COMPRAS,2025-04-29,33,810941006,FABR.Y DIST.PROD.LACTEOS VTAS.INSUMOS AG,GASOLINA 93,,COOPERATIVA AGRICOLA Y LECHERA DE LA UNI,,0966858109,30449,761.225,Documento,client_evidence_backfill,EXP-11.4,0.742119,0.56984,0.91508,auto_accept,,EXP-11.4:0.7421;ADM-1.4:0.1723;EXP-11.5:0.0309,EXP-11.4,0.742119,False,,,,client_evidence,recovered
2826,COMPRAS|810941006|28722433|1,DTE_033_000028722433_810941006.xml,2025-04,28722433,1,COMPRAS,2025-04-28,33,810941006,FABR.Y DIST.PROD.LACTEOS VTAS.INSUMOS AG,GASOLINA 93,,COOPERATIVA AGRICOLA Y LECHERA DE LA UNI,,0966858109,30449,761.225,Documento,client_evidence_backfill,EXP-11.4,0.742119,0.56984,0.91508,auto_accept,,EXP-11.4:0.7421;ADM-1.4:0.1723;EXP-11.5:0.0309,EXP-11.4,0.742119,False,,,,client_evidence,recovered
2833,COMPRAS|970040005|43364982|1,DTE_033_000043364982_970040005.xml,2025-04,43364982,1,COMPRAS,2025-04-08,33,970040005,Banco Comercial,COMISION MENSUAL ADMINISTRACION CONVENIO]REMUNERACIONES,COMISION MENSUAL ADMINISTRACION CONVENIO]REMUNERACIONES ]NUMERO DE OPERACION 02600554401 .,Banco de Chile,,,13068,13068,Documento,silver_audit_backfill,ADM-1.7,0.370805,0.201617,2.203085,auto_accept,,ADM-1.7:0.3708;ADM-1.5:0.1692;EXP-15.1:0.0886,ADM-1.7,0.370805,False,,,,silver_audit,recovered
2951,COMPRAS|826725001|2494|1,DTE_034_000000002494_826725001.xml,2025-04,2494,1,COMPRAS,2025-04-09,34,826725001,Enseñanza Superior e Instituto Profesional,"Curso Técnicas De Manejo De Crianza De Terneras De Lechería,","Cód. Sence 1238044578, N° Horas 16, F. inicio 08-04-2025, F. término 09-04-2025, Lugar de realización Avenida René Soriano N° 2615, Osorno, N° Acción Sence 6612969, N° de participantes 3. Información solicitada por Sence, incluida en certificado de asistencia.",Fundación de Instrucción Agrícola Adolfo Matthei,,Benjamin acuña 2310,336000,336000,Documento,silver_audit_backfill,EXP-1.1,0.890945,0.871672,0.689111,auto_accept,,EXP-1.1:0.8909;EXP-10.1:0.0193;ADM-1.6:0.0104,EXP-1.1,0.890945,False,,,,silver_audit,recovered
2965,COMPRAS|781131369|7|1,DTE_033_000000000007_781131369.xml,2025-05,7,1,COMPRAS,2025-05-14,33,781131369,SERVICIOS MÉDICOS VETERINARIOS,PODOLOGÍA CLÍNICA BOVINA,Servicio realizado 15 abril 2025 por Roberto Molina,MOLINA MANNS SPA,,,162000,9000.00,Documento,silver_audit_backfill,EXP-15.2,0.924851,0.914512,0.51398,auto_accept,,EXP-15.2:0.9249;EXP-11.3:0.0103;EXP-10.1:0.0098,EXP-15.2,0.924851,False,,,,silver_audit,recovered
2966,COMPRAS|781131369|7|2,DTE_033_000000000007_781131369.xml,2025-05,7,2,COMPRAS,2025-05-14,33,781131369,SERVICIOS MÉDICOS VETERINARIOS,PODOLOGÍA CLINICA BOVINA,Servicio realizado 25 abril 2025 por Roberto Molina,MOLINA MANNS SPA,,,153000,9000.00,Documento,silver_audit_backfill,EXP-15.2,0.920393,0.909687,0.542342,auto_accept,,EXP-15.2:0.9204;EXP-10.1:0.0107;EXP-11.3:0.0101,EXP-15.2,0.920393,False,,,,silver_audit,recovered
2968,COMPRAS|781131369|10|1,DTE_033_000000000010_781131369.xml,2025-05,10,1,COMPRAS,2025-05-31,33,781131369,SERVICIOS MÉDICOS VETERINARIOS,PODOLOGIA CORRECTIVA,8 MAYO: 16 VACAS 9 MAYO: 17 VACAS 15 MAYO: 23 VACAS 21 MAYO: 30 VACAS *SERVICIOS REALIZADOS POR ROBERTO MOLINA,MOLINA MANNS SPA,,,774000,9000.00,Documento,silver_audit_backfill,EXP-15.2,0.907849,0.891878,0.598257,auto_accept,,EXP-15.2:0.9078;EXP-12.1:0.0160;EXP-4.3:0.0146,EXP-15.2,0.907849,False,,,,silver_audit,recovered
2986,COMPRAS|772240368|268|2,DTE_033_000000000268_772240368.xml,2025-05,268,2,COMPRAS,2025-05-25,33,772240368,"CULTIVOS AGRÍCOLAS, CRÍA Y CORRETAJE DE GANADO, ACTIVIDADES VENTA LEÑA",servicio de purines,,SILVOAGROPECUARIO YERKO VERA CAMPOS EMPRESA INDIVIDUAL DE RESPONSABILI,,,300000,15000.00,Documento,silver_audit_backfill,EXP-15.5,0.377845,0.2716,2.312905,auto_accept,,EXP-15.5:0.3778;EXP-6.2:0.1062;EXP-6.4:0.0962,EXP-15.5,0.377845,False,,,,silver_audit,recovered
2987,COMPRAS|772240368|269|1,DTE_033_000000000269_772240368.xml,2025-05,269,1,COMPRAS,2025-05-25,33,772240368,"CULTIVOS AGRÍCOLAS, CRÍA Y CORRETAJE DE GANADO, ACTIVIDADES VENTA LEÑA",servicio de purines,,SILVOAGROPECUARIO YERKO VERA CAMPOS EMPRESA INDIVIDUAL DE RESPONSABILI,,,405000,15000.00,Documento,silver_audit_backfill,EXP-15.5,0.377845,0.2716,2.312905,auto_accept,,EXP-15.5:0.3778;EXP-6.2:0.1062;EXP-6.4:0.0962,EXP-15.5,0.377845,False,,,,silver_audit,recovered
2994,COMPRAS|770531012|356|1,DTE_033_000000000356_770531012.xml,2025-05,356,1,COMPRAS,2025-05-09,33,770531012,SERVICIOS AGRICOLAS,BOLOS PAJA PLASTIFICADO,88 bolos de paja confección malla y cinta,SERVICIOS AGRICOLAS CORPAL SPA,,,1276000,14500.00,Documento,client_evidence_backfill,EXP-4.3,0.55448,0.271827,1.160589,auto_accept,,EXP-4.2:0.5545;EXP-4.3:0.2827;EXP-5.4:0.1241,EXP-4.2,0.55448,False,,,,client_evidence,recovered_over_model_disagreement
2997,COMPRAS|770531012|358|1,DTE_033_000000000358_770531012.xml,2025-05,358,1,COMPRAS,2025-05-15,33,770531012,SERVICIOS AGRICOLAS,APLICACION FERTILIZANTE,YUTRECO UREA 192 HA mas 43 HA aplicación Urea,SERVICIOS AGRICOLAS CORPAL SPA,,,2350000,10000.00,Documento,manually_audited_near_identical_backfill,EXP-6.2,0.548905,0.177299,1.042025,auto_accept,,EXP-6.5:0.5489;EXP-15.5:0.3716;EXP-6.2:0.0474,EXP-6.5,0.548905,False,,,,manually_audited_near_identical,recovered_over_model_disagreement
2998,COMPRAS|770531012|358|2,DTE_033_000000000358_770531012.xml,2025-05,358,2,COMPRAS,2025-05-15,33,770531012,SERVICIOS AGRICOLAS,APLICACION FERTILIZANTE,FERTILIZANTE NITROGENO 192 HA,SERVICIOS AGRICOLAS CORPAL SPA,,,1920000,10000.00,Documento,manually_audited_near_identical_backfill,EXP-6.2,0.791203,0.639659,0.745761,auto_accept,,EXP-6.5:0.7912;EXP-6.1:0.1515;EXP-15.5:0.0340,EXP-6.5,0.791203,False,,,,manually_audited_near_identical,recovered_over_model_disagreement
3000,COMPRAS|770531012|359|1,DTE_033_000000000359_770531012.xml,2025-05,359,1,COMPRAS,2025-05-15,33,770531012,SERVICIOS AGRICOLAS,BOLOS PAJA PLASTIFICADO,BOLOS PLASTIFICADOS MALLA Y NYLON,SERVICIOS AGRICOLAS CORPAL SPA,,,638000,14500.00,Documento,client_evidence_backfill,EXP-4.3,0.559316,0.365461,1.245396,auto_accept,,EXP-4.3:0.5593;EXP-5.4:0.1939;EXP-4.2:0.1927,EXP-4.3,0.559316,False,,,,client_evidence,recovered
3015,COMPRAS|776655848|930|1,DTE_033_000000000930_776655848.xml,2025-05,930,1,COMPRAS,2025-05-13,33,776655848,"VENTA, ENVASADO Y DISTRIBUCIÓN DE AGUA PURIFICADA",Recarga Agua Purificada,,PURIFICADORA DE AGUA ALEJANDRO SALAZAR RIVERA E.I.R.L.,,,7563,2521.00,Documento,client_evidence_backfill,ADM-1.6,0.517144,0.242039,1.550521,auto_accept,,ADM-1.6:0.5171;EXP-9.2:0.2751;EXP-14.3:0.0530,ADM-1.6,0.517144,False,,,,client_evidence,recovered
3016,COMPRAS|776655848|950|1,DTE_033_000000000950_776655848.xml,2025-05,950,1,COMPRAS,2025-05-27,33,776655848,"VENTA, ENVASADO Y DISTRIBUCIÓN DE AGUA PURIFICADA",Recarga Agua Purificada,,PURIFICADORA DE AGUA ALEJANDRO SALAZAR RIVERA E.I.R.L.,,,10084,2521.00,Documento,client_evidence_backfill,ADM-1.6,0.517144,0.242039,1.550521,auto_accept,,ADM-1.6:0.5171;EXP-9.2:0.2751;EXP-14.3:0.0530,ADM-1.6,0.517144,False,,,,client_evidence,recovered
3022,COMPRAS|770334063|1239|3,DTE_033_000000001239_770334063.xml,2025-05,1239,3,COMPRAS,2025-05-06,33,770334063,SERVICIOS MECANICOS A DOMICILIO DE MOTOCICLETAS,REPARACION ARRANQUE,HONDA N6 TRX 250,MULTIMOTOS OSORNO SPA,,,40000,40000.00,Documento,silver_audit_backfill,EXP-13.2,0.609329,0.482149,1.603679,auto_accept,,EXP-13.2:0.6093;EXP-13.3:0.1272;EXP-14.1:0.0613,EXP-13.2,0.609329,False,,,,silver_audit,recovered
3027,COMPRAS|760726559|2488|1,DTE_033_000000002488_760726559.xml,2025-05,2488,1,COMPRAS,2025-05-28,33,760726559,ASESORIAS AGRICOLAS,CONTROL DE ROEDORES,"PROGRAMA DE CONTROL DE ROEDORES AL PREDIO RAICES, VISITAS REALIZADAS 6/5/2025 HT6638; 21/5/2025 HT6666.",H2 ASESORIAS Y SERVICIOS SPA,,,65000,65000.00,Documento,silver_audit_backfill,EXP-7.0,0.527461,0.26387,1.597194,auto_accept,,EXP-7.0:0.5275;EXP-9.2:0.2636;EXP-10.1:0.0394,EXP-7.0,0.527461,False,,,,silver_audit,recovered
3028,COMPRAS|760726559|2489|1,DTE_033_000000002489_760726559.xml,2025-05,2489,1,COMPRAS,2025-05-28,33,760726559,ASESORIAS AGRICOLAS,CONTROL DE ROEDORES,"CONTROL DE ROEDORES PREDIO YUTRECO, VISITAS REALIZADA 7/5/2025 HT6642; 20/5/2025 HT6661.",H2 ASESORIAS Y SERVICIOS SPA,,,60000,60000.00,Documento,silver_audit_backfill,EXP-7.0,0.53009,0.282999,1.62911,auto_accept,,EXP-7.0:0.5301;EXP-9.2:0.2471;EXP-10.1:0.0482,EXP-7.0,0.53009,False,,,,silver_audit,recovered
3029,COMPRAS|760726559|2490|1,DTE_033_000000002490_760726559.xml,2025-05,2490,1,COMPRAS,2025-05-28,33,760726559,ASESORIAS AGRICOLAS,CONTROL DE ROEDORES,"PROGRAMA DE CONTROL DE ROEDORES PREDIO BRAMADERO, VISITAS REALIZADAS 13/5/2025 HT6650; 27/5/2025 HT6675.",H2 ASESORIAS Y SERVICIOS SPA,,,63000,63000.00,Documento,silver_audit_backfill,EXP-7.0,0.516014,0.271198,1.69493,auto_accept,,EXP-7.0:0.5160;EXP-9.2:0.2448;EXP-10.1:0.0443,EXP-7.0,0.516014,False,,,,silver_audit,recovered
3030,COMPRAS|760726559|2492|1,DTE_033_000000002492_760726559.xml,2025-05,2492,1,COMPRAS,2025-05-28,33,760726559,ASESORIAS AGRICOLAS,CONTROL DE ROEDORES,"PROGRAMA DE CONTROL DE ROEDORES AL PREDIO EL MAITEN, VISITAS REALIZADAS 13/5/2025 HT6651; 27/5/2025 HT6676.",H2 ASESORIAS Y SERVICIOS SPA,,,178500,178500.00,Documento,silver_audit_backfill,EXP-7.0,0.500524,0.232138,1.682506,auto_accept,,EXP-7.0:0.5005;EXP-9.2:0.2684;EXP-10.1:0.0405,EXP-7.0,0.500524,False,,,,silver_audit,recovered
3031,COMPRAS|760726559|2493|1,DTE_033_000000002493_760726559.xml,2025-05,2493,1,COMPRAS,2025-05-28,33,760726559,ASESORIAS AGRICOLAS,CONTROL DE ROEDORES,"INICIO DE CONTROL DE ROEDORES PREDIO TINEO, VISITA REALIZADA 27/5/4/2025 HT6673. VALOR INCLUYE CEBADEROS, INSTALACION Y GTOS VIAJE.",H2 ASESORIAS Y SERVICIOS SPA,,,60000,3000.00,Documento,silver_audit_backfill,EXP-7.0,0.308609,0.09549,2.246982,auto_accept,,EXP-7.0:0.3086;EXP-9.2:0.2131;EXP-15.5:0.1653,EXP-7.0,0.308609,False,,,,silver_audit,recovered
3032,COMPRAS|760726559|2510|1,DTE_033_000000002510_760726559.xml,2025-05,2510,1,COMPRAS,2025-05-30,33,760726559,ASESORIAS AGRICOLAS,CONTROL DE ROEDORES,PROGRAMA DE CONTROL DE ROEDORES CASA ADM HT6685.,H2 ASESORIAS Y SERVICIOS SPA,,,44118,44118.00,Documento,silver_audit_backfill,EXP-7.0,0.558445,0.373858,1.725253,auto_accept,,EXP-7.0:0.5584;EXP-9.2:0.1846;EXP-10.1:0.0424,EXP-7.0,0.558445,False,,,,silver_audit,recovered
3053,COMPRAS|761804944|9602|1,DTE_033_000000009602_761804944.xml,2025-05,9602,1,COMPRAS,2025-05-20,33,761804944,VENTA AL POR MAYOR DE MATERIAS PRIMAS AGRICOLAS,COW GUARD BARRERA 210KG,PRODUCTO ENTREGADO FDO EL MAITEN.,BIOGENESIS ANIMAL HEALTH SPA,,,798889,840000,Documento,client_evidence_backfill,EXP-10.2,0.926116,0.910397,0.45593,auto_accept,,EXP-10.2:0.9261;EXP-15.2:0.0157;EXP-6.1:0.0145,EXP-10.2,0.926116,False,,,,client_evidence,recovered
3062,COMPRAS|760703753|19432|3,DTE_033_000000019432_760703753.xml,2025-05,19432,3,COMPRAS,2025-05-23,33,760703753,"Importacion Exportacion y Comercializacion de Maquinarias, Repuestos e Insumos A",CABLE POLY BLA 6SS 500M,CABLE POLY BLA 6SS 500M,GALLAGHER CHILE SPA,,,223854,37309,Documento,manually_audited_near_identical_backfill,EXP-14.2,0.609939,0.396532,1.310337,auto_accept,,EXP-14.2:0.6099;ADM-1.6:0.2134;EXP-14.3:0.0509,EXP-14.2,0.609939,False,,,,manually_audited_near_identical,recovered
3064,COMPRAS|761757865|24195|1,DTE_033_000000024195_761757865.xml,2025-05,24195,1,COMPRAS,2025-05-02,33,761757865,"INSTALACION,MANTENCION,REPARACION MAQUINARIA AGROPECUARIA,FORESTAL",TRI-PFAN 200 LTS,,GEA Farm Technologies Osorno Ltda.,,,413186,516483,Documento,client_evidence_backfill,EXP-10.3,0.506297,0.31415,1.573306,auto_accept,,EXP-10.3:0.5063;EXP-10.4:0.1921;EXP-10.1:0.1729,EXP-10.3,0.506297,False,,,,client_evidence,recovered
3072,COMPRAS|761757865|24341|1,DTE_033_000000024341_761757865.xml,2025-05,24341,1,COMPRAS,2025-05-22,33,761757865,"INSTALACION,MANTENCION,REPARACION MAQUINARIA AGROPECUARIA,FORESTAL",CHAPALETA BOMBA DE LECHE 1.1/1.5,,GEA Farm Technologies Osorno Ltda.,,,22476,13221,Documento,silver_audit_backfill,EXP-10.1,0.516572,0.168209,1.252198,auto_accept,,EXP-10.1:0.5166;EXP-10.4:0.3484;EXP-10.3:0.0577,EXP-10.1,0.516572,False,,,,silver_audit,recovered
3106,COMPRAS|771552897|61134|1,DTE_033_000000061134_771552897.xml,2025-05,61134,1,COMPRAS,2025-05-05,33,771552897,AGROINDUSTRIA,BIOLACT ANTILLANCA GRANEL,,AGROCOMERCIAL IANSA S.A.,,A096685810,4001340,294.000,Documento,client_evidence_backfill,EXP-5.1,0.792513,0.709271,0.939673,auto_accept,,EXP-5.1:0.7925;EXP-5.2:0.0832;EXP-6.5:0.0582,EXP-5.1,0.792513,False,,,,client_evidence,recovered
3107,COMPRAS|771552897|61135|1,DTE_033_000000061135_771552897.xml,2025-05,61135,1,COMPRAS,2025-05-05,33,771552897,AGROINDUSTRIA,BIOLACT ANTILLANCA GRANEL,,AGROCOMERCIAL IANSA S.A.,,A096685810,3792600,294.000,Documento,client_evidence_backfill,EXP-5.1,0.792513,0.709271,0.939673,auto_accept,,EXP-5.1:0.7925;EXP-5.2:0.0832;EXP-6.5:0.0582,EXP-5.1,0.792513,False,,,,client_evidence,recovered
3120,COMPRAS|969839504|122681|2,DTE_033_000000122681_969839504.xml,2025-05,122681,2,COMPRAS,2025-05-27,33,969839504,"COM. EQ.ORDEÑA,VTA.ART.ASEO Y DETER,ASESORIA",EMERGENCIA EQUIPOS DE REFRIGERACION,,SOCIEDAD COMERCIAL SERLAC CHILE S.A.,,,130000,130000.00000,Documento,client_evidence_backfill,EXP-10.1,0.573246,0.451248,1.948051,auto_accept,,EXP-10.1:0.5732;ADM-1.6:0.1220;EXP-1.1:0.0416,EXP-10.1,0.573246,False,,,,client_evidence,recovered
3121,COMPRAS|969839504|122681|3,DTE_033_000000122681_969839504.xml,2025-05,122681,3,COMPRAS,2025-05-27,33,969839504,"COM. EQ.ORDEÑA,VTA.ART.ASEO Y DETER,ASESORIA",MOVILIZACION DE EQUIPOS DE REFRIGERACION,,SOCIEDAD COMERCIAL SERLAC CHILE S.A.,,,20000,20000.000000,Documento,client_evidence_backfill,EXP-10.1,0.754551,0.713575,1.327882,auto_accept,,EXP-10.1:0.7546;EXP-6.5:0.0410;EXP-1.1:0.0266,EXP-10.1,0.754551,False,,,,client_evidence,recovered
3320,COMPRAS|990120005|643067|1,DTE_033_000000643067_990120005.xml,2025-05,643067,1,COMPRAS,2025-05-07,33,990120005,Seguros de Vida,Seguro Colectivo. Poliza Nro. 12799,,Cia de Seguros de Vida Consorcio Nacional de Seguros SA,,,569298,,Documento,silver_audit_backfill,ADM-2.2,0.804647,0.722246,0.934617,auto_accept,,ADM-2.2:0.8046;ADM-1.4:0.0824;ADM-1.8:0.0247,ADM-2.2,0.804647,False,,,,silver_audit,recovered
3421,COMPRAS|97080000K|3274316|1,DTE_033_000003274316_97080000K.xml,2025-05,3274316,1,COMPRAS,2025-05-08,33,97080000K,BANCO COMERCIAL,Comisión por Nóminas en Línea CCA,,BANCO BICE,,,264501,264501,Documento,silver_audit_backfill,ADM-1.7,0.517366,0.394462,1.727873,auto_accept,,ADM-1.7:0.5174;EXP-15.1:0.1229;ADM-1.10:0.1009,ADM-1.7,0.517366,False,,,,silver_audit,recovered
3495,COMPRAS|810941006|28354869|1,DTE_033_000028354869_810941006.xml,2025-05,28354869,1,COMPRAS,2025-05-06,33,810941006,FABR.Y DIST.PROD.LACTEOS VTAS.INSUMOS AG,GASOLINA 93,,COOPERATIVA AGRICOLA Y LECHERA DE LA UNI,,0966858109,22763,758.7667,Documento,client_evidence_backfill,EXP-11.4,0.742119,0.56984,0.91508,auto_accept,,EXP-11.4:0.7421;ADM-1.4:0.1723;EXP-11.5:0.0309,EXP-11.4,0.742119,False,,,,client_evidence,recovered
3498,COMPRAS|810941006|28354969|1,DTE_033_000028354969_810941006.xml,2025-05,28354969,1,COMPRAS,2025-05-13,33,810941006,FABR.Y DIST.PROD.LACTEOS VTAS.INSUMOS AG,GASOLINA 93,,COOPERATIVA AGRICOLA Y LECHERA DE LA UNI,,0966858109,22713,757.1,Documento,client_evidence_backfill,EXP-11.4,0.742119,0.56984,0.91508,auto_accept,,EXP-11.4:0.7421;ADM-1.4:0.1723;EXP-11.5:0.0309,EXP-11.4,0.742119,False,,,,client_evidence,recovered
3499,COMPRAS|810941006|28354976|1,DTE_033_000028354976_810941006.xml,2025-05,28354976,1,COMPRAS,2025-05-13,33,810941006,FABR.Y DIST.PROD.LACTEOS VTAS.INSUMOS AG,GASOLINA 93,,COOPERATIVA AGRICOLA Y LECHERA DE LA UNI,,0966858109,15142,757.1,Documento,client_evidence_backfill,EXP-11.4,0.742119,0.56984,0.91508,auto_accept,,EXP-11.4:0.7421;ADM-1.4:0.1723;EXP-11.5:0.0309,EXP-11.4,0.742119,False,,,,client_evidence,recovered
3501,COMPRAS|810941006|28355010|1,DTE_033_000028355010_810941006.xml,2025-05,28355010,1,COMPRAS,2025-05-16,33,810941006,FABR.Y DIST.PROD.LACTEOS VTAS.INSUMOS AG,GASOLINA 93,,COOPERATIVA AGRICOLA Y LECHERA DE LA UNI,,0966858109,15022,751.1,Documento,client_evidence_backfill,EXP-11.4,0.742119,0.56984,0.91508,auto_accept,,EXP-11.4:0.7421;ADM-1.4:0.1723;EXP-11.5:0.0309,EXP-11.4,0.742119,False,,,,client_evidence,recovered
3502,COMPRAS|810941006|28355012|1,DTE_033_000028355012_810941006.xml,2025-05,28355012,1,COMPRAS,2025-05-16,33,810941006,FABR.Y DIST.PROD.LACTEOS VTAS.INSUMOS AG,GASOLINA 93,,COOPERATIVA AGRICOLA Y LECHERA DE LA UNI,,0966858109,22532,751.0667,Documento,client_evidence_backfill,EXP-11.4,0.742119,0.56984,0.91508,auto_accept,,EXP-11.4:0.7421;ADM-1.4:0.1723;EXP-11.5:0.0309,EXP-11.4,0.742119,False,,,,client_evidence,recovered
3503,COMPRAS|810941006|28355042|1,DTE_033_000028355042_810941006.xml,2025-05,28355042,1,COMPRAS,2025-05-19,33,810941006,FABR.Y DIST.PROD.LACTEOS VTAS.INSUMOS AG,GASOLINA 93,,COOPERATIVA AGRICOLA Y LECHERA DE LA UNI,,0966858109,22532,751.0667,Documento,client_evidence_backfill,EXP-11.4,0.742119,0.56984,0.91508,auto_accept,,EXP-11.4:0.7421;ADM-1.4:0.1723;EXP-11.5:0.0309,EXP-11.4,0.742119,False,,,,client_evidence,recovered
3504,COMPRAS|810941006|28355047|1,DTE_033_000028355047_810941006.xml,2025-05,28355047,1,COMPRAS,2025-05-19,33,810941006,FABR.Y DIST.PROD.LACTEOS VTAS.INSUMOS AGRICOLAS VETER. COMBUSTIBLES Y VEHICULOS,GASOLINA 93,Retira: ANTILLANCA SPA{Impuesto base combustible: 12357{Impuesto variable combustible: 490,COOPERATIVA AGRICOLA Y LECHERA DE LA UNION LTDA.,,0966858109,22532,751.076300,Documento,client_evidence_backfill,EXP-11.4,0.547027,0.180799,1.114376,auto_accept,,EXP-11.4:0.5470;ADM-1.4:0.3662;EXP-11.5:0.0231,EXP-11.4,0.547027,False,,,,client_evidence,recovered
3506,COMPRAS|810941006|28355088|1,DTE_033_000028355088_810941006.xml,2025-05,28355088,1,COMPRAS,2025-05-23,33,810941006,FABR.Y DIST.PROD.LACTEOS VTAS.INSUMOS AGRICOLAS VETER. COMBUSTIBLES Y VEHICULOS,GASOLINA 93,Retira: ANTILLANCA SPA{Impuesto base combustible: 24713{Impuesto variable combustible: 237,COOPERATIVA AGRICOLA Y LECHERA DE LA UNION LTDA.,,0966858109,45689,761.483600,Documento,client_evidence_backfill,EXP-11.4,0.548381,0.180172,1.097764,auto_accept,,EXP-11.4:0.5484;ADM-1.4:0.3682;EXP-11.5:0.0240,EXP-11.4,0.548381,False,,,,client_evidence,recovered
3507,COMPRAS|810941006|28355089|1,DTE_033_000028355089_810941006.xml,2025-05,28355089,1,COMPRAS,2025-05-23,33,810941006,FABR.Y DIST.PROD.LACTEOS VTAS.INSUMOS AGRICOLAS VETER. COMBUSTIBLES Y VEHICULOS,GASOLINA 95,Retira: ANTILLANCA SPA{Impuesto base combustible: 11533{Impuesto variable combustible: 208,COOPERATIVA AGRICOLA Y LECHERA DE LA UNION LTDA.,,0966858109,21781,777.877100,Documento,silver_audit_backfill,EXP-11.4,0.587303,0.26908,1.118222,auto_accept,,EXP-11.4:0.5873;ADM-1.4:0.3182;EXP-11.5:0.0265,EXP-11.4,0.587303,False,,,,silver_audit,recovered
3509,COMPRAS|810941006|28355106|1,DTE_033_000028355106_810941006.xml,2025-05,28355106,1,COMPRAS,2025-05-23,33,810941006,FABR.Y DIST.PROD.LACTEOS VTAS.INSUMOS AG,GASOLINA 93,,COOPERATIVA AGRICOLA Y LECHERA DE LA UNI,,0966858109,22845,761.5,Documento,client_evidence_backfill,EXP-11.4,0.742119,0.56984,0.91508,auto_accept,,EXP-11.4:0.7421;ADM-1.4:0.1723;EXP-11.5:0.0309,EXP-11.4,0.742119,False,,,,client_evidence,recovered
3510,COMPRAS|810941006|28355116|1,DTE_033_000028355116_810941006.xml,2025-05,28355116,1,COMPRAS,2025-05-26,33,810941006,FABR.Y DIST.PROD.LACTEOS VTAS.INSUMOS AG,GASOLINA 93,,COOPERATIVA AGRICOLA Y LECHERA DE LA UNI,,0966858109,57111,761.48,Documento,client_evidence_backfill,EXP-11.4,0.742119,0.56984,0.91508,auto_accept,,EXP-11.4:0.7421;ADM-1.4:0.1723;EXP-11.5:0.0309,EXP-11.4,0.742119,False,,,,client_evidence,recovered
3511,COMPRAS|810941006|28355124|1,DTE_033_000028355124_810941006.xml,2025-05,28355124,1,COMPRAS,2025-05-26,33,810941006,FABR.Y DIST.PROD.LACTEOS VTAS.INSUMOS AG,GASOLINA 93,,COOPERATIVA AGRICOLA Y LECHERA DE LA UNI,,0966858109,22845,761.5,Documento,client_evidence_backfill,EXP-11.4,0.742119,0.56984,0.91508,auto_accept,,EXP-11.4:0.7421;ADM-1.4:0.1723;EXP-11.5:0.0309,EXP-11.4,0.742119,False,,,,client_evidence,recovered
3512,COMPRAS|810941006|28355189|1,DTE_033_000028355189_810941006.xml,2025-05,28355189,1,COMPRAS,2025-05-30,33,810941006,FABR.Y DIST.PROD.LACTEOS VTAS.INSUMOS AG,GASOLINA 93,,COOPERATIVA AGRICOLA Y LECHERA DE LA UNI,,0966858109,58203,765.8289,Documento,client_evidence_backfill,EXP-11.4,0.742119,0.56984,0.91508,auto_accept,,EXP-11.4:0.7421;ADM-1.4:0.1723;EXP-11.5:0.0309,EXP-11.4,0.742119,False,,,,client_evidence,recovered
3513,COMPRAS|810941006|28355190|1,DTE_033_000028355190_810941006.xml,2025-05,28355190,1,COMPRAS,2025-05-30,33,810941006,FABR.Y DIST.PROD.LACTEOS VTAS.INSUMOS AG,GASOLINA 93,,COOPERATIVA AGRICOLA Y LECHERA DE LA UNI,,0966858109,83475,765.8257,Documento,client_evidence_backfill,EXP-11.4,0.742119,0.56984,0.91508,auto_accept,,EXP-11.4:0.7421;ADM-1.4:0.1723;EXP-11.5:0.0309,EXP-11.4,0.742119,False,,,,client_evidence,recovered
3515,COMPRAS|810941006|28368916|1,DTE_033_000028368916_810941006.xml,2025-05,28368916,1,COMPRAS,2025-05-02,33,810941006,FABR.Y DIST.PROD.LACTEOS VTAS.INSUMOS AG,GASOLINA 93,,COOPERATIVA AGRICOLA Y LECHERA DE LA UNI,,0966858109,30351,758.775,Documento,client_evidence_backfill,EXP-11.4,0.742119,0.56984,0.91508,auto_accept,,EXP-11.4:0.7421;ADM-1.4:0.1723;EXP-11.5:0.0309,EXP-11.4,0.742119,False,,,,client_evidence,recovered
3516,COMPRAS|810941006|28368973|1,DTE_033_000028368973_810941006.xml,2025-05,28368973,1,COMPRAS,2025-05-05,33,810941006,FABR.Y DIST.PROD.LACTEOS VTAS.INSUMOS AGRICOLAS VETER. COMBUSTIBLES Y VEHICULOS,GASOLINA 95,Retira: ANTILLANCA SPA{Impuesto base combustible: 13180{Impuesto variable combustible: 260,COOPERATIVA AGRICOLA Y LECHERA DE LA UNION LTDA.,,0966858109,25008,781.501800,Documento,silver_audit_backfill,EXP-11.4,0.609959,0.312292,1.098084,auto_accept,,EXP-11.4:0.6100;ADM-1.4:0.2977;EXP-11.5:0.0260,EXP-11.4,0.609959,False,,,,silver_audit,recovered
3520,COMPRAS|810941006|28369038|1,DTE_033_000028369038_810941006.xml,2025-05,28369038,1,COMPRAS,2025-05-07,33,810941006,FABR.Y DIST.PROD.LACTEOS VTAS.INSUMOS AGRICOLAS VETER. COMBUSTIBLES Y VEHICULOS,GASOLINA 93,Retira: ANTILLANCA SPA{Impuesto base combustible: 16476{Impuesto variable combustible: 527,COOPERATIVA AGRICOLA Y LECHERA DE LA UNION LTDA.,,0966858109,30351,758.765700,Documento,client_evidence_backfill,EXP-11.4,0.540832,0.167335,1.110781,auto_accept,,EXP-11.4:0.5408;ADM-1.4:0.3735;EXP-11.5:0.0233,EXP-11.4,0.540832,False,,,,client_evidence,recovered
3522,COMPRAS|810941006|28369179|1,DTE_033_000028369179_810941006.xml,2025-05,28369179,1,COMPRAS,2025-05-12,33,810941006,FABR.Y DIST.PROD.LACTEOS VTAS.INSUMOS AG,GASOLINA 93,,COOPERATIVA AGRICOLA Y LECHERA DE LA UNI,,0966858109,45426,757.1,Documento,client_evidence_backfill,EXP-11.4,0.742119,0.56984,0.91508,auto_accept,,EXP-11.4:0.7421;ADM-1.4:0.1723;EXP-11.5:0.0309,EXP-11.4,0.742119,False,,,,client_evidence,recovered
3525,COMPRAS|810941006|28369255|1,DTE_033_000028369255_810941006.xml,2025-05,28369255,1,COMPRAS,2025-05-14,33,810941006,FABR.Y DIST.PROD.LACTEOS VTAS.INSUMOS AG,GASOLINA 93,,COOPERATIVA AGRICOLA Y LECHERA DE LA UNI,,0966858109,27255,757.0833,Documento,client_evidence_backfill,EXP-11.4,0.742119,0.56984,0.91508,auto_accept,,EXP-11.4:0.7421;ADM-1.4:0.1723;EXP-11.5:0.0309,EXP-11.4,0.742119,False,,,,client_evidence,recovered
3526,COMPRAS|810941006|28369340|1,DTE_033_000028369340_810941006.xml,2025-05,28369340,1,COMPRAS,2025-05-16,33,810941006,FABR.Y DIST.PROD.LACTEOS VTAS.INSUMOS AG,GASOLINA 93,,COOPERATIVA AGRICOLA Y LECHERA DE LA UNI,,0966858109,30043,751.075,Documento,client_evidence_backfill,EXP-11.4,0.742119,0.56984,0.91508,auto_accept,,EXP-11.4:0.7421;ADM-1.4:0.1723;EXP-11.5:0.0309,EXP-11.4,0.742119,False,,,,client_evidence,recovered
3528,COMPRAS|810941006|28369364|1,DTE_033_000028369364_810941006.xml,2025-05,28369364,1,COMPRAS,2025-05-19,33,810941006,FABR.Y DIST.PROD.LACTEOS VTAS.INSUMOS AG,GASOLINA 93,,COOPERATIVA AGRICOLA Y LECHERA DE LA UNI,,0966858109,24034,751.0625,Documento,client_evidence_backfill,EXP-11.4,0.742119,0.56984,0.91508,auto_accept,,EXP-11.4:0.7421;ADM-1.4:0.1723;EXP-11.5:0.0309,EXP-11.4,0.742119,False,,,,client_evidence,recovered
3529,COMPRAS|810941006|28369428|1,DTE_033_000028369428_810941006.xml,2025-05,28369428,1,COMPRAS,2025-05-20,33,810941006,FABR.Y DIST.PROD.LACTEOS VTAS.INSUMOS AG,GASOLINA 93,,COOPERATIVA AGRICOLA Y LECHERA DE LA UNI,,0966858109,49571,751.0758,Documento,client_evidence_backfill,EXP-11.4,0.742119,0.56984,0.91508,auto_accept,,EXP-11.4:0.7421;ADM-1.4:0.1723;EXP-11.5:0.0309,EXP-11.4,0.742119,False,,,,client_evidence,recovered
3530,COMPRAS|810941006|28369495|1,DTE_033_000028369495_810941006.xml,2025-05,28369495,1,COMPRAS,2025-05-22,33,810941006,FABR.Y DIST.PROD.LACTEOS VTAS.INSUMOS AG,GASOLINA 93,,COOPERATIVA AGRICOLA Y LECHERA DE LA UNI,,0966858109,79956,761.4857,Documento,client_evidence_backfill,EXP-11.4,0.742119,0.56984,0.91508,auto_accept,,EXP-11.4:0.7421;ADM-1.4:0.1723;EXP-11.5:0.0309,EXP-11.4,0.742119,False,,,,client_evidence,recovered
3532,COMPRAS|810941006|28369519|1,DTE_033_000028369519_810941006.xml,2025-05,28369519,1,COMPRAS,2025-05-23,33,810941006,FABR.Y DIST.PROD.LACTEOS VTAS.INSUMOS AG,GASOLINA 93,,COOPERATIVA AGRICOLA Y LECHERA DE LA UNI,,0966858109,15230,761.5,Documento,client_evidence_backfill,EXP-11.4,0.742119,0.56984,0.91508,auto_accept,,EXP-11.4:0.7421;ADM-1.4:0.1723;EXP-11.5:0.0309,EXP-11.4,0.742119,False,,,,client_evidence,recovered
3535,COMPRAS|810941006|28369738|1,DTE_033_000028369738_810941006.xml,2025-05,28369738,1,COMPRAS,2025-05-30,33,810941006,FABR.Y DIST.PROD.LACTEOS VTAS.INSUMOS AG,GASOLINA 93,,COOPERATIVA AGRICOLA Y LECHERA DE LA UNI,,0966858109,45950,765.8333,Documento,client_evidence_backfill,EXP-11.4,0.742119,0.56984,0.91508,auto_accept,,EXP-11.4:0.7421;ADM-1.4:0.1723;EXP-11.5:0.0309,EXP-11.4,0.742119,False,,,,client_evidence,recovered
3565,COMPRAS|810941006|28535492|1,DTE_033_000028535492_810941006.xml,2025-05,28535492,1,COMPRAS,2025-05-15,33,810941006,FABR. Y DIST.PROD.LACTEOS VTAS. INSAGRIC,GASOLINA 93,GASOLINA 93,COOPERATIVA AGRICOLA Y LECHERA DE LA UNION LTDA.,,,22532,751.066667,Documento,client_evidence_backfill,EXP-11.4,0.683454,0.434096,0.922669,auto_accept,,EXP-11.4:0.6835;ADM-1.4:0.2494;EXP-11.5:0.0307,EXP-11.4,0.683454,False,,,,client_evidence,recovered
3635,COMPRAS|810941006|28718816|1,DTE_033_000028718816_810941006.xml,2025-05,28718816,1,COMPRAS,2025-05-07,33,810941006,FABR.Y DIST.PROD.LACTEOS VTAS.INSUMOS AG,GASOLINA 93,,COOPERATIVA AGRICOLA Y LECHERA DE LA UNI,,0966858109,45526,758.7667,Documento,client_evidence_backfill,EXP-11.4,0.742119,0.56984,0.91508,auto_accept,,EXP-11.4:0.7421;ADM-1.4:0.1723;EXP-11.5:0.0309,EXP-11.4,0.742119,False,,,,client_evidence,recovered
3638,COMPRAS|810941006|28719018|2,DTE_033_000028719018_810941006.xml,2025-05,28719018,2,COMPRAS,2025-05-13,33,810941006,FABR.Y DIST.PROD.LACTEOS VTAS.INSUMOS AG,GASOLINA 93,,COOPERATIVA AGRICOLA Y LECHERA DE LA UNI,,0966858109,45426,757.1,Documento,client_evidence_backfill,EXP-11.4,0.742119,0.56984,0.91508,auto_accept,,EXP-11.4:0.7421;ADM-1.4:0.1723;EXP-11.5:0.0309,EXP-11.4,0.742119,False,,,,client_evidence,recovered
3639,COMPRAS|810941006|28719019|1,DTE_033_000028719019_810941006.xml,2025-05,28719019,1,COMPRAS,2025-05-13,33,810941006,FABR.Y DIST.PROD.LACTEOS VTAS.INSUMOS AG,GASOLINA 93,,COOPERATIVA AGRICOLA Y LECHERA DE LA UNI,,0966858109,15142,757.1,Documento,client_evidence_backfill,EXP-11.4,0.742119,0.56984,0.91508,auto_accept,,EXP-11.4:0.7421;ADM-1.4:0.1723;EXP-11.5:0.0309,EXP-11.4,0.742119,False,,,,client_evidence,recovered
3641,COMPRAS|810941006|28719221|1,DTE_033_000028719221_810941006.xml,2025-05,28719221,1,COMPRAS,2025-05-19,33,810941006,FABR.Y DIST.PROD.LACTEOS VTAS.INSUMOS AG,GASOLINA 93,,COOPERATIVA AGRICOLA Y LECHERA DE LA UNI,,0966858109,45065,751.0833,Documento,client_evidence_backfill,EXP-11.4,0.742119,0.56984,0.91508,auto_accept,,EXP-11.4:0.7421;ADM-1.4:0.1723;EXP-11.5:0.0309,EXP-11.4,0.742119,False,,,,client_evidence,recovered
3643,COMPRAS|810941006|28719355|1,DTE_033_000028719355_810941006.xml,2025-05,28719355,1,COMPRAS,2025-05-26,33,810941006,FABR.Y DIST.PROD.LACTEOS VTAS.INSUMOS AGRICOLAS VETER. COMBUSTIBLES Y VEHICULOS,GASOLINA 93,,COOPERATIVA AGRICOLA Y LECHERA DE LA UNION LTDA.,,0966858109,45689,761.483600,Documento,client_evidence_backfill,EXP-11.4,0.734373,0.548601,0.906511,auto_accept,,EXP-11.4:0.7344;ADM-1.4:0.1858;EXP-11.5:0.0304,EXP-11.4,0.734373,False,,,,client_evidence,recovered
3645,COMPRAS|810941006|28719376|1,DTE_033_000028719376_810941006.xml,2025-05,28719376,1,COMPRAS,2025-05-26,33,810941006,FABR.Y DIST.PROD.LACTEOS VTAS.INSUMOS AG,GASOLINA 93,,COOPERATIVA AGRICOLA Y LECHERA DE LA UNI,,0966858109,45689,761.4833,Documento,client_evidence_backfill,EXP-11.4,0.742119,0.56984,0.91508,auto_accept,,EXP-11.4:0.7421;ADM-1.4:0.1723;EXP-11.5:0.0309,EXP-11.4,0.742119,False,,,,client_evidence,recovered
3646,COMPRAS|810941006|28719489|1,DTE_033_000028719489_810941006.xml,2025-05,28719489,1,COMPRAS,2025-05-29,33,810941006,FABR.Y DIST.PROD.LACTEOS VTAS.INSUMOS AG,GASOLINA 93,,COOPERATIVA AGRICOLA Y LECHERA DE LA UNI,,0966858109,30633,765.825,Documento,client_evidence_backfill,EXP-11.4,0.742119,0.56984,0.91508,auto_accept,,EXP-11.4:0.7421;ADM-1.4:0.1723;EXP-11.5:0.0309,EXP-11.4,0.742119,False,,,,client_evidence,recovered
3724,COMPRAS|970040005|43645877|1,DTE_033_000043645877_970040005.xml,2025-05,43645877,1,COMPRAS,2025-05-08,33,970040005,Banco Comercial,COMISION MENSUAL ADMINISTRACION CONVENIO]REMUNERACIONES,COMISION MENSUAL ADMINISTRACION CONVENIO]REMUNERACIONES ]NUMERO DE OPERACION 02600554401 .,Banco de Chile,,,13129,13129,Documento,silver_audit_backfill,ADM-1.7,0.370805,0.201617,2.203085,auto_accept,,ADM-1.7:0.3708;ADM-1.5:0.1692;EXP-15.1:0.0886,ADM-1.7,0.370805,False,,,,silver_audit,recovered
3804,COMPRAS|96792430K|139974050|16,DTE_033_000139974050_96792430K.xml,2025-05,139974050,16,COMPRAS,2025-05-22,33,96792430K,DISTRIBUIDORA DE MATERIALES DE CONSTRUCCION,LIMPIAPISOS LAVANDA 10L KLEINE,,SODIMAC S.A.,,,7555,7554.62,Documento,manually_audited_near_identical_backfill,ADM-1.6,0.553416,0.461415,1.901166,auto_accept,,ADM-1.6:0.5534;EXP-10.1:0.0920;EXP-9.2:0.0734,ADM-1.6,0.553416,False,,,,manually_audited_near_identical,recovered
3805,COMPRAS|96792430K|139974050|17,DTE_033_000139974050_96792430K.xml,2025-05,139974050,17,COMPRAS,2025-05-22,33,96792430K,DISTRIBUIDORA DE MATERIALES DE CONSTRUCCION,LIMPIAPISOS LAVANDA 10L KLEINE,,SODIMAC S.A.,,,7555,7554.62,Documento,manually_audited_near_identical_backfill,ADM-1.6,0.553416,0.461415,1.901166,auto_accept,,ADM-1.6:0.5534;EXP-10.1:0.0920;EXP-9.2:0.0734,ADM-1.6,0.553416,False,,,,manually_audited_near_identical,recovered
3830,COMPRAS|826725001|2546|1,DTE_034_000000002546_826725001.xml,2025-05,2546,1,COMPRAS,2025-05-07,34,826725001,Enseñanza Superior e Instituto Profesional,Curso Técnicas De Control Y Prevención De Cojeras En Vacas Lecheras,,Fundación de Instrucción Agrícola Adolfo Matthei,,Benjamin acuña 2310,126000,126000,Documento,silver_audit_backfill,EXP-1.1,0.784551,0.709982,1.105427,auto_accept,,EXP-1.1:0.7846;EXP-3.1:0.0746;EXP-8.4:0.0253,EXP-1.1,0.784551,False,,,,silver_audit,recovered
3831,COMPRAS|826725001|2547|1,DTE_034_000000002547_826725001.xml,2025-05,2547,1,COMPRAS,2025-05-07,34,826725001,Enseñanza Superior e Instituto Profesional,Curso Técnicas De Control Y Prevención De Cojeras En Vacas Lecheras,"Cód. Sence, 1238072483 , N° Horas 16, F. inicio 05-05-25, F. término 07-05-25. Lugar de realización Avenida René Soriano N° 2615, Osorno, N° Acción Sence 6624686, N° de participantes 2. Información solicitada por Sence, incluida en certificado de asistencia.^",Fundación de Instrucción Agrícola Adolfo Matthei,,Benjamin acuña 2310,224000,224000,Documento,silver_audit_backfill,EXP-1.1,0.91823,0.894963,0.52673,auto_accept,,EXP-1.1:0.9182;EXP-3.1:0.0233;ADM-1.6:0.0066,EXP-1.1,0.91823,False,,,,silver_audit,recovered
3832,COMPRAS|968480502|99234|1,DTE_034_000000099234_968480502.xml,2025-05,99234,1,COMPRAS,2025-05-13,34,968480502,Concesionario de Peaje,Recarga de Prepagos,,Ruta de los Rios Sociedad Concesionaria S.A.,,,300000,300000,Documento,client_evidence_backfill,ADM-1.4,0.546193,0.402762,1.881673,auto_accept,,ADM-1.4:0.5462;EXP-15.5:0.1434;ADM-1.7:0.0673,ADM-1.4,0.546193,False,,,,client_evidence,recovered
3866,COMPRAS|779509370|40|3,DTE_033_000000000040_779509370.xml,2025-06,40,3,COMPRAS,2025-06-05,33,779509370,PRESTACION DE SERVICIOS AGRICOLAS,FERTILIZACION BRAMADERO,,PRESTACIONES DE SERVICIOS AGRICOLAS EL SIERVO LIMITADA,,,776000,8000.00,Documento,silver_audit_backfill,EXP-6.5,0.632532,0.429325,1.26919,auto_accept,,EXP-6.1:0.6325;EXP-6.5:0.2032;EXP-15.5:0.0623,EXP-6.1,0.632532,False,,,,silver_audit,recovered_over_model_disagreement
3867,COMPRAS|779509370|40|4,DTE_033_000000000040_779509370.xml,2025-06,40,4,COMPRAS,2025-06-05,33,779509370,PRESTACION DE SERVICIOS AGRICOLAS,FERTILIZACION TINEO,,PRESTACIONES DE SERVICIOS AGRICOLAS EL SIERVO LIMITADA,,,309600,8000.00,Documento,silver_audit_backfill,EXP-15.5,0.366093,0.061122,1.64832,auto_accept,,EXP-15.5:0.3661;EXP-6.1:0.3050;EXP-6.5:0.2047,EXP-15.5,0.366093,False,,,,silver_audit,recovered
3890,COMPRAS|774243011|222|1,DTE_033_000000000222_774243011.xml,2025-06,222,1,COMPRAS,2025-06-18,33,774243011,COMPRA VTA DE RIPIO.COMPRA VENTA DE MADERA,Reparación camino vecinal,Con material integral y maquinaria.,TRANSPORTES G & G SPA,,,2500000,2500000.00,Documento,silver_audit_backfill,EXP-14.1,0.141152,0.026595,2.773677,auto_accept,,EXP-14.1:0.1412;EXP-13.2:0.1146;EXP-10.1:0.1114,EXP-14.1,0.141152,False,,,,silver_audit,recovered
3915,COMPRAS|776655848|1011|1,DTE_033_000000001011_776655848.xml,2025-06,1011,1,COMPRAS,2025-06-28,33,776655848,"VENTA, ENVASADO Y DISTRIBUCIÓN DE AGUA PURIFICADA",Recarga Agua Purificada,,PURIFICADORA DE AGUA ALEJANDRO SALAZAR RIVERA E.I.R.L.,,,12605,2521.00,Documento,client_evidence_backfill,ADM-1.6,0.517144,0.242039,1.550521,auto_accept,,ADM-1.6:0.5171;EXP-9.2:0.2751;EXP-14.3:0.0530,ADM-1.6,0.517144,False,,,,client_evidence,recovered
3923,COMPRAS|760726559|2520|1,DTE_033_000000002520_760726559.xml,2025-06,2520,1,COMPRAS,2025-06-26,33,760726559,ASESORIAS AGRICOLAS,CONTROL DE ROEDORES,"PROGRAMA DE CONTROL DE ROEDORES AL PREDIO RAICES, VISITAS REALIZADAS 3/6/2025 HT6693; 17/6/2025 HT6717.",H2 ASESORIAS Y SERVICIOS SPA,,,72000,72000.00,Documento,silver_audit_backfill,EXP-7.0,0.545839,0.288867,1.552501,auto_accept,,EXP-7.0:0.5458;EXP-9.2:0.2570;EXP-10.1:0.0342,EXP-7.0,0.545839,False,,,,silver_audit,recovered
3924,COMPRAS|760726559|2521|1,DTE_033_000000002521_760726559.xml,2025-06,2521,1,COMPRAS,2025-06-26,33,760726559,ASESORIAS AGRICOLAS,CONTROL DE ROEDORES,"CONTROL DE ROEDORES PREDIO YUTRECO, VISITAS REALIZADA 4/6/2025 HT6697; 18/6/2025 HT6722.",H2 ASESORIAS Y SERVICIOS SPA,,,60000,60000.00,Documento,silver_audit_backfill,EXP-7.0,0.453682,0.126224,1.670462,auto_accept,,EXP-7.0:0.4537;EXP-9.2:0.3275;EXP-10.1:0.0390,EXP-7.0,0.453682,False,,,,silver_audit,recovered
3925,COMPRAS|760726559|2522|1,DTE_033_000000002522_760726559.xml,2025-06,2522,1,COMPRAS,2025-06-26,33,760726559,ASESORIAS AGRICOLAS,CONTROL DE ROEDORES,"PROGRAMA DE CONTROL DE ROEDORES PREDIO BRAMADERO, VISITAS REALIZADAS 10/6/2025 HT6706; 24/6/2025 HT6730.",H2 ASESORIAS Y SERVICIOS SPA,,,63000,63000.00,Documento,silver_audit_backfill,EXP-7.0,0.533159,0.296425,1.660558,auto_accept,,EXP-7.0:0.5332;EXP-9.2:0.2367;EXP-10.1:0.0411,EXP-7.0,0.533159,False,,,,silver_audit,recovered
3926,COMPRAS|760726559|2523|1,DTE_033_000000002523_760726559.xml,2025-06,2523,1,COMPRAS,2025-06-26,33,760726559,ASESORIAS AGRICOLAS,CONTROL DE ROEDORES,"PROGRAMA DE CONTROL DE ROEDORES AL PREDIO EL MAITEN, VISITAS REALIZADAS 10/6/2025 HT6707; 24/6/2025 HT6731.",H2 ASESORIAS Y SERVICIOS SPA,,,178500,178500.00,Documento,silver_audit_backfill,EXP-7.0,0.500504,0.232202,1.684353,auto_accept,,EXP-7.0:0.5005;EXP-9.2:0.2683;EXP-10.1:0.0400,EXP-7.0,0.500504,False,,,,silver_audit,recovered
3927,COMPRAS|760726559|2524|1,DTE_033_000000002524_760726559.xml,2025-06,2524,1,COMPRAS,2025-06-26,33,760726559,ASESORIAS AGRICOLAS,CONTROL DE ROEDORES,"INICIO DE CONTROL DE ROEDORES PREDIO TINEO, VISITA REALIZADA 24/6/2025 HT6729.",H2 ASESORIAS Y SERVICIOS SPA,,,35000,35000.00,Documento,silver_audit_backfill,EXP-7.0,0.436016,0.141386,1.821914,auto_accept,,EXP-7.0:0.4360;EXP-9.2:0.2946;EXP-15.5:0.0457,EXP-7.0,0.436016,False,,,,silver_audit,recovered
3928,COMPRAS|760726559|2542|1,DTE_033_000000002542_760726559.xml,2025-06,2542,1,COMPRAS,2025-06-27,33,760726559,ASESORIAS AGRICOLAS,CONTROL DE ROEDORES,PROGRAMA DE CONTROL DE ROEDORES CASA ADM HT6741.,H2 ASESORIAS Y SERVICIOS SPA,,,44118,44118.00,Documento,silver_audit_backfill,EXP-7.0,0.546457,0.35322,1.750295,auto_accept,,EXP-7.0:0.5465;EXP-9.2:0.1932;EXP-10.1:0.0425,EXP-7.0,0.546457,False,,,,silver_audit,recovered
3940,COMPRAS|767842961|4446|1,DTE_033_000000004446_767842961.xml,2025-06,4446,1,COMPRAS,2025-06-18,33,767842961,CERTIFICACION DE PROCEDIMIENTOS DE MANEJO DE RESIDUOS,RESIDUOS FUNDO YUTRECO,SERVICIO REALIZADO EL 12 DE JUNIO 2025.,SELLO DE RECICLAJE MI GRAN CHILE SPA,,,402850,402850.00,Documento,client_evidence_backfill,EXP-16.2,0.554112,0.393816,1.799101,auto_accept,,EXP-16.2:0.5541;EXP-14.4:0.1603;EXP-14.1:0.0704,EXP-16.2,0.554112,False,,,,client_evidence,recovered
3947,COMPRAS|760703753|19653|4,DTE_033_000000019653_760703753.xml,2025-06,19653,4,COMPRAS,2025-06-26,33,760703753,"Importacion Exportacion y Comercializacion de Maquinarias, Repuestos e Insumos A",MANO DE OBRA SERVICIO TECNICO GALLAGHER,MANO DE OBRA SERVICIO TECNICO GALLAGHER,GALLAGHER CHILE SPA,,,49000,49000,Documento,silver_audit_backfill,EXP-13.1,0.28157,0.049955,2.354047,auto_accept,,EXP-14.4:0.2816;EXP-13.1:0.2316;EXP-14.2:0.0943,EXP-14.4,0.28157,False,,,,silver_audit,recovered_over_model_disagreement
3992,COMPRAS|969839504|123160|2,DTE_033_000000123160_969839504.xml,2025-06,123160,2,COMPRAS,2025-06-16,33,969839504,"COM. EQ.ORDEÑA,VTA.ART.ASEO Y DETER,ASESORIA",EMERGENCIA EQUIPOS DE REFRIGERACION,,SOCIEDAD COMERCIAL SERLAC CHILE S.A.,,,100000,100000.00000,Documento,client_evidence_backfill,EXP-10.1,0.573246,0.451248,1.948051,auto_accept,,EXP-10.1:0.5732;ADM-1.6:0.1220;EXP-1.1:0.0416,EXP-10.1,0.573246,False,,,,client_evidence,recovered
3993,COMPRAS|969839504|123160|3,DTE_033_000000123160_969839504.xml,2025-06,123160,3,COMPRAS,2025-06-16,33,969839504,"COM. EQ.ORDEÑA,VTA.ART.ASEO Y DETER,ASESORIA",MOVILIZACION DE EQUIPOS DE REFRIGERACION,,SOCIEDAD COMERCIAL SERLAC CHILE S.A.,,,20000,20000.000000,Documento,client_evidence_backfill,EXP-10.1,0.754551,0.713575,1.327882,auto_accept,,EXP-10.1:0.7546;EXP-6.5:0.0410;EXP-1.1:0.0266,EXP-10.1,0.754551,False,,,,client_evidence,recovered
3999,COMPRAS|762599570|204373|1,DTE_033_000000204373_762599570.xml,2025-06,204373,1,COMPRAS,2025-06-06,33,762599570,SERVICENTRO,93 S/P,,ESTACIONES DE SERVICIO PAOLA USLAR MOLINA E.I.R.L.,,,83953,760.14,Documento,client_evidence_backfill,ADM-1.4,0.746355,0.704891,1.381561,auto_accept,,ADM-1.4:0.7464;EXP-11.4:0.0415;EXP-10.1:0.0346,ADM-1.4,0.746355,False,,,,client_evidence,recovered
4000,COMPRAS|762599570|205761|1,DTE_033_000000205761_762599570.xml,2025-06,205761,1,COMPRAS,2025-06-12,33,762599570,SERVICENTRO,93 S/P,,ESTACIONES DE SERVICIO PAOLA USLAR MOLINA E.I.R.L.,,,66019,749.16,Documento,client_evidence_backfill,ADM-1.4,0.746355,0.704891,1.381561,auto_accept,,ADM-1.4:0.7464;EXP-11.4:0.0415;EXP-10.1:0.0346,ADM-1.4,0.746355,False,,,,client_evidence,recovered
4034,COMPRAS|66554732|220224|8,DTE_033_000000220224_66554732.xml,2025-06,220224,8,COMPRAS,2025-06-10,33,66554732,Ferretería,BALON GAS DESECHABLE 190 GR PROVIDUS -@,BALON GAS DESECHABLE 190 GR PROVIDUS -@,DORIS IVONNE CASTILLO KANTER,,96685810,1849,1849,Documento,silver_audit_backfill,EXP-11.5,0.86916,0.764807,0.537015,auto_accept,,EXP-11.5:0.8692;EXP-16.2:0.1044;EXP-11.4:0.0043,EXP-11.5,0.86916,False,,,,silver_audit,recovered
4161,COMPRAS|990120005|647680|1,DTE_033_000000647680_990120005.xml,2025-06,647680,1,COMPRAS,2025-06-04,33,990120005,Seguros de Vida,Seguro Colectivo. Poliza Nro. 12799,,Cia de Seguros de Vida Consorcio Nacional de Seguros SA,,,570437,,Documento,silver_audit_backfill,ADM-2.2,0.804647,0.722246,0.934617,auto_accept,,ADM-2.2:0.8046;ADM-1.4:0.0824;ADM-1.8:0.0247,ADM-2.2,0.804647,False,,,,silver_audit,recovered
4262,COMPRAS|97080000K|3298167|1,DTE_033_000003298167_97080000K.xml,2025-06,3298167,1,COMPRAS,2025-06-06,33,97080000K,BANCO COMERCIAL,Comisión por Nóminas en Línea CCA,,BANCO BICE,,,362251,362251,Documento,silver_audit_backfill,ADM-1.7,0.517366,0.394462,1.727873,auto_accept,,ADM-1.7:0.5174;EXP-15.1:0.1229;ADM-1.10:0.1009,ADM-1.7,0.517366,False,,,,silver_audit,recovered
4311,COMPRAS|772156405|20975016|2,DTE_033_000020975016_772156405.xml,2025-06,20975016,2,COMPRAS,2025-06-24,33,772156405,VENTA DE COMBUSTIBLES,BIDON 20 LTS DIESEL,BIDON 20 LTS DIESEL,ADMINISTRADORA DE VENTAS AL DETALLE LTDA,,,12185,12185,Documento,silver_audit_backfill,EXP-16.2,0.456581,0.322137,1.984894,auto_accept,,EXP-16.2:0.4566;EXP-11.3:0.1344;EXP-16.1:0.1235,EXP-16.2,0.456581,False,,,,silver_audit,recovered
4324,COMPRAS|810941006|28355208|1,DTE_033_000028355208_810941006.xml,2025-06,28355208,1,COMPRAS,2025-06-02,33,810941006,FABR.Y DIST.PROD.LACTEOS VTAS.INSUMOS AG,GASOLINA 93,,COOPERATIVA AGRICOLA Y LECHERA DE LA UNI,,0966858109,22975,765.8333,Documento,client_evidence_backfill,EXP-11.4,0.742119,0.56984,0.91508,auto_accept,,EXP-11.4:0.7421;ADM-1.4:0.1723;EXP-11.5:0.0309,EXP-11.4,0.742119,False,,,,client_evidence,recovered
4327,COMPRAS|810941006|28355233|1,DTE_033_000028355233_810941006.xml,2025-06,28355233,1,COMPRAS,2025-06-04,33,810941006,FABR.Y DIST.PROD.LACTEOS VTAS.INSUMOS AG,GASOLINA 93,,COOPERATIVA AGRICOLA Y LECHERA DE LA UNI,,0966858109,45908,765.1333,Documento,client_evidence_backfill,EXP-11.4,0.742119,0.56984,0.91508,auto_accept,,EXP-11.4:0.7421;ADM-1.4:0.1723;EXP-11.5:0.0309,EXP-11.4,0.742119,False,,,,client_evidence,recovered
4328,COMPRAS|810941006|28355236|1,DTE_033_000028355236_810941006.xml,2025-06,28355236,1,COMPRAS,2025-06-04,33,810941006,FABR.Y DIST.PROD.LACTEOS VTAS.INSUMOS AG,GASOLINA 93,,COOPERATIVA AGRICOLA Y LECHERA DE LA UNI,,0966858109,22954,765.1333,Documento,client_evidence_backfill,EXP-11.4,0.742119,0.56984,0.91508,auto_accept,,EXP-11.4:0.7421;ADM-1.4:0.1723;EXP-11.5:0.0309,EXP-11.4,0.742119,False,,,,client_evidence,recovered
4329,COMPRAS|810941006|28355271|1,DTE_033_000028355271_810941006.xml,2025-06,28355271,1,COMPRAS,2025-06-06,33,810941006,FABR.Y DIST.PROD.LACTEOS VTAS.INSUMOS AG,GASOLINA 93,,COOPERATIVA AGRICOLA Y LECHERA DE LA UNI,,0966858109,45608,760.1333,Documento,client_evidence_backfill,EXP-11.4,0.742119,0.56984,0.91508,auto_accept,,EXP-11.4:0.7421;ADM-1.4:0.1723;EXP-11.5:0.0309,EXP-11.4,0.742119,False,,,,client_evidence,recovered
4331,COMPRAS|810941006|28355281|1,DTE_033_000028355281_810941006.xml,2025-06,28355281,1,COMPRAS,2025-06-06,33,810941006,FABR.Y DIST.PROD.LACTEOS VTAS.INSUMOS AG,GASOLINA 93,,COOPERATIVA AGRICOLA Y LECHERA DE LA UNI,,0966858109,38767,760.1373,Documento,client_evidence_backfill,EXP-11.4,0.742119,0.56984,0.91508,auto_accept,,EXP-11.4:0.7421;ADM-1.4:0.1723;EXP-11.5:0.0309,EXP-11.4,0.742119,False,,,,client_evidence,recovered
4332,COMPRAS|810941006|28355301|1,DTE_033_000028355301_810941006.xml,2025-06,28355301,1,COMPRAS,2025-06-09,33,810941006,FABR.Y DIST.PROD.LACTEOS VTAS.INSUMOS AG,GASOLINA 93,,COOPERATIVA AGRICOLA Y LECHERA DE LA UNI,,0966858109,22804,760.1333,Documento,client_evidence_backfill,EXP-11.4,0.742119,0.56984,0.91508,auto_accept,,EXP-11.4:0.7421;ADM-1.4:0.1723;EXP-11.5:0.0309,EXP-11.4,0.742119,False,,,,client_evidence,recovered
4333,COMPRAS|810941006|28355339|1,DTE_033_000028355339_810941006.xml,2025-06,28355339,1,COMPRAS,2025-06-12,33,810941006,FABR.Y DIST.PROD.LACTEOS VTAS.INSUMOS AG,GASOLINA 93,,COOPERATIVA AGRICOLA Y LECHERA DE LA UNI,,0966858109,76014,760.14,Documento,client_evidence_backfill,EXP-11.4,0.742119,0.56984,0.91508,auto_accept,,EXP-11.4:0.7421;ADM-1.4:0.1723;EXP-11.5:0.0309,EXP-11.4,0.742119,False,,,,client_evidence,recovered
4335,COMPRAS|810941006|28355361|1,DTE_033_000028355361_810941006.xml,2025-06,28355361,1,COMPRAS,2025-06-13,33,810941006,FABR.Y DIST.PROD.LACTEOS VTAS.INSUMOS AG,GASOLINA 93,,COOPERATIVA AGRICOLA Y LECHERA DE LA UNI,,0966858109,22450,748.3333,Documento,client_evidence_backfill,EXP-11.4,0.742119,0.56984,0.91508,auto_accept,,EXP-11.4:0.7421;ADM-1.4:0.1723;EXP-11.5:0.0309,EXP-11.4,0.742119,False,,,,client_evidence,recovered
4337,COMPRAS|810941006|28355392|1,DTE_033_000028355392_810941006.xml,2025-06,28355392,1,COMPRAS,2025-06-16,33,810941006,FABR.Y DIST.PROD.LACTEOS VTAS.INSUMOS AG,GASOLINA 93,,COOPERATIVA AGRICOLA Y LECHERA DE LA UNI,,0966858109,22450,748.3333,Documento,client_evidence_backfill,EXP-11.4,0.742119,0.56984,0.91508,auto_accept,,EXP-11.4:0.7421;ADM-1.4:0.1723;EXP-11.5:0.0309,EXP-11.4,0.742119,False,,,,client_evidence,recovered
4338,COMPRAS|810941006|28355423|1,DTE_033_000028355423_810941006.xml,2025-06,28355423,1,COMPRAS,2025-06-19,33,810941006,FABR.Y DIST.PROD.LACTEOS VTAS.INSUMOS AG,GASOLINA 93,,COOPERATIVA AGRICOLA Y LECHERA DE LA UNI,,0966858109,29933,748.325,Documento,client_evidence_backfill,EXP-11.4,0.742119,0.56984,0.91508,auto_accept,,EXP-11.4:0.7421;ADM-1.4:0.1723;EXP-11.5:0.0309,EXP-11.4,0.742119,False,,,,client_evidence,recovered
4340,COMPRAS|810941006|28355475|1,DTE_033_000028355475_810941006.xml,2025-06,28355475,1,COMPRAS,2025-06-25,33,810941006,FABR.Y DIST.PROD.LACTEOS VTAS.INSUMOS AG,GASOLINA 93,,COOPERATIVA AGRICOLA Y LECHERA DE LA UNI,,0966858109,22831,761.0333,Documento,client_evidence_backfill,EXP-11.4,0.742119,0.56984,0.91508,auto_accept,,EXP-11.4:0.7421;ADM-1.4:0.1723;EXP-11.5:0.0309,EXP-11.4,0.742119,False,,,,client_evidence,recovered
4343,COMPRAS|810941006|28355538|1,DTE_033_000028355538_810941006.xml,2025-06,28355538,1,COMPRAS,2025-06-30,33,810941006,FABR.Y DIST.PROD.LACTEOS VTAS.INSUMOS AGRICOLAS VETER. COMBUSTIBLES Y VEHICULOS,GASOLINA 93,Retira: ANTILLANCA SPA{Impuesto base combustible: 12381{Impuesto variable combustible: -369,COOPERATIVA AGRICOLA Y LECHERA DE LA UNION LTDA.,,0966858109,23889,796.287400,Documento,client_evidence_backfill,EXP-11.4,0.543237,0.174296,1.119153,auto_accept,,EXP-11.4:0.5432;ADM-1.4:0.3689;EXP-11.5:0.0242,EXP-11.4,0.543237,False,,,,client_evidence,recovered
4374,COMPRAS|810941006|28719709|1,DTE_033_000028719709_810941006.xml,2025-06,28719709,1,COMPRAS,2025-06-05,33,810941006,FABR.Y DIST.PROD.LACTEOS VTAS.INSUMOS AG,GASOLINA 93,,COOPERATIVA AGRICOLA Y LECHERA DE LA UNI,,0966858109,45608,760.1333,Documento,client_evidence_backfill,EXP-11.4,0.742119,0.56984,0.91508,auto_accept,,EXP-11.4:0.7421;ADM-1.4:0.1723;EXP-11.5:0.0309,EXP-11.4,0.742119,False,,,,client_evidence,recovered
4376,COMPRAS|810941006|28719719|1,DTE_033_000028719719_810941006.xml,2025-06,28719719,1,COMPRAS,2025-06-05,33,810941006,FABR.Y DIST.PROD.LACTEOS VTAS.INSUMOS AG,GASOLINA 93,,COOPERATIVA AGRICOLA Y LECHERA DE LA UNI,,0966858109,45608,760.1333,Documento,client_evidence_backfill,EXP-11.4,0.742119,0.56984,0.91508,auto_accept,,EXP-11.4:0.7421;ADM-1.4:0.1723;EXP-11.5:0.0309,EXP-11.4,0.742119,False,,,,client_evidence,recovered
4377,COMPRAS|810941006|28719936|1,DTE_033_000028719936_810941006.xml,2025-06,28719936,1,COMPRAS,2025-06-12,33,810941006,FABR.Y DIST.PROD.LACTEOS VTAS.INSUMOS AG,GASOLINA 93,,COOPERATIVA AGRICOLA Y LECHERA DE LA UNI,,0966858109,74832,748.32,Documento,client_evidence_backfill,EXP-11.4,0.742119,0.56984,0.91508,auto_accept,,EXP-11.4:0.7421;ADM-1.4:0.1723;EXP-11.5:0.0309,EXP-11.4,0.742119,False,,,,client_evidence,recovered
4378,COMPRAS|810941006|28719983|1,DTE_033_000028719983_810941006.xml,2025-06,28719983,1,COMPRAS,2025-06-13,33,810941006,FABR.Y DIST.PROD.LACTEOS VTAS.INSUMOS AG,GASOLINA 93,,COOPERATIVA AGRICOLA Y LECHERA DE LA UNI,,0966858109,44899,748.3167,Documento,client_evidence_backfill,EXP-11.4,0.742119,0.56984,0.91508,auto_accept,,EXP-11.4:0.7421;ADM-1.4:0.1723;EXP-11.5:0.0309,EXP-11.4,0.742119,False,,,,client_evidence,recovered
4392,COMPRAS|810941006|28800766|5,DTE_033_000028800766_810941006.xml,2025-06,28800766,5,COMPRAS,2025-06-12,33,810941006,FABR. Y DIST.PROD.LACTEOS VTAS. INSAGRIC,YODOCAP X 1 L,YODOCAP X 1 L,COOPERATIVA AGRICOLA Y LECHERA DE LA UNION LTDA.,,,36236,9059,Documento,client_evidence_backfill,EXP-2.5,0.33269,0.087827,1.935688,auto_accept,,EXP-2.5:0.3327;EXP-10.3:0.2449;EXP-2.2:0.1431,EXP-2.5,0.33269,False,,,,client_evidence,recovered
4402,COMPRAS|810941006|28801513|1,DTE_033_000028801513_810941006.xml,2025-06,28801513,1,COMPRAS,2025-06-19,33,810941006,FABR. Y DIST.PROD.LACTEOS VTAS. INSAGRIC,GASOLINA 93,GASOLINA 93,COOPERATIVA AGRICOLA Y LECHERA DE LA UNION LTDA.,,,45663,761.050000,Documento,client_evidence_backfill,EXP-11.4,0.683454,0.434096,0.922669,auto_accept,,EXP-11.4:0.6835;ADM-1.4:0.2494;EXP-11.5:0.0307,EXP-11.4,0.683454,False,,,,client_evidence,recovered
4407,COMPRAS|810941006|28801760|1,DTE_033_000028801760_810941006.xml,2025-06,28801760,1,COMPRAS,2025-06-23,33,810941006,FABR. Y DIST.PROD.LACTEOS VTAS. INSAGRIC,GASOLINA 93,GASOLINA 93,COOPERATIVA AGRICOLA Y LECHERA DE LA UNION LTDA.,,,30442,761.050000,Documento,client_evidence_backfill,EXP-11.4,0.683454,0.434096,0.922669,auto_accept,,EXP-11.4:0.6835;ADM-1.4:0.2494;EXP-11.5:0.0307,EXP-11.4,0.683454,False,,,,client_evidence,recovered
4408,COMPRAS|810941006|28801762|1,DTE_033_000028801762_810941006.xml,2025-06,28801762,1,COMPRAS,2025-06-23,33,810941006,FABR. Y DIST.PROD.LACTEOS VTAS. INSAGRIC,GASOLINA 93,GASOLINA 93,COOPERATIVA AGRICOLA Y LECHERA DE LA UNION LTDA.,,,15221,761.050000,Documento,client_evidence_backfill,EXP-11.4,0.683454,0.434096,0.922669,auto_accept,,EXP-11.4:0.6835;ADM-1.4:0.2494;EXP-11.5:0.0307,EXP-11.4,0.683454,False,,,,client_evidence,recovered
4411,COMPRAS|810941006|28802282|1,DTE_033_000028802282_810941006.xml,2025-06,28802282,1,COMPRAS,2025-06-27,33,810941006,FABR. Y DIST.PROD.LACTEOS VTAS. INSAGRIC,GASOLINA 93,GASOLINA 93,COOPERATIVA AGRICOLA Y LECHERA DE LA UNION LTDA.,,,47777,796.283333,Documento,client_evidence_backfill,EXP-11.4,0.683454,0.434096,0.922669,auto_accept,,EXP-11.4:0.6835;ADM-1.4:0.2494;EXP-11.5:0.0307,EXP-11.4,0.683454,False,,,,client_evidence,recovered
4430,COMPRAS|810941006|28909036|1,DTE_033_000028909036_810941006.xml,2025-06,28909036,1,COMPRAS,2025-06-23,33,810941006,FABR. Y DIST.PROD.LACTEOS VTAS. INSAGRIC,GASOLINA 93,GASOLINA 93,COOPERATIVA AGRICOLA Y LECHERA DE LA UNION LTDA.,,,22831,761.033333,Documento,client_evidence_backfill,EXP-11.4,0.683454,0.434096,0.922669,auto_accept,,EXP-11.4:0.6835;ADM-1.4:0.2494;EXP-11.5:0.0307,EXP-11.4,0.683454,False,,,,client_evidence,recovered
4444,COMPRAS|810941006|28921614|1,DTE_033_000028921614_810941006.xml,2025-06,28921614,1,COMPRAS,2025-06-10,33,810941006,FABR.Y DIST.PROD.LACTEOS VTAS.INSUMOS AG,GASOLINA 93,,COOPERATIVA AGRICOLA Y LECHERA DE LA UNI,,0966858109,30406,760.15,Documento,client_evidence_backfill,EXP-11.4,0.742119,0.56984,0.91508,auto_accept,,EXP-11.4:0.7421;ADM-1.4:0.1723;EXP-11.5:0.0309,EXP-11.4,0.742119,False,,,,client_evidence,recovered
4445,COMPRAS|810941006|28921615|1,DTE_033_000028921615_810941006.xml,2025-06,28921615,1,COMPRAS,2025-06-10,33,810941006,FABR.Y DIST.PROD.LACTEOS VTAS.INSUMOS AG,GASOLINA 93,,COOPERATIVA AGRICOLA Y LECHERA DE LA UNI,,0966858109,43328,760.1404,Documento,client_evidence_backfill,EXP-11.4,0.742119,0.56984,0.91508,auto_accept,,EXP-11.4:0.7421;ADM-1.4:0.1723;EXP-11.5:0.0309,EXP-11.4,0.742119,False,,,,client_evidence,recovered
4446,COMPRAS|810941006|28921670|1,DTE_033_000028921670_810941006.xml,2025-06,28921670,1,COMPRAS,2025-06-12,33,810941006,FABR.Y DIST.PROD.LACTEOS VTAS.INSUMOS AGRICOLAS VETER. COMBUSTIBLES Y VEHICULOS,GASOLINA 93,,COOPERATIVA AGRICOLA Y LECHERA DE LA UNION LTDA.,,0966858109,15203,760.138200,Documento,client_evidence_backfill,EXP-11.4,0.734373,0.548601,0.906511,auto_accept,,EXP-11.4:0.7344;ADM-1.4:0.1858;EXP-11.5:0.0304,EXP-11.4,0.734373,False,,,,client_evidence,recovered
4448,COMPRAS|810941006|28921780|1,DTE_033_000028921780_810941006.xml,2025-06,28921780,1,COMPRAS,2025-06-16,33,810941006,FABR.Y DIST.PROD.LACTEOS VTAS.INSUMOS AG,GASOLINA 93,,COOPERATIVA AGRICOLA Y LECHERA DE LA UNI,,0966858109,44899,748.3167,Documento,client_evidence_backfill,EXP-11.4,0.742119,0.56984,0.91508,auto_accept,,EXP-11.4:0.7421;ADM-1.4:0.1723;EXP-11.5:0.0309,EXP-11.4,0.742119,False,,,,client_evidence,recovered
4449,COMPRAS|810941006|28921849|1,DTE_033_000028921849_810941006.xml,2025-06,28921849,1,COMPRAS,2025-06-17,33,810941006,FABR.Y DIST.PROD.LACTEOS VTAS.INSUMOS AG,GASOLINA 93,,COOPERATIVA AGRICOLA Y LECHERA DE LA UNI,,0966858109,58369,748.3205,Documento,client_evidence_backfill,EXP-11.4,0.742119,0.56984,0.91508,auto_accept,,EXP-11.4:0.7421;ADM-1.4:0.1723;EXP-11.5:0.0309,EXP-11.4,0.742119,False,,,,client_evidence,recovered
4454,COMPRAS|810941006|28922009|1,DTE_033_000028922009_810941006.xml,2025-06,28922009,1,COMPRAS,2025-06-23,33,810941006,FABR.Y DIST.PROD.LACTEOS VTAS.INSUMOS AG,GASOLINA 93,,COOPERATIVA AGRICOLA Y LECHERA DE LA UNI,,0966858109,15221,761.05,Documento,client_evidence_backfill,EXP-11.4,0.742119,0.56984,0.91508,auto_accept,,EXP-11.4:0.7421;ADM-1.4:0.1723;EXP-11.5:0.0309,EXP-11.4,0.742119,False,,,,client_evidence,recovered
4457,COMPRAS|810941006|28922235|1,DTE_033_000028922235_810941006.xml,2025-06,28922235,1,COMPRAS,2025-06-30,33,810941006,FABR.Y DIST.PROD.LACTEOS VTAS.INSUMOS AGRICOLAS VETER. COMBUSTIBLES Y VEHICULOS,GASOLINA 93,Retira: ANTILLANCA SPA{Impuesto base combustible: 30128{Impuesto variable combustible: -897,COOPERATIVA AGRICOLA Y LECHERA DE LA UNION LTDA.,,0966858109,58129,796.287400,Documento,client_evidence_backfill,EXP-11.4,0.54645,0.178172,1.108953,auto_accept,,EXP-11.4:0.5465;ADM-1.4:0.3683;EXP-11.5:0.0230,EXP-11.4,0.54645,False,,,,client_evidence,recovered
4471,COMPRAS|970040005|43941174|1,DTE_033_000043941174_970040005.xml,2025-06,43941174,1,COMPRAS,2025-06-10,33,970040005,Banco Comercial,COMISION MENSUAL ADMINISTRACION CONVENIO]REMUNERACIONES,COMISION MENSUAL ADMINISTRACION CONVENIO]REMUNERACIONES ]NUMERO DE OPERACION 02600554401 .,Banco de Chile,,,13168,13168,Documento,silver_audit_backfill,ADM-1.7,0.370805,0.201617,2.203085,auto_accept,,ADM-1.7:0.3708;ADM-1.5:0.1692;EXP-15.1:0.0886,ADM-1.7,0.370805,False,,,,silver_audit,recovered
4490,COMPRAS|773602468|21|1,DTE_034_000000000021_773602468.xml,2025-06,21,1,COMPRAS,2025-06-03,34,773602468,CLASES DE INGLÉS A EMPRESAS Y PERSONAS,Programa de inglés,,ENGLISH TRAINING SPA,,,1350000,675000.00,Documento,silver_audit_backfill,EXP-1.1,0.955218,0.944594,0.316157,auto_accept,,EXP-1.1:0.9552;EXP-7.0:0.0106;ADM-1.5:0.0073,EXP-1.1,0.955218,False,,,,silver_audit,recovered
4491,COMPRAS|762223120|1484|1,DTE_034_000000001484_762223120.xml,2025-06,1484,1,COMPRAS,2025-06-19,34,762223120,PRESTACION DE SERVICIOS DE CAPACITACION,CURSO OPERADOR MOTOS,,SERVICIOS TECNICOS DE CAPACITACION VICTOR HERMINIO MIRANDA HERNANDEZ E,,,1040000,1040000.00,Documento,silver_audit_backfill,EXP-1.1,0.328062,0.091272,2.381135,auto_accept,,EXP-10.1:0.3281;EXP-1.1:0.2368;EXP-14.1:0.0718,EXP-10.1,0.328062,False,,,,silver_audit,recovered_over_model_disagreement
4494,COMPRAS|968480502|100182|1,DTE_034_000000100182_968480502.xml,2025-06,100182,1,COMPRAS,2025-06-03,34,968480502,Concesionario de Peaje,Recarga de Prepagos,,Ruta de los Rios Sociedad Concesionaria S.A.,,,150000,150000,Documento,client_evidence_backfill,ADM-1.4,0.546193,0.402762,1.881673,auto_accept,,ADM-1.4:0.5462;EXP-15.5:0.1434;ADM-1.7:0.0673,ADM-1.4,0.546193,False,,,,client_evidence,recovered
4503,COMPRAS|771552897|17345|1,DTE_061_000000017345_771552897.xml,2025-06,17345,1,COMPRAS,2025-06-26,61,771552897,AGROINDUSTRIA,BIOLACT ANTILLANCA GRANEL,,AGROCOMERCIAL IANSA S.A.,,A096685810,127500,10.000,Documento,client_evidence_backfill,EXP-5.1,0.792513,0.709271,0.939673,auto_accept,,EXP-5.1:0.7925;EXP-5.2:0.0832;EXP-6.5:0.0582,EXP-5.1,0.792513,False,,,,client_evidence,recovered
4504,COMPRAS|771552897|17346|1,DTE_061_000000017346_771552897.xml,2025-06,17346,1,COMPRAS,2025-06-26,61,771552897,AGROINDUSTRIA,BIOLACT ANTILLANCA GRANEL,,AGROCOMERCIAL IANSA S.A.,,A096685810,134900,10.000,Documento,client_evidence_backfill,EXP-5.1,0.792513,0.709271,0.939673,auto_accept,,EXP-5.1:0.7925;EXP-5.2:0.0832;EXP-6.5:0.0582,EXP-5.1,0.792513,False,,,,client_evidence,recovered
4550,COMPRAS|764520343|249|1,DTE_033_000000000249_764520343.xml,2025-07,249,1,COMPRAS,2025-07-07,33,764520343,"MANTENCION,ASEO Y LIMPIEZA DE INDUSTRIAS,LECHERIAS,SILOS,INST.IND.Y CO",Limpieza silo 33 T,,MANTENCION INDUSTRIAL DEL SUR LIMITADA,,,400000,400000.00,Documento,silver_audit_backfill,EXP-10.4,0.65919,0.532665,1.442741,auto_accept,,EXP-10.4:0.6592;EXP-14.4:0.1265;EXP-14.3:0.0571,EXP-10.4,0.65919,False,,,,silver_audit,recovered
4551,COMPRAS|764520343|249|2,DTE_033_000000000249_764520343.xml,2025-07,249,2,COMPRAS,2025-07-07,33,764520343,"MANTENCION,ASEO Y LIMPIEZA DE INDUSTRIAS,LECHERIAS,SILOS,INST.IND.Y CO",Raspado y bruñido,,MANTENCION INDUSTRIAL DEL SUR LIMITADA,,,250000,250000.00,Documento,silver_audit_backfill,EXP-14.4,0.7222,0.652599,1.284088,auto_accept,,EXP-14.4:0.7222;EXP-13.1:0.0696;EXP-10.1:0.0510,EXP-14.4,0.7222,False,,,,silver_audit,recovered
4554,COMPRAS|764520343|250|1,DTE_033_000000000250_764520343.xml,2025-07,250,1,COMPRAS,2025-07-07,33,764520343,"MANTENCION,ASEO Y LIMPIEZA DE INDUSTRIAS,LECHERIAS,SILOS,INST.IND.Y CO",Limpieza Silo 33 T,,MANTENCION INDUSTRIAL DEL SUR LIMITADA,,,400000,400000.00,Documento,silver_audit_backfill,EXP-10.4,0.650137,0.535775,1.520347,auto_accept,,EXP-10.4:0.6501;EXP-14.4:0.1144;EXP-14.1:0.0437,EXP-10.4,0.650137,False,,,,silver_audit,recovered
4555,COMPRAS|764520343|250|2,DTE_033_000000000250_764520343.xml,2025-07,250,2,COMPRAS,2025-07-07,33,764520343,"MANTENCION,ASEO Y LIMPIEZA DE INDUSTRIAS,LECHERIAS,SILOS,INST.IND.Y CO",Retiro alimento,,MANTENCION INDUSTRIAL DEL SUR LIMITADA,,,35000,35000.00,Documento,silver_audit_backfill,EXP-14.4,0.766099,0.727302,1.249793,auto_accept,,EXP-14.4:0.7661;ADM-1.5:0.0388;EXP-6.1:0.0268,EXP-14.4,0.766099,False,,,,silver_audit,recovered
4578,COMPRAS|765667461|656|1,DTE_033_000000000656_765667461.xml,2025-07,656,1,COMPRAS,2025-07-04,33,765667461,TRANSPORTES DE CARGA,TRASLADO DE MATERIAL,DE FUNDO EL TINEO A FUNDO EL MAITEN 606 M3 X180=109.080 X 42 KM,TRANSPORTES PINILLA SPA,,,4581360,109080.00,Documento,silver_audit_backfill,EXP-14.1,0.662565,0.605663,1.627609,auto_accept,,EXP-14.1:0.6626;EXP-10.1:0.0569;EXP-13.1:0.0446,EXP-14.1,0.662565,False,,,,silver_audit,recovered
4579,COMPRAS|765667461|656|2,DTE_033_000000000656_765667461.xml,2025-07,656,2,COMPRAS,2025-07-04,33,765667461,TRANSPORTES DE CARGA,TRABAJOS DE EXCAVADORA,CAMA BAJA,TRANSPORTES PINILLA SPA,,,800000,200000.00,Documento,silver_audit_backfill,EXP-14.1,0.7986,0.766659,1.135693,auto_accept,,EXP-14.1:0.7986;EXP-1.1:0.0319;ADM-1.5:0.0207,EXP-14.1,0.7986,False,,,,silver_audit,recovered
4587,COMPRAS|776655848|1027|1,DTE_033_000000001027_776655848.xml,2025-07,1027,1,COMPRAS,2025-07-04,33,776655848,"VENTA, ENVASADO Y DISTRIBUCIÓN DE AGUA PURIFICADA",Recarga Agua Purificada,,PURIFICADORA DE AGUA ALEJANDRO SALAZAR RIVERA E.I.R.L.,,,5042,2521.00,Documento,client_evidence_backfill,ADM-1.6,0.517144,0.242039,1.550521,auto_accept,,ADM-1.6:0.5171;EXP-9.2:0.2751;EXP-14.3:0.0530,ADM-1.6,0.517144,False,,,,client_evidence,recovered
4603,COMPRAS|770334063|1290|3,DTE_033_000000001290_770334063.xml,2025-07,1290,3,COMPRAS,2025-07-02,33,770334063,SERVICIOS MECANICOS A DOMICILIO DE MOTOCICLETAS,HOROMETRO,,MULTIMOTOS OSORNO SPA,,,30168,30168.00,Documento,silver_audit_backfill,EXP-13.2,0.758455,0.680375,1.240021,auto_accept,,EXP-13.2:0.7585;EXP-10.1:0.0781;EXP-3.1:0.0262,EXP-13.2,0.758455,False,,,,silver_audit,recovered
4607,COMPRAS|760726559|2550|1,DTE_033_000000002550_760726559.xml,2025-07,2550,1,COMPRAS,2025-07-28,33,760726559,ASESORIAS AGRICOLAS,CONTROL DE ROEDORES,"PROGRAMA DE CONTROL DE ROEDORES AL PREDIO RAICES, VISITAS REALIZADAS 8/7/2025 HT6748; 22/7/2025 HT6773.",H2 ASESORIAS Y SERVICIOS SPA,,,72000,72000.00,Documento,silver_audit_backfill,EXP-7.0,0.542544,0.287178,1.581664,auto_accept,,EXP-7.0:0.5425;EXP-9.2:0.2554;ADM-1.6:0.0308,EXP-7.0,0.542544,False,,,,silver_audit,recovered
4608,COMPRAS|760726559|2551|1,DTE_033_000000002551_760726559.xml,2025-07,2551,1,COMPRAS,2025-07-28,33,760726559,ASESORIAS AGRICOLAS,CONTROL DE ROEDORES,"CONTROL DE ROEDORES PREDIO YUTRECO, VISITAS REALIZADA 9/7/2025 HT6753; 23/7/2025 HT6777.",H2 ASESORIAS Y SERVICIOS SPA,,,60000,60000.00,Documento,silver_audit_backfill,EXP-7.0,0.449765,0.10162,1.615179,auto_accept,,EXP-7.0:0.4498;EXP-9.2:0.3481;EXP-10.1:0.0337,EXP-7.0,0.449765,False,,,,silver_audit,recovered
4609,COMPRAS|760726559|2552|1,DTE_033_000000002552_760726559.xml,2025-07,2552,1,COMPRAS,2025-07-28,33,760726559,ASESORIAS AGRICOLAS,CONTROL DE ROEDORES,"PROGRAMA DE CONTROL DE ROEDORES PREDIO BRAMADERO, VISITAS REALIZADAS 14/7/2025 HT6762; 28/7/2025 HT6787.",H2 ASESORIAS Y SERVICIOS SPA,,,63000,63000.00,Documento,silver_audit_backfill,EXP-7.0,0.517081,0.267413,1.697193,auto_accept,,EXP-7.0:0.5171;EXP-9.2:0.2497;ADM-1.6:0.0351,EXP-7.0,0.517081,False,,,,silver_audit,recovered
4610,COMPRAS|760726559|2553|1,DTE_033_000000002553_760726559.xml,2025-07,2553,1,COMPRAS,2025-07-28,33,760726559,ASESORIAS AGRICOLAS,CONTROL DE ROEDORES,"PROGRAMA DE CONTROL DE ROEDORES AL PREDIO EL MAITEN, VISITAS REALIZADAS 14/7/2025 HT6763; 28/7/2025 HT6788.",H2 ASESORIAS Y SERVICIOS SPA,,,178500,178500.00,Documento,silver_audit_backfill,EXP-7.0,0.518241,0.261386,1.668869,auto_accept,,EXP-7.0:0.5182;EXP-9.2:0.2569;ADM-1.6:0.0344,EXP-7.0,0.518241,False,,,,silver_audit,recovered
4611,COMPRAS|760726559|2555|1,DTE_033_000000002555_760726559.xml,2025-07,2555,1,COMPRAS,2025-07-28,33,760726559,ASESORIAS AGRICOLAS,CONTROL DE ROEDORES,"INICIO DE CONTROL DE ROEDORES PREDIO TINEO, VISITA REALIZADA 28/7/2025 HT6785.",H2 ASESORIAS Y SERVICIOS SPA,,,35000,35000.00,Documento,silver_audit_backfill,EXP-7.0,0.446917,0.159232,1.801081,auto_accept,,EXP-7.0:0.4469;EXP-9.2:0.2877;EXP-15.5:0.0483,EXP-7.0,0.446917,False,,,,silver_audit,recovered
4612,COMPRAS|760726559|2573|1,DTE_033_000000002573_760726559.xml,2025-07,2573,1,COMPRAS,2025-07-30,33,760726559,ASESORIAS AGRICOLAS,CONTROL DE ROEDORES,PROGRAMA DE CONTROL DE ROEDORES CASA ADM HT6797.,H2 ASESORIAS Y SERVICIOS SPA,,,44118,44118.00,Documento,silver_audit_backfill,EXP-7.0,0.556978,0.372048,1.728932,auto_accept,,EXP-7.0:0.5570;EXP-9.2:0.1849;EXP-10.1:0.0427,EXP-7.0,0.556978,False,,,,silver_audit,recovered
4614,COMPRAS|54232675|2866|1,DTE_033_000000002866_54232675.xml,2025-07,2866,1,COMPRAS,2025-07-02,33,54232675,RESTAURANT,CENA 41 PERSONAS N.OP.080,,VICTOR VERA VIVEROS,,,1395613,34039.35,Documento,silver_audit_backfill,EXP-1.1,0.58451,0.494139,1.840167,auto_accept,,EXP-1.1:0.5845;ADM-1.4:0.0904;ADM-1.7:0.0564,EXP-1.1,0.58451,False,,,,silver_audit,recovered
4630,COMPRAS|57249404|8049|1,DTE_033_000000008049_57249404.xml,2025-07,8049,1,COMPRAS,2025-07-14,33,57249404,LUBRICENTRO-SUBDISTRIBUIDOR LIPIGAS-VTA MATERIAS PRIMAS AGRICOLA,CARGA GAS 15 KG,,RICARDO GERMAN OSWALD BUCHNER,,,22689,22689.00,Documento,silver_audit_backfill,EXP-11.5,0.956545,0.934229,0.247712,auto_accept,,EXP-11.5:0.9565;ADM-1.4:0.0223;EXP-16.2:0.0093,EXP-11.5,0.956545,False,,,,silver_audit,recovered
4637,COMPRAS|761804944|9708|1,DTE_033_000000009708_761804944.xml,2025-07,9708,1,COMPRAS,2025-07-14,33,761804944,VENTA AL POR MAYOR DE MATERIAS PRIMAS AGRICOLAS,COW GUARD BARRERA 210KG,PRODUCTO ENTREGADO FDO EL MAITEN.,BIOGENESIS ANIMAL HEALTH SPA,,,798889,840000,Documento,client_evidence_backfill,EXP-10.2,0.926116,0.910397,0.45593,auto_accept,,EXP-10.2:0.9261;EXP-15.2:0.0157;EXP-6.1:0.0145,EXP-10.2,0.926116,False,,,,client_evidence,recovered
4652,COMPRAS|760703753|19786|4,DTE_033_000000019786_760703753.xml,2025-07,19786,4,COMPRAS,2025-07-14,33,760703753,"Importacion Exportacion y Comercializacion de Maquinarias, Repuestos e Insumos A",MANO DE OBRA SERVICIO TECNICO GALLAGHER,MANO DE OBRA SERVICIO TECNICO GALLAGHER,GALLAGHER CHILE SPA,,,122500,49000,Documento,silver_audit_backfill,EXP-13.1,0.28157,0.049955,2.354047,auto_accept,,EXP-14.4:0.2816;EXP-13.1:0.2316;EXP-14.2:0.0943,EXP-14.4,0.28157,False,,,,silver_audit,recovered_over_model_disagreement
4657,COMPRAS|761757865|24758|1,DTE_033_000000024758_761757865.xml,2025-07,24758,1,COMPRAS,2025-07-11,33,761757865,"INSTALACION,MANTENCION,REPARACION MAQUINARIA AGROPECUARIA,FORESTAL",JUEGO PEZONERAS MONOBLOCK,,GEA Farm Technologies Osorno Ltda.,,,669161,49203,Documento,client_evidence_backfill,EXP-10.4,0.602647,0.284794,1.10017,auto_accept,,EXP-10.4:0.6026;EXP-10.1:0.3179;EXP-10.2:0.0141,EXP-10.4,0.602647,False,,,,client_evidence,recovered
4659,COMPRAS|761757865|24758|3,DTE_033_000000024758_761757865.xml,2025-07,24758,3,COMPRAS,2025-07-11,33,761757865,"INSTALACION,MANTENCION,REPARACION MAQUINARIA AGROPECUARIA,FORESTAL",TAPA COLECTOR 300 CC. SIN CIERRE,,GEA Farm Technologies Osorno Ltda.,,,408816,60120,Documento,client_evidence_backfill,EXP-10.4,0.938261,0.917795,0.383853,auto_accept,,EXP-10.4:0.9383;EXP-10.3:0.0205;EXP-10.1:0.0100,EXP-10.4,0.938261,False,,,,client_evidence,recovered
4662,COMPRAS|761757865|24758|6,DTE_033_000000024758_761757865.xml,2025-07,24758,6,COMPRAS,2025-07-11,33,761757865,"INSTALACION,MANTENCION,REPARACION MAQUINARIA AGROPECUARIA,FORESTAL",SPRAY DESLIZANTE,,GEA Farm Technologies Osorno Ltda.,,,37518,44139,Documento,silver_audit_backfill,EXP-10.1,0.681249,0.50947,1.232573,auto_accept,,EXP-10.1:0.6812;EXP-10.4:0.1718;EXP-10.3:0.0361,EXP-10.1,0.681249,False,,,,silver_audit,recovered
4665,COMPRAS|761757865|24758|9,DTE_033_000000024758_761757865.xml,2025-07,24758,9,COMPRAS,2025-07-11,33,761757865,"INSTALACION,MANTENCION,REPARACION MAQUINARIA AGROPECUARIA,FORESTAL",HELICE DE BOMBA LECHE 1.1 KW,,GEA Farm Technologies Osorno Ltda.,,,129260,152070,Documento,silver_audit_backfill,EXP-10.1,0.592283,0.341913,1.279849,auto_accept,,EXP-10.1:0.5923;EXP-10.4:0.2504;EXP-10.3:0.0700,EXP-10.1,0.592283,False,,,,silver_audit,recovered
4666,COMPRAS|761757865|24758|10,DTE_033_000000024758_761757865.xml,2025-07,24758,10,COMPRAS,2025-07-11,33,761757865,"INSTALACION,MANTENCION,REPARACION MAQUINARIA AGROPECUARIA,FORESTAL",JUEGO DE SERVICIO-TRANSPORTE DE LECHE(C) VAR RECEIVER COVER,,GEA Farm Technologies Osorno Ltda.,,,26041,30637,Documento,silver_audit_backfill,EXP-10.1,0.703223,0.489715,1.013814,auto_accept,,EXP-10.1:0.7032;EXP-10.4:0.2135;EXP-10.2:0.0318,EXP-10.1,0.703223,False,,,,silver_audit,recovered
4667,COMPRAS|761757865|24758|11,DTE_033_000000024758_761757865.xml,2025-07,24758,11,COMPRAS,2025-07-11,33,761757865,"INSTALACION,MANTENCION,REPARACION MAQUINARIA AGROPECUARIA,FORESTAL",JUEGO DE SERVICIO-TRANSPORTE DE LECHE(C) VAR SANITARY TRAP 22,,GEA Farm Technologies Osorno Ltda.,,,198229,233210,Documento,silver_audit_backfill,EXP-10.1,0.704519,0.470457,0.938253,auto_accept,,EXP-10.1:0.7045;EXP-10.4:0.2341;EXP-10.2:0.0177,EXP-10.1,0.704519,False,,,,silver_audit,recovered
4682,COMPRAS|761757865|24760|1,DTE_033_000000024760_761757865.xml,2025-07,24760,1,COMPRAS,2025-07-11,33,761757865,"INSTALACION,MANTENCION,REPARACION MAQUINARIA AGROPECUARIA,FORESTAL",KIT DE SERVICIO-MANEJO DE LA LECHE VAR.EasyStart,,GEA Farm Technologies Osorno Ltda.,,,70584,5190,Documento,silver_audit_backfill,EXP-10.1,0.676007,0.44315,1.045342,auto_accept,,EXP-10.1:0.6760;EXP-10.4:0.2329;EXP-10.2:0.0389,EXP-10.1,0.676007,False,,,,silver_audit,recovered
4687,COMPRAS|761757865|24760|6,DTE_033_000000024760_761757865.xml,2025-07,24760,6,COMPRAS,2025-07-11,33,761757865,"INSTALACION,MANTENCION,REPARACION MAQUINARIA AGROPECUARIA,FORESTAL",MOSQUETON,,GEA Farm Technologies Osorno Ltda.,,,123774,9101,Documento,silver_audit_backfill,EXP-10.1,0.749168,0.636324,1.093606,auto_accept,,EXP-10.1:0.7492;EXP-10.4:0.1128;EXP-10.3:0.0363,EXP-10.1,0.749168,False,,,,silver_audit,recovered
4693,COMPRAS|761757865|24760|12,DTE_033_000000024760_761757865.xml,2025-07,24760,12,COMPRAS,2025-07-11,33,761757865,"INSTALACION,MANTENCION,REPARACION MAQUINARIA AGROPECUARIA,FORESTAL",JUNTA PERFILADA P/DEPOSITO VACIO 30,,GEA Farm Technologies Osorno Ltda.,,,12644,14875,Documento,silver_audit_backfill,EXP-10.1,0.565952,0.237312,1.21129,auto_accept,,EXP-10.1:0.5660;EXP-10.4:0.3286;EXP-10.2:0.0267,EXP-10.1,0.565952,False,,,,silver_audit,recovered
4708,COMPRAS|761757865|24779|1,DTE_033_000000024779_761757865.xml,2025-07,24779,1,COMPRAS,2025-07-15,33,761757865,"INSTALACION,MANTENCION,REPARACION MAQUINARIA AGROPECUARIA,FORESTAL",JUEGO PEZONERAS MONOBLOCK,,GEA Farm Technologies Osorno Ltda.,,,2091128,49203,Documento,client_evidence_backfill,EXP-10.4,0.602647,0.284794,1.10017,auto_accept,,EXP-10.4:0.6026;EXP-10.1:0.3179;EXP-10.2:0.0141,EXP-10.4,0.602647,False,,,,client_evidence,recovered
4711,COMPRAS|761757865|24779|4,DTE_033_000000024779_761757865.xml,2025-07,24779,4,COMPRAS,2025-07-15,33,761757865,"INSTALACION,MANTENCION,REPARACION MAQUINARIA AGROPECUARIA,FORESTAL",SPRAY DESLIZANTE,,GEA Farm Technologies Osorno Ltda.,,,37518,44139,Documento,silver_audit_backfill,EXP-10.1,0.681249,0.50947,1.232573,auto_accept,,EXP-10.1:0.6812;EXP-10.4:0.1718;EXP-10.3:0.0361,EXP-10.1,0.681249,False,,,,silver_audit,recovered
4713,COMPRAS|761757865|24779|6,DTE_033_000000024779_761757865.xml,2025-07,24779,6,COMPRAS,2025-07-15,33,761757865,"INSTALACION,MANTENCION,REPARACION MAQUINARIA AGROPECUARIA,FORESTAL",SEAL KIT FOR HILGE MILK PUMP 2.2KW,,GEA Farm Technologies Osorno Ltda.,,,174888,205751,Documento,silver_audit_backfill,EXP-10.4,0.60916,0.356965,1.227516,auto_accept,,EXP-10.4:0.6092;EXP-10.1:0.2522;EXP-10.2:0.0730,EXP-10.4,0.60916,False,,,,silver_audit,recovered
4717,COMPRAS|761757865|24779|10,DTE_033_000000024779_761757865.xml,2025-07,24779,10,COMPRAS,2025-07-15,33,761757865,"INSTALACION,MANTENCION,REPARACION MAQUINARIA AGROPECUARIA,FORESTAL",MOSQUETON,,GEA Farm Technologies Osorno Ltda.,,,386793,9101,Documento,silver_audit_backfill,EXP-10.1,0.749168,0.636324,1.093606,auto_accept,,EXP-10.1:0.7492;EXP-10.4:0.1128;EXP-10.3:0.0363,EXP-10.1,0.749168,False,,,,silver_audit,recovered
4720,COMPRAS|761757865|24780|1,DTE_033_000000024780_761757865.xml,2025-07,24780,1,COMPRAS,2025-07-15,33,761757865,"INSTALACION,MANTENCION,REPARACION MAQUINARIA AGROPECUARIA,FORESTAL",SELLO DEL CUERPO ICIP PARA LA COPA DE GOMA Y EL CORTADOR DE CLIPS,,GEA Farm Technologies Osorno Ltda.,,,361335,8502,Documento,silver_audit_backfill,EXP-10.1,0.270162,0.00424,2.485911,auto_accept,,EXP-10.4:0.2702;EXP-10.1:0.2659;EXP-16.2:0.0953,EXP-10.4,0.270162,False,,,,silver_audit,recovered_over_model_disagreement
4735,COMPRAS|761757865|24781|3,DTE_033_000000024781_761757865.xml,2025-07,24781,3,COMPRAS,2025-07-15,33,761757865,"INSTALACION,MANTENCION,REPARACION MAQUINARIA AGROPECUARIA,FORESTAL",PERNO COLECTOR SIN CIERRE,,GEA Farm Technologies Osorno Ltda.,,,5256,6184,Documento,silver_audit_backfill,EXP-10.4,0.925207,0.9029,0.486711,auto_accept,,EXP-10.4:0.9252;EXP-10.1:0.0223;ADM-1.6:0.0106,EXP-10.4,0.925207,False,,,,silver_audit,recovered
4737,COMPRAS|761757865|24784|1,DTE_033_000000024784_761757865.xml,2025-07,24784,1,COMPRAS,2025-07-17,33,761757865,"INSTALACION,MANTENCION,REPARACION MAQUINARIA AGROPECUARIA,FORESTAL",TRI-PFAN 60 LTS.,,GEA Farm Technologies Osorno Ltda.,,,587344,183545,Documento,manually_audited_near_identical_backfill,EXP-10.3,0.492963,0.283155,1.617717,auto_accept,,EXP-10.3:0.4930;EXP-10.1:0.2098;EXP-10.4:0.1607,EXP-10.3,0.492963,False,,,,manually_audited_near_identical,recovered
4738,COMPRAS|761757865|24784|2,DTE_033_000000024784_761757865.xml,2025-07,24784,2,COMPRAS,2025-07-17,33,761757865,"INSTALACION,MANTENCION,REPARACION MAQUINARIA AGROPECUARIA,FORESTAL",ORACID 60 L,,GEA Farm Technologies Osorno Ltda.,,,379150,157979,Documento,client_evidence_backfill,EXP-10.3,0.805228,0.709443,0.827027,auto_accept,,EXP-10.3:0.8052;EXP-10.1:0.0958;EXP-10.4:0.0503,EXP-10.3,0.805228,False,,,,client_evidence,recovered
4743,COMPRAS|761757865|24835|4,DTE_033_000000024835_761757865.xml,2025-07,24835,4,COMPRAS,2025-07-23,33,761757865,"INSTALACION,MANTENCION,REPARACION MAQUINARIA AGROPECUARIA,FORESTAL",ORACID 60 L,,GEA Farm Technologies Osorno Ltda.,,,126383,157979,Documento,client_evidence_backfill,EXP-10.3,0.805228,0.709443,0.827027,auto_accept,,EXP-10.3:0.8052;EXP-10.1:0.0958;EXP-10.4:0.0503,EXP-10.3,0.805228,False,,,,client_evidence,recovered
4745,COMPRAS|761757865|24838|1,DTE_033_000000024838_761757865.xml,2025-07,24838,1,COMPRAS,2025-07-23,33,761757865,"INSTALACION,MANTENCION,REPARACION MAQUINARIA AGROPECUARIA,FORESTAL",CHAPALETA BOMBA DE LECHE 1.1/1.5,,GEA Farm Technologies Osorno Ltda.,,,22476,13221,Documento,silver_audit_backfill,EXP-10.1,0.516572,0.168209,1.252198,auto_accept,,EXP-10.1:0.5166;EXP-10.4:0.3484;EXP-10.3:0.0577,EXP-10.1,0.516572,False,,,,silver_audit,recovered
4747,COMPRAS|761757865|24853|2,DTE_033_000000024853_761757865.xml,2025-07,24853,2,COMPRAS,2025-07-23,33,761757865,"INSTALACION,MANTENCION,REPARACION MAQUINARIA AGROPECUARIA,FORESTAL",JUEGO PEZONERAS COLECTOR 300,,GEA Farm Technologies Osorno Ltda.,,,1987470,46764,Documento,client_evidence_backfill,EXP-10.4,0.661646,0.427247,1.117504,auto_accept,,EXP-10.4:0.6616;EXP-10.1:0.2344;EXP-10.3:0.0287,EXP-10.4,0.661646,False,,,,client_evidence,recovered
4752,COMPRAS|761757865|24853|7,DTE_033_000000024853_761757865.xml,2025-07,24853,7,COMPRAS,2025-07-23,33,761757865,"INSTALACION,MANTENCION,REPARACION MAQUINARIA AGROPECUARIA,FORESTAL",SPRAY DESLIZANTE,,GEA Farm Technologies Osorno Ltda.,,,75036,44139,Documento,silver_audit_backfill,EXP-10.1,0.681249,0.50947,1.232573,auto_accept,,EXP-10.1:0.6812;EXP-10.4:0.1718;EXP-10.3:0.0361,EXP-10.1,0.681249,False,,,,silver_audit,recovered
4765,COMPRAS|761757865|24856|7,DTE_033_000000024856_761757865.xml,2025-07,24856,7,COMPRAS,2025-07-23,33,761757865,"INSTALACION,MANTENCION,REPARACION MAQUINARIA AGROPECUARIA,FORESTAL",-Juego de servicio - Gestion de leche (C)var.,,GEA Farm Technologies Osorno Ltda.,,,61736,12105,Documento,silver_audit_backfill,EXP-10.4,0.737788,0.570171,0.991906,auto_accept,,EXP-10.1:0.7378;EXP-10.4:0.1676;EXP-10.2:0.0402,EXP-10.1,0.737788,False,,,,silver_audit,recovered_over_model_disagreement
4769,COMPRAS|761757865|24856|11,DTE_033_000000024856_761757865.xml,2025-07,24856,11,COMPRAS,2025-07-23,33,761757865,"INSTALACION,MANTENCION,REPARACION MAQUINARIA AGROPECUARIA,FORESTAL",MOSQUETON,,GEA Farm Technologies Osorno Ltda.,,,255283,9101,Documento,silver_audit_backfill,EXP-10.1,0.749168,0.636324,1.093606,auto_accept,,EXP-10.1:0.7492;EXP-10.4:0.1128;EXP-10.3:0.0363,EXP-10.1,0.749168,False,,,,silver_audit,recovered
4795,COMPRAS|761757865|24862|4,DTE_033_000000024862_761757865.xml,2025-07,24862,4,COMPRAS,2025-07-23,33,761757865,"INSTALACION,MANTENCION,REPARACION MAQUINARIA AGROPECUARIA,FORESTAL",TAPA CILINDRO ELEVADOR FRONTAL,,GEA Farm Technologies Osorno Ltda.,,,5429,6387,Documento,silver_audit_backfill,EXP-10.1,0.573185,0.313671,1.398016,auto_accept,,EXP-10.1:0.5732;EXP-10.4:0.2595;EXP-10.2:0.0466,EXP-10.1,0.573185,False,,,,silver_audit,recovered
4800,COMPRAS|761757865|24862|9,DTE_033_000000024862_761757865.xml,2025-07,24862,9,COMPRAS,2025-07-23,33,761757865,"INSTALACION,MANTENCION,REPARACION MAQUINARIA AGROPECUARIA,FORESTAL",TAPA COLECTOR 300 CC. SIN CIERRE,,GEA Farm Technologies Osorno Ltda.,,,255510,60120,Documento,client_evidence_backfill,EXP-10.4,0.938261,0.917795,0.383853,auto_accept,,EXP-10.4:0.9383;EXP-10.3:0.0205;EXP-10.1:0.0100,EXP-10.4,0.938261,False,,,,client_evidence,recovered
4810,COMPRAS|761757865|24863|6,DTE_033_000000024863_761757865.xml,2025-07,24863,6,COMPRAS,2025-07-23,33,761757865,"INSTALACION,MANTENCION,REPARACION MAQUINARIA AGROPECUARIA,FORESTAL",NIPLE BASE PULSADOR,,GEA Farm Technologies Osorno Ltda.,,,1913,2250,Documento,silver_audit_backfill,EXP-10.1,0.631854,0.381486,1.226657,auto_accept,,EXP-10.1:0.6319;EXP-10.4:0.2504;EXP-6.5:0.0212,EXP-10.1,0.631854,False,,,,silver_audit,recovered
4820,COMPRAS|761757865|24865|1,DTE_033_000000024865_761757865.xml,2025-07,24865,1,COMPRAS,2025-07-24,33,761757865,"INSTALACION,MANTENCION,REPARACION MAQUINARIA AGROPECUARIA,FORESTAL",ORACID 60 L,,GEA Farm Technologies Osorno Ltda.,,,126383,157979,Documento,client_evidence_backfill,EXP-10.3,0.805228,0.709443,0.827027,auto_accept,,EXP-10.3:0.8052;EXP-10.1:0.0958;EXP-10.4:0.0503,EXP-10.3,0.805228,False,,,,client_evidence,recovered
4821,COMPRAS|761757865|24867|1,DTE_033_000000024867_761757865.xml,2025-07,24867,1,COMPRAS,2025-07-24,33,761757865,"INSTALACION,MANTENCION,REPARACION MAQUINARIA AGROPECUARIA,FORESTAL",VASO METATRON CPL,,GEA Farm Technologies Osorno Ltda.,,,1341215,394475,Documento,manually_audited_near_identical_backfill,EXP-10.1,0.558618,0.380001,1.558636,auto_accept,,EXP-10.1:0.5586;EXP-10.4:0.1786;EXP-10.3:0.1180,EXP-10.1,0.558618,False,,,,manually_audited_near_identical,recovered
4826,COMPRAS|761757865|24920|3,DTE_033_000000024920_761757865.xml,2025-07,24920,3,COMPRAS,2025-07-29,33,761757865,"INSTALACION,MANTENCION,REPARACION MAQUINARIA AGROPECUARIA,FORESTAL",HELICE DE BOMBA LECHE 1.1 KW,,GEA Farm Technologies Osorno Ltda.,,,129260,152070,Documento,silver_audit_backfill,EXP-10.1,0.592283,0.341913,1.279849,auto_accept,,EXP-10.1:0.5923;EXP-10.4:0.2504;EXP-10.3:0.0700,EXP-10.1,0.592283,False,,,,silver_audit,recovered
4842,COMPRAS|771552897|63464|1,DTE_033_000000063464_771552897.xml,2025-07,63464,1,COMPRAS,2025-07-09,33,771552897,AGROINDUSTRIA,BIOLACT ANTILLANCA GRANEL,,AGROCOMERCIAL IANSA S.A.,,A096685810,4252560,312.000,Documento,client_evidence_backfill,EXP-5.1,0.792513,0.709271,0.939673,auto_accept,,EXP-5.1:0.7925;EXP-5.2:0.0832;EXP-6.5:0.0582,EXP-5.1,0.792513,False,,,,client_evidence,recovered
4843,COMPRAS|771552897|63621|1,DTE_033_000000063621_771552897.xml,2025-07,63621,1,COMPRAS,2025-07-14,33,771552897,AGROINDUSTRIA,BIOLACT ANTILLANCA GRANEL,,AGROCOMERCIAL IANSA S.A.,,A096685810,4240080,312.000,Documento,client_evidence_backfill,EXP-5.1,0.792513,0.709271,0.939673,auto_accept,,EXP-5.1:0.7925;EXP-5.2:0.0832;EXP-6.5:0.0582,EXP-5.1,0.792513,False,,,,client_evidence,recovered
4844,COMPRAS|771552897|63669|1,DTE_033_000000063669_771552897.xml,2025-07,63669,1,COMPRAS,2025-07-15,33,771552897,AGROINDUSTRIA,BIOLACT ANTILLANCA GRANEL,,AGROCOMERCIAL IANSA S.A.,,A096685810,4389840,312.000,Documento,client_evidence_backfill,EXP-5.1,0.792513,0.709271,0.939673,auto_accept,,EXP-5.1:0.7925;EXP-5.2:0.0832;EXP-6.5:0.0582,EXP-5.1,0.792513,False,,,,client_evidence,recovered
4852,COMPRAS|111003351|83106|1,DTE_033_000000083106_111003351.xml,2025-07,83106,1,COMPRAS,2025-07-17,33,111003351,COMPRAVENTA MAQUINARIAS SERVICIO TECNICO,ACEITE DE CADENA LTS,ACEITE DE CADENA LTS,LIDIA ANGELICA SANHUEZA FUENTES,,,2773,1848.74,Documento,silver_audit_backfill,EXP-13.1,0.441112,0.336407,2.276428,auto_accept,,EXP-13.1:0.4411;EXP-2.2:0.1047;EXP-16.2:0.0818,EXP-13.1,0.441112,False,,,,silver_audit,recovered
4863,COMPRAS|969839504|124060|4,DTE_033_000000124060_969839504.xml,2025-07,124060,4,COMPRAS,2025-07-28,33,969839504,"COM. EQ.ORDEÑA,VTA.ART.ASEO Y DETER,ASESORIA",REPARACION DE EQUIPOS DE REFRIGERACION EN TERRENO,,SOCIEDAD COMERCIAL SERLAC CHILE S.A.,,,85000,85000.000000,Documento,manually_audited_near_identical_backfill,EXP-10.1,0.576551,0.434109,1.824889,auto_accept,,EXP-10.1:0.5766;ADM-1.6:0.1424;EXP-13.2:0.0648,EXP-10.1,0.576551,False,,,,manually_audited_near_identical,recovered
4864,COMPRAS|969839504|124060|5,DTE_033_000000124060_969839504.xml,2025-07,124060,5,COMPRAS,2025-07-28,33,969839504,"COM. EQ.ORDEÑA,VTA.ART.ASEO Y DETER,ASESORIA",MOVILIZACION DE EQUIPOS DE REFRIGERACION,,SOCIEDAD COMERCIAL SERLAC CHILE S.A.,,,57000,57000.000000,Documento,client_evidence_backfill,EXP-10.1,0.754551,0.713575,1.327882,auto_accept,,EXP-10.1:0.7546;EXP-6.5:0.0410;EXP-1.1:0.0266,EXP-10.1,0.754551,False,,,,client_evidence,recovered
4866,COMPRAS|762599570|209242|1,DTE_033_000000209242_762599570.xml,2025-07,209242,1,COMPRAS,2025-07-29,33,762599570,SERVICENTRO,93 S/P,,ESTACIONES DE SERVICIO PAOLA USLAR MOLINA E.I.R.L.,,,45599,759.99,Documento,client_evidence_backfill,ADM-1.4,0.746355,0.704891,1.381561,auto_accept,,ADM-1.4:0.7464;EXP-11.4:0.0415;EXP-10.1:0.0346,ADM-1.4,0.746355,False,,,,client_evidence,recovered
5023,COMPRAS|779912809|256615|1,DTE_033_000000256615_779912809.xml,2025-07,256615,1,COMPRAS,2025-07-11,33,779912809,REVISIONES TECNICAS,- Revision Tecnica Automovil particular camioneta GFTR73,,REVISIONES LOS LAGOS LTDA.,,,10042,10042,Documento,client_evidence_backfill,EXP-13.3,0.884724,0.818358,0.552614,auto_accept,,EXP-13.3:0.8847;EXP-13.2:0.0664;EXP-14.1:0.0097,EXP-13.3,0.884724,False,,,,client_evidence,recovered
5098,COMPRAS|773753202|558995|1,DTE_033_000000558995_773753202.xml,2025-07,558995,1,COMPRAS,2025-07-11,33,773753202,ESTACION DE SERVICIO,GRABADO DE PATENTE,GRABADO DE PATENTE,DISTRIBUIDORA COMERCIAL P Y G LIMITADA,,,6723,1680.75,Documento,silver_audit_backfill,EXP-13.3,0.42814,0.323687,2.32193,auto_accept,,EXP-13.3:0.4281;ADM-1.7:0.1045;EXP-1.1:0.0894,EXP-13.3,0.42814,False,,,,silver_audit,recovered
5105,COMPRAS|969183005|582337|6,DTE_033_000000582337_969183005.xml,2025-07,582337,6,COMPRAS,2025-07-04,33,969183005,"SS.DE REPARACION DE AUTOMOVILES, COMPRA-VENTA DE VEHICULOS NUEVOS Y USADOS",S-MD40 CUARTA MANTENCION,A@S-MD40 CUARTA MANTENCION,DIFOR CHILE S.A.,,,0,,Documento,client_evidence_backfill,EXP-13.3,0.909282,0.851664,0.467813,auto_accept,,EXP-13.3:0.9093;EXP-13.1:0.0576;EXP-10.1:0.0050,EXP-13.3,0.909282,False,,,,client_evidence,recovered
5130,COMPRAS|990120005|652425|1,DTE_033_000000652425_990120005.xml,2025-07,652425,1,COMPRAS,2025-07-04,33,990120005,Seguros de Vida,Seguro Colectivo. Poliza Nro. 12799,,Cia de Seguros de Vida Consorcio Nacional de Seguros SA,,,571577,,Documento,silver_audit_backfill,ADM-2.2,0.804647,0.722246,0.934617,auto_accept,,ADM-2.2:0.8046;ADM-1.4:0.0824;ADM-1.8:0.0247,ADM-2.2,0.804647,False,,,,silver_audit,recovered
5163,COMPRAS|864906001|680991|1,DTE_033_000000680991_864906001.xml,2025-07,680991,1,COMPRAS,2025-07-15,33,864906001,"Venta al por mayor de Materiales de Construccion,","CLAVO CORRIENTE 2,1/2"" X 11 (KG)",,COMERCIAL CLIMENT SPA,,1797194,4361,1453.67,Documento,manually_audited_near_identical_backfill,EXP-14.2,0.406928,0.21193,1.910329,auto_accept,,EXP-14.2:0.4069;EXP-14.3:0.1950;EXP-13.1:0.0874,EXP-14.2,0.406928,False,,,,manually_audited_near_identical,recovered
5173,COMPRAS|760468894|1009673|2,DTE_033_000001009673_760468894.xml,2025-07,1009673,2,COMPRAS,2025-07-08,33,760468894,"VENTA AL POR MAYOR DE MATERIAS PRIMAS AGRICOLAS,FUMIGACIONES,DESTRUCC. DE PLAGAS",ROUNDUP CONTROLMAX (15 KG) BY,,MARTINEZ Y VALDIVIESO S.A,,0001019264,1630446,6393.9059,Documento,silver_audit_backfill,EXP-7.0,0.583678,0.501709,1.827523,auto_accept,,EXP-7.0:0.5837;EXP-10.3:0.0820;EXP-13.1:0.0719,EXP-7.0,0.583678,False,,,,silver_audit,recovered
5198,COMPRAS|770711002|1182279|3,DTE_033_000001182279_770711002.xml,2025-07,1182279,3,COMPRAS,2025-07-17,33,770711002,FERRETERIA,"TERMINAL HE PLANSA 1/2 "" - HOFFENS","TERMINAL HE PLANSA 1/2 "" - HOFFENS",COMERCIAL HARCHA SPA,,C96685810-9,1510,151,Documento,silver_audit_backfill,EXP-14.3,0.338519,0.247373,2.504538,auto_accept,,EXP-14.3:0.3385;EXP-2.4:0.0911;EXP-13.1:0.0868,EXP-14.3,0.338519,False,,,,silver_audit,recovered
5279,COMPRAS|97080000K|3322798|1,DTE_033_000003322798_97080000K.xml,2025-07,3322798,1,COMPRAS,2025-07-07,33,97080000K,BANCO COMERCIAL,Comisión por Nóminas en Línea CCA,,BANCO BICE,,,312712,312712,Documento,silver_audit_backfill,ADM-1.7,0.517366,0.394462,1.727873,auto_accept,,ADM-1.7:0.5174;EXP-15.1:0.1229;ADM-1.10:0.1009,ADM-1.7,0.517366,False,,,,silver_audit,recovered
5291,COMPRAS|868872004|3388284|1,DTE_033_000003388284_868872004.xml,2025-07,3388284,1,COMPRAS,2025-07-08,33,868872004,DISTRIBUCION DE ARTICULOS DE SEGURIDAD,GUANTE CABRITILLA SIN FORRO TIPO A,,COMERCIALIZADORA DE ART DE PROTECCION Y SEGURIDAD INDUSTRIAL MANQUEHUE LIMITADA,,,49500,990.000000,Documento,client_evidence_backfill,EXP-16.1,0.926688,0.900633,0.434455,auto_accept,,EXP-16.1:0.9267;EXP-16.2:0.0261;EXP-11.5:0.0116,EXP-16.1,0.926688,False,,,,client_evidence,recovered
5350,COMPRAS|967564303|12730744|2,DTE_033_000012730744_967564303.xml,2025-07,12730744,2,COMPRAS,2025-07-21,33,967564303,"TRANSP. DE CARGA,SERV. DE RECAUD.,ENVIO VALIJAS, CORREOS Y TELECOM. MULTIP",COURIER,10000158,CHILEXPRESS S.A.,,0,8273,8273,Documento,silver_audit_backfill,ADM-1.7,0.371933,0.223128,2.190657,auto_accept,,ADM-1.7:0.3719;EXP-15.1:0.1488;ADM-1.4:0.0912,ADM-1.7,0.371933,False,,,,silver_audit,recovered
5362,COMPRAS|810941006|28355607|1,DTE_033_000028355607_810941006.xml,2025-07,28355607,1,COMPRAS,2025-07-04,33,810941006,FABR.Y DIST.PROD.LACTEOS VTAS.INSUMOS AG,GASOLINA 93,,COOPERATIVA AGRICOLA Y LECHERA DE LA UNI,,0966858109,30109,752.725,Documento,client_evidence_backfill,EXP-11.4,0.742119,0.56984,0.91508,auto_accept,,EXP-11.4:0.7421;ADM-1.4:0.1723;EXP-11.5:0.0309,EXP-11.4,0.742119,False,,,,client_evidence,recovered
5364,COMPRAS|810941006|28355624|1,DTE_033_000028355624_810941006.xml,2025-07,28355624,1,COMPRAS,2025-07-09,33,810941006,FABR.Y DIST.PROD.LACTEOS VTAS.INSUMOS AG,GASOLINA 93,,COOPERATIVA AGRICOLA Y LECHERA DE LA UNI,,0966858109,15055,752.75,Documento,client_evidence_backfill,EXP-11.4,0.742119,0.56984,0.91508,auto_accept,,EXP-11.4:0.7421;ADM-1.4:0.1723;EXP-11.5:0.0309,EXP-11.4,0.742119,False,,,,client_evidence,recovered
5366,COMPRAS|810941006|28355632|1,DTE_033_000028355632_810941006.xml,2025-07,28355632,1,COMPRAS,2025-07-09,33,810941006,FABR.Y DIST.PROD.LACTEOS VTAS.INSUMOS AG,GASOLINA 93,,COOPERATIVA AGRICOLA Y LECHERA DE LA UNI,,0966858109,22582,752.7333,Documento,client_evidence_backfill,EXP-11.4,0.742119,0.56984,0.91508,auto_accept,,EXP-11.4:0.7421;ADM-1.4:0.1723;EXP-11.5:0.0309,EXP-11.4,0.742119,False,,,,client_evidence,recovered
5368,COMPRAS|810941006|28355683|1,DTE_033_000028355683_810941006.xml,2025-07,28355683,1,COMPRAS,2025-07-11,33,810941006,FABR.Y DIST.PROD.LACTEOS VTAS.INSUMOS AG,GASOLINA 93,,COOPERATIVA AGRICOLA Y LECHERA DE LA UNI,,0966858109,22146,738.2,Documento,client_evidence_backfill,EXP-11.4,0.742119,0.56984,0.91508,auto_accept,,EXP-11.4:0.7421;ADM-1.4:0.1723;EXP-11.5:0.0309,EXP-11.4,0.742119,False,,,,client_evidence,recovered
5369,COMPRAS|810941006|28355703|1,DTE_033_000028355703_810941006.xml,2025-07,28355703,1,COMPRAS,2025-07-14,33,810941006,FABR.Y DIST.PROD.LACTEOS VTAS.INSUMOS AGRICOLAS VETER. COMBUSTIBLES Y VEHICULOS,GASOLINA 93,Retira: ANTILLANCA SPA{Impuesto base combustible: 33083{Impuesto variable combustible: 4482,COOPERATIVA AGRICOLA Y LECHERA DE LA UNION LTDA.,,0966858109,59055,738.186000,Documento,client_evidence_backfill,EXP-11.4,0.55127,0.186456,1.100825,auto_accept,,EXP-11.4:0.5513;ADM-1.4:0.3648;EXP-11.5:0.0235,EXP-11.4,0.55127,False,,,,client_evidence,recovered
5370,COMPRAS|810941006|28355712|1,DTE_033_000028355712_810941006.xml,2025-07,28355712,1,COMPRAS,2025-07-15,33,810941006,FABR.Y DIST.PROD.LACTEOS VTAS.INSUMOS AG,GASOLINA 93,,COOPERATIVA AGRICOLA Y LECHERA DE LA UNI,,0966858109,22146,738.2,Documento,client_evidence_backfill,EXP-11.4,0.742119,0.56984,0.91508,auto_accept,,EXP-11.4:0.7421;ADM-1.4:0.1723;EXP-11.5:0.0309,EXP-11.4,0.742119,False,,,,client_evidence,recovered
5371,COMPRAS|810941006|28355725|1,DTE_033_000028355725_810941006.xml,2025-07,28355725,1,COMPRAS,2025-07-15,33,810941006,FABR.Y DIST.PROD.LACTEOS VTAS.INSUMOS AGRICOLAS VETER. COMBUSTIBLES Y VEHICULOS,GASOLINA 93,Retira: ANTILLANCA SPA{Impuesto base combustible: 16542{Impuesto variable combustible: 2241,COOPERATIVA AGRICOLA Y LECHERA DE LA UNION LTDA.,,0966858109,29527,738.186000,Documento,client_evidence_backfill,EXP-11.4,0.547156,0.178632,1.10325,auto_accept,,EXP-11.4:0.5472;ADM-1.4:0.3685;EXP-11.5:0.0232,EXP-11.4,0.547156,False,,,,client_evidence,recovered
5373,COMPRAS|810941006|28355757|1,DTE_033_000028355757_810941006.xml,2025-07,28355757,1,COMPRAS,2025-07-18,33,810941006,FABR.Y DIST.PROD.LACTEOS VTAS.INSUMOS AG,GASOLINA 93,,COOPERATIVA AGRICOLA Y LECHERA DE LA UNI,,0966858109,45186,753.1,Documento,client_evidence_backfill,EXP-11.4,0.742119,0.56984,0.91508,auto_accept,,EXP-11.4:0.7421;ADM-1.4:0.1723;EXP-11.5:0.0309,EXP-11.4,0.742119,False,,,,client_evidence,recovered
5374,COMPRAS|810941006|28355795|1,DTE_033_000028355795_810941006.xml,2025-07,28355795,1,COMPRAS,2025-07-22,33,810941006,FABR.Y DIST.PROD.LACTEOS VTAS.INSUMOS AGRICOLAS VETER. COMBUSTIBLES Y VEHICULOS,GASOLINA 93,Retira: ANTILLANCA SPA{Impuesto base combustible: 8271{Impuesto variable combustible: 265,COOPERATIVA AGRICOLA Y LECHERA DE LA UNION LTDA.,,0966858109,15062,753.104700,Documento,client_evidence_backfill,EXP-11.4,0.55781,0.19868,1.094196,auto_accept,,EXP-11.4:0.5578;ADM-1.4:0.3591;EXP-11.5:0.0224,EXP-11.4,0.55781,False,,,,client_evidence,recovered
5375,COMPRAS|810941006|28355798|1,DTE_033_000028355798_810941006.xml,2025-07,28355798,1,COMPRAS,2025-07-22,33,810941006,FABR.Y DIST.PROD.LACTEOS VTAS.INSUMOS AG,GASOLINA 93,,COOPERATIVA AGRICOLA Y LECHERA DE LA UNI,,0966858109,45186,753.1,Documento,client_evidence_backfill,EXP-11.4,0.742119,0.56984,0.91508,auto_accept,,EXP-11.4:0.7421;ADM-1.4:0.1723;EXP-11.5:0.0309,EXP-11.4,0.742119,False,,,,client_evidence,recovered
5376,COMPRAS|810941006|28355895|1,DTE_033_000028355895_810941006.xml,2025-07,28355895,1,COMPRAS,2025-07-31,33,810941006,FABR.Y DIST.PROD.LACTEOS VTAS.INSUMOS AGRICOLAS VETER. COMBUSTIBLES Y VEHICULOS,GASOLINA 93,Retira: ANTILLANCA SPA{Impuesto base combustible: 24812{Impuesto variable combustible: 365,COOPERATIVA AGRICOLA Y LECHERA DE LA UNION LTDA.,,0966858109,45549,759.145400,Documento,client_evidence_backfill,EXP-11.4,0.568768,0.221597,1.094438,auto_accept,,EXP-11.4:0.5688;ADM-1.4:0.3472;EXP-11.5:0.0225,EXP-11.4,0.568768,False,,,,client_evidence,recovered
5378,COMPRAS|810941006|28720938|1,DTE_033_000028720938_810941006.xml,2025-07,28720938,1,COMPRAS,2025-07-15,33,810941006,FABR.Y DIST.PROD.LACTEOS VTAS.INSUMOS AGRICOLAS VETER. COMBUSTIBLES Y VEHICULOS,GASOLINA 93,Retira: ANTILLANCA SPA{Impuesto base combustible: 44249{Impuesto variable combustible: 5994,COOPERATIVA AGRICOLA Y LECHERA DE LA UNION LTDA.,,0966858109,78986,738.186000,Documento,client_evidence_backfill,EXP-11.4,0.550993,0.188541,1.109696,auto_accept,,EXP-11.4:0.5510;ADM-1.4:0.3625;EXP-11.5:0.0241,EXP-11.4,0.550993,False,,,,client_evidence,recovered
5381,COMPRAS|810941006|28802585|1,DTE_033_000028802585_810941006.xml,2025-07,28802585,1,COMPRAS,2025-07-01,33,810941006,FABR. Y DIST.PROD.LACTEOS VTAS. INSAGRIC,GASOLINA 93,GASOLINA 93,COOPERATIVA AGRICOLA Y LECHERA DE LA UNION LTDA.,,,47737,795.616667,Documento,client_evidence_backfill,EXP-11.4,0.683454,0.434096,0.922669,auto_accept,,EXP-11.4:0.6835;ADM-1.4:0.2494;EXP-11.5:0.0307,EXP-11.4,0.683454,False,,,,client_evidence,recovered
5383,COMPRAS|810941006|28802877|1,DTE_033_000028802877_810941006.xml,2025-07,28802877,1,COMPRAS,2025-07-03,33,810941006,FABR. Y DIST.PROD.LACTEOS VTAS. INSAGRIC,GASOLINA 93,GASOLINA 93,COOPERATIVA AGRICOLA Y LECHERA DE LA UNION LTDA.,,,31824,795.600000,Documento,client_evidence_backfill,EXP-11.4,0.683454,0.434096,0.922669,auto_accept,,EXP-11.4:0.6835;ADM-1.4:0.2494;EXP-11.5:0.0307,EXP-11.4,0.683454,False,,,,client_evidence,recovered
5405,COMPRAS|810941006|28803407|1,DTE_033_000028803407_810941006.xml,2025-07,28803407,1,COMPRAS,2025-07-08,33,810941006,FABR. Y DIST.PROD.LACTEOS VTAS. INSAGRIC,GASOLINA 93,GASOLINA 93,COOPERATIVA AGRICOLA Y LECHERA DE LA UNION LTDA.,,,45164,752.733333,Documento,client_evidence_backfill,EXP-11.4,0.683454,0.434096,0.922669,auto_accept,,EXP-11.4:0.6835;ADM-1.4:0.2494;EXP-11.5:0.0307,EXP-11.4,0.683454,False,,,,client_evidence,recovered
5417,COMPRAS|810941006|28803837|1,DTE_033_000028803837_810941006.xml,2025-07,28803837,1,COMPRAS,2025-07-11,33,810941006,FABR. Y DIST.PROD.LACTEOS VTAS. INSAGRIC,GASOLINA 93,GASOLINA 93,COOPERATIVA AGRICOLA Y LECHERA DE LA UNION LTDA.,,,44291,738.183333,Documento,client_evidence_backfill,EXP-11.4,0.683454,0.434096,0.922669,auto_accept,,EXP-11.4:0.6835;ADM-1.4:0.2494;EXP-11.5:0.0307,EXP-11.4,0.683454,False,,,,client_evidence,recovered
5433,COMPRAS|810941006|28909966|1,DTE_033_000028909966_810941006.xml,2025-07,28909966,1,COMPRAS,2025-07-07,33,810941006,FABR. Y DIST.PROD.LACTEOS VTAS. INSAGRIC,GASOLINA 93,GASOLINA 93,COOPERATIVA AGRICOLA Y LECHERA DE LA UNION LTDA.,,,22582,752.733333,Documento,client_evidence_backfill,EXP-11.4,0.683454,0.434096,0.922669,auto_accept,,EXP-11.4:0.6835;ADM-1.4:0.2494;EXP-11.5:0.0307,EXP-11.4,0.683454,False,,,,client_evidence,recovered
5498,COMPRAS|810941006|28922284|1,DTE_033_000028922284_810941006.xml,2025-07,28922284,1,COMPRAS,2025-07-01,33,810941006,FABR.Y DIST.PROD.LACTEOS VTAS.INSUMOS AGRICOLAS VETER. COMBUSTIBLES Y VEHICULOS,GASOLINA 93,Retira: ANTILLANCA SPA{Impuesto base combustible: 24763{Impuesto variable combustible: -738,COOPERATIVA AGRICOLA Y LECHERA DE LA UNION LTDA.,,0966858109,47777,796.287400,Documento,client_evidence_backfill,EXP-11.4,0.536291,0.163555,1.132497,auto_accept,,EXP-11.4:0.5363;ADM-1.4:0.3727;EXP-11.5:0.0252,EXP-11.4,0.536291,False,,,,client_evidence,recovered
5500,COMPRAS|810941006|28922308|1,DTE_033_000028922308_810941006.xml,2025-07,28922308,1,COMPRAS,2025-07-01,33,810941006,FABR.Y DIST.PROD.LACTEOS VTAS.INSUMOS AGRICOLAS VETER. COMBUSTIBLES Y VEHICULOS,GASOLINA 93,Retira: ANTILLANCA SPA{Impuesto base combustible: 25175{Impuesto variable combustible: -750,COOPERATIVA AGRICOLA Y LECHERA DE LA UNION LTDA.,,0966858109,48574,796.287400,Documento,client_evidence_backfill,EXP-11.4,0.567854,0.222278,1.103747,auto_accept,,EXP-11.4:0.5679;ADM-1.4:0.3456;EXP-11.5:0.0242,EXP-11.4,0.567854,False,,,,client_evidence,recovered
5502,COMPRAS|810941006|28922334|1,DTE_033_000028922334_810941006.xml,2025-07,28922334,1,COMPRAS,2025-07-02,33,810941006,FABR.Y DIST.PROD.LACTEOS VTAS.INSUMOS AGRICOLAS VETER. COMBUSTIBLES Y VEHICULOS,GASOLINA 93,Retira: ANTILLANCA SPA{Impuesto base combustible: 25226{Impuesto variable combustible: -751,COOPERATIVA AGRICOLA Y LECHERA DE LA UNION LTDA.,,0966858109,48532,795.612400,Documento,client_evidence_backfill,EXP-11.4,0.558482,0.197924,1.085823,auto_accept,,EXP-11.4:0.5585;ADM-1.4:0.3606;EXP-11.5:0.0220,EXP-11.4,0.558482,False,,,,client_evidence,recovered
5504,COMPRAS|810941006|28922410|1,DTE_033_000028922410_810941006.xml,2025-07,28922410,1,COMPRAS,2025-07-04,33,810941006,FABR.Y DIST.PROD.LACTEOS VTAS.INSUMOS AGRICOLAS VETER. COMBUSTIBLES Y VEHICULOS,GASOLINA 93,,COOPERATIVA AGRICOLA Y LECHERA DE LA UNION LTDA.,,0966858109,15055,752.729100,Documento,client_evidence_backfill,EXP-11.4,0.734373,0.548601,0.906511,auto_accept,,EXP-11.4:0.7344;ADM-1.4:0.1858;EXP-11.5:0.0304,EXP-11.4,0.734373,False,,,,client_evidence,recovered
5506,COMPRAS|810941006|28922425|1,DTE_033_000028922425_810941006.xml,2025-07,28922425,1,COMPRAS,2025-07-04,33,810941006,FABR.Y DIST.PROD.LACTEOS VTAS.INSUMOS AGRICOLAS VETER. COMBUSTIBLES Y VEHICULOS,GASOLINA 93,Retira: ANTILLANCA SPA{Impuesto base combustible: 21090{Impuesto variable combustible: 1974,COOPERATIVA AGRICOLA Y LECHERA DE LA UNION LTDA.,,0966858109,38389,752.729100,Documento,client_evidence_backfill,EXP-11.4,0.567147,0.216393,1.087632,auto_accept,,EXP-11.4:0.5671;ADM-1.4:0.3508;EXP-11.5:0.0226,EXP-11.4,0.567147,False,,,,client_evidence,recovered
5510,COMPRAS|810941006|28922532|1,DTE_033_000028922532_810941006.xml,2025-07,28922532,1,COMPRAS,2025-07-08,33,810941006,FABR.Y DIST.PROD.LACTEOS VTAS.INSUMOS AG,GASOLINA 93,,COOPERATIVA AGRICOLA Y LECHERA DE LA UNI,,0966858109,30109,752.725,Documento,client_evidence_backfill,EXP-11.4,0.742119,0.56984,0.91508,auto_accept,,EXP-11.4:0.7421;ADM-1.4:0.1723;EXP-11.5:0.0309,EXP-11.4,0.742119,False,,,,client_evidence,recovered
5512,COMPRAS|810941006|28922652|1,DTE_033_000028922652_810941006.xml,2025-07,28922652,1,COMPRAS,2025-07-11,33,810941006,FABR.Y DIST.PROD.LACTEOS VTAS.INSUMOS AG,GASOLINA 93,,COOPERATIVA AGRICOLA Y LECHERA DE LA UNI,,0966858109,29527,738.175,Documento,client_evidence_backfill,EXP-11.4,0.742119,0.56984,0.91508,auto_accept,,EXP-11.4:0.7421;ADM-1.4:0.1723;EXP-11.5:0.0309,EXP-11.4,0.742119,False,,,,client_evidence,recovered
5517,COMPRAS|810941006|28922812|1,DTE_033_000028922812_810941006.xml,2025-07,28922812,1,COMPRAS,2025-07-17,33,810941006,FABR.Y DIST.PROD.LACTEOS VTAS.INSUMOS AG,GASOLINA 93,,COOPERATIVA AGRICOLA Y LECHERA DE LA UNI,,0966858109,24099,753.0938,Documento,client_evidence_backfill,EXP-11.4,0.742119,0.56984,0.91508,auto_accept,,EXP-11.4:0.7421;ADM-1.4:0.1723;EXP-11.5:0.0309,EXP-11.4,0.742119,False,,,,client_evidence,recovered
5521,COMPRAS|810941006|28922831|2,DTE_033_000028922831_810941006.xml,2025-07,28922831,2,COMPRAS,2025-07-18,33,810941006,FABR.Y DIST.PROD.LACTEOS VTAS.INSUMOS AGRICOLAS VETER. COMBUSTIBLES Y VEHICULOS,GASOLINA 93,Retira: ANTILLANCA SPA{Impuesto base combustible: 12406{Impuesto variable combustible: -239,COOPERATIVA AGRICOLA Y LECHERA DE LA UNION LTDA.,,0966858109,15062,753.104700,Documento,client_evidence_backfill,EXP-11.4,0.533221,0.152543,1.11599,auto_accept,,EXP-11.4:0.5332;ADM-1.4:0.3807;EXP-11.5:0.0233,EXP-11.4,0.533221,False,,,,client_evidence,recovered
5524,COMPRAS|810941006|28922959|1,DTE_033_000028922959_810941006.xml,2025-07,28922959,1,COMPRAS,2025-07-23,33,810941006,FABR.Y DIST.PROD.LACTEOS VTAS.INSUMOS AG,GASOLINA 93,,COOPERATIVA AGRICOLA Y LECHERA DE LA UNI,,0966858109,30124,753.1,Documento,client_evidence_backfill,EXP-11.4,0.742119,0.56984,0.91508,auto_accept,,EXP-11.4:0.7421;ADM-1.4:0.1723;EXP-11.5:0.0309,EXP-11.4,0.742119,False,,,,client_evidence,recovered
5527,COMPRAS|810941006|28923029|1,DTE_033_000028923029_810941006.xml,2025-07,28923029,1,COMPRAS,2025-07-25,33,810941006,FABR.Y DIST.PROD.LACTEOS VTAS.INSUMOS AG,GASOLINA 93,,COOPERATIVA AGRICOLA Y LECHERA DE LA UNI,,0966858109,45549,759.15,Documento,client_evidence_backfill,EXP-11.4,0.742119,0.56984,0.91508,auto_accept,,EXP-11.4:0.7421;ADM-1.4:0.1723;EXP-11.5:0.0309,EXP-11.4,0.742119,False,,,,client_evidence,recovered
5530,COMPRAS|810941006|28923079|1,DTE_033_000028923079_810941006.xml,2025-07,28923079,1,COMPRAS,2025-07-28,33,810941006,FABR.Y DIST.PROD.LACTEOS VTAS.INSUMOS AGRICOLAS VETER. COMBUSTIBLES Y VEHICULOS,GASOLINA 93,Retira: ANTILLANCA SPA{Impuesto base combustible: 24812{Impuesto variable combustible: 365,COOPERATIVA AGRICOLA Y LECHERA DE LA UNION LTDA.,,0966858109,45549,759.145400,Documento,client_evidence_backfill,EXP-11.4,0.568768,0.221597,1.094438,auto_accept,,EXP-11.4:0.5688;ADM-1.4:0.3472;EXP-11.5:0.0225,EXP-11.4,0.568768,False,,,,client_evidence,recovered
5677,COMPRAS|810941006|29065390|1,DTE_033_000029065390_810941006.xml,2025-07,29065390,1,COMPRAS,2025-07-17,33,810941006,FABR. Y DIST.PROD.LACTEOS VTAS. INSAGRIC,GASOLINA 93,GASOLINA 93,COOPERATIVA AGRICOLA Y LECHERA DE LA UNION LTDA.,,,45186,753.100000,Documento,client_evidence_backfill,EXP-11.4,0.683454,0.434096,0.922669,auto_accept,,EXP-11.4:0.6835;ADM-1.4:0.2494;EXP-11.5:0.0307,EXP-11.4,0.683454,False,,,,client_evidence,recovered
5682,COMPRAS|810941006|29065435|1,DTE_033_000029065435_810941006.xml,2025-07,29065435,1,COMPRAS,2025-07-17,33,810941006,FABR. Y DIST.PROD.LACTEOS VTAS. INSAGRIC,GASOLINA 93,GASOLINA 93,COOPERATIVA AGRICOLA Y LECHERA DE LA UNION LTDA.,,,60248,753.100000,Documento,client_evidence_backfill,EXP-11.4,0.683454,0.434096,0.922669,auto_accept,,EXP-11.4:0.6835;ADM-1.4:0.2494;EXP-11.5:0.0307,EXP-11.4,0.683454,False,,,,client_evidence,recovered
5690,COMPRAS|810941006|29066101|1,DTE_033_000029066101_810941006.xml,2025-07,29066101,1,COMPRAS,2025-07-23,33,810941006,FABR. Y DIST.PROD.LACTEOS VTAS. INSAGRIC,GASOLINA 93,GASOLINA 93,COOPERATIVA AGRICOLA Y LECHERA DE LA UNION LTDA.,,,45186,753.100000,Documento,client_evidence_backfill,EXP-11.4,0.683454,0.434096,0.922669,auto_accept,,EXP-11.4:0.6835;ADM-1.4:0.2494;EXP-11.5:0.0307,EXP-11.4,0.683454,False,,,,client_evidence,recovered
5697,COMPRAS|810941006|29082387|1,DTE_033_000029082387_810941006.xml,2025-07,29082387,1,COMPRAS,2025-07-30,33,810941006,FABR.Y DIST.PROD.LACTEOS VTAS.INSUMOS AGRICOLAS VETER. COMBUSTIBLES Y VEHICULOS,GASOLINA 93,Retira: ANTILLANCA SPA{Impuesto base combustible: 40527{Impuesto variable combustible: 596,COOPERATIVA AGRICOLA Y LECHERA DE LA UNION LTDA.,,0966858109,74396,759.145400,Documento,client_evidence_backfill,EXP-11.4,0.547929,0.178476,1.096743,auto_accept,,EXP-11.4:0.5479;ADM-1.4:0.3695;EXP-11.5:0.0226,EXP-11.4,0.547929,False,,,,client_evidence,recovered
5720,COMPRAS|970040005|44230473|1,DTE_033_000044230473_970040005.xml,2025-07,44230473,1,COMPRAS,2025-07-10,33,970040005,Banco Comercial,COMISION MENSUAL ADMINISTRACION CONVENIO]REMUNERACIONES,COMISION MENSUAL ADMINISTRACION CONVENIO]REMUNERACIONES ]NUMERO DE OPERACION 02600554401 .,Banco de Chile,,,13194,13194,Documento,silver_audit_backfill,ADM-1.7,0.370805,0.201617,2.203085,auto_accept,,ADM-1.7:0.3708;ADM-1.5:0.1692;EXP-15.1:0.0886,ADM-1.7,0.370805,False,,,,silver_audit,recovered
5763,COMPRAS|968480502|102466|1,DTE_034_000000102466_968480502.xml,2025-07,102466,1,COMPRAS,2025-07-17,34,968480502,Concesionario de Peaje,Recarga de Prepagos,,Ruta de los Rios Sociedad Concesionaria S.A.,,,300000,300000,Documento,client_evidence_backfill,ADM-1.4,0.546193,0.402762,1.881673,auto_accept,,ADM-1.4:0.5462;EXP-15.5:0.1434;ADM-1.7:0.0673,ADM-1.4,0.546193,False,,,,client_evidence,recovered
5830,COMPRAS|765667461|663|1,DTE_033_000000000663_765667461.xml,2025-08,663,1,COMPRAS,2025-08-01,33,765667461,TRANSPORTES DE CARGA,TRASLADO DE RODILLO DESDE,FUTRONO HASTA FUNDO EL MAITEN 08/07/2025,TRANSPORTES PINILLA SPA,,,200000,200000.00,Documento,silver_audit_backfill,EXP-14.1,0.815843,0.766698,0.951869,auto_accept,,EXP-14.1:0.8158;EXP-15.3:0.0491;EXP-15.4:0.0408,EXP-14.1,0.815843,False,,,,silver_audit,recovered
5831,COMPRAS|765667461|663|2,DTE_033_000000000663_765667461.xml,2025-08,663,2,COMPRAS,2025-08-01,33,765667461,TRANSPORTES DE CARGA,TRASLADO DE RODILLO DESDE,FUNDO EL MAITEN HASTA FUTRONO 01/08/2025,TRANSPORTES PINILLA SPA,,,200000,200000.00,Documento,silver_audit_backfill,EXP-14.1,0.75142,0.708258,1.257626,auto_accept,,EXP-14.1:0.7514;EXP-10.1:0.0432;EXP-15.3:0.0428,EXP-14.1,0.75142,False,,,,silver_audit,recovered
5832,COMPRAS|765667461|663|3,DTE_033_000000000663_765667461.xml,2025-08,663,3,COMPRAS,2025-08-01,33,765667461,TRANSPORTES DE CARGA,HORAS RODILLO,,TRANSPORTES PINILLA SPA,,,3240000,40000.00,Documento,silver_audit_backfill,EXP-14.1,0.937052,0.925507,0.420986,auto_accept,,EXP-14.1:0.9371;EXP-10.1:0.0115;EXP-6.3:0.0095,EXP-14.1,0.937052,False,,,,silver_audit,recovered
5833,COMPRAS|765667461|663|4,DTE_033_000000000663_765667461.xml,2025-08,663,4,COMPRAS,2025-08-01,33,765667461,TRANSPORTES DE CARGA,HORAS EXCAVADORA,-DESCUENTO PETROLEO DE $231.189 MAS IVA,TRANSPORTES PINILLA SPA,,,2352000,48000.00,Documento,silver_audit_backfill,EXP-14.1,0.802041,0.773909,1.093416,auto_accept,,EXP-14.1:0.8020;EXP-6.5:0.0281;ADM-1.6:0.0254,EXP-14.1,0.802041,False,,,,silver_audit,recovered
5842,COMPRAS|776655848|1091|1,DTE_033_000000001091_776655848.xml,2025-08,1091,1,COMPRAS,2025-08-02,33,776655848,"VENTA, ENVASADO Y DISTRIBUCIÓN DE AGUA PURIFICADA",Recarga Agua Purificada,Fundo Raices,PURIFICADORA DE AGUA ALEJANDRO SALAZAR RIVERA E.I.R.L.,,,22689,2521.00,Documento,client_evidence_backfill,ADM-1.6,0.543892,0.325538,1.526074,auto_accept,,ADM-1.6:0.5439;EXP-9.2:0.2184;EXP-15.5:0.1059,ADM-1.6,0.543892,False,,,,client_evidence,recovered
5843,COMPRAS|776655848|1092|1,DTE_033_000000001092_776655848.xml,2025-08,1092,1,COMPRAS,2025-08-02,33,776655848,"VENTA, ENVASADO Y DISTRIBUCIÓN DE AGUA PURIFICADA",Recarga Agua Purificada,Fundo Yutreco,PURIFICADORA DE AGUA ALEJANDRO SALAZAR RIVERA E.I.R.L.,,,15126,2521.00,Documento,client_evidence_backfill,ADM-1.6,0.558787,0.3816,1.533115,auto_accept,,ADM-1.6:0.5588;EXP-9.2:0.1772;EXP-15.5:0.1300,ADM-1.6,0.558787,False,,,,client_evidence,recovered
5855,COMPRAS|767353502|1986|4,DTE_033_000000001986_767353502.xml,2025-08,1986,4,COMPRAS,2025-08-27,33,767353502,EXCAVACIONES MOVIMIENTO TIERRA Y PREP TERRENOS,VENTA MATERIAL,MAICILLO,GEO PARTNER SPA,,,13034000,14000.000000,Documento,silver_audit_backfill,EXP-14.1,0.783097,0.758414,1.208926,auto_accept,,EXP-14.1:0.7831;EXP-13.1:0.0247;EXP-13.2:0.0242,EXP-14.1,0.783097,False,,,,silver_audit,recovered
5862,COMPRAS|760726559|2584|1,DTE_033_000000002584_760726559.xml,2025-08,2584,1,COMPRAS,2025-08-27,33,760726559,ASESORIAS AGRICOLAS,CONTROL DE ROEDORES,"PROGRAMA DE CONTROL DE ROEDORES AL PREDIO RAICES, VISITAS REALIZADAS 5/8/2025 HT6804; 19/8/2025 HT6829.",H2 ASESORIAS Y SERVICIOS SPA,,,72000,72000.00,Documento,silver_audit_backfill,EXP-7.0,0.535454,0.276428,1.582441,auto_accept,,EXP-7.0:0.5355;EXP-9.2:0.2590;EXP-10.1:0.0397,EXP-7.0,0.535454,False,,,,silver_audit,recovered
5863,COMPRAS|760726559|2585|1,DTE_033_000000002585_760726559.xml,2025-08,2585,1,COMPRAS,2025-08-27,33,760726559,ASESORIAS AGRICOLAS,CONTROL DE ROEDORES,"CONTROL DE ROEDORES PREDIO YUTRECO, VISITAS REALIZADA 6/8/2025 HT6809; 20/8/2025 HT6834.",H2 ASESORIAS Y SERVICIOS SPA,,,60000,60000.00,Documento,silver_audit_backfill,EXP-7.0,0.539547,0.295826,1.60154,auto_accept,,EXP-7.0:0.5395;EXP-9.2:0.2437;EXP-10.1:0.0491,EXP-7.0,0.539547,False,,,,silver_audit,recovered
5864,COMPRAS|760726559|2586|1,DTE_033_000000002586_760726559.xml,2025-08,2586,1,COMPRAS,2025-08-27,33,760726559,ASESORIAS AGRICOLAS,CONTROL DE ROEDORES,"PROGRAMA DE CONTROL DE ROEDORES PREDIO BRAMADERO, VISITAS REALIZADAS 11/8/2025 HT6818; 26/8/2025 HT6844.",H2 ASESORIAS Y SERVICIOS SPA,,,63000,63000.00,Documento,silver_audit_backfill,EXP-7.0,0.551192,0.325133,1.626583,auto_accept,,EXP-7.0:0.5512;EXP-9.2:0.2261;EXP-10.1:0.0409,EXP-7.0,0.551192,False,,,,silver_audit,recovered
5865,COMPRAS|760726559|2587|1,DTE_033_000000002587_760726559.xml,2025-08,2587,1,COMPRAS,2025-08-27,33,760726559,ASESORIAS AGRICOLAS,CONTROL DE ROEDORES,"PROGRAMA DE CONTROL DE ROEDORES AL PREDIO EL MAITEN, VISITAS REALIZADAS 11/8/2025 HT6819; 26/8/2025 HT6845.",H2 ASESORIAS Y SERVICIOS SPA,,,178500,178500.00,Documento,silver_audit_backfill,EXP-7.0,0.509316,0.247483,1.672918,auto_accept,,EXP-7.0:0.5093;EXP-9.2:0.2618;EXP-10.1:0.0417,EXP-7.0,0.509316,False,,,,silver_audit,recovered
5866,COMPRAS|760726559|2588|1,DTE_033_000000002588_760726559.xml,2025-08,2588,1,COMPRAS,2025-08-27,33,760726559,ASESORIAS AGRICOLAS,CONTROL DE ROEDORES,"INICIO DE CONTROL DE ROEDORES PREDIO TINEO, VISITA REALIZADA 26/8/2025 HT6842.",H2 ASESORIAS Y SERVICIOS SPA,,,35000,35000.00,Documento,silver_audit_backfill,EXP-7.0,0.407985,0.113974,1.899063,auto_accept,,EXP-7.0:0.4080;EXP-9.2:0.2940;EXP-15.5:0.0551,EXP-7.0,0.407985,False,,,,silver_audit,recovered
5867,COMPRAS|760726559|2605|1,DTE_033_000000002605_760726559.xml,2025-08,2605,1,COMPRAS,2025-08-28,33,760726559,ASESORIAS AGRICOLAS,CONTROL DE ROEDORES,PROGRAMA DE CONTROL DE ROEDORES CASA ADM HT6854.,H2 ASESORIAS Y SERVICIOS SPA,,,44118,44118.00,Documento,silver_audit_backfill,EXP-7.0,0.553415,0.367587,1.741617,auto_accept,,EXP-7.0:0.5534;EXP-9.2:0.1858;EXP-10.1:0.0432,EXP-7.0,0.553415,False,,,,silver_audit,recovered
5872,COMPRAS|767842961|4542|1,DTE_033_000000004542_767842961.xml,2025-08,4542,1,COMPRAS,2025-08-17,33,767842961,CERTIFICACION DE PROCEDIMIENTOS DE MANEJO DE RESIDUOS,RESIDUOS FUNDO RAICES,SERVICIO REALIZADO EL 4 DE JULIO 2025.,SELLO DE RECICLAJE MI GRAN CHILE SPA,,,870225,870225.00,Documento,client_evidence_backfill,EXP-16.2,0.591533,0.49949,1.782751,auto_accept,,EXP-16.2:0.5915;EXP-14.1:0.0920;EXP-14.4:0.0827,EXP-16.2,0.591533,False,,,,client_evidence,recovered
5877,COMPRAS|57249404|8105|1,DTE_033_000000008105_57249404.xml,2025-08,8105,1,COMPRAS,2025-08-01,33,57249404,LUBRICENTRO-SUBDISTRIBUIDOR LIPIGAS-VTA MATERIAS PRIMAS AGRICOLA,CARGA GAS 15 KG,,RICARDO GERMAN OSWALD BUCHNER,,,22689,22689.00,Documento,silver_audit_backfill,EXP-11.5,0.956545,0.934229,0.247712,auto_accept,,EXP-11.5:0.9565;ADM-1.4:0.0223;EXP-16.2:0.0093,EXP-11.5,0.956545,False,,,,silver_audit,recovered
5878,COMPRAS|57249404|8112|1,DTE_033_000000008112_57249404.xml,2025-08,8112,1,COMPRAS,2025-08-04,33,57249404,LUBRICENTRO-SUBDISTRIBUIDOR LIPIGAS-VTA MATERIAS PRIMAS AGRICOLA,CARGA GAS 15 KG CLASIC,,RICARDO GERMAN OSWALD BUCHNER,,,22689,22689.00,Documento,silver_audit_backfill,EXP-11.5,0.959521,0.939961,0.236271,auto_accept,,EXP-11.5:0.9595;ADM-1.4:0.0196;EXP-16.2:0.0098,EXP-11.5,0.959521,False,,,,silver_audit,recovered
5879,COMPRAS|761804944|9798|1,DTE_033_000000009798_761804944.xml,2025-08,9798,1,COMPRAS,2025-08-26,33,761804944,VENTA AL POR MAYOR DE MATERIAS PRIMAS AGRICOLAS,COW GUARD BARRERA 210KG,PRODUCTO ENTREGADO FDO EL MAITEN.,BIOGENESIS ANIMAL HEALTH SPA,,,798889,840000,Documento,client_evidence_backfill,EXP-10.2,0.926116,0.910397,0.45593,auto_accept,,EXP-10.2:0.9261;EXP-15.2:0.0157;EXP-6.1:0.0145,EXP-10.2,0.926116,False,,,,client_evidence,recovered
5909,COMPRAS|761757865|24980|2,DTE_033_000000024980_761757865.xml,2025-08,24980,2,COMPRAS,2025-08-01,33,761757865,"INSTALACION,MANTENCION,REPARACION MAQUINARIA AGROPECUARIA,FORESTAL",ORACID 60 L,,GEA Farm Technologies Osorno Ltda.,,,126383,157979,Documento,client_evidence_backfill,EXP-10.3,0.805228,0.709443,0.827027,auto_accept,,EXP-10.3:0.8052;EXP-10.1:0.0958;EXP-10.4:0.0503,EXP-10.3,0.805228,False,,,,client_evidence,recovered
5911,COMPRAS|761757865|24988|1,DTE_033_000000024988_761757865.xml,2025-08,24988,1,COMPRAS,2025-08-04,33,761757865,"INSTALACION,MANTENCION,REPARACION MAQUINARIA AGROPECUARIA,FORESTAL",DISTRIBUIDOR DE AIRE DEL COLECTOR,,GEA Farm Technologies Osorno Ltda.,,,46186,6792,Documento,silver_audit_backfill,EXP-10.1,0.546174,0.277908,1.467378,auto_accept,,EXP-10.1:0.5462;EXP-10.4:0.2683;EXP-10.3:0.0616,EXP-10.1,0.546174,False,,,,silver_audit,recovered
5931,COMPRAS|773093407|33399|1,DTE_033_000000033399_773093407.xml,2025-08,33399,1,COMPRAS,2025-08-12,33,773093407,"DISTRIBUIDORA DE ARTICULOS DE LIBRERIA, OFICINA Y BAZAR",ARRIENDO DE RETRO EXCAVADORA,,SOC COMERCIAL NAHUM CORREA LTDA,,,178500,35700,Documento,silver_audit_backfill,EXP-14.1,0.489353,0.041156,1.035738,auto_accept,,EXP-14.1:0.4894;EXP-15.4:0.4482;EXP-15.3:0.0190,EXP-14.1,0.489353,False,,,,silver_audit,recovered
5943,COMPRAS|771552897|64427|1,DTE_033_000000064427_771552897.xml,2025-08,64427,1,COMPRAS,2025-08-05,33,771552897,AGROINDUSTRIA,BIOLACT ANTILLANCA GRANEL,,AGROCOMERCIAL IANSA S.A.,,A096685810,4283760,312.000,Documento,client_evidence_backfill,EXP-5.1,0.792513,0.709271,0.939673,auto_accept,,EXP-5.1:0.7925;EXP-5.2:0.0832;EXP-6.5:0.0582,EXP-5.1,0.792513,False,,,,client_evidence,recovered
5944,COMPRAS|771552897|64428|1,DTE_033_000000064428_771552897.xml,2025-08,64428,1,COMPRAS,2025-08-05,33,771552897,AGROINDUSTRIA,BIOLACT ANTILLANCA GRANEL,,AGROCOMERCIAL IANSA S.A.,,A096685810,4349280,312.000,Documento,client_evidence_backfill,EXP-5.1,0.792513,0.709271,0.939673,auto_accept,,EXP-5.1:0.7925;EXP-5.2:0.0832;EXP-6.5:0.0582,EXP-5.1,0.792513,False,,,,client_evidence,recovered
5945,COMPRAS|771552897|64825|1,DTE_033_000000064825_771552897.xml,2025-08,64825,1,COMPRAS,2025-08-14,33,771552897,AGROINDUSTRIA,BIOLACT ANTILLANCA GRANEL,,AGROCOMERCIAL IANSA S.A.,,A096685810,2090400,312.000,Documento,client_evidence_backfill,EXP-5.1,0.792513,0.709271,0.939673,auto_accept,,EXP-5.1:0.7925;EXP-5.2:0.0832;EXP-6.5:0.0582,EXP-5.1,0.792513,False,,,,client_evidence,recovered
5946,COMPRAS|771552897|64826|1,DTE_033_000000064826_771552897.xml,2025-08,64826,1,COMPRAS,2025-08-14,33,771552897,AGROINDUSTRIA,BIOLACT ANTILLANCA GRANEL,,AGROCOMERCIAL IANSA S.A.,,A096685810,2174040,324.000,Documento,client_evidence_backfill,EXP-5.1,0.792513,0.709271,0.939673,auto_accept,,EXP-5.1:0.7925;EXP-5.2:0.0832;EXP-6.5:0.0582,EXP-5.1,0.792513,False,,,,client_evidence,recovered
5947,COMPRAS|771552897|64932|1,DTE_033_000000064932_771552897.xml,2025-08,64932,1,COMPRAS,2025-08-19,33,771552897,AGROINDUSTRIA,BIOLACT ANTILLANCA GRANEL,,AGROCOMERCIAL IANSA S.A.,,A096685810,4343040,312.000,Documento,client_evidence_backfill,EXP-5.1,0.792513,0.709271,0.939673,auto_accept,,EXP-5.1:0.7925;EXP-5.2:0.0832;EXP-6.5:0.0582,EXP-5.1,0.792513,False,,,,client_evidence,recovered
5948,COMPRAS|771552897|64933|1,DTE_033_000000064933_771552897.xml,2025-08,64933,1,COMPRAS,2025-08-19,33,771552897,AGROINDUSTRIA,BIOLACT ANTILLANCA GRANEL,,AGROCOMERCIAL IANSA S.A.,,A096685810,4427280,312.000,Documento,client_evidence_backfill,EXP-5.1,0.792513,0.709271,0.939673,auto_accept,,EXP-5.1:0.7925;EXP-5.2:0.0832;EXP-6.5:0.0582,EXP-5.1,0.792513,False,,,,client_evidence,recovered
5950,COMPRAS|771552897|65009|1,DTE_033_000000065009_771552897.xml,2025-08,65009,1,COMPRAS,2025-08-22,33,771552897,AGROINDUSTRIA,BIOLACT ANTILLANCA GRANEL,,AGROCOMERCIAL IANSA S.A.,,A096685810,4105920,312.000,Documento,client_evidence_backfill,EXP-5.1,0.792513,0.709271,0.939673,auto_accept,,EXP-5.1:0.7925;EXP-5.2:0.0832;EXP-6.5:0.0582,EXP-5.1,0.792513,False,,,,client_evidence,recovered
5951,COMPRAS|771552897|65010|1,DTE_033_000000065010_771552897.xml,2025-08,65010,1,COMPRAS,2025-08-22,33,771552897,AGROINDUSTRIA,BIOLACT ANTILLANCA GRANEL,,AGROCOMERCIAL IANSA S.A.,,A096685810,4474080,312.000,Documento,client_evidence_backfill,EXP-5.1,0.792513,0.709271,0.939673,auto_accept,,EXP-5.1:0.7925;EXP-5.2:0.0832;EXP-6.5:0.0582,EXP-5.1,0.792513,False,,,,client_evidence,recovered
5952,COMPRAS|771552897|65011|1,DTE_033_000000065011_771552897.xml,2025-08,65011,1,COMPRAS,2025-08-25,33,771552897,AGROINDUSTRIA,BIOLACT ANTILLANCA GRANEL,,AGROCOMERCIAL IANSA S.A.,,A096685810,4258800,312.000,Documento,client_evidence_backfill,EXP-5.1,0.792513,0.709271,0.939673,auto_accept,,EXP-5.1:0.7925;EXP-5.2:0.0832;EXP-6.5:0.0582,EXP-5.1,0.792513,False,,,,client_evidence,recovered
5954,COMPRAS|771552897|65253|1,DTE_033_000000065253_771552897.xml,2025-08,65253,1,COMPRAS,2025-08-27,33,771552897,AGROINDUSTRIA,BIOLACT ANTILLANCA GRANEL,,AGROCOMERCIAL IANSA S.A.,,A096685810,4146480,312.000,Documento,client_evidence_backfill,EXP-5.1,0.792513,0.709271,0.939673,auto_accept,,EXP-5.1:0.7925;EXP-5.2:0.0832;EXP-6.5:0.0582,EXP-5.1,0.792513,False,,,,client_evidence,recovered
5955,COMPRAS|771552897|65322|1,DTE_033_000000065322_771552897.xml,2025-08,65322,1,COMPRAS,2025-08-29,33,771552897,AGROINDUSTRIA,BIOLACT ANTILLANCA GRANEL,,AGROCOMERCIAL IANSA S.A.,,A096685810,4414800,312.000,Documento,client_evidence_backfill,EXP-5.1,0.792513,0.709271,0.939673,auto_accept,,EXP-5.1:0.7925;EXP-5.2:0.0832;EXP-6.5:0.0582,EXP-5.1,0.792513,False,,,,client_evidence,recovered
5956,COMPRAS|969839504|124534|1,DTE_033_000000124534_969839504.xml,2025-08,124534,1,COMPRAS,2025-08-18,33,969839504,"COM. EQ.ORDEÑA,VTA.ART.ASEO Y DETER,ASESORIA",EMERGENCIA EQUIPOS DE REFRIGERACION,,SOCIEDAD COMERCIAL SERLAC CHILE S.A.,,,105000,105000.00000,Documento,client_evidence_backfill,EXP-10.1,0.573246,0.451248,1.948051,auto_accept,,EXP-10.1:0.5732;ADM-1.6:0.1220;EXP-1.1:0.0416,EXP-10.1,0.573246,False,,,,client_evidence,recovered
5957,COMPRAS|969839504|124534|2,DTE_033_000000124534_969839504.xml,2025-08,124534,2,COMPRAS,2025-08-18,33,969839504,"COM. EQ.ORDEÑA,VTA.ART.ASEO Y DETER,ASESORIA",MOVILIZACION DE EQUIPOS DE REFRIGERACION,,SOCIEDAD COMERCIAL SERLAC CHILE S.A.,,,83000,83000.000000,Documento,client_evidence_backfill,EXP-10.1,0.754551,0.713575,1.327882,auto_accept,,EXP-10.1:0.7546;EXP-6.5:0.0410;EXP-1.1:0.0266,EXP-10.1,0.754551,False,,,,client_evidence,recovered
5968,COMPRAS|969839504|124836|11,DTE_033_000000124836_969839504.xml,2025-08,124836,11,COMPRAS,2025-08-28,33,969839504,"COM. EQ.ORDEÑA,VTA.ART.ASEO Y DETER,ASESORIA",MOVILIZACION DE EQUIPOS DE REFRIGERACION,,SOCIEDAD COMERCIAL SERLAC CHILE S.A.,,,57000,57000.000000,Documento,client_evidence_backfill,EXP-10.1,0.754551,0.713575,1.327882,auto_accept,,EXP-10.1:0.7546;EXP-6.5:0.0410;EXP-1.1:0.0266,EXP-10.1,0.754551,False,,,,client_evidence,recovered
5970,COMPRAS|762599570|209572|1,DTE_033_000000209572_762599570.xml,2025-08,209572,1,COMPRAS,2025-08-02,33,762599570,SERVICENTRO,93 S/P,,ESTACIONES DE SERVICIO PAOLA USLAR MOLINA E.I.R.L.,,,44748,745.8,Documento,client_evidence_backfill,ADM-1.4,0.746355,0.704891,1.381561,auto_accept,,ADM-1.4:0.7464;EXP-11.4:0.0415;EXP-10.1:0.0346,ADM-1.4,0.746355,False,,,,client_evidence,recovered
5971,COMPRAS|762599570|210591|1,DTE_033_000000210591_762599570.xml,2025-08,210591,1,COMPRAS,2025-08-11,33,762599570,SERVICENTRO,93 S/P,,ESTACIONES DE SERVICIO PAOLA USLAR MOLINA E.I.R.L.,,,30626,765.65,Documento,client_evidence_backfill,ADM-1.4,0.746355,0.704891,1.381561,auto_accept,,ADM-1.4:0.7464;EXP-11.4:0.0415;EXP-10.1:0.0346,ADM-1.4,0.746355,False,,,,client_evidence,recovered
5972,COMPRAS|762599570|210731|1,DTE_033_000000210731_762599570.xml,2025-08,210731,1,COMPRAS,2025-08-12,33,762599570,SERVICENTRO,93 S/P,,ESTACIONES DE SERVICIO PAOLA USLAR MOLINA E.I.R.L.,,,46013,765.65,Documento,client_evidence_backfill,ADM-1.4,0.746355,0.704891,1.381561,auto_accept,,ADM-1.4:0.7464;EXP-11.4:0.0415;EXP-10.1:0.0346,ADM-1.4,0.746355,False,,,,client_evidence,recovered
5973,COMPRAS|762599570|211029|1,DTE_033_000000211029_762599570.xml,2025-08,211029,1,COMPRAS,2025-08-16,33,762599570,SERVICENTRO,93 S/P,,ESTACIONES DE SERVICIO PAOLA USLAR MOLINA E.I.R.L.,,,61690,771.1,Documento,client_evidence_backfill,ADM-1.4,0.746355,0.704891,1.381561,auto_accept,,ADM-1.4:0.7464;EXP-11.4:0.0415;EXP-10.1:0.0346,ADM-1.4,0.746355,False,,,,client_evidence,recovered
5974,COMPRAS|762599570|211359|1,DTE_033_000000211359_762599570.xml,2025-08,211359,1,COMPRAS,2025-08-20,33,762599570,SERVICENTRO,93 S/P,,ESTACIONES DE SERVICIO PAOLA USLAR MOLINA E.I.R.L.,,,61783,771.1,Documento,client_evidence_backfill,ADM-1.4,0.746355,0.704891,1.381561,auto_accept,,ADM-1.4:0.7464;EXP-11.4:0.0415;EXP-10.1:0.0346,ADM-1.4,0.746355,False,,,,client_evidence,recovered
5975,COMPRAS|762599570|211728|1,DTE_033_000000211728_762599570.xml,2025-08,211728,1,COMPRAS,2025-08-25,33,762599570,SERVICENTRO,93 S/P,,ESTACIONES DE SERVICIO PAOLA USLAR MOLINA E.I.R.L.,,,60225,752.81,Documento,client_evidence_backfill,ADM-1.4,0.746355,0.704891,1.381561,auto_accept,,ADM-1.4:0.7464;EXP-11.4:0.0415;EXP-10.1:0.0346,ADM-1.4,0.746355,False,,,,client_evidence,recovered
6077,COMPRAS|966856904|477955|1,DTE_033_000000477955_966856904.xml,2025-08,477955,1,COMPRAS,2025-08-25,33,966856904,SERVICIOS DE ALOJAMIENTOS HOTELEROS A EXTRANJEROS Y NACIONALES,Habitaciones ( 1),,TALBOT HOTELS S A,,"Anguita, Cristian",58045,58045.000000,Documento,client_evidence_backfill,ADM-1.5,0.421062,0.282322,2.153004,auto_accept,,ADM-1.5:0.4211;EXP-1.1:0.1387;EXP-14.4:0.1042,ADM-1.5,0.421062,False,,,,client_evidence,recovered
6092,COMPRAS|773753202|567097|1,DTE_033_000000567097_773753202.xml,2025-08,567097,1,COMPRAS,2025-08-27,33,773753202,ESTACION DE SERVICIO,GRABADO DE PATENTE,GRABADO DE PATENTE,DISTRIBUIDORA COMERCIAL P Y G LIMITADA,,,3361,1680.5,Documento,silver_audit_backfill,EXP-13.3,0.42814,0.323687,2.32193,auto_accept,,EXP-13.3:0.4281;ADM-1.7:0.1045;EXP-1.1:0.0894,EXP-13.3,0.42814,False,,,,silver_audit,recovered
6126,COMPRAS|990120005|657568|1,DTE_033_000000657568_990120005.xml,2025-08,657568,1,COMPRAS,2025-08-05,33,990120005,Seguros de Vida,Seguro Colectivo. Poliza Nro. 12799,,Cia de Seguros de Vida Consorcio Nacional de Seguros SA,,,621573,,Documento,silver_audit_backfill,ADM-2.2,0.804647,0.722246,0.934617,auto_accept,,ADM-2.2:0.8046;ADM-1.4:0.0824;ADM-1.8:0.0247,ADM-2.2,0.804647,False,,,,silver_audit,recovered
6164,COMPRAS|760468894|1025077|1,DTE_033_000001025077_760468894.xml,2025-08,1025077,1,COMPRAS,2025-08-27,33,760468894,"VENTA AL POR MAYOR DE MATERIAS PRIMAS AGRICOLAS,FUMIGACIONES,DESTRUCC. DE PLAGAS",ROUNDUP CONTROLMAX (15 KG) BY,,MARTINEZ Y VALDIVIESO S.A,,0001019264,833769,6176.0667,Documento,silver_audit_backfill,EXP-7.0,0.583678,0.501709,1.827523,auto_accept,,EXP-7.0:0.5837;EXP-10.3:0.0820;EXP-13.1:0.0719,EXP-7.0,0.583678,False,,,,silver_audit,recovered
6230,COMPRAS|967895202|1548893|1,DTE_033_000001548893_967895202.xml,2025-08,1548893,1,COMPRAS,2025-08-30,33,967895202,COMERCIALIZADORA DE INSUMOS AGRICOLAS,DUPLALIM X 5 LT. -__5LT__,__5LT__,FEROSOR AGRICOLA S.A.,,,141337,72854.12,Documento,manually_audited_near_identical_backfill,EXP-10.3,0.526668,0.289244,1.346745,auto_accept,,EXP-10.3:0.5267;EXP-7.0:0.2374;EXP-2.5:0.1457,EXP-10.3,0.526668,False,,,,manually_audited_near_identical,recovered
6240,COMPRAS|97080000K|3348511|1,DTE_033_000003348511_97080000K.xml,2025-08,3348511,1,COMPRAS,2025-08-07,33,97080000K,BANCO COMERCIAL,Comisión por Nóminas en Línea CCA,,BANCO BICE,,,341332,341332,Documento,silver_audit_backfill,ADM-1.7,0.517366,0.394462,1.727873,auto_accept,,ADM-1.7:0.5174;EXP-15.1:0.1229;ADM-1.10:0.1009,ADM-1.7,0.517366,False,,,,silver_audit,recovered
6317,COMPRAS|810941006|28355926|1,DTE_033_000028355926_810941006.xml,2025-08,28355926,1,COMPRAS,2025-08-04,33,810941006,FABR.Y DIST.PROD.LACTEOS VTAS.INSUMOS AG,GASOLINA 93,,COOPERATIVA AGRICOLA Y LECHERA DE LA UNI,,0966858109,59479,7434875,Documento,client_evidence_backfill,EXP-11.4,0.742119,0.56984,0.91508,auto_accept,,EXP-11.4:0.7421;ADM-1.4:0.1723;EXP-11.5:0.0309,EXP-11.4,0.742119,False,,,,client_evidence,recovered
6341,COMPRAS|810941006|28912313|1,DTE_033_000028912313_810941006.xml,2025-08,28912313,1,COMPRAS,2025-08-11,33,810941006,FABR. Y DIST.PROD.LACTEOS VTAS. INSAGRIC,GASOLINA 93,GASOLINA 93,COOPERATIVA AGRICOLA Y LECHERA DE LA UNION LTDA.,,,76480,764.800000,Documento,client_evidence_backfill,EXP-11.4,0.683454,0.434096,0.922669,auto_accept,,EXP-11.4:0.6835;ADM-1.4:0.2494;EXP-11.5:0.0307,EXP-11.4,0.683454,False,,,,client_evidence,recovered
6346,COMPRAS|810941006|28912544|1,DTE_033_000028912544_810941006.xml,2025-08,28912544,1,COMPRAS,2025-08-13,33,810941006,FABR. Y DIST.PROD.LACTEOS VTAS. INSAGRIC,SEMILLA BALLICA DAIRY PRIME DES X 25 KG,SEMILLA BALLICA DAIRY PRIME DES X 25 KG,COOPERATIVA AGRICOLA Y LECHERA DE LA UNION LTDA.,,,20475000,227500,Documento,silver_audit_backfill,EXP-8.1,0.645232,0.351814,0.928479,auto_accept,,EXP-8.1:0.6452;EXP-8.2:0.2934;EXP-8.4:0.0379,EXP-8.1,0.645232,False,,,,silver_audit,recovered
6359,COMPRAS|810941006|28912579|1,DTE_033_000028912579_810941006.xml,2025-08,28912579,1,COMPRAS,2025-08-14,33,810941006,FABR. Y DIST.PROD.LACTEOS VTAS. INSAGRIC,SEMILLA BALLICA FORGE AGR X 25 KG,SEMILLA BALLICA FORGE AGR X 25 KG,COOPERATIVA AGRICOLA Y LECHERA DE LA UNION LTDA.,,,2639000,188500,Documento,silver_audit_backfill,EXP-8.2,0.615551,0.286497,0.941485,auto_accept,,EXP-8.2:0.6156;EXP-8.1:0.3291;EXP-8.4:0.0312,EXP-8.2,0.615551,False,,,,silver_audit,recovered
6360,COMPRAS|810941006|28912762|1,DTE_033_000028912762_810941006.xml,2025-08,28912762,1,COMPRAS,2025-08-18,33,810941006,FABR. Y DIST.PROD.LACTEOS VTAS. INSAGRIC,GASOLINA 93,GASOLINA 93,COOPERATIVA AGRICOLA Y LECHERA DE LA UNION LTDA.,,,30810,770.250000,Documento,client_evidence_backfill,EXP-11.4,0.683454,0.434096,0.922669,auto_accept,,EXP-11.4:0.6835;ADM-1.4:0.2494;EXP-11.5:0.0307,EXP-11.4,0.683454,False,,,,client_evidence,recovered
6364,COMPRAS|810941006|28912965|1,DTE_033_000028912965_810941006.xml,2025-08,28912965,1,COMPRAS,2025-08-20,33,810941006,FABR. Y DIST.PROD.LACTEOS VTAS. INSAGRIC,SEMILLA BALLICA DAIRY PRIME DES X 25 KG,SEMILLA BALLICA DAIRY PRIME DES X 25 KG,COOPERATIVA AGRICOLA Y LECHERA DE LA UNION LTDA.,,,2502500,227500,Documento,silver_audit_backfill,EXP-8.1,0.645232,0.351814,0.928479,auto_accept,,EXP-8.1:0.6452;EXP-8.2:0.2934;EXP-8.4:0.0379,EXP-8.1,0.645232,False,,,,silver_audit,recovered
6367,COMPRAS|810941006|28912965|4,DTE_033_000028912965_810941006.xml,2025-08,28912965,4,COMPRAS,2025-08-20,33,810941006,FABR. Y DIST.PROD.LACTEOS VTAS. INSAGRIC,SEMILLA BALLICA TAMA CTE X 25 KG,SEMILLA BALLICA TAMA CTE,COOPERATIVA AGRICOLA Y LECHERA DE LA UNION LTDA.,,,259000,37000,Documento,silver_audit_backfill,EXP-8.1,0.649553,0.356294,0.914059,auto_accept,,EXP-8.1:0.6496;EXP-8.2:0.2933;EXP-8.4:0.0345,EXP-8.1,0.649553,False,,,,silver_audit,recovered
6368,COMPRAS|810941006|28912971|1,DTE_033_000028912971_810941006.xml,2025-08,28912971,1,COMPRAS,2025-08-20,33,810941006,FABR. Y DIST.PROD.LACTEOS VTAS. INSAGRIC,SEMILLA BALLICA DAIRY PRIME DES X 25 KG,SEMILLA BALLICA DAIRY PRIME DES X 25 KG,COOPERATIVA AGRICOLA Y LECHERA DE LA UNION LTDA.,,,3185000,227500,Documento,silver_audit_backfill,EXP-8.1,0.645232,0.351814,0.928479,auto_accept,,EXP-8.1:0.6452;EXP-8.2:0.2934;EXP-8.4:0.0379,EXP-8.1,0.645232,False,,,,silver_audit,recovered
6371,COMPRAS|810941006|28912971|4,DTE_033_000028912971_810941006.xml,2025-08,28912971,4,COMPRAS,2025-08-20,33,810941006,FABR. Y DIST.PROD.LACTEOS VTAS. INSAGRIC,SEMILLA BALLICA TAMA CTE X 25 KG,SEMILLA BALLICA TAMA CTE,COOPERATIVA AGRICOLA Y LECHERA DE LA UNION LTDA.,,,666000,37000,Documento,silver_audit_backfill,EXP-8.1,0.649553,0.356294,0.914059,auto_accept,,EXP-8.1:0.6496;EXP-8.2:0.2933;EXP-8.4:0.0345,EXP-8.1,0.649553,False,,,,silver_audit,recovered
6376,COMPRAS|810941006|28923244|1,DTE_033_000028923244_810941006.xml,2025-08,28923244,1,COMPRAS,2025-08-04,33,810941006,FABR.Y DIST.PROD.LACTEOS VTAS.INSUMOS AG,GASOLINA 93,,COOPERATIVA AGRICOLA Y LECHERA DE LA UNI,,0966858109,14870,7435000,Documento,client_evidence_backfill,EXP-11.4,0.742119,0.56984,0.91508,auto_accept,,EXP-11.4:0.7421;ADM-1.4:0.1723;EXP-11.5:0.0309,EXP-11.4,0.742119,False,,,,client_evidence,recovered
6378,COMPRAS|810941006|28923334|1,DTE_033_000028923334_810941006.xml,2025-08,28923334,1,COMPRAS,2025-08-06,33,810941006,FABR.Y DIST.PROD.LACTEOS VTAS.INSUMOS AG,GASOLINA 93,,COOPERATIVA AGRICOLA Y LECHERA DE LA UNI,,0966858109,29739,7434750,Documento,client_evidence_backfill,EXP-11.4,0.742119,0.56984,0.91508,auto_accept,,EXP-11.4:0.7421;ADM-1.4:0.1723;EXP-11.5:0.0309,EXP-11.4,0.742119,False,,,,client_evidence,recovered
6383,COMPRAS|810941006|28923500|1,DTE_033_000028923500_810941006.xml,2025-08,28923500,1,COMPRAS,2025-08-12,33,810941006,FABR.Y DIST.PROD.LACTEOS VTAS.INSUMOS AG,GASOLINA 93,,COOPERATIVA AGRICOLA Y LECHERA DE LA UNI,,0966858109,45123,7647966,Documento,client_evidence_backfill,EXP-11.4,0.742119,0.56984,0.91508,auto_accept,,EXP-11.4:0.7421;ADM-1.4:0.1723;EXP-11.5:0.0309,EXP-11.4,0.742119,False,,,,client_evidence,recovered
6387,COMPRAS|810941006|28923590|1,DTE_033_000028923590_810941006.xml,2025-08,28923590,1,COMPRAS,2025-08-14,33,810941006,FABR.Y DIST.PROD.LACTEOS VTAS.INSUMOS AG,GASOLINA 93,,COOPERATIVA AGRICOLA Y LECHERA DE LA UNI,,0966858109,46215,7702500,Documento,client_evidence_backfill,EXP-11.4,0.742119,0.56984,0.91508,auto_accept,,EXP-11.4:0.7421;ADM-1.4:0.1723;EXP-11.5:0.0309,EXP-11.4,0.742119,False,,,,client_evidence,recovered
6395,COMPRAS|810941006|28923825|1,DTE_033_000028923825_810941006.xml,2025-08,28923825,1,COMPRAS,2025-08-26,33,810941006,FABR.Y DIST.PROD.LACTEOS VTAS.INSUMOS AGRICOLAS VETER. COMBUSTIBLES Y VEHICULOS,GASOLINA 93,,COOPERATIVA AGRICOLA Y LECHERA DE LA UNION LTDA.,,0966858109,22559,751.969700,Documento,client_evidence_backfill,EXP-11.4,0.734373,0.548601,0.906511,auto_accept,,EXP-11.4:0.7344;ADM-1.4:0.1858;EXP-11.5:0.0304,EXP-11.4,0.734373,False,,,,client_evidence,recovered
6445,COMPRAS|810941006|29067379|1,DTE_033_000029067379_810941006.xml,2025-08,29067379,1,COMPRAS,2025-08-05,33,810941006,FABR. Y DIST.PROD.LACTEOS VTAS. INSAGRIC,GASOLINA 93,GASOLINA 93,COOPERATIVA AGRICOLA Y LECHERA DE LA UNION LTDA.,,,44609,743.483333,Documento,client_evidence_backfill,EXP-11.4,0.683454,0.434096,0.922669,auto_accept,,EXP-11.4:0.6835;ADM-1.4:0.2494;EXP-11.5:0.0307,EXP-11.4,0.683454,False,,,,client_evidence,recovered
6447,COMPRAS|810941006|29067430|1,DTE_033_000029067430_810941006.xml,2025-08,29067430,1,COMPRAS,2025-08-05,33,810941006,FABR. Y DIST.PROD.LACTEOS VTAS. INSAGRIC,GASOLINA 93,GASOLINA 93,COOPERATIVA AGRICOLA Y LECHERA DE LA UNION LTDA.,,,44609,743.483333,Documento,client_evidence_backfill,EXP-11.4,0.683454,0.434096,0.922669,auto_accept,,EXP-11.4:0.6835;ADM-1.4:0.2494;EXP-11.5:0.0307,EXP-11.4,0.683454,False,,,,client_evidence,recovered
6479,COMPRAS|810941006|29068277|1,DTE_033_000029068277_810941006.xml,2025-08,29068277,1,COMPRAS,2025-08-13,33,810941006,FABR. Y DIST.PROD.LACTEOS VTAS. INSAGRIC,GASOLINA 93,GASOLINA 93,COOPERATIVA AGRICOLA Y LECHERA DE LA UNION LTDA.,,,30592,764.800000,Documento,client_evidence_backfill,EXP-11.4,0.683454,0.434096,0.922669,auto_accept,,EXP-11.4:0.6835;ADM-1.4:0.2494;EXP-11.5:0.0307,EXP-11.4,0.683454,False,,,,client_evidence,recovered
6517,COMPRAS|810941006|29069081|1,DTE_033_000029069081_810941006.xml,2025-08,29069081,1,COMPRAS,2025-08-20,33,810941006,FABR. Y DIST.PROD.LACTEOS VTAS. INSAGRIC,GASOLINA 93,GASOLINA 93,COOPERATIVA AGRICOLA Y LECHERA DE LA UNION LTDA.,,,46215,770.250000,Documento,client_evidence_backfill,EXP-11.4,0.683454,0.434096,0.922669,auto_accept,,EXP-11.4:0.6835;ADM-1.4:0.2494;EXP-11.5:0.0307,EXP-11.4,0.683454,False,,,,client_evidence,recovered
6521,COMPRAS|810941006|29069795|1,DTE_033_000029069795_810941006.xml,2025-08,29069795,1,COMPRAS,2025-08-27,33,810941006,FABR. Y DIST.PROD.LACTEOS VTAS. INSAGRIC,SEMILLA BALLICA TAMA CTE DES X 25 KG,SEMILLA BALLICA TAMA CTE DES,COOPERATIVA AGRICOLA Y LECHERA DE LA UNION LTDA.,,,1600000,50000,Documento,silver_audit_backfill,EXP-8.1,0.657781,0.371397,0.907471,auto_accept,,EXP-8.1:0.6578;EXP-8.2:0.2864;EXP-8.4:0.0321,EXP-8.1,0.657781,False,,,,silver_audit,recovered
6522,COMPRAS|810941006|29069892|1,DTE_033_000029069892_810941006.xml,2025-08,29069892,1,COMPRAS,2025-08-27,33,810941006,FABR. Y DIST.PROD.LACTEOS VTAS. INSAGRIC,GASOLINA 93,GASOLINA 93,COOPERATIVA AGRICOLA Y LECHERA DE LA UNION LTDA.,,,30079,751.975000,Documento,client_evidence_backfill,EXP-11.4,0.683454,0.434096,0.922669,auto_accept,,EXP-11.4:0.6835;ADM-1.4:0.2494;EXP-11.5:0.0307,EXP-11.4,0.683454,False,,,,client_evidence,recovered
6539,COMPRAS|810941006|29069917|1,DTE_033_000029069917_810941006.xml,2025-08,29069917,1,COMPRAS,2025-08-27,33,810941006,FABR. Y DIST.PROD.LACTEOS VTAS. INSAGRIC,GASOLINA 93,GASOLINA 93,COOPERATIVA AGRICOLA Y LECHERA DE LA UNION LTDA.,,,45118,751.966667,Documento,client_evidence_backfill,EXP-11.4,0.683454,0.434096,0.922669,auto_accept,,EXP-11.4:0.6835;ADM-1.4:0.2494;EXP-11.5:0.0307,EXP-11.4,0.683454,False,,,,client_evidence,recovered
6548,COMPRAS|810941006|29154690|1,DTE_033_000029154690_810941006.xml,2025-08,29154690,1,COMPRAS,2025-08-29,33,810941006,FABR. Y DIST.PROD.LACTEOS VTAS. INSAGRIC,SEMILLA BALLICA TAMA CTE DES X 25 KG,SEMILLA BALLICA TAMA CTE DES,COOPERATIVA AGRICOLA Y LECHERA DE LA UNION LTDA.,,,350000,50000,Documento,silver_audit_backfill,EXP-8.1,0.657781,0.371397,0.907471,auto_accept,,EXP-8.1:0.6578;EXP-8.2:0.2864;EXP-8.4:0.0321,EXP-8.1,0.657781,False,,,,silver_audit,recovered
6586,COMPRAS|810941006|29157941|1,DTE_033_000029157941_810941006.xml,2025-08,29157941,1,COMPRAS,2025-08-28,33,810941006,FABR. Y DIST.PROD.LACTEOS VTAS. INSAGRIC,SEMILLA BALLICA TAMA CTE DES X 25 KG,SEMILLA BALLICA TAMA CTE DES,COOPERATIVA AGRICOLA Y LECHERA DE LA UNION LTDA.,,,1650000,50000,Documento,silver_audit_backfill,EXP-8.1,0.657781,0.371397,0.907471,auto_accept,,EXP-8.1:0.6578;EXP-8.2:0.2864;EXP-8.4:0.0321,EXP-8.1,0.657781,False,,,,silver_audit,recovered
6587,COMPRAS|810941006|29158040|1,DTE_033_000029158040_810941006.xml,2025-08,29158040,1,COMPRAS,2025-08-29,33,810941006,FABR. Y DIST.PROD.LACTEOS VTAS. INSAGRIC,SEMILLA BALLICA FORGE AGR X 25 KG,SEMILLA BALLICA FORGE AGR X 25 KG,COOPERATIVA AGRICOLA Y LECHERA DE LA UNION LTDA.,,,2688000,192000,Documento,silver_audit_backfill,EXP-8.2,0.615551,0.286497,0.941485,auto_accept,,EXP-8.2:0.6156;EXP-8.1:0.3291;EXP-8.4:0.0312,EXP-8.2,0.615551,False,,,,silver_audit,recovered
6589,COMPRAS|810941006|29163058|1,DTE_033_000029163058_810941006.xml,2025-08,29163058,1,COMPRAS,2025-08-08,33,810941006,FABR.Y DIST.PROD.LACTEOS VTAS.INSUMOS AGRICOLAS VETER. COMBUSTIBLES Y VEHICULOS,GASOLINA 93,,COOPERATIVA AGRICOLA Y LECHERA DE LA UNION LTDA.,,0966858109,30592,764.800000,Documento,client_evidence_backfill,EXP-11.4,0.734373,0.548601,0.906511,auto_accept,,EXP-11.4:0.7344;ADM-1.4:0.1858;EXP-11.5:0.0304,EXP-11.4,0.734373,False,,,,client_evidence,recovered
6590,COMPRAS|810941006|29163100|1,DTE_033_000029163100_810941006.xml,2025-08,29163100,1,COMPRAS,2025-08-13,33,810941006,FABR.Y DIST.PROD.LACTEOS VTAS.INSUMOS AG,GASOLINA 93,,COOPERATIVA AGRICOLA Y LECHERA DE LA UNI,,0966858109,22944,7648000,Documento,client_evidence_backfill,EXP-11.4,0.742119,0.56984,0.91508,auto_accept,,EXP-11.4:0.7421;ADM-1.4:0.1723;EXP-11.5:0.0309,EXP-11.4,0.742119,False,,,,client_evidence,recovered
6591,COMPRAS|810941006|29163115|1,DTE_033_000029163115_810941006.xml,2025-08,29163115,1,COMPRAS,2025-08-14,33,810941006,FABR.Y DIST.PROD.LACTEOS VTAS.INSUMOS AG,GASOLINA 93,,COOPERATIVA AGRICOLA Y LECHERA DE LA UNI,,0966858109,15296,7648000,Documento,client_evidence_backfill,EXP-11.4,0.742119,0.56984,0.91508,auto_accept,,EXP-11.4:0.7421;ADM-1.4:0.1723;EXP-11.5:0.0309,EXP-11.4,0.742119,False,,,,client_evidence,recovered
6592,COMPRAS|810941006|29163220|1,DTE_033_000029163220_810941006.xml,2025-08,29163220,1,COMPRAS,2025-08-25,33,810941006,FABR.Y DIST.PROD.LACTEOS VTAS.INSUMOS AG,GASOLINA 93,,COOPERATIVA AGRICOLA Y LECHERA DE LA UNI,,0966858109,22559,7519667,Documento,client_evidence_backfill,EXP-11.4,0.742119,0.56984,0.91508,auto_accept,,EXP-11.4:0.7421;ADM-1.4:0.1723;EXP-11.5:0.0309,EXP-11.4,0.742119,False,,,,client_evidence,recovered
6594,COMPRAS|810941006|29163241|1,DTE_033_000029163241_810941006.xml,2025-08,29163241,1,COMPRAS,2025-08-26,33,810941006,FABR.Y DIST.PROD.LACTEOS VTAS.INSUMOS AG,GASOLINA 93,,COOPERATIVA AGRICOLA Y LECHERA DE LA UNI,,0966858109,15039,7519500,Documento,client_evidence_backfill,EXP-11.4,0.742119,0.56984,0.91508,auto_accept,,EXP-11.4:0.7421;ADM-1.4:0.1723;EXP-11.5:0.0309,EXP-11.4,0.742119,False,,,,client_evidence,recovered
6595,COMPRAS|810941006|29163256|1,DTE_033_000029163256_810941006.xml,2025-08,29163256,1,COMPRAS,2025-08-27,33,810941006,FABR.Y DIST.PROD.LACTEOS VTAS.INSUMOS AG,GASOLINA 93,,COOPERATIVA AGRICOLA Y LECHERA DE LA UNI,,0966858109,22559,7519667,Documento,client_evidence_backfill,EXP-11.4,0.742119,0.56984,0.91508,auto_accept,,EXP-11.4:0.7421;ADM-1.4:0.1723;EXP-11.5:0.0309,EXP-11.4,0.742119,False,,,,client_evidence,recovered
6618,COMPRAS|815376005|42715690|8,DTE_033_000042715690_815376005.xml,2025-08,42715690,8,COMPRAS,2025-08-18,33,815376005,"GRANDES ESTABLECIMIENTOS (VENTA DE ALIMENTOS), HIPERMERCADOS",BOLSA REUTILIZABLE ALGODON PEQUENA DKORA,1.0 x 1 UN $1090 Bruto/$916.0 Neto,RENDIC HERMANOS S.A.,,,916,916.0,Documento,manually_audited_near_identical_backfill,ADM-1.6,0.638564,0.520232,1.670855,auto_accept,,ADM-1.6:0.6386;EXP-1.1:0.1183;EXP-10.4:0.0390,ADM-1.6,0.638564,False,,,,manually_audited_near_identical,recovered
6622,COMPRAS|815376005|42732932|4,DTE_033_000042732932_815376005.xml,2025-08,42732932,4,COMPRAS,2025-08-20,33,815376005,"GRANDES ESTABLECIMIENTOS (VENTA DE ALIMENTOS), HIPERMERCADOS","LIMP MULT CR C MICROP CIF 750GR, LIMON",1.0 x 1 UN $2990 Bruto/$2512.0 Neto,RENDIC HERMANOS S.A.,,,2109,2512.0,Documento,client_evidence_backfill,ADM-1.6,0.704448,0.667783,1.552262,auto_accept,,ADM-1.6:0.7044;EXP-1.1:0.0367;EXP-9.2:0.0327,ADM-1.6,0.704448,False,,,,client_evidence,recovered
6626,COMPRAS|970040005|44590737|1,DTE_033_000044590737_970040005.xml,2025-08,44590737,1,COMPRAS,2025-08-18,33,970040005,Banco Comercial,COMISION MENSUAL ADMINISTRACION CONVENIO]REMUNERACIONES,COMISION MENSUAL ADMINISTRACION CONVENIO]REMUNERACIONES ]NUMERO DE OPERACION 02600554401 .,Banco de Chile,,,12616,12616,Documento,silver_audit_backfill,ADM-1.7,0.370805,0.201617,2.203085,auto_accept,,ADM-1.7:0.3708;ADM-1.5:0.1692;EXP-15.1:0.0886,ADM-1.7,0.370805,False,,,,silver_audit,recovered
6652,COMPRAS|96792430K|141970330|3,DTE_033_000141970330_96792430K.xml,2025-08,141970330,3,COMPRAS,2025-08-27,33,96792430K,DISTRIBUIDORA DE MATERIALES DE CONSTRUCCION,LIMPIAPISOS LAVANDA 10L KLEINE,,SODIMAC S.A.,,,15109,7554.62,Documento,manually_audited_near_identical_backfill,ADM-1.6,0.553416,0.461415,1.901166,auto_accept,,ADM-1.6:0.5534;EXP-10.1:0.0920;EXP-9.2:0.0734,ADM-1.6,0.553416,False,,,,manually_audited_near_identical,recovered
6674,COMPRAS|810941006|3824450|1,DTE_061_000003824450_810941006.xml,2025-08,3824450,1,COMPRAS,2025-08-28,61,810941006,FABR. Y DIST.PROD.LACTEOS VTAS. INSAGRIC,SEMILLA BALLICA TAMA CTE X 25 KG,SEMILLA BALLICA TAMA CTE,COOPERATIVA AGRICOLA Y LECHERA DE LA UNION LTDA.,,,666000,37000,Documento,silver_audit_backfill,EXP-8.1,0.649553,0.356294,0.914059,auto_accept,,EXP-8.1:0.6496;EXP-8.2:0.2933;EXP-8.4:0.0345,EXP-8.1,0.649553,False,,,,silver_audit,recovered
6675,COMPRAS|810941006|3824451|1,DTE_061_000003824451_810941006.xml,2025-08,3824451,1,COMPRAS,2025-08-29,61,810941006,FABR. Y DIST.PROD.LACTEOS VTAS. INSAGRIC,SEMILLA BALLICA TAMA CTE X 25 KG,SEMILLA BALLICA TAMA CTE,COOPERATIVA AGRICOLA Y LECHERA DE LA UNION LTDA.,,,259000,37000,Documento,silver_audit_backfill,EXP-8.1,0.649553,0.356294,0.914059,auto_accept,,EXP-8.1:0.6496;EXP-8.2:0.2933;EXP-8.4:0.0345,EXP-8.1,0.649553,False,,,,silver_audit,recovered
6682,COMPRAS|779509370|54|4,DTE_033_000000000054_779509370.xml,2025-09,54,4,COMPRAS,2025-09-11,33,779509370,PRESTACION DE SERVICIOS AGRICOLAS,FERT.SMART-BRAMADERO,,PRESTACIONES DE SERVICIOS AGRICOLAS EL SIERVO LIMITADA,,,184000,8000.00,Documento,silver_audit_backfill,EXP-6.2,0.406369,0.210727,2.200735,auto_accept,,EXP-6.5:0.4064;EXP-6.2:0.1956;EXP-15.5:0.1126,EXP-6.5,0.406369,False,,,,silver_audit,recovered_over_model_disagreement
6685,COMPRAS|779509370|54|7,DTE_033_000000000054_779509370.xml,2025-09,54,7,COMPRAS,2025-09-11,33,779509370,PRESTACION DE SERVICIOS AGRICOLAS,FERTILIZACION TINEO,,PRESTACIONES DE SERVICIOS AGRICOLAS EL SIERVO LIMITADA,,,230400,8000.00,Documento,silver_audit_backfill,EXP-15.5,0.366093,0.061122,1.64832,auto_accept,,EXP-15.5:0.3661;EXP-6.1:0.3050;EXP-6.5:0.2047,EXP-15.5,0.366093,False,,,,silver_audit,recovered
6690,COMPRAS|138188035|74|1,DTE_033_000000000074_138188035.xml,2025-09,74,1,COMPRAS,2025-09-03,33,138188035,ARRIENDO  RETROEXCAVADORA NIVELACIONES Y EXCAVACIONES- TRANSPORTES,traslado,traslado de terneros desde fundo raíces ubicado en rio bueno hacia fundo bramadero,ANDRES ALONSO PRIETO SEGUEL,,,150000,150000.00,Documento,silver_audit_backfill,EXP-15.3,0.858474,0.830011,0.820522,auto_accept,,EXP-15.3:0.8585;EXP-6.1:0.0285;EXP-2.4:0.0215,EXP-15.3,0.858474,False,,,,silver_audit,recovered
6691,COMPRAS|119251869|82|1,DTE_033_000000000082_119251869.xml,2025-09,82,1,COMPRAS,2025-09-09,33,119251869,SUB CONTRATISTA EN OBRAS MENORES,MANO DE OBRA,CONSTRUCCION SALA ENFRIADORES,ALEJANDRO RICARDO CARRASCO AGUILAR,,,450000,450000.00,Documento,silver_audit_backfill,EXP-14.4,0.707062,0.606539,1.224435,auto_accept,,EXP-14.4:0.7071;EXP-13.1:0.1005;EXP-14.2:0.0790,EXP-14.4,0.707062,False,,,,silver_audit,recovered
6729,COMPRAS|770531012|393|5,DTE_033_000000000393_770531012.xml,2025-09,393,5,COMPRAS,2025-09-12,33,770531012,SERVICIOS AGRICOLAS,RIEGO DE PURINES,APLICACION DE PURINES EN PRADERA 21 CARRADAS 231.000 LTS,SERVICIOS AGRICOLAS CORPAL SPA,,,438900,1.90,Documento,silver_audit_backfill,EXP-15.5,0.887414,0.82702,0.590527,auto_accept,,EXP-15.5:0.8874;ADM-1.10:0.0604;ADM-1.4:0.0093,EXP-15.5,0.887414,False,,,,silver_audit,recovered
6737,COMPRAS|777616161|602|1,DTE_033_000000000602_777616161.xml,2025-09,602,1,COMPRAS,2025-09-01,33,777616161,LABORATORIO DE ANALISIS Y SERVICIOS,Análisis ChilePackage,Fundo el Maiten 56 muestras Fundo Bramadero 22 muestras Fundo Yutreco 42 muestras Fundo El Tineo 18 muestras Fundo Raices 15 muestras,ROCK RIVER LABORATORY LIMITADA,,,12354750,80750.00,Documento,silver_audit_backfill,EXP-12.1,0.79061,0.730978,1.057438,auto_accept,,EXP-12.1:0.7906;EXP-12.2:0.0596;EXP-9.1:0.0354,EXP-12.1,0.79061,False,,,,silver_audit,recovered
6739,COMPRAS|60415315|937|1,DTE_033_000000000937_60415315.xml,2025-09,937,1,COMPRAS,2025-09-11,33,60415315,SUPERMERCADO Y RESTAURANTE,GAS 15KG GASCO,GAS 15KG GASCO,ELCIRA CABEZA MENENDEZ,,,24286,24285.714286,Documento,silver_audit_backfill,EXP-11.5,0.976457,0.963555,0.152016,auto_accept,,EXP-11.5:0.9765;EXP-16.2:0.0129;ADM-1.4:0.0038,EXP-11.5,0.976457,False,,,,silver_audit,recovered
6743,COMPRAS|776655848|1199|1,DTE_033_000000001199_776655848.xml,2025-09,1199,1,COMPRAS,2025-09-22,33,776655848,"VENTA, ENVASADO Y DISTRIBUCIÓN DE AGUA PURIFICADA",Recarga Agua Purificada,Fundo Raices,PURIFICADORA DE AGUA ALEJANDRO SALAZAR RIVERA E.I.R.L.,,,12605,2521.00,Documento,client_evidence_backfill,ADM-1.6,0.543892,0.325538,1.526074,auto_accept,,ADM-1.6:0.5439;EXP-9.2:0.2184;EXP-15.5:0.1059,ADM-1.6,0.543892,False,,,,client_evidence,recovered
6744,COMPRAS|776655848|1204|1,DTE_033_000000001204_776655848.xml,2025-09,1204,1,COMPRAS,2025-09-23,33,776655848,"VENTA, ENVASADO Y DISTRIBUCIÓN DE AGUA PURIFICADA",Recarga Agua Purificada,Fundo Yutreco,PURIFICADORA DE AGUA ALEJANDRO SALAZAR RIVERA E.I.R.L.,,,12605,2521.00,Documento,client_evidence_backfill,ADM-1.6,0.558787,0.3816,1.533115,auto_accept,,ADM-1.6:0.5588;EXP-9.2:0.1772;EXP-15.5:0.1300,ADM-1.6,0.558787,False,,,,client_evidence,recovered
6749,COMPRAS|770334063|1353|1,DTE_033_000000001353_770334063.xml,2025-09,1353,1,COMPRAS,2025-09-02,33,770334063,SERVICIOS MECANICOS A DOMICILIO DE MOTOCICLETAS,MANTENION Y REPARACION,"MANTENCION MOTOS RAICES SEGUN OT N° 496, 497-",MULTIMOTOS OSORNO SPA,,,226134,226134.00,Documento,silver_audit_backfill,EXP-13.2,0.432995,0.267342,1.934784,auto_accept,,EXP-10.1:0.4330;EXP-13.1:0.1657;EXP-13.2:0.1583,EXP-10.1,0.432995,False,,,,silver_audit,recovered_over_model_disagreement
6754,COMPRAS|760726559|2617|1,DTE_033_000000002617_760726559.xml,2025-09,2617,1,COMPRAS,2025-09-29,33,760726559,ASESORIAS AGRICOLAS,CONTROL DE ROEDORES,"PROGRAMA DE CONTROL DE ROEDORES AL PREDIO RAICES, VISITAS REALIZADAS 3/9/2025 HT6860; 22/9/2025 HT6886.",H2 ASESORIAS Y SERVICIOS SPA,,,72000,72000.00,Documento,silver_audit_backfill,EXP-7.0,0.54373,0.288401,1.56717,auto_accept,,EXP-7.0:0.5437;EXP-9.2:0.2553;EXP-10.1:0.0364,EXP-7.0,0.54373,False,,,,silver_audit,recovered
6755,COMPRAS|760726559|2617|2,DTE_033_000000002617_760726559.xml,2025-09,2617,2,COMPRAS,2025-09-29,33,760726559,ASESORIAS AGRICOLAS,DESINSECTACION,DESINSECTACION INTERIOR CASA TRABAJADOR CON EQUIPO ULV NEBULIZADOR EN FRIO.,H2 ASESORIAS Y SERVICIOS SPA,,,45000,45000.00,Documento,silver_audit_backfill,EXP-7.0,0.440363,0.240729,2.057877,auto_accept,,EXP-7.0:0.4404;EXP-14.4:0.1996;EXP-9.2:0.0782,EXP-7.0,0.440363,False,,,,silver_audit,recovered
6756,COMPRAS|760726559|2618|1,DTE_033_000000002618_760726559.xml,2025-09,2618,1,COMPRAS,2025-09-29,33,760726559,ASESORIAS AGRICOLAS,CONTROL DE ROEDORES,"CONTROL DE ROEDORES PREDIO YUTRECO, VISITAS REALIZADA 4/9/2025 HT6865; 23/9/2025 HT6891.",H2 ASESORIAS Y SERVICIOS SPA,,,60000,60000.00,Documento,silver_audit_backfill,EXP-7.0,0.556697,0.323298,1.577088,auto_accept,,EXP-7.0:0.5567;EXP-9.2:0.2334;EXP-10.1:0.0433,EXP-7.0,0.556697,False,,,,silver_audit,recovered
6757,COMPRAS|760726559|2619|1,DTE_033_000000002619_760726559.xml,2025-09,2619,1,COMPRAS,2025-09-29,33,760726559,ASESORIAS AGRICOLAS,CONTROL DE ROEDORES,"PROGRAMA DE CONTROL DE ROEDORES PREDIO BRAMADERO, VISITAS REALIZADAS 8/9/2025 HT6874; 25/9/2025 HT6899.",H2 ASESORIAS Y SERVICIOS SPA,,,63000,63000.00,Documento,silver_audit_backfill,EXP-7.0,0.547263,0.31989,1.639624,auto_accept,,EXP-7.0:0.5473;EXP-9.2:0.2274;EXP-10.1:0.0395,EXP-7.0,0.547263,False,,,,silver_audit,recovered
6758,COMPRAS|760726559|2620|1,DTE_033_000000002620_760726559.xml,2025-09,2620,1,COMPRAS,2025-09-29,33,760726559,ASESORIAS AGRICOLAS,CONTROL DE ROEDORES,"PROGRAMA DE CONTROL DE ROEDORES AL PREDIO EL MAITEN, VISITAS REALIZADAS 8/9/2025 HT6875; 25/9/2025 HT6900.",H2 ASESORIAS Y SERVICIOS SPA,,,178500,178500.00,Documento,silver_audit_backfill,EXP-7.0,0.508215,0.248804,1.68393,auto_accept,,EXP-7.0:0.5082;EXP-9.2:0.2594;EXP-10.1:0.0420,EXP-7.0,0.508215,False,,,,silver_audit,recovered
6759,COMPRAS|760726559|2621|1,DTE_033_000000002621_760726559.xml,2025-09,2621,1,COMPRAS,2025-09-29,33,760726559,ASESORIAS AGRICOLAS,CONTROL DE ROEDORES,"INICIO DE CONTROL DE ROEDORES PREDIO TINEO, VISITA REALIZADA 25/9/2025 HT6897.",H2 ASESORIAS Y SERVICIOS SPA,,,35000,35000.00,Documento,silver_audit_backfill,EXP-7.0,0.457826,0.179838,1.7981,auto_accept,,EXP-7.0:0.4578;EXP-9.2:0.2780;EXP-15.5:0.0454,EXP-7.0,0.457826,False,,,,silver_audit,recovered
6761,COMPRAS|760726559|2644|1,DTE_033_000000002644_760726559.xml,2025-09,2644,1,COMPRAS,2025-09-30,33,760726559,ASESORIAS AGRICOLAS,CONTROL DE ROEDORES,PROGRAMA DE CONTROL DE ROEDORES CASA ADM HT6914.,H2 ASESORIAS Y SERVICIOS SPA,,,44118,44118.00,Documento,silver_audit_backfill,EXP-7.0,0.55651,0.369481,1.731284,auto_accept,,EXP-7.0:0.5565;EXP-9.2:0.1870;EXP-10.1:0.0417,EXP-7.0,0.55651,False,,,,silver_audit,recovered
6766,COMPRAS|767842961|4617|1,DTE_033_000000004617_767842961.xml,2025-09,4617,1,COMPRAS,2025-09-02,33,767842961,CERTIFICACION DE PROCEDIMIENTOS DE MANEJO DE RESIDUOS,RET.RESID.PAILLACO,SERVICIO REALIZADO EL 26 DE AGOSTO 2025.,SELLO DE RECICLAJE MI GRAN CHILE SPA,,,690500,690500.00,Documento,client_evidence_backfill,EXP-16.2,0.527226,0.389867,2.049901,auto_accept,,EXP-16.2:0.5272;EXP-14.4:0.1374;EXP-4.2:0.0467,EXP-16.2,0.527226,False,,,,client_evidence,recovered
6789,COMPRAS|761757865|25253|3,DTE_033_000000025253_761757865.xml,2025-09,25253,3,COMPRAS,2025-09-02,33,761757865,"INSTALACION,MANTENCION,REPARACION MAQUINARIA AGROPECUARIA,FORESTAL",TRI-PFAN 200 LTS,,GEA Farm Technologies Osorno Ltda.,,,413186,516483,Documento,client_evidence_backfill,EXP-10.3,0.506297,0.31415,1.573306,auto_accept,,EXP-10.3:0.5063;EXP-10.4:0.1921;EXP-10.1:0.1729,EXP-10.3,0.506297,False,,,,client_evidence,recovered
6790,COMPRAS|761757865|25253|4,DTE_033_000000025253_761757865.xml,2025-09,25253,4,COMPRAS,2025-09-02,33,761757865,"INSTALACION,MANTENCION,REPARACION MAQUINARIA AGROPECUARIA,FORESTAL",ORACID 60 L,,GEA Farm Technologies Osorno Ltda.,,,126383,157979,Documento,client_evidence_backfill,EXP-10.3,0.805228,0.709443,0.827027,auto_accept,,EXP-10.3:0.8052;EXP-10.1:0.0958;EXP-10.4:0.0503,EXP-10.3,0.805228,False,,,,client_evidence,recovered
6792,COMPRAS|761757865|25267|2,DTE_033_000000025267_761757865.xml,2025-09,25267,2,COMPRAS,2025-09-03,33,761757865,"INSTALACION,MANTENCION,REPARACION MAQUINARIA AGROPECUARIA,FORESTAL",ORACID 60 L,,GEA Farm Technologies Osorno Ltda.,,,126383,157979,Documento,client_evidence_backfill,EXP-10.3,0.805228,0.709443,0.827027,auto_accept,,EXP-10.3:0.8052;EXP-10.1:0.0958;EXP-10.4:0.0503,EXP-10.3,0.805228,False,,,,client_evidence,recovered
6795,COMPRAS|761757865|25316|1,DTE_033_000000025316_761757865.xml,2025-09,25316,1,COMPRAS,2025-09-11,33,761757865,"INSTALACION,MANTENCION,REPARACION MAQUINARIA AGROPECUARIA,FORESTAL",ORACID 60 L,,GEA Farm Technologies Osorno Ltda.,,,126383,157979,Documento,client_evidence_backfill,EXP-10.3,0.805228,0.709443,0.827027,auto_accept,,EXP-10.3:0.8052;EXP-10.1:0.0958;EXP-10.4:0.0503,EXP-10.3,0.805228,False,,,,client_evidence,recovered
6797,COMPRAS|761757865|25330|1,DTE_033_000000025330_761757865.xml,2025-09,25330,1,COMPRAS,2025-09-15,33,761757865,"INSTALACION,MANTENCION,REPARACION MAQUINARIA AGROPECUARIA,FORESTAL",TRI-PFAN 60 LTS.,,GEA Farm Technologies Osorno Ltda.,,,440508,183545,Documento,manually_audited_near_identical_backfill,EXP-10.3,0.492963,0.283155,1.617717,auto_accept,,EXP-10.3:0.4930;EXP-10.1:0.2098;EXP-10.4:0.1607,EXP-10.3,0.492963,False,,,,manually_audited_near_identical,recovered
6798,COMPRAS|761757865|25330|2,DTE_033_000000025330_761757865.xml,2025-09,25330,2,COMPRAS,2025-09-15,33,761757865,"INSTALACION,MANTENCION,REPARACION MAQUINARIA AGROPECUARIA,FORESTAL",ORACID 60 L,,GEA Farm Technologies Osorno Ltda.,,,252766,157979,Documento,client_evidence_backfill,EXP-10.3,0.805228,0.709443,0.827027,auto_accept,,EXP-10.3:0.8052;EXP-10.1:0.0958;EXP-10.4:0.0503,EXP-10.3,0.805228,False,,,,client_evidence,recovered
6802,COMPRAS|761757865|25351|3,DTE_033_000000025351_761757865.xml,2025-09,25351,3,COMPRAS,2025-09-17,33,761757865,"INSTALACION,MANTENCION,REPARACION MAQUINARIA AGROPECUARIA,FORESTAL",VASO METATRON CPL,,GEA Farm Technologies Osorno Ltda.,,,335304,394475,Documento,manually_audited_near_identical_backfill,EXP-10.1,0.558618,0.380001,1.558636,auto_accept,,EXP-10.1:0.5586;EXP-10.4:0.1786;EXP-10.3:0.1180,EXP-10.1,0.558618,False,,,,manually_audited_near_identical,recovered
6826,COMPRAS|771552897|65470|1,DTE_033_000000065470_771552897.xml,2025-09,65470,1,COMPRAS,2025-09-02,33,771552897,AGROINDUSTRIA,BIOLACT ANTILLANCA GRANEL,,AGROCOMERCIAL IANSA S.A.,,A096685810,4424160,312.000,Documento,client_evidence_backfill,EXP-5.1,0.792513,0.709271,0.939673,auto_accept,,EXP-5.1:0.7925;EXP-5.2:0.0832;EXP-6.5:0.0582,EXP-5.1,0.792513,False,,,,client_evidence,recovered
6827,COMPRAS|771552897|65575|1,DTE_033_000000065575_771552897.xml,2025-09,65575,1,COMPRAS,2025-09-04,33,771552897,AGROINDUSTRIA,BIOLACT ANTILLANCA GRANEL,,AGROCOMERCIAL IANSA S.A.,,A096685810,4352400,312.000,Documento,client_evidence_backfill,EXP-5.1,0.792513,0.709271,0.939673,auto_accept,,EXP-5.1:0.7925;EXP-5.2:0.0832;EXP-6.5:0.0582,EXP-5.1,0.792513,False,,,,client_evidence,recovered
6829,COMPRAS|771552897|65663|1,DTE_033_000000065663_771552897.xml,2025-09,65663,1,COMPRAS,2025-09-08,33,771552897,AGROINDUSTRIA,BIOLACT ANTILLANCA GRANEL,,AGROCOMERCIAL IANSA S.A.,,A096685810,4371120,312.000,Documento,client_evidence_backfill,EXP-5.1,0.792513,0.709271,0.939673,auto_accept,,EXP-5.1:0.7925;EXP-5.2:0.0832;EXP-6.5:0.0582,EXP-5.1,0.792513,False,,,,client_evidence,recovered
6830,COMPRAS|771552897|65664|1,DTE_033_000000065664_771552897.xml,2025-09,65664,1,COMPRAS,2025-09-08,33,771552897,AGROINDUSTRIA,BIOLACT ANTILLANCA GRANEL,,AGROCOMERCIAL IANSA S.A.,,A096685810,4305600,312.000,Documento,client_evidence_backfill,EXP-5.1,0.792513,0.709271,0.939673,auto_accept,,EXP-5.1:0.7925;EXP-5.2:0.0832;EXP-6.5:0.0582,EXP-5.1,0.792513,False,,,,client_evidence,recovered
6832,COMPRAS|771552897|65769|1,DTE_033_000000065769_771552897.xml,2025-09,65769,1,COMPRAS,2025-09-10,33,771552897,AGROINDUSTRIA,BIOLACT ANTILLANCA GRANEL,,AGROCOMERCIAL IANSA S.A.,,A096685810,4283760,312.000,Documento,client_evidence_backfill,EXP-5.1,0.792513,0.709271,0.939673,auto_accept,,EXP-5.1:0.7925;EXP-5.2:0.0832;EXP-6.5:0.0582,EXP-5.1,0.792513,False,,,,client_evidence,recovered
6833,COMPRAS|771552897|65815|1,DTE_033_000000065815_771552897.xml,2025-09,65815,1,COMPRAS,2025-09-11,33,771552897,AGROINDUSTRIA,BIOLACT ANTILLANCA GRANEL,,AGROCOMERCIAL IANSA S.A.,,A096685810,4349280,312.000,Documento,client_evidence_backfill,EXP-5.1,0.792513,0.709271,0.939673,auto_accept,,EXP-5.1:0.7925;EXP-5.2:0.0832;EXP-6.5:0.0582,EXP-5.1,0.792513,False,,,,client_evidence,recovered
6834,COMPRAS|771552897|65899|1,DTE_033_000000065899_771552897.xml,2025-09,65899,1,COMPRAS,2025-09-15,33,771552897,AGROINDUSTRIA,BIOLACT ANTILLANCA GRANEL,,AGROCOMERCIAL IANSA S.A.,,A096685810,4314960,312.000,Documento,client_evidence_backfill,EXP-5.1,0.792513,0.709271,0.939673,auto_accept,,EXP-5.1:0.7925;EXP-5.2:0.0832;EXP-6.5:0.0582,EXP-5.1,0.792513,False,,,,client_evidence,recovered
6835,COMPRAS|771552897|65900|1,DTE_033_000000065900_771552897.xml,2025-09,65900,1,COMPRAS,2025-09-15,33,771552897,AGROINDUSTRIA,BIOLACT ANTILLANCA GRANEL,,AGROCOMERCIAL IANSA S.A.,,A096685810,4155840,312.000,Documento,client_evidence_backfill,EXP-5.1,0.792513,0.709271,0.939673,auto_accept,,EXP-5.1:0.7925;EXP-5.2:0.0832;EXP-6.5:0.0582,EXP-5.1,0.792513,False,,,,client_evidence,recovered
6850,COMPRAS|969839504|125215|9,DTE_033_000000125215_969839504.xml,2025-09,125215,9,COMPRAS,2025-09-12,33,969839504,"COM. EQ.ORDEÑA,VTA.ART.ASEO Y DETER,ASESORIA",MOVILIZACION DE EQUIPOS DE REFRIGERACION,,SOCIEDAD COMERCIAL SERLAC CHILE S.A.,,,114000,114000.00000,Documento,client_evidence_backfill,EXP-10.1,0.754551,0.713575,1.327882,auto_accept,,EXP-10.1:0.7546;EXP-6.5:0.0410;EXP-1.1:0.0266,EXP-10.1,0.754551,False,,,,client_evidence,recovered
6853,COMPRAS|969839504|125547|3,DTE_033_000000125547_969839504.xml,2025-09,125547,3,COMPRAS,2025-09-25,33,969839504,"COM. EQ.ORDEÑA,VTA.ART.ASEO Y DETER,ASESORIA",MOVILIZACION DE EQUIPOS DE REFRIGERACION,,SOCIEDAD COMERCIAL SERLAC CHILE S.A.,,,150000,150000.00000,Documento,client_evidence_backfill,EXP-10.1,0.754551,0.713575,1.327882,auto_accept,,EXP-10.1:0.7546;EXP-6.5:0.0410;EXP-1.1:0.0266,EXP-10.1,0.754551,False,,,,client_evidence,recovered
6858,COMPRAS|762599570|213325|1,DTE_033_000000213325_762599570.xml,2025-09,213325,1,COMPRAS,2025-09-02,33,762599570,SERVICENTRO,93 S/P,,ESTACIONES DE SERVICIO PAOLA USLAR MOLINA E.I.R.L.,,,76001,760.01,Documento,client_evidence_backfill,ADM-1.4,0.746355,0.704891,1.381561,auto_accept,,ADM-1.4:0.7464;EXP-11.4:0.0415;EXP-10.1:0.0346,ADM-1.4,0.746355,False,,,,client_evidence,recovered
6861,COMPRAS|762599570|215338|1,DTE_033_000000215338_762599570.xml,2025-09,215338,1,COMPRAS,2025-09-27,33,762599570,SERVICENTRO,93 S/P,,ESTACIONES DE SERVICIO PAOLA USLAR MOLINA E.I.R.L.,,,23302,762.0,Documento,client_evidence_backfill,ADM-1.4,0.746355,0.704891,1.381561,auto_accept,,ADM-1.4:0.7464;EXP-11.4:0.0415;EXP-10.1:0.0346,ADM-1.4,0.746355,False,,,,client_evidence,recovered
6862,COMPRAS|762599570|215613|1,DTE_033_000000215613_762599570.xml,2025-09,215613,1,COMPRAS,2025-09-30,33,762599570,SERVICENTRO,93 S/P,,ESTACIONES DE SERVICIO PAOLA USLAR MOLINA E.I.R.L.,,,45724,762.0,Documento,client_evidence_backfill,ADM-1.4,0.746355,0.704891,1.381561,auto_accept,,ADM-1.4:0.7464;EXP-11.4:0.0415;EXP-10.1:0.0346,ADM-1.4,0.746355,False,,,,client_evidence,recovered
6988,COMPRAS|77505400K|426832|1,DTE_033_000000426832_77505400K.xml,2025-09,426832,1,COMPRAS,2025-09-26,33,77505400K,MALLAS PROTEKTA LIMITADA,HUMUS 10 KG OR,HUMUS 10 KG OR,Mallas Protekta Limitada,,,8000,8000,Documento,silver_audit_backfill,EXP-6.5,0.559655,0.421365,1.893927,auto_accept,,EXP-6.5:0.5597;EXP-2.4:0.1383;EXP-5.3:0.0569,EXP-6.5,0.559655,False,,,,silver_audit,recovered
6992,COMPRAS|777854402|528303|2,DTE_033_000000528303_777854402.xml,2025-09,528303,2,COMPRAS,2025-09-10,33,777854402,ESTACION,BIDON GASOLINA 20 LT,BIDON GASOLINA 20 LT,SOC DE TRANSPORTES STEUER HOLMGREN Y COM,,,26050,13025,Documento,silver_audit_backfill,EXP-11.4,0.700505,0.574598,1.278173,auto_accept,,EXP-11.4:0.7005;ADM-1.4:0.1259;EXP-11.5:0.0389,EXP-11.4,0.700505,False,,,,silver_audit,recovered
7028,COMPRAS|864906001|689356|2,DTE_033_000000689356_864906001.xml,2025-09,689356,2,COMPRAS,2025-09-30,33,864906001,"Venta al por mayor de Materiales de Construccion,","CARTUCHO GAS BUTANO-PROPANO 227 G ""OFERTA""",,COMERCIAL CLIMENT SPA,,1805561,5983,1495.75,Documento,silver_audit_backfill,EXP-11.5,0.577223,0.202336,0.960923,auto_accept,,EXP-16.2:0.5772;EXP-11.5:0.3749;ADM-1.4:0.0133,EXP-16.2,0.577223,False,,,,silver_audit,recovered_over_model_disagreement
7036,COMPRAS|760468894|1027664|1,DTE_033_000001027664_760468894.xml,2025-09,1027664,1,COMPRAS,2025-09-01,33,760468894,"VENTA AL POR MAYOR DE MATERIAS PRIMAS AGRICOLAS,FUMIGACIONES,DESTRUCC. DE PLAGAS",ROUNDUP CONTROLMAX (15 KG) BY,,MARTINEZ Y VALDIVIESO S.A,,0001019264,926669,6177.7933,Documento,silver_audit_backfill,EXP-7.0,0.583678,0.501709,1.827523,auto_accept,,EXP-7.0:0.5837;EXP-10.3:0.0820;EXP-13.1:0.0719,EXP-7.0,0.583678,False,,,,silver_audit,recovered
7077,COMPRAS|967895202|1552335|3,DTE_033_000001552335_967895202.xml,2025-09,1552335,3,COMPRAS,2025-09-11,33,967895202,COMERCIALIZADORA DE INSUMOS AGRICOLAS,MASTIPLAN X 20 JERINGAS -____,____,FEROSOR AGRICOLA S.A.,,,316585,54396.05,Documento,client_evidence_backfill,EXP-2.2,0.410644,0.261832,2.354055,auto_accept,,EXP-2.2:0.4106;EXP-2.4:0.1488;EXP-16.2:0.0688,EXP-2.2,0.410644,False,,,,client_evidence,recovered
7078,COMPRAS|967895202|1552335|4,DTE_033_000001552335_967895202.xml,2025-09,1552335,4,COMPRAS,2025-09-11,33,967895202,COMERCIALIZADORA DE INSUMOS AGRICOLAS,PINTURA SPRAY FIL ROJO -_ROJO___,_ROJO___,FEROSOR AGRICOLA S.A.,,,44924,7718.9,Documento,client_evidence_backfill,EXP-2.2,0.632954,0.328468,0.978758,auto_accept,,EXP-2.2:0.6330;EXP-2.6:0.3045;EXP-16.2:0.0185,EXP-2.2,0.632954,False,,,,client_evidence,recovered
7079,COMPRAS|967895202|1552335|5,DTE_033_000001552335_967895202.xml,2025-09,1552335,5,COMPRAS,2025-09-11,33,967895202,COMERCIALIZADORA DE INSUMOS AGRICOLAS,PINTURA SPRAY FIL VERDE -_VERDE___,_VERDE___,FEROSOR AGRICOLA S.A.,,,44924,7718.9,Documento,client_evidence_backfill,EXP-2.2,0.599172,0.287877,1.098324,auto_accept,,EXP-2.2:0.5992;EXP-2.6:0.3113;EXP-16.2:0.0290,EXP-2.2,0.599172,False,,,,client_evidence,recovered
7102,COMPRAS|966868708|2157372|1,DTE_033_000002157372_966868708.xml,2025-09,2157372,1,COMPRAS,2025-09-23,33,966868708,AGROINDUSTRIA COMERCIALIZACIÓN DE PRODUCTOS E INSUMOS AGRÍCOLAS REPARACIÓN MANTE,"GARLON 4 3,79 L",,COAGRA S.A.,,9029602,388118,34135.2680,Documento,silver_audit_backfill,EXP-7.0,0.47176,0.317546,2.041162,auto_accept,,EXP-13.1:0.4718;EXP-7.0:0.1542;EXP-10.1:0.0802,EXP-13.1,0.47176,False,,,,silver_audit,recovered_over_model_disagreement
7107,COMPRAS|966868708|2157372|6,DTE_033_000002157372_966868708.xml,2025-09,2157372,6,COMPRAS,2025-09-23,33,966868708,AGROINDUSTRIA COMERCIALIZACIÓN DE PRODUCTOS E INSUMOS AGRÍCOLAS REPARACIÓN MANTE,SILWET TX 100 1 L,,COAGRA S.A.,,9029602,91810,30603.3330,Documento,manually_audited_near_identical_backfill,EXP-7.0,0.704019,0.571817,1.152056,auto_accept,,EXP-7.0:0.7040;EXP-13.1:0.1322;EXP-10.3:0.0896,EXP-7.0,0.704019,False,,,,manually_audited_near_identical,recovered
7117,COMPRAS|97080000K|3367876|1,DTE_033_000003367876_97080000K.xml,2025-09,3367876,1,COMPRAS,2025-09-05,33,97080000K,BANCO COMERCIAL,Comisión por Nóminas en Línea CCA,,BANCO BICE,,,367581,367581,Documento,silver_audit_backfill,ADM-1.7,0.517366,0.394462,1.727873,auto_accept,,ADM-1.7:0.5174;EXP-15.1:0.1229;ADM-1.10:0.1009,ADM-1.7,0.517366,False,,,,silver_audit,recovered
7118,COMPRAS|97080000K|3367877|1,DTE_033_000003367877_97080000K.xml,2025-09,3367877,1,COMPRAS,2025-09-05,33,97080000K,BANCO COMERCIAL,Comisión por Pagos de Nominas,,BANCO BICE,,,4733,4733,Documento,silver_audit_backfill,ADM-1.7,0.574554,0.487035,1.607365,auto_accept,,ADM-1.7:0.5746;ADM-1.5:0.0875;ADM-1.10:0.0717,ADM-1.7,0.574554,False,,,,silver_audit,recovered
7119,COMPRAS|97080000K|3367877|2,DTE_033_000003367877_97080000K.xml,2025-09,3367877,2,COMPRAS,2025-09-05,33,97080000K,BANCO COMERCIAL,Comisión por Pagos de Nominas,,BANCO BICE,,,7099,7099,Documento,silver_audit_backfill,ADM-1.7,0.574554,0.487035,1.607365,auto_accept,,ADM-1.7:0.5746;ADM-1.5:0.0875;ADM-1.10:0.0717,ADM-1.7,0.574554,False,,,,silver_audit,recovered
7223,COMPRAS|810941006|28957024|1,DTE_033_000028957024_810941006.xml,2025-09,28957024,1,COMPRAS,2025-09-26,33,810941006,FABR. Y DIST.PROD.LACTEOS VTAS. INSAGRIC,SEMILLA BALLICA TAMA CTE DES X 25 KG,SEMILLA BALLICA TAMA CTE DES,COOPERATIVA AGRICOLA Y LECHERA DE LA UNION LTDA.,,,350000,50000,Documento,silver_audit_backfill,EXP-8.1,0.657781,0.371397,0.907471,auto_accept,,EXP-8.1:0.6578;EXP-8.2:0.2864;EXP-8.4:0.0321,EXP-8.1,0.657781,False,,,,silver_audit,recovered
7241,COMPRAS|810941006|29070818|1,DTE_033_000029070818_810941006.xml,2025-09,29070818,1,COMPRAS,2025-09-03,33,810941006,FABR. Y DIST.PROD.LACTEOS VTAS. INSAGRIC,GASOLINA 93,GASOLINA 93,COOPERATIVA AGRICOLA Y LECHERA DE LA UNION LTDA.,,,45550,759.166667,Documento,client_evidence_backfill,EXP-11.4,0.683454,0.434096,0.922669,auto_accept,,EXP-11.4:0.6835;ADM-1.4:0.2494;EXP-11.5:0.0307,EXP-11.4,0.683454,False,,,,client_evidence,recovered
7246,COMPRAS|810941006|29158180|1,DTE_033_000029158180_810941006.xml,2025-09,29158180,1,COMPRAS,2025-09-01,33,810941006,FABR. Y DIST.PROD.LACTEOS VTAS. INSAGRIC,SEMILLA BALLICA DAIRY PRIME DES X 25 KG,SEMILLA BALLICA DAIRY PRIME DES X 25 KG,COOPERATIVA AGRICOLA Y LECHERA DE LA UNION LTDA.,,,3760000,235000,Documento,silver_audit_backfill,EXP-8.1,0.645232,0.351814,0.928479,auto_accept,,EXP-8.1:0.6452;EXP-8.2:0.2934;EXP-8.4:0.0379,EXP-8.1,0.645232,False,,,,silver_audit,recovered
7249,COMPRAS|810941006|29158180|4,DTE_033_000029158180_810941006.xml,2025-09,29158180,4,COMPRAS,2025-09-01,33,810941006,FABR. Y DIST.PROD.LACTEOS VTAS. INSAGRIC,SEMILLA BALLICA FORGE AGR X 25 KG,SEMILLA BALLICA FORGE AGR X 25 KG,COOPERATIVA AGRICOLA Y LECHERA DE LA UNION LTDA.,,,1536000,192000,Documento,silver_audit_backfill,EXP-8.2,0.615551,0.286497,0.941485,auto_accept,,EXP-8.2:0.6156;EXP-8.1:0.3291;EXP-8.4:0.0312,EXP-8.2,0.615551,False,,,,silver_audit,recovered
7348,COMPRAS|810941006|29163309|1,DTE_033_000029163309_810941006.xml,2025-09,29163309,1,COMPRAS,2025-09-01,33,810941006,FABR.Y DIST.PROD.LACTEOS VTAS.INSUMOS AG,GASOLINA 93,,COOPERATIVA AGRICOLA Y LECHERA DE LA UNI,,0966858109,22869,7623000,Documento,client_evidence_backfill,EXP-11.4,0.742119,0.56984,0.91508,auto_accept,,EXP-11.4:0.7421;ADM-1.4:0.1723;EXP-11.5:0.0309,EXP-11.4,0.742119,False,,,,client_evidence,recovered
7349,COMPRAS|810941006|29163333|1,DTE_033_000029163333_810941006.xml,2025-09,29163333,1,COMPRAS,2025-09-02,33,810941006,FABR.Y DIST.PROD.LACTEOS VTAS.INSUMOS AG,GASOLINA 93,,COOPERATIVA AGRICOLA Y LECHERA DE LA UNI,,0966858109,91100,7591667,Documento,client_evidence_backfill,EXP-11.4,0.742119,0.56984,0.91508,auto_accept,,EXP-11.4:0.7421;ADM-1.4:0.1723;EXP-11.5:0.0309,EXP-11.4,0.742119,False,,,,client_evidence,recovered
7350,COMPRAS|810941006|29163350|1,DTE_033_000029163350_810941006.xml,2025-09,29163350,1,COMPRAS,2025-09-03,33,810941006,FABR.Y DIST.PROD.LACTEOS VTAS.INSUMOS AG,GASOLINA 93,,COOPERATIVA AGRICOLA Y LECHERA DE LA UNI,,0966858109,22775,7591667,Documento,client_evidence_backfill,EXP-11.4,0.742119,0.56984,0.91508,auto_accept,,EXP-11.4:0.7421;ADM-1.4:0.1723;EXP-11.5:0.0309,EXP-11.4,0.742119,False,,,,client_evidence,recovered
7351,COMPRAS|810941006|29163364|1,DTE_033_000029163364_810941006.xml,2025-09,29163364,1,COMPRAS,2025-09-04,33,810941006,FABR.Y DIST.PROD.LACTEOS VTAS.INSUMOS AG,GASOLINA 93,,COOPERATIVA AGRICOLA Y LECHERA DE LA UNI,,0966858109,15183,7591500,Documento,client_evidence_backfill,EXP-11.4,0.742119,0.56984,0.91508,auto_accept,,EXP-11.4:0.7421;ADM-1.4:0.1723;EXP-11.5:0.0309,EXP-11.4,0.742119,False,,,,client_evidence,recovered
7352,COMPRAS|810941006|29163390|1,DTE_033_000029163390_810941006.xml,2025-09,29163390,1,COMPRAS,2025-09-05,33,810941006,FABR.Y DIST.PROD.LACTEOS VTAS.INSUMOS AG,GASOLINA 93,,COOPERATIVA AGRICOLA Y LECHERA DE LA UNI,,0966858109,23454,7818000,Documento,client_evidence_backfill,EXP-11.4,0.742119,0.56984,0.91508,auto_accept,,EXP-11.4:0.7421;ADM-1.4:0.1723;EXP-11.5:0.0309,EXP-11.4,0.742119,False,,,,client_evidence,recovered
7353,COMPRAS|810941006|29163407|1,DTE_033_000029163407_810941006.xml,2025-09,29163407,1,COMPRAS,2025-09-08,33,810941006,FABR.Y DIST.PROD.LACTEOS VTAS.INSUMOS AGRICOLAS VETER. COMBUSTIBLES Y VEHICULOS,GASOLINA 93,Retira: ANTILLANCA SPA{Impuesto base combustible: 16624{Impuesto variable combustible: -1197,COOPERATIVA AGRICOLA Y LECHERA DE LA UNION LTDA.,,0966858109,31272,781.792000,Documento,client_evidence_backfill,EXP-11.4,0.549182,0.184013,1.108946,auto_accept,,EXP-11.4:0.5492;ADM-1.4:0.3652;EXP-11.5:0.0226,EXP-11.4,0.549182,False,,,,client_evidence,recovered
7355,COMPRAS|810941006|29163410|1,DTE_033_000029163410_810941006.xml,2025-09,29163410,1,COMPRAS,2025-09-08,33,810941006,FABR.Y DIST.PROD.LACTEOS VTAS.INSUMOS AGRICOLAS VETER. COMBUSTIBLES Y VEHICULOS,GASOLINA 93,Retira: ANTILLANCA SPA{Impuesto base combustible: 12468{Impuesto variable combustible: -898,COOPERATIVA AGRICOLA Y LECHERA DE LA UNION LTDA.,,0966858109,23454,781.792000,Documento,client_evidence_backfill,EXP-11.4,0.529999,0.151791,1.139056,auto_accept,,EXP-11.4:0.5300;ADM-1.4:0.3782;EXP-11.5:0.0250,EXP-11.4,0.529999,False,,,,client_evidence,recovered
7357,COMPRAS|810941006|29163441|1,DTE_033_000029163441_810941006.xml,2025-09,29163441,1,COMPRAS,2025-09-10,33,810941006,FABR.Y DIST.PROD.LACTEOS VTAS.INSUMOS AG,GASOLINA 93,,COOPERATIVA AGRICOLA Y LECHERA DE LA UNI,,0966858109,23454,7818000,Documento,client_evidence_backfill,EXP-11.4,0.742119,0.56984,0.91508,auto_accept,,EXP-11.4:0.7421;ADM-1.4:0.1723;EXP-11.5:0.0309,EXP-11.4,0.742119,False,,,,client_evidence,recovered
7358,COMPRAS|810941006|29163486|1,DTE_033_000029163486_810941006.xml,2025-09,29163486,1,COMPRAS,2025-09-12,33,810941006,FABR.Y DIST.PROD.LACTEOS VTAS.INSUMOS AG,GASOLINA 93,,COOPERATIVA AGRICOLA Y LECHERA DE LA UNI,,0966858109,23718,7906000,Documento,client_evidence_backfill,EXP-11.4,0.742119,0.56984,0.91508,auto_accept,,EXP-11.4:0.7421;ADM-1.4:0.1723;EXP-11.5:0.0309,EXP-11.4,0.742119,False,,,,client_evidence,recovered
7359,COMPRAS|810941006|29163492|1,DTE_033_000029163492_810941006.xml,2025-09,29163492,1,COMPRAS,2025-09-15,33,810941006,FABR.Y DIST.PROD.LACTEOS VTAS.INSUMOS AGRICOLAS VETER. COMBUSTIBLES Y VEHICULOS,GASOLINA 93,Retira: ANTILLANCA SPA{Impuesto base combustible: 8312{Impuesto variable combustible: -908,COOPERATIVA AGRICOLA Y LECHERA DE LA UNION LTDA.,,0966858109,15812,790.587700,Documento,client_evidence_backfill,EXP-11.4,0.562777,0.204192,1.076412,auto_accept,,EXP-11.4:0.5628;ADM-1.4:0.3586;EXP-11.5:0.0217,EXP-11.4,0.562777,False,,,,client_evidence,recovered
7361,COMPRAS|810941006|29163508|1,DTE_033_000029163508_810941006.xml,2025-09,29163508,1,COMPRAS,2025-09-15,33,810941006,FABR.Y DIST.PROD.LACTEOS VTAS.INSUMOS AG,GASOLINA 93,,COOPERATIVA AGRICOLA Y LECHERA DE LA UNI,,0966858109,23718,7906000,Documento,client_evidence_backfill,EXP-11.4,0.742119,0.56984,0.91508,auto_accept,,EXP-11.4:0.7421;ADM-1.4:0.1723;EXP-11.5:0.0309,EXP-11.4,0.742119,False,,,,client_evidence,recovered
7363,COMPRAS|810941006|29163573|1,DTE_033_000029163573_810941006.xml,2025-09,29163573,1,COMPRAS,2025-09-22,33,810941006,FABR.Y DIST.PROD.LACTEOS VTAS.INSUMOS AG,GASOLINA 93,,COOPERATIVA AGRICOLA Y LECHERA DE LA UNI,,0966858109,23438,7812667,Documento,client_evidence_backfill,EXP-11.4,0.742119,0.56984,0.91508,auto_accept,,EXP-11.4:0.7421;ADM-1.4:0.1723;EXP-11.5:0.0309,EXP-11.4,0.742119,False,,,,client_evidence,recovered
7364,COMPRAS|810941006|29163584|1,DTE_033_000029163584_810941006.xml,2025-09,29163584,1,COMPRAS,2025-09-23,33,810941006,FABR.Y DIST.PROD.LACTEOS VTAS.INSUMOS AG,GASOLINA 93,,COOPERATIVA AGRICOLA Y LECHERA DE LA UNI,,0966858109,46876,7812667,Documento,client_evidence_backfill,EXP-11.4,0.742119,0.56984,0.91508,auto_accept,,EXP-11.4:0.7421;ADM-1.4:0.1723;EXP-11.5:0.0309,EXP-11.4,0.742119,False,,,,client_evidence,recovered
7367,COMPRAS|810941006|29163630|1,DTE_033_000029163630_810941006.xml,2025-09,29163630,1,COMPRAS,2025-09-26,33,810941006,FABR.Y DIST.PROD.LACTEOS VTAS.INSUMOS AG,GASOLINA 93,,COOPERATIVA AGRICOLA Y LECHERA DE LA UNI,,0966858109,15223,7611500,Documento,client_evidence_backfill,EXP-11.4,0.742119,0.56984,0.91508,auto_accept,,EXP-11.4:0.7421;ADM-1.4:0.1723;EXP-11.5:0.0309,EXP-11.4,0.742119,False,,,,client_evidence,recovered
7368,COMPRAS|810941006|29163639|1,DTE_033_000029163639_810941006.xml,2025-09,29163639,1,COMPRAS,2025-09-26,33,810941006,FABR.Y DIST.PROD.LACTEOS VTAS.INSUMOS AG,GASOLINA 93,,COOPERATIVA AGRICOLA Y LECHERA DE LA UNI,,0966858109,22835,7611667,Documento,client_evidence_backfill,EXP-11.4,0.742119,0.56984,0.91508,auto_accept,,EXP-11.4:0.7421;ADM-1.4:0.1723;EXP-11.5:0.0309,EXP-11.4,0.742119,False,,,,client_evidence,recovered
7369,COMPRAS|810941006|29163662|1,DTE_033_000029163662_810941006.xml,2025-09,29163662,1,COMPRAS,2025-09-29,33,810941006,FABR.Y DIST.PROD.LACTEOS VTAS.INSUMOS AG,GASOLINA 93,,COOPERATIVA AGRICOLA Y LECHERA DE LA UNI,,0966858109,22835,7611667,Documento,client_evidence_backfill,EXP-11.4,0.742119,0.56984,0.91508,auto_accept,,EXP-11.4:0.7421;ADM-1.4:0.1723;EXP-11.5:0.0309,EXP-11.4,0.742119,False,,,,client_evidence,recovered
7374,COMPRAS|810941006|29307797|1,DTE_033_000029307797_810941006.xml,2025-09,29307797,1,COMPRAS,2025-09-04,33,810941006,FABR.Y DIST.PROD.LACTEOS VTAS.INSUMOS AG,GASOLINA 93,,COOPERATIVA AGRICOLA Y LECHERA DE LA UNI,,0966858109,46908,7818000,Documento,client_evidence_backfill,EXP-11.4,0.742119,0.56984,0.91508,auto_accept,,EXP-11.4:0.7421;ADM-1.4:0.1723;EXP-11.5:0.0309,EXP-11.4,0.742119,False,,,,client_evidence,recovered
7376,COMPRAS|810941006|29307870|1,DTE_033_000029307870_810941006.xml,2025-09,29307870,1,COMPRAS,2025-09-08,33,810941006,FABR.Y DIST.PROD.LACTEOS VTAS.INSUMOS AGRICOLAS VETER. COMBUSTIBLES Y VEHICULOS,GASOLINA 93,Retira: ANTILLANCA SPA{Impuesto base combustible: 29922{Impuesto variable combustible: -2154,COOPERATIVA AGRICOLA Y LECHERA DE LA UNION LTDA.,,0966858109,56289,781.792000,Documento,client_evidence_backfill,EXP-11.4,0.538876,0.164743,1.11733,auto_accept,,EXP-11.4:0.5389;ADM-1.4:0.3741;EXP-11.5:0.0234,EXP-11.4,0.538876,False,,,,client_evidence,recovered
7378,COMPRAS|810941006|29307872|1,DTE_033_000029307872_810941006.xml,2025-09,29307872,1,COMPRAS,2025-09-09,33,810941006,FABR.Y DIST.PROD.LACTEOS VTAS.INSUMOS AGRICOLAS VETER. COMBUSTIBLES Y VEHICULOS,GASOLINA 93,Retira: ANTILLANCA SPA{Impuesto base combustible: 8312{Impuesto variable combustible: -598,COOPERATIVA AGRICOLA Y LECHERA DE LA UNION LTDA.,,0966858109,15636,781.792000,Documento,client_evidence_backfill,EXP-11.4,0.554411,0.19605,1.111747,auto_accept,,EXP-11.4:0.5544;ADM-1.4:0.3584;EXP-11.5:0.0248,EXP-11.4,0.554411,False,,,,client_evidence,recovered
7381,COMPRAS|810941006|29308019|1,DTE_033_000029308019_810941006.xml,2025-09,29308019,1,COMPRAS,2025-09-15,33,810941006,FABR.Y DIST.PROD.LACTEOS VTAS.INSUMOS AGRICOLAS VETER. COMBUSTIBLES Y VEHICULOS,GASOLINA 93,,COOPERATIVA AGRICOLA Y LECHERA DE LA UNION LTDA.,,0966858109,23718,790.587700,Documento,client_evidence_backfill,EXP-11.4,0.734373,0.548601,0.906511,auto_accept,,EXP-11.4:0.7344;ADM-1.4:0.1858;EXP-11.5:0.0304,EXP-11.4,0.734373,False,,,,client_evidence,recovered
7384,COMPRAS|810941006|29308100|1,DTE_033_000029308100_810941006.xml,2025-09,29308100,1,COMPRAS,2025-09-16,33,810941006,FABR.Y DIST.PROD.LACTEOS VTAS.INSUMOS AG,GASOLINA 93,,COOPERATIVA AGRICOLA Y LECHERA DE LA UNI,,0966858109,24508,7905806,Documento,client_evidence_backfill,EXP-11.4,0.742119,0.56984,0.91508,auto_accept,,EXP-11.4:0.7421;ADM-1.4:0.1723;EXP-11.5:0.0309,EXP-11.4,0.742119,False,,,,client_evidence,recovered
7386,COMPRAS|810941006|29308120|1,DTE_033_000029308120_810941006.xml,2025-09,29308120,1,COMPRAS,2025-09-17,33,810941006,FABR.Y DIST.PROD.LACTEOS VTAS.INSUMOS AG,GASOLINA 93,,COOPERATIVA AGRICOLA Y LECHERA DE LA UNI,,0966858109,53760,7905882,Documento,client_evidence_backfill,EXP-11.4,0.742119,0.56984,0.91508,auto_accept,,EXP-11.4:0.7421;ADM-1.4:0.1723;EXP-11.5:0.0309,EXP-11.4,0.742119,False,,,,client_evidence,recovered
7387,COMPRAS|810941006|29308165|1,DTE_033_000029308165_810941006.xml,2025-09,29308165,1,COMPRAS,2025-09-22,33,810941006,FABR.Y DIST.PROD.LACTEOS VTAS.INSUMOS AG,GASOLINA 93,,COOPERATIVA AGRICOLA Y LECHERA DE LA UNI,,0966858109,35157,7812667,Documento,client_evidence_backfill,EXP-11.4,0.742119,0.56984,0.91508,auto_accept,,EXP-11.4:0.7421;ADM-1.4:0.1723;EXP-11.5:0.0309,EXP-11.4,0.742119,False,,,,client_evidence,recovered
7388,COMPRAS|810941006|29308183|1,DTE_033_000029308183_810941006.xml,2025-09,29308183,1,COMPRAS,2025-09-23,33,810941006,FABR.Y DIST.PROD.LACTEOS VTAS.INSUMOS AG,GASOLINA 93,,COOPERATIVA AGRICOLA Y LECHERA DE LA UNI,,0966858109,15625,7812500,Documento,client_evidence_backfill,EXP-11.4,0.742119,0.56984,0.91508,auto_accept,,EXP-11.4:0.7421;ADM-1.4:0.1723;EXP-11.5:0.0309,EXP-11.4,0.742119,False,,,,client_evidence,recovered
7391,COMPRAS|810941006|29308275|1,DTE_033_000029308275_810941006.xml,2025-09,29308275,1,COMPRAS,2025-09-25,33,810941006,FABR.Y DIST.PROD.LACTEOS VTAS.INSUMOS AGRICOLAS VETER. COMBUSTIBLES Y VEHICULOS,GASOLINA 93,Retira: ANTILLANCA SPA{Impuesto base combustible: 22026{Impuesto variable combustible: -761,COOPERATIVA AGRICOLA Y LECHERA DE LA UNION LTDA.,,0966858109,40341,761.156200,Documento,client_evidence_backfill,EXP-11.4,0.559095,0.201552,1.094286,auto_accept,,EXP-11.4:0.5591;ADM-1.4:0.3575;EXP-11.5:0.0234,EXP-11.4,0.559095,False,,,,client_evidence,recovered
7393,COMPRAS|810941006|29308344|1,DTE_033_000029308344_810941006.xml,2025-09,29308344,1,COMPRAS,2025-09-29,33,810941006,FABR.Y DIST.PROD.LACTEOS VTAS.INSUMOS AG,GASOLINA 93,,COOPERATIVA AGRICOLA Y LECHERA DE LA UNI,,0966858109,44908,7611525,Documento,client_evidence_backfill,EXP-11.4,0.742119,0.56984,0.91508,auto_accept,,EXP-11.4:0.7421;ADM-1.4:0.1723;EXP-11.5:0.0309,EXP-11.4,0.742119,False,,,,client_evidence,recovered
7395,COMPRAS|810941006|29308349|1,DTE_033_000029308349_810941006.xml,2025-09,29308349,1,COMPRAS,2025-09-29,33,810941006,FABR.Y DIST.PROD.LACTEOS VTAS.INSUMOS AGRICOLAS VETER. COMBUSTIBLES Y VEHICULOS,GASOLINA 93,Retira: ANTILLANCA SPA{Impuesto base combustible: 16624{Impuesto variable combustible: -575,COOPERATIVA AGRICOLA Y LECHERA DE LA UNION LTDA.,,0966858109,30446,761.156200,Documento,client_evidence_backfill,EXP-11.4,0.55847,0.201107,1.098973,auto_accept,,EXP-11.4:0.5585;ADM-1.4:0.3574;EXP-11.5:0.0236,EXP-11.4,0.55847,False,,,,client_evidence,recovered
7406,COMPRAS|810941006|29367673|1,DTE_033_000029367673_810941006.xml,2025-09,29367673,1,COMPRAS,2025-09-12,33,810941006,FABR. Y DIST.PROD.LACTEOS VTAS. INSAGRIC,GASOLINA 93,GASOLINA 93,COOPERATIVA AGRICOLA Y LECHERA DE LA UNION LTDA.,,,47435,790.583333,Documento,client_evidence_backfill,EXP-11.4,0.683454,0.434096,0.922669,auto_accept,,EXP-11.4:0.6835;ADM-1.4:0.2494;EXP-11.5:0.0307,EXP-11.4,0.683454,False,,,,client_evidence,recovered
7412,COMPRAS|810941006|29367675|5,DTE_033_000029367675_810941006.xml,2025-09,29367675,5,COMPRAS,2025-09-12,33,810941006,FABR. Y DIST.PROD.LACTEOS VTAS. INSAGRIC,YODOCAP X 1 L,YODOCAP X 1 L,COOPERATIVA AGRICOLA Y LECHERA DE LA UNION LTDA.,,,19412,9706,Documento,client_evidence_backfill,EXP-2.5,0.33269,0.087827,1.935688,auto_accept,,EXP-2.5:0.3327;EXP-10.3:0.2449;EXP-2.2:0.1431,EXP-2.5,0.33269,False,,,,client_evidence,recovered
7415,COMPRAS|810941006|29368130|1,DTE_033_000029368130_810941006.xml,2025-09,29368130,1,COMPRAS,2025-09-17,33,810941006,FABR. Y DIST.PROD.LACTEOS VTAS. INSAGRIC,GASOLINA 93,GASOLINA 93,COOPERATIVA AGRICOLA Y LECHERA DE LA UNION LTDA.,,,47435,790.583333,Documento,client_evidence_backfill,EXP-11.4,0.683454,0.434096,0.922669,auto_accept,,EXP-11.4:0.6835;ADM-1.4:0.2494;EXP-11.5:0.0307,EXP-11.4,0.683454,False,,,,client_evidence,recovered
7417,COMPRAS|810941006|29368471|1,DTE_033_000029368471_810941006.xml,2025-09,29368471,1,COMPRAS,2025-09-22,33,810941006,FABR. Y DIST.PROD.LACTEOS VTAS. INSAGRIC,GASOLINA 93,GASOLINA 93,COOPERATIVA AGRICOLA Y LECHERA DE LA UNION LTDA.,,,31251,781.275000,Documento,client_evidence_backfill,EXP-11.4,0.683454,0.434096,0.922669,auto_accept,,EXP-11.4:0.6835;ADM-1.4:0.2494;EXP-11.5:0.0307,EXP-11.4,0.683454,False,,,,client_evidence,recovered
7446,COMPRAS|810941006|29368637|1,DTE_033_000029368637_810941006.xml,2025-09,29368637,1,COMPRAS,2025-09-23,33,810941006,FABR. Y DIST.PROD.LACTEOS VTAS. INSAGRIC,GASOLINA 93,GASOLINA 93,COOPERATIVA AGRICOLA Y LECHERA DE LA UNION LTDA.,,,31251,781.275000,Documento,client_evidence_backfill,EXP-11.4,0.683454,0.434096,0.922669,auto_accept,,EXP-11.4:0.6835;ADM-1.4:0.2494;EXP-11.5:0.0307,EXP-11.4,0.683454,False,,,,client_evidence,recovered
7462,COMPRAS|970040005|44842291|1,DTE_033_000044842291_970040005.xml,2025-09,44842291,1,COMPRAS,2025-09-09,33,970040005,Banco Comercial,COMISION MENSUAL ADMINISTRACION CONVENIO]REMUNERACIONES,COMISION MENSUAL ADMINISTRACION CONVENIO]REMUNERACIONES ]NUMERO DE OPERACION 02600554401 .,Banco de Chile,,,12682,12682,Documento,silver_audit_backfill,ADM-1.7,0.370805,0.201617,2.203085,auto_accept,,ADM-1.7:0.3708;ADM-1.5:0.1692;EXP-15.1:0.0886,ADM-1.7,0.370805,False,,,,silver_audit,recovered
7527,COMPRAS|968480502|104319|1,DTE_034_000000104319_968480502.xml,2025-09,104319,1,COMPRAS,2025-09-01,34,968480502,Concesionario de Peaje,Recarga de Prepagos,,Ruta de los Rios Sociedad Concesionaria S.A.,,,300000,300000,Documento,client_evidence_backfill,ADM-1.4,0.546193,0.402762,1.881673,auto_accept,,ADM-1.4:0.5462;EXP-15.5:0.1434;ADM-1.7:0.0673,ADM-1.4,0.546193,False,,,,client_evidence,recovered
7547,COMPRAS|162627155|35|3,DTE_033_000000000035_162627155.xml,2025-10,35,3,COMPRAS,2025-10-15,33,162627155,"SERVICIOS DE INSTALACIONES ELÉCTRICAS, DE GASFITERÍA Y CONSTRUIÒN",HORA SERVICIO TECNICO,,ERWIN RAMIRO AGUILEF PINUER,,,211200,35200.00,Documento,silver_audit_backfill,EXP-14.4,0.463812,0.339268,2.181173,auto_accept,,EXP-14.4:0.4638;EXP-10.1:0.1245;ADM-1.6:0.0598,EXP-14.4,0.463812,False,,,,silver_audit,recovered
7553,COMPRAS|779509370|55|5,DTE_033_000000000055_779509370.xml,2025-09,55,5,COMPRAS,2025-09-30,33,779509370,PRESTACION DE SERVICIOS AGRICOLAS,SMART BLUE - MAITEN,,PRESTACIONES DE SERVICIOS AGRICOLAS EL SIERVO LIMITADA,,,1144000,8000.00,Documento,silver_audit_backfill,EXP-6.2,0.824896,0.783383,0.972364,auto_accept,,EXP-6.2:0.8249;EXP-14.4:0.0415;ADM-1.6:0.0244,EXP-6.2,0.824896,False,,,,silver_audit,recovered
7554,COMPRAS|779509370|55|6,DTE_033_000000000055_779509370.xml,2025-09,55,6,COMPRAS,2025-09-30,33,779509370,PRESTACION DE SERVICIOS AGRICOLAS,SMART BLUE - MAITEN,,PRESTACIONES DE SERVICIOS AGRICOLAS EL SIERVO LIMITADA,,,1232000,8000.00,Documento,silver_audit_backfill,EXP-6.2,0.824896,0.783383,0.972364,auto_accept,,EXP-6.2:0.8249;EXP-14.4:0.0415;ADM-1.6:0.0244,EXP-6.2,0.824896,False,,,,silver_audit,recovered
7566,COMPRAS|119206103|69|1,DTE_033_000000000069_119206103.xml,2025-10,69,1,COMPRAS,2025-10-02,33,119206103,TRANSPORTE DE CARGA POR CARRETERA Y ACT. COMPLEMENTARIAS DEL GIRO,TRAS.FERTILIZANT VITRAMAG,DESDE MAITEN A TINEO,LUIS ANTONIO TORRES JARAMILLO,,,84000,2000.00,Documento,silver_audit_backfill,EXP-6.5,0.737251,0.639012,1.156014,auto_accept,,EXP-6.5:0.7373;EXP-6.1:0.0982;EXP-15.5:0.0499,EXP-6.5,0.737251,False,,,,silver_audit,recovered
7572,COMPRAS|165413962|143|1,DTE_033_000000000143_165413962.xml,2025-10,143,1,COMPRAS,2025-10-13,33,165413962,SERVICIOS TECNICOS ELECTRICOS  - OBRAS MENORES EN CONSTRUCCION,INSTALACION,ELETRICA BODEGA,ALBERTO JESUS LARA GUZMAN,,,570000,570000.00,Documento,client_evidence_backfill,EXP-14.4,0.94257,0.934602,0.39071,auto_accept,,EXP-14.4:0.9426;EXP-2.4:0.0080;EXP-14.3:0.0071,EXP-14.4,0.94257,False,,,,client_evidence,recovered
7573,COMPRAS|165413962|143|2,DTE_033_000000000143_165413962.xml,2025-10,143,2,COMPRAS,2025-10-13,33,165413962,SERVICIOS TECNICOS ELECTRICOS  - OBRAS MENORES EN CONSTRUCCION,INSTALACION,BOMBA TRITURADORA,ALBERTO JESUS LARA GUZMAN,,,280000,280000.00,Documento,client_evidence_backfill,EXP-14.4,0.950774,0.942335,0.344975,auto_accept,,EXP-14.4:0.9508;EXP-14.3:0.0084;EXP-2.4:0.0067,EXP-14.4,0.950774,False,,,,client_evidence,recovered
7574,COMPRAS|77895799K|152|1,DTE_033_000000000152_77895799K.xml,2025-10,152,1,COMPRAS,2025-10-15,33,77895799K,"COMERCIALIZACION, TRANSPORTE Y RECICLAJE DE RESIDUOS INDUSTRIALES",SERVICIO DE RETIRO Y,DISPOSICION FINAL DE RESIDUOS PLASTICOS,SOCIEDAD COMERCIAL VITACYCLE LIMITADA,,,662100,662100.00,Documento,client_evidence_backfill,EXP-16.2,0.118594,0.015813,3.27162,auto_accept,,ADM-1.5:0.1186;ADM-1.4:0.1028;ADM-1.10:0.0700,ADM-1.5,0.118594,False,EXP-16.2,False,,client_evidence,recovered_over_model_disagreement
7634,COMPRAS|776655848|1250|1,DTE_033_000000001250_776655848.xml,2025-10,1250,1,COMPRAS,2025-10-09,33,776655848,"VENTA, ENVASADO Y DISTRIBUCIÓN DE AGUA PURIFICADA",Recarga Agua Purificada,Fundo Raices,PURIFICADORA DE AGUA ALEJANDRO SALAZAR RIVERA E.I.R.L.,,,17647,2521.00,Documento,client_evidence_backfill,ADM-1.6,0.543892,0.325538,1.526074,auto_accept,,ADM-1.6:0.5439;EXP-9.2:0.2184;EXP-15.5:0.1059,ADM-1.6,0.543892,False,,,,client_evidence,recovered
7635,COMPRAS|776655848|1296|1,DTE_033_000000001296_776655848.xml,2025-10,1296,1,COMPRAS,2025-10-29,33,776655848,"VENTA, ENVASADO Y DISTRIBUCIÓN DE AGUA PURIFICADA",Recarga Agua Purificada,Fundo Raices,PURIFICADORA DE AGUA ALEJANDRO SALAZAR RIVERA E.I.R.L.,,,12605,2521.00,Documento,client_evidence_backfill,ADM-1.6,0.543892,0.325538,1.526074,auto_accept,,ADM-1.6:0.5439;EXP-9.2:0.2184;EXP-15.5:0.1059,ADM-1.6,0.543892,False,,,,client_evidence,recovered
7636,COMPRAS|776655848|1299|1,DTE_033_000000001299_776655848.xml,2025-10,1299,1,COMPRAS,2025-10-30,33,776655848,"VENTA, ENVASADO Y DISTRIBUCIÓN DE AGUA PURIFICADA",Recarga Agua Purificada,,PURIFICADORA DE AGUA ALEJANDRO SALAZAR RIVERA E.I.R.L.,,,20168,2521.00,Documento,client_evidence_backfill,ADM-1.6,0.517144,0.242039,1.550521,auto_accept,,ADM-1.6:0.5171;EXP-9.2:0.2751;EXP-14.3:0.0530,ADM-1.6,0.517144,False,,,,client_evidence,recovered
7653,COMPRAS|760726559|2649|1,DTE_033_000000002649_760726559.xml,2025-10,2649,1,COMPRAS,2025-10-29,33,760726559,ASESORIAS AGRICOLAS,CONTROL DE ROEDORES,"PROGRAMA DE CONTROL DE ROEDORES AL PREDIO RAICES, VISITAS REALIZADAS 7/10/2025 HT6916; 21/10/2025 HT6941.",H2 ASESORIAS Y SERVICIOS SPA,,,72000,72000.00,Documento,silver_audit_backfill,EXP-7.0,0.560419,0.32103,1.565804,auto_accept,,EXP-7.0:0.5604;EXP-9.2:0.2394;EXP-10.1:0.0286,EXP-7.0,0.560419,False,,,,silver_audit,recovered
7654,COMPRAS|760726559|2650|1,DTE_033_000000002650_760726559.xml,2025-10,2650,1,COMPRAS,2025-10-29,33,760726559,ASESORIAS AGRICOLAS,CONTROL DE ROEDORES,"CONTROL DE ROEDORES PREDIO YUTRECO, VISITAS REALIZADA 8/10/2025 HT6920; 22/10/2025 HT6945.",H2 ASESORIAS Y SERVICIOS SPA,,,60000,60000.00,Documento,silver_audit_backfill,EXP-7.0,0.465599,0.141737,1.637878,auto_accept,,EXP-7.0:0.4656;EXP-9.2:0.3239;EXP-10.1:0.0336,EXP-7.0,0.465599,False,,,,silver_audit,recovered
7655,COMPRAS|760726559|2651|1,DTE_033_000000002651_760726559.xml,2025-10,2651,1,COMPRAS,2025-10-29,33,760726559,ASESORIAS AGRICOLAS,CONTROL DE ROEDORES,"PROGRAMA DE CONTROL DE ROEDORES PREDIO BRAMADERO, VISITAS REALIZADAS 14/10/2025 HT6929; 27/10/2025 HT6955.",H2 ASESORIAS Y SERVICIOS SPA,,,63000,63000.00,Documento,silver_audit_backfill,EXP-7.0,0.539557,0.313651,1.688698,auto_accept,,EXP-7.0:0.5396;EXP-9.2:0.2259;ADM-1.6:0.0334,EXP-7.0,0.539557,False,,,,silver_audit,recovered
7656,COMPRAS|760726559|2652|1,DTE_033_000000002652_760726559.xml,2025-10,2652,1,COMPRAS,2025-10-29,33,760726559,ASESORIAS AGRICOLAS,CONTROL DE ROEDORES,"PROGRAMA DE CONTROL DE ROEDORES AL PREDIO EL MAITEN, VISITAS REALIZADAS 14/10/2025 HT6930; 27/10/2025 HT6956.",H2 ASESORIAS Y SERVICIOS SPA,,,178500,178500.00,Documento,silver_audit_backfill,EXP-7.0,0.521317,0.275351,1.691299,auto_accept,,EXP-7.0:0.5213;EXP-9.2:0.2460;ADM-1.6:0.0357,EXP-7.0,0.521317,False,,,,silver_audit,recovered
7657,COMPRAS|760726559|2653|1,DTE_033_000000002653_760726559.xml,2025-10,2653,1,COMPRAS,2025-10-29,33,760726559,ASESORIAS AGRICOLAS,CONTROL DE ROEDORES,"INICIO DE CONTROL DE ROEDORES PREDIO TINEO, VISITA REALIZADA 27/10/2025 HT6953.",H2 ASESORIAS Y SERVICIOS SPA,,,35000,35000.00,Documento,silver_audit_backfill,EXP-7.0,0.438198,0.154989,1.837954,auto_accept,,EXP-7.0:0.4382;EXP-9.2:0.2832;EXP-15.5:0.0530,EXP-7.0,0.438198,False,,,,silver_audit,recovered
7658,COMPRAS|760726559|2654|1,DTE_033_000000002654_760726559.xml,2025-10,2654,1,COMPRAS,2025-10-29,33,760726559,ASESORIAS AGRICOLAS,CONTROL DE ROEDORES,PROGRAMA DE CONTROL DE ROEDORES CASA ADM HT6965.,H2 ASESORIAS Y SERVICIOS SPA,,,44118,44118.00,Documento,silver_audit_backfill,EXP-7.0,0.540012,0.345603,1.767523,auto_accept,,EXP-7.0:0.5400;EXP-9.2:0.1944;EXP-10.1:0.0438,EXP-7.0,0.540012,False,,,,silver_audit,recovered
7678,COMPRAS|766149405|7169|1,DTE_033_000000007169_766149405.xml,2025-10,7169,1,COMPRAS,2025-10-16,33,766149405,MANTENCION Y REPARACION DE MAQUINARIA AGRICOLA Y VEHICULOS MOTORIZADOS,cambio filtro aire,cambio filtro petroleo cambio filtro aceite cambio filtro polen cambio aceite motor cambio bieletas rev frenos delanteros rev frenos traseros rev tren delantero cambio ampolletas ford ranger,SERVIMEC SPA,,,435546,435546.00,Documento,client_evidence_backfill,EXP-13.3,0.858631,0.801016,0.746208,auto_accept,,EXP-13.3:0.8586;EXP-13.2:0.0576;EXP-14.1:0.0214,EXP-13.3,0.858631,False,,,,client_evidence,recovered
7692,COMPRAS|760703753|20360|4,DTE_033_000000020360_760703753.xml,2025-10,20360,4,COMPRAS,2025-10-14,33,760703753,"Importacion Exportacion y Comercializacion de Maquinarias, Repuestos e Insumos A",MANO DE OBRA SERVICIO TECNICO GALLAGHER,MANO DE OBRA SERVICIO TECNICO GALLAGHER,GALLAGHER CHILE SPA,,,24500,49000,Documento,silver_audit_backfill,EXP-13.1,0.28157,0.049955,2.354047,auto_accept,,EXP-14.4:0.2816;EXP-13.1:0.2316;EXP-14.2:0.0943,EXP-14.4,0.28157,False,,,,silver_audit,recovered_over_model_disagreement
7694,COMPRAS|761757865|25486|2,DTE_033_000000025486_761757865.xml,2025-10,25486,2,COMPRAS,2025-10-01,33,761757865,"INSTALACION,MANTENCION,REPARACION MAQUINARIA AGROPECUARIA,FORESTAL",TRI-PFAN 200 LTS,,GEA Farm Technologies Osorno Ltda.,,,413186,516483,Documento,client_evidence_backfill,EXP-10.3,0.506297,0.31415,1.573306,auto_accept,,EXP-10.3:0.5063;EXP-10.4:0.1921;EXP-10.1:0.1729,EXP-10.3,0.506297,False,,,,client_evidence,recovered
7695,COMPRAS|761757865|25486|3,DTE_033_000000025486_761757865.xml,2025-10,25486,3,COMPRAS,2025-10-01,33,761757865,"INSTALACION,MANTENCION,REPARACION MAQUINARIA AGROPECUARIA,FORESTAL",ORACID 60 L,,GEA Farm Technologies Osorno Ltda.,,,252766,157979,Documento,client_evidence_backfill,EXP-10.3,0.805228,0.709443,0.827027,auto_accept,,EXP-10.3:0.8052;EXP-10.1:0.0958;EXP-10.4:0.0503,EXP-10.3,0.805228,False,,,,client_evidence,recovered
7701,COMPRAS|761757865|25531|3,DTE_033_000000025531_761757865.xml,2025-10,25531,3,COMPRAS,2025-10-03,33,761757865,"INSTALACION,MANTENCION,REPARACION MAQUINARIA AGROPECUARIA,FORESTAL",DISTRIBUIDOR DE AIRE DEL COLECTOR,,GEA Farm Technologies Osorno Ltda.,,,34639,6792,Documento,silver_audit_backfill,EXP-10.1,0.546174,0.277908,1.467378,auto_accept,,EXP-10.1:0.5462;EXP-10.4:0.2683;EXP-10.3:0.0616,EXP-10.1,0.546174,False,,,,silver_audit,recovered
7702,COMPRAS|761757865|25531|4,DTE_033_000000025531_761757865.xml,2025-10,25531,4,COMPRAS,2025-10-03,33,761757865,"INSTALACION,MANTENCION,REPARACION MAQUINARIA AGROPECUARIA,FORESTAL",JUEGO PEZONERAS COLECTOR 300,,GEA Farm Technologies Osorno Ltda.,,,39749,46764,Documento,client_evidence_backfill,EXP-10.4,0.661646,0.427247,1.117504,auto_accept,,EXP-10.4:0.6616;EXP-10.1:0.2344;EXP-10.3:0.0287,EXP-10.4,0.661646,False,,,,client_evidence,recovered
7703,COMPRAS|761757865|25531|5,DTE_033_000000025531_761757865.xml,2025-10,25531,5,COMPRAS,2025-10-03,33,761757865,"INSTALACION,MANTENCION,REPARACION MAQUINARIA AGROPECUARIA,FORESTAL",TAPA COLECTOR 300 CC. SIN CIERRE,,GEA Farm Technologies Osorno Ltda.,,,153306,60120,Documento,client_evidence_backfill,EXP-10.4,0.938261,0.917795,0.383853,auto_accept,,EXP-10.4:0.9383;EXP-10.3:0.0205;EXP-10.1:0.0100,EXP-10.4,0.938261,False,,,,client_evidence,recovered
7718,COMPRAS|761757865|25699|4,DTE_033_000000025699_761757865.xml,2025-10,25699,4,COMPRAS,2025-10-29,33,761757865,"INSTALACION,MANTENCION,REPARACION MAQUINARIA AGROPECUARIA,FORESTAL",VASO METATRON CPL,,GEA Farm Technologies Osorno Ltda.,,,335304,394475,Documento,manually_audited_near_identical_backfill,EXP-10.1,0.558618,0.380001,1.558636,auto_accept,,EXP-10.1:0.5586;EXP-10.4:0.1786;EXP-10.3:0.1180,EXP-10.1,0.558618,False,,,,manually_audited_near_identical,recovered
7721,COMPRAS|761757865|25699|7,DTE_033_000000025699_761757865.xml,2025-10,25699,7,COMPRAS,2025-10-29,33,761757865,"INSTALACION,MANTENCION,REPARACION MAQUINARIA AGROPECUARIA,FORESTAL",VASO METATRON CPL,,GEA Farm Technologies Osorno Ltda.,,,335304,394475,Documento,manually_audited_near_identical_backfill,EXP-10.1,0.558618,0.380001,1.558636,auto_accept,,EXP-10.1:0.5586;EXP-10.4:0.1786;EXP-10.3:0.1180,EXP-10.1,0.558618,False,,,,manually_audited_near_identical,recovered
7741,COMPRAS|760714208|000043751|8,DTE_033_000000043751_760714208.xml,2025-10,000043751,8,COMPRAS,2025-10-28,33,760714208,VENTA AL POR MAYOR DE MATERIAS PRIMAS AGRICOLAS,Nitrogeno liquido,,ABS CHILE LIMITADA,,,96000,4800,Documento,client_evidence_backfill,EXP-3.1,0.144139,6e-05,3.025675,auto_accept,,EXP-16.2:0.1441;EXP-10.4:0.1441;EXP-10.1:0.0974,EXP-16.2,0.144139,False,,,,client_evidence,recovered_over_model_disagreement
7753,COMPRAS|760714208|000043753|9,DTE_033_000000043753_760714208.xml,2025-10,000043753,9,COMPRAS,2025-10-28,33,760714208,VENTA AL POR MAYOR DE MATERIAS PRIMAS AGRICOLAS,Nitrogeno liquido,,ABS CHILE LIMITADA,,,144000,4800,Documento,client_evidence_backfill,EXP-3.1,0.144139,6e-05,3.025675,auto_accept,,EXP-16.2:0.1441;EXP-10.4:0.1441;EXP-10.1:0.0974,EXP-16.2,0.144139,False,,,,client_evidence,recovered_over_model_disagreement
7760,COMPRAS|760714208|000043755|7,DTE_033_000000043755_760714208.xml,2025-10,000043755,7,COMPRAS,2025-10-28,33,760714208,VENTA AL POR MAYOR DE MATERIAS PRIMAS AGRICOLAS,Nitrogeno liquido,,ABS CHILE LIMITADA,,,120000,4800,Documento,client_evidence_backfill,EXP-3.1,0.144139,6e-05,3.025675,auto_accept,,EXP-16.2:0.1441;EXP-10.4:0.1441;EXP-10.1:0.0974,EXP-16.2,0.144139,False,,,,client_evidence,recovered_over_model_disagreement
7770,COMPRAS|760714208|000043759|9,DTE_033_000000043759_760714208.xml,2025-10,000043759,9,COMPRAS,2025-10-28,33,760714208,VENTA AL POR MAYOR DE MATERIAS PRIMAS AGRICOLAS,Nitrogeno liquido,,ABS CHILE LIMITADA,,,96000,4800,Documento,client_evidence_backfill,EXP-3.1,0.144139,6e-05,3.025675,auto_accept,,EXP-16.2:0.1441;EXP-10.4:0.1441;EXP-10.1:0.0974,EXP-16.2,0.144139,False,,,,client_evidence,recovered_over_model_disagreement
7793,COMPRAS|760714208|000043887|4,DTE_033_000000043887_760714208.xml,2025-10,000043887,4,COMPRAS,2025-10-30,33,760714208,VENTA AL POR MAYOR DE MATERIAS PRIMAS AGRICOLAS,Nitrogeno liquido,,ABS CHILE LIMITADA,,,28740,4790,Documento,client_evidence_backfill,EXP-3.1,0.144139,6e-05,3.025675,auto_accept,,EXP-16.2:0.1441;EXP-10.4:0.1441;EXP-10.1:0.0974,EXP-16.2,0.144139,False,,,,client_evidence,recovered_over_model_disagreement
7824,COMPRAS|969839504|126245|2,DTE_033_000000126245_969839504.xml,2025-10,126245,2,COMPRAS,2025-10-22,33,969839504,"COM. EQ.ORDEÑA,VTA.ART.ASEO Y DETER,ASESORIA",REPARACION DE EQUIPOS DE REFRIGERACION EN TERRENO,,SOCIEDAD COMERCIAL SERLAC CHILE S.A.,,,120000,120000.00000,Documento,manually_audited_near_identical_backfill,EXP-10.1,0.576551,0.434109,1.824889,auto_accept,,EXP-10.1:0.5766;ADM-1.6:0.1424;EXP-13.2:0.0648,EXP-10.1,0.576551,False,,,,manually_audited_near_identical,recovered
7825,COMPRAS|969839504|126245|3,DTE_033_000000126245_969839504.xml,2025-10,126245,3,COMPRAS,2025-10-22,33,969839504,"COM. EQ.ORDEÑA,VTA.ART.ASEO Y DETER,ASESORIA",MOVILIZACION DE EQUIPOS DE REFRIGERACION,,SOCIEDAD COMERCIAL SERLAC CHILE S.A.,,,20000,20000.000000,Documento,client_evidence_backfill,EXP-10.1,0.754551,0.713575,1.327882,auto_accept,,EXP-10.1:0.7546;EXP-6.5:0.0410;EXP-1.1:0.0266,EXP-10.1,0.754551,False,,,,client_evidence,recovered
7826,COMPRAS|969839504|126269|1,DTE_033_000000126269_969839504.xml,2025-10,126269,1,COMPRAS,2025-10-22,33,969839504,"COM. EQ.ORDEÑA,VTA.ART.ASEO Y DETER,ASESORIA",EMERGENCIA EQUIPOS DE REFRIGERACION,,SOCIEDAD COMERCIAL SERLAC CHILE S.A.,,,85000,85000.000000,Documento,client_evidence_backfill,EXP-10.1,0.573246,0.451248,1.948051,auto_accept,,EXP-10.1:0.5732;ADM-1.6:0.1220;EXP-1.1:0.0416,EXP-10.1,0.573246,False,,,,client_evidence,recovered
7827,COMPRAS|969839504|126269|2,DTE_033_000000126269_969839504.xml,2025-10,126269,2,COMPRAS,2025-10-22,33,969839504,"COM. EQ.ORDEÑA,VTA.ART.ASEO Y DETER,ASESORIA",MOVILIZACION DE EQUIPOS DE REFRIGERACION,,SOCIEDAD COMERCIAL SERLAC CHILE S.A.,,,57000,57000.000000,Documento,client_evidence_backfill,EXP-10.1,0.754551,0.713575,1.327882,auto_accept,,EXP-10.1:0.7546;EXP-6.5:0.0410;EXP-1.1:0.0266,EXP-10.1,0.754551,False,,,,client_evidence,recovered
7832,COMPRAS|762599570|215678|1,DTE_033_000000215678_762599570.xml,2025-10,215678,1,COMPRAS,2025-10-01,33,762599570,SERVICENTRO,93 S/P,,ESTACIONES DE SERVICIO PAOLA USLAR MOLINA E.I.R.L.,,,76200,762.0,Documento,client_evidence_backfill,ADM-1.4,0.746355,0.704891,1.381561,auto_accept,,ADM-1.4:0.7464;EXP-11.4:0.0415;EXP-10.1:0.0346,ADM-1.4,0.746355,False,,,,client_evidence,recovered
7833,COMPRAS|762599570|216325|1,DTE_033_000000216325_762599570.xml,2025-10,216325,1,COMPRAS,2025-10-07,33,762599570,SERVICENTRO,93 S/P,,ESTACIONES DE SERVICIO PAOLA USLAR MOLINA E.I.R.L.,,,60602,757.46,Documento,client_evidence_backfill,ADM-1.4,0.746355,0.704891,1.381561,auto_accept,,ADM-1.4:0.7464;EXP-11.4:0.0415;EXP-10.1:0.0346,ADM-1.4,0.746355,False,,,,client_evidence,recovered
7834,COMPRAS|762599570|216538|1,DTE_033_000000216538_762599570.xml,2025-10,216538,1,COMPRAS,2025-10-09,33,762599570,SERVICENTRO,93 S/P,,ESTACIONES DE SERVICIO PAOLA USLAR MOLINA E.I.R.L.,,,75665,756.65,Documento,client_evidence_backfill,ADM-1.4,0.746355,0.704891,1.381561,auto_accept,,ADM-1.4:0.7464;EXP-11.4:0.0415;EXP-10.1:0.0346,ADM-1.4,0.746355,False,,,,client_evidence,recovered
7835,COMPRAS|762599570|216724|1,DTE_033_000000216724_762599570.xml,2025-10,216724,1,COMPRAS,2025-10-11,33,762599570,SERVICENTRO,93 S/P,,ESTACIONES DE SERVICIO PAOLA USLAR MOLINA E.I.R.L.,,,86819,756.65,Documento,client_evidence_backfill,ADM-1.4,0.746355,0.704891,1.381561,auto_accept,,ADM-1.4:0.7464;EXP-11.4:0.0415;EXP-10.1:0.0346,ADM-1.4,0.746355,False,,,,client_evidence,recovered
7836,COMPRAS|762599570|217767|1,DTE_033_000000217767_762599570.xml,2025-10,217767,1,COMPRAS,2025-10-21,33,762599570,SERVICENTRO,93 S/P,,ESTACIONES DE SERVICIO PAOLA USLAR MOLINA E.I.R.L.,,,74202,742.01,Documento,client_evidence_backfill,ADM-1.4,0.746355,0.704891,1.381561,auto_accept,,ADM-1.4:0.7464;EXP-11.4:0.0415;EXP-10.1:0.0346,ADM-1.4,0.746355,False,,,,client_evidence,recovered
7837,COMPRAS|762599570|219437|1,DTE_033_000000219437_762599570.xml,2025-10,219437,1,COMPRAS,2025-10-29,33,762599570,SERVICENTRO,93 S/P,,ESTACIONES DE SERVICIO PAOLA USLAR MOLINA E.I.R.L.,,,29388,734.71,Documento,client_evidence_backfill,ADM-1.4,0.746355,0.704891,1.381561,auto_accept,,ADM-1.4:0.7464;EXP-11.4:0.0415;EXP-10.1:0.0346,ADM-1.4,0.746355,False,,,,client_evidence,recovered
7838,COMPRAS|762599570|219641|1,DTE_033_000000219641_762599570.xml,2025-10,219641,1,COMPRAS,2025-10-30,33,762599570,SERVICENTRO,93 S/P,,ESTACIONES DE SERVICIO PAOLA USLAR MOLINA E.I.R.L.,,,57815,722.69,Documento,client_evidence_backfill,ADM-1.4,0.746355,0.704891,1.381561,auto_accept,,ADM-1.4:0.7464;EXP-11.4:0.0415;EXP-10.1:0.0346,ADM-1.4,0.746355,False,,,,client_evidence,recovered
7969,COMPRAS|966856904|483861|1,DTE_033_000000483861_966856904.xml,2025-10,483861,1,COMPRAS,2025-10-19,33,966856904,SERVICIOS DE ALOJAMIENTOS HOTELEROS A EXTRANJEROS Y NACIONALES,Habitaciones ( 1),,TALBOT HOTELS S A,,"Anguita, Cristian",66500,66500.000000,Documento,client_evidence_backfill,ADM-1.5,0.421062,0.282322,2.153004,auto_accept,,ADM-1.5:0.4211;EXP-1.1:0.1387;EXP-14.4:0.1042,ADM-1.5,0.421062,False,,,,client_evidence,recovered
7974,COMPRAS|797434906|544088|1,DTE_033_000000544088_797434906.xml,2025-10,544088,1,COMPRAS,2025-10-02,33,797434906,HOTEL,SERVICIOS DE ALOJAMIENTO,RESERVA ID 103631 HAB 109 - TPL Hotel Diego de Almagro Los Angeles DESDE 01-10-2025 A 02-10-2025 CRISTIAN ANGUITA YV,COMERCIAL MAIFA LTDA.,,96.685.810-9,91485,91484.873950,Documento,client_evidence_backfill,ADM-1.5,0.661882,0.570817,1.448576,auto_accept,,ADM-1.5:0.6619;ADM-1.7:0.0911;ADM-1.4:0.0804,ADM-1.5,0.661882,False,,,,client_evidence,recovered
7997,COMPRAS|969183005|598671|6,DTE_033_000000598671_969183005.xml,2025-10,598671,6,COMPRAS,2025-10-09,33,969183005,"SS.DE REPARACION DE AUTOMOVILES, COMPRA-VENTA DE VEHICULOS NUEVOS Y USADOS",S-MD50 QUINTA MANTENCION,A@S-MD50 QUINTA MANTENCION,DIFOR CHILE S.A.,,,0,,Documento,client_evidence_backfill,EXP-13.3,0.899419,0.875063,0.63046,auto_accept,,EXP-13.3:0.8994;EXP-13.1:0.0244;ADM-1.2:0.0072,EXP-13.3,0.899419,False,,,,client_evidence,recovered
8036,COMPRAS|990120005|667460|1,DTE_033_000000667460_990120005.xml,2025-10,667460,1,COMPRAS,2025-10-07,33,990120005,Seguros de Vida,Seguro Colectivo. Poliza Nro. 12799,,Cia de Seguros de Vida Consorcio Nacional de Seguros SA,,,604808,,Documento,silver_audit_backfill,ADM-2.2,0.804647,0.722246,0.934617,auto_accept,,ADM-2.2:0.8046;ADM-1.4:0.0824;ADM-1.8:0.0247,ADM-2.2,0.804647,False,,,,silver_audit,recovered
8116,COMPRAS|967895202|1559329|2,DTE_033_000001559329_967895202.xml,2025-10,1559329,2,COMPRAS,2025-10-07,33,967895202,COMERCIALIZADORA DE INSUMOS AGRICOLAS,AGUJAS DESECHABLE NUBENCO 16G x 1/2 -____,____,FEROSOR AGRICOLA S.A.,,,13729,35.38,Documento,manually_audited_near_identical_backfill,EXP-2.6,0.564512,0.279191,1.279634,auto_accept,,EXP-2.6:0.5645;EXP-16.1:0.2853;EXP-16.2:0.0584,EXP-2.6,0.564512,False,,,,manually_audited_near_identical,recovered
8120,COMPRAS|967895202|1564764|2,DTE_033_000001564764_967895202.xml,2025-10,1564764,2,COMPRAS,2025-10-25,33,967895202,COMERCIALIZADORA DE INSUMOS AGRICOLAS,PINTURA SPRAY FIL AZUL -_AZUL___,_AZUL___,FEROSOR AGRICOLA S.A.,,,44924,7718.9,Documento,manually_audited_near_identical_backfill,EXP-2.2,0.476854,0.024873,1.074557,auto_accept,,EXP-2.2:0.4769;EXP-2.6:0.4520;EXP-16.2:0.0231,EXP-2.2,0.476854,False,,,,manually_audited_near_identical,recovered
8121,COMPRAS|967895202|1564764|3,DTE_033_000001564764_967895202.xml,2025-10,1564764,3,COMPRAS,2025-10-25,33,967895202,COMERCIALIZADORA DE INSUMOS AGRICOLAS,PINTURA SPRAY FIL ROJO -_ROJO___,_ROJO___,FEROSOR AGRICOLA S.A.,,,44924,7718.9,Documento,client_evidence_backfill,EXP-2.2,0.632954,0.328468,0.978758,auto_accept,,EXP-2.2:0.6330;EXP-2.6:0.3045;EXP-16.2:0.0185,EXP-2.2,0.632954,False,,,,client_evidence,recovered
8123,COMPRAS|967895202|1564764|5,DTE_033_000001564764_967895202.xml,2025-10,1564764,5,COMPRAS,2025-10-25,33,967895202,COMERCIALIZADORA DE INSUMOS AGRICOLAS,"AGUJA DESECHABLE -_18G 1""___","_18G 1""___",FEROSOR AGRICOLA S.A.,,,3385,33.85,Documento,manually_audited_near_identical_backfill,EXP-2.6,0.667977,0.545491,1.292026,auto_accept,,EXP-2.6:0.6680;EXP-16.1:0.1225;EXP-16.2:0.0835,EXP-2.6,0.667977,False,,,,manually_audited_near_identical,recovered
8141,COMPRAS|97080000K|3398082|1,DTE_033_000003398082_97080000K.xml,2025-10,3398082,1,COMPRAS,2025-10-07,33,97080000K,BANCO COMERCIAL,Comisión por Nóminas en Línea CCA,,BANCO BICE,,,15794,15794,Documento,silver_audit_backfill,ADM-1.7,0.517366,0.394462,1.727873,auto_accept,,ADM-1.7:0.5174;EXP-15.1:0.1229;ADM-1.10:0.1009,ADM-1.7,0.517366,False,,,,silver_audit,recovered
8142,COMPRAS|97080000K|3398082|2,DTE_033_000003398082_97080000K.xml,2025-10,3398082,2,COMPRAS,2025-10-07,33,97080000K,BANCO COMERCIAL,Comisión por Nóminas en Línea CCA,,BANCO BICE,,,347474,347474,Documento,silver_audit_backfill,ADM-1.7,0.517366,0.394462,1.727873,auto_accept,,ADM-1.7:0.5174;EXP-15.1:0.1229;ADM-1.10:0.1009,ADM-1.7,0.517366,False,,,,silver_audit,recovered
8143,COMPRAS|97080000K|3398083|1,DTE_033_000003398083_97080000K.xml,2025-10,3398083,1,COMPRAS,2025-10-07,33,97080000K,BANCO COMERCIAL,Comisión por Pagos de Nominas,,BANCO BICE,,,4738,4738,Documento,silver_audit_backfill,ADM-1.7,0.574554,0.487035,1.607365,auto_accept,,ADM-1.7:0.5746;ADM-1.5:0.0875;ADM-1.10:0.0717,ADM-1.7,0.574554,False,,,,silver_audit,recovered
8144,COMPRAS|97080000K|3398083|2,DTE_033_000003398083_97080000K.xml,2025-10,3398083,2,COMPRAS,2025-10-07,33,97080000K,BANCO COMERCIAL,Comisión por Pagos de Nominas,,BANCO BICE,,,56859,56859,Documento,silver_audit_backfill,ADM-1.7,0.574554,0.487035,1.607365,auto_accept,,ADM-1.7:0.5746;ADM-1.5:0.0875;ADM-1.10:0.0717,ADM-1.7,0.574554,False,,,,silver_audit,recovered
8155,COMPRAS|868872004|3467634|2,DTE_033_000003467634_868872004.xml,2025-10,3467634,2,COMPRAS,2025-10-13,33,868872004,DISTRIBUCION DE ARTICULOS DE SEGURIDAD,GUANTE CABRITILLA SIN FORRO TIPO A,,COMERCIALIZADORA DE ART DE PROTECCION Y SEGURIDAD INDUSTRIAL MANQUEHUE LIMITADA,,,49000,980.000000,Documento,client_evidence_backfill,EXP-16.1,0.926688,0.900633,0.434455,auto_accept,,EXP-16.1:0.9267;EXP-16.2:0.0261;EXP-11.5:0.0116,EXP-16.1,0.926688,False,,,,client_evidence,recovered
8222,COMPRAS|81201000K|25216391|3,DTE_033_000025216391_81201000K.xml,2025-10,25216391,3,COMPRAS,2025-10-02,33,81201000K,Comercial,GALLETA COSTA DONUTS LECHE 100 GR,,CENCOSUD RETAIL S.A.,,966858109,1350,1350,Documento,manually_audited_near_identical_backfill,ADM-1.6,0.72236,0.659196,1.371338,auto_accept,,ADM-1.6:0.7224;EXP-10.1:0.0632;EXP-2.4:0.0312,ADM-1.6,0.72236,False,,,,manually_audited_near_identical,recovered
8241,COMPRAS|81201000K|25239040|5,DTE_033_000025239040_81201000K.xml,2025-10,25239040,5,COMPRAS,2025-10-09,33,81201000K,Comercial,GALLETA COSTA DONUTS LECHE 100 GR,,CENCOSUD RETAIL S.A.,,966858109,1350,1350,Documento,manually_audited_near_identical_backfill,ADM-1.6,0.72236,0.659196,1.371338,auto_accept,,ADM-1.6:0.7224;EXP-10.1:0.0632;EXP-2.4:0.0312,ADM-1.6,0.72236,False,,,,manually_audited_near_identical,recovered
8254,COMPRAS|81201000K|25293334|5,DTE_033_000025293334_81201000K.xml,2025-10,25293334,5,COMPRAS,2025-10-15,33,81201000K,Comercial,GALLETA COSTA DONUTS LECHE 100 GR,,CENCOSUD RETAIL S.A.,,966858109,1350,1350,Documento,manually_audited_near_identical_backfill,ADM-1.6,0.72236,0.659196,1.371338,auto_accept,,ADM-1.6:0.7224;EXP-10.1:0.0632;EXP-2.4:0.0312,ADM-1.6,0.72236,False,,,,manually_audited_near_identical,recovered
8341,COMPRAS|810941006|29156484|1,DTE_033_000029156484_810941006.xml,2025-10,29156484,1,COMPRAS,2025-10-29,33,810941006,FABR. Y DIST.PROD.LACTEOS VTAS. INSAGRIC,SEMILLA BALLICA COLUN 4X5 X 25 KG,SEMILLA BALLICA COLUN 4X5 AGRICOTE,COOPERATIVA AGRICOLA Y LECHERA DE LA UNION LTDA.,,,1290000,215000,Documento,silver_audit_backfill,EXP-8.1,0.603721,0.254058,0.92676,auto_accept,,EXP-8.1:0.6037;EXP-8.2:0.3497;EXP-8.4:0.0216,EXP-8.1,0.603721,False,,,,silver_audit,recovered
8342,COMPRAS|810941006|29156556|1,DTE_033_000029156556_810941006.xml,2025-10,29156556,1,COMPRAS,2025-10-30,33,810941006,FABR. Y DIST.PROD.LACTEOS VTAS. INSAGRIC,SEMILLA BALLICA COLUN 4X5 X 25 KG,SEMILLA BALLICA COLUN 4X5 AGRICOTE,COOPERATIVA AGRICOLA Y LECHERA DE LA UNION LTDA.,,,430000,215000,Documento,silver_audit_backfill,EXP-8.1,0.603721,0.254058,0.92676,auto_accept,,EXP-8.1:0.6037;EXP-8.2:0.3497;EXP-8.4:0.0216,EXP-8.1,0.603721,False,,,,silver_audit,recovered
8378,COMPRAS|810941006|29162472|1,DTE_033_000029162472_810941006.xml,2025-10,29162472,1,COMPRAS,2025-10-29,33,810941006,FABR. Y DIST.PROD.LACTEOS VTAS. INSAGRIC,SEMILLA BALLICA COLUN 4X5 X 25 KG,SEMILLA BALLICA COLUN 4X5 AGRICOTE,COOPERATIVA AGRICOLA Y LECHERA DE LA UNION LTDA.,,,1290000,215000,Documento,silver_audit_backfill,EXP-8.1,0.603721,0.254058,0.92676,auto_accept,,EXP-8.1:0.6037;EXP-8.2:0.3497;EXP-8.4:0.0216,EXP-8.1,0.603721,False,,,,silver_audit,recovered
8380,COMPRAS|810941006|29163719|1,DTE_033_000029163719_810941006.xml,2025-10,29163719,1,COMPRAS,2025-10-03,33,810941006,FABR.Y DIST.PROD.LACTEOS VTAS.INSUMOS AG,GASOLINA 93,,COOPERATIVA AGRICOLA Y LECHERA DE LA UNI,,0966858109,22698,7566000,Documento,client_evidence_backfill,EXP-11.4,0.742119,0.56984,0.91508,auto_accept,,EXP-11.4:0.7421;ADM-1.4:0.1723;EXP-11.5:0.0309,EXP-11.4,0.742119,False,,,,client_evidence,recovered
8381,COMPRAS|810941006|29163757|1,DTE_033_000029163757_810941006.xml,2025-10,29163757,1,COMPRAS,2025-10-06,33,810941006,FABR.Y DIST.PROD.LACTEOS VTAS.INSUMOS AG,GASOLINA 93,,COOPERATIVA AGRICOLA Y LECHERA DE LA UNI,,0966858109,22698,7566000,Documento,client_evidence_backfill,EXP-11.4,0.742119,0.56984,0.91508,auto_accept,,EXP-11.4:0.7421;ADM-1.4:0.1723;EXP-11.5:0.0309,EXP-11.4,0.742119,False,,,,client_evidence,recovered
8382,COMPRAS|810941006|29163780|1,DTE_033_000029163780_810941006.xml,2025-10,29163780,1,COMPRAS,2025-10-08,33,810941006,FABR.Y DIST.PROD.LACTEOS VTAS.INSUMOS AG,GASOLINA 93,,COOPERATIVA AGRICOLA Y LECHERA DE LA UNI,,0966858109,22698,7566000,Documento,client_evidence_backfill,EXP-11.4,0.742119,0.56984,0.91508,auto_accept,,EXP-11.4:0.7421;ADM-1.4:0.1723;EXP-11.5:0.0309,EXP-11.4,0.742119,False,,,,client_evidence,recovered
8383,COMPRAS|810941006|29163822|1,DTE_033_000029163822_810941006.xml,2025-10,29163822,1,COMPRAS,2025-10-10,33,810941006,FABR.Y DIST.PROD.LACTEOS VTAS.INSUMOS AG,GASOLINA 93,,COOPERATIVA AGRICOLA Y LECHERA DE LA UNI,,0966858109,22674,7558000,Documento,client_evidence_backfill,EXP-11.4,0.742119,0.56984,0.91508,auto_accept,,EXP-11.4:0.7421;ADM-1.4:0.1723;EXP-11.5:0.0309,EXP-11.4,0.742119,False,,,,client_evidence,recovered
8384,COMPRAS|810941006|29163828|1,DTE_033_000029163828_810941006.xml,2025-10,29163828,1,COMPRAS,2025-10-13,33,810941006,FABR.Y DIST.PROD.LACTEOS VTAS.INSUMOS AG,GASOLINA 93,,COOPERATIVA AGRICOLA Y LECHERA DE LA UNI,,0966858109,22674,7558000,Documento,client_evidence_backfill,EXP-11.4,0.742119,0.56984,0.91508,auto_accept,,EXP-11.4:0.7421;ADM-1.4:0.1723;EXP-11.5:0.0309,EXP-11.4,0.742119,False,,,,client_evidence,recovered
8386,COMPRAS|810941006|29163860|1,DTE_033_000029163860_810941006.xml,2025-10,29163860,1,COMPRAS,2025-10-15,33,810941006,FABR.Y DIST.PROD.LACTEOS VTAS.INSUMOS AG,GASOLINA 93,,COOPERATIVA AGRICOLA Y LECHERA DE LA UNI,,0966858109,22674,7558000,Documento,client_evidence_backfill,EXP-11.4,0.742119,0.56984,0.91508,auto_accept,,EXP-11.4:0.7421;ADM-1.4:0.1723;EXP-11.5:0.0309,EXP-11.4,0.742119,False,,,,client_evidence,recovered
8387,COMPRAS|810941006|29163904|1,DTE_033_000029163904_810941006.xml,2025-10,29163904,1,COMPRAS,2025-10-17,33,810941006,FABR.Y DIST.PROD.LACTEOS VTAS.INSUMOS AG,GASOLINA 93,,COOPERATIVA AGRICOLA Y LECHERA DE LA UNI,,0966858109,22235,7411667,Documento,client_evidence_backfill,EXP-11.4,0.742119,0.56984,0.91508,auto_accept,,EXP-11.4:0.7421;ADM-1.4:0.1723;EXP-11.5:0.0309,EXP-11.4,0.742119,False,,,,client_evidence,recovered
8388,COMPRAS|810941006|29163962|1,DTE_033_000029163962_810941006.xml,2025-10,29163962,1,COMPRAS,2025-10-22,33,810941006,FABR.Y DIST.PROD.LACTEOS VTAS.INSUMOS AG,GASOLINA 93,,COOPERATIVA AGRICOLA Y LECHERA DE LA UNI,,0966858109,37059,7411800,Documento,client_evidence_backfill,EXP-11.4,0.742119,0.56984,0.91508,auto_accept,,EXP-11.4:0.7421;ADM-1.4:0.1723;EXP-11.5:0.0309,EXP-11.4,0.742119,False,,,,client_evidence,recovered
8389,COMPRAS|810941006|29308402|1,DTE_033_000029308402_810941006.xml,2025-10,29308402,1,COMPRAS,2025-10-01,33,810941006,FABR.Y DIST.PROD.LACTEOS VTAS.INSUMOS AG,GASOLINA 93,,COOPERATIVA AGRICOLA Y LECHERA DE LA UNI,,0966858109,45669,7611500,Documento,client_evidence_backfill,EXP-11.4,0.742119,0.56984,0.91508,auto_accept,,EXP-11.4:0.7421;ADM-1.4:0.1723;EXP-11.5:0.0309,EXP-11.4,0.742119,False,,,,client_evidence,recovered
8393,COMPRAS|810941006|29308495|1,DTE_033_000029308495_810941006.xml,2025-10,29308495,1,COMPRAS,2025-10-03,33,810941006,FABR.Y DIST.PROD.LACTEOS VTAS.INSUMOS AGRICOLAS VETER. COMBUSTIBLES Y VEHICULOS,GASOLINA 93,Retira: ANTILLANCA SPA{Impuesto base combustible: 24935{Impuesto variable combustible: -538,COOPERATIVA AGRICOLA Y LECHERA DE LA UNION LTDA.,,0966858109,45397,756.615800,Documento,client_evidence_backfill,EXP-11.4,0.560332,0.209327,1.114477,auto_accept,,EXP-11.4:0.5603;ADM-1.4:0.3510;EXP-11.5:0.0253,EXP-11.4,0.560332,False,,,,client_evidence,recovered
8397,COMPRAS|810941006|29308630|1,DTE_033_000029308630_810941006.xml,2025-10,29308630,1,COMPRAS,2025-10-09,33,810941006,FABR.Y DIST.PROD.LACTEOS VTAS.INSUMOS AGRICOLAS VETER. COMBUSTIBLES Y VEHICULOS,GASOLINA 93,Retira: ANTILLANCA SPA{Impuesto base combustible: 4156{Impuesto variable combustible: -90,COOPERATIVA AGRICOLA Y LECHERA DE LA UNION LTDA.,,0966858109,7566,756.615800,Documento,client_evidence_backfill,EXP-11.4,0.579985,0.241822,1.080032,auto_accept,,EXP-11.4:0.5800;ADM-1.4:0.3382;EXP-11.5:0.0236,EXP-11.4,0.579985,False,,,,client_evidence,recovered
8399,COMPRAS|810941006|29308672|1,DTE_033_000029308672_810941006.xml,2025-10,29308672,1,COMPRAS,2025-10-10,33,810941006,FABR.Y DIST.PROD.LACTEOS VTAS.INSUMOS AG,GASOLINA 93,,COOPERATIVA AGRICOLA Y LECHERA DE LA UNI,,0966858109,15116,7558000,Documento,client_evidence_backfill,EXP-11.4,0.742119,0.56984,0.91508,auto_accept,,EXP-11.4:0.7421;ADM-1.4:0.1723;EXP-11.5:0.0309,EXP-11.4,0.742119,False,,,,client_evidence,recovered
8400,COMPRAS|810941006|29308722|1,DTE_033_000029308722_810941006.xml,2025-10,29308722,1,COMPRAS,2025-10-13,33,810941006,FABR.Y DIST.PROD.LACTEOS VTAS.INSUMOS AG,GASOLINA 93,,COOPERATIVA AGRICOLA Y LECHERA DE LA UNI,,0966858109,45348,7558000,Documento,client_evidence_backfill,EXP-11.4,0.742119,0.56984,0.91508,auto_accept,,EXP-11.4:0.7421;ADM-1.4:0.1723;EXP-11.5:0.0309,EXP-11.4,0.742119,False,,,,client_evidence,recovered
8404,COMPRAS|810941006|29308834|1,DTE_033_000029308834_810941006.xml,2025-10,29308834,1,COMPRAS,2025-10-16,33,810941006,FABR.Y DIST.PROD.LACTEOS VTAS.INSUMOS AG,GASOLINA 93,,COOPERATIVA AGRICOLA Y LECHERA DE LA UNI,,0966858109,29647,7411750,Documento,client_evidence_backfill,EXP-11.4,0.742119,0.56984,0.91508,auto_accept,,EXP-11.4:0.7421;ADM-1.4:0.1723;EXP-11.5:0.0309,EXP-11.4,0.742119,False,,,,client_evidence,recovered
8406,COMPRAS|810941006|29308867|1,DTE_033_000029308867_810941006.xml,2025-10,29308867,1,COMPRAS,2025-10-17,33,810941006,FABR.Y DIST.PROD.LACTEOS VTAS.INSUMOS AG,GASOLINA 93,,COOPERATIVA AGRICOLA Y LECHERA DE LA UNI,,0966858109,14823,7411500,Documento,client_evidence_backfill,EXP-11.4,0.742119,0.56984,0.91508,auto_accept,,EXP-11.4:0.7421;ADM-1.4:0.1723;EXP-11.5:0.0309,EXP-11.4,0.742119,False,,,,client_evidence,recovered
8407,COMPRAS|810941006|29308878|1,DTE_033_000029308878_810941006.xml,2025-10,29308878,1,COMPRAS,2025-10-17,33,810941006,FABR.Y DIST.PROD.LACTEOS VTAS.INSUMOS AG,GASOLINA 93,,COOPERATIVA AGRICOLA Y LECHERA DE LA UNI,,0966858109,62259,7411786,Documento,client_evidence_backfill,EXP-11.4,0.742119,0.56984,0.91508,auto_accept,,EXP-11.4:0.7421;ADM-1.4:0.1723;EXP-11.5:0.0309,EXP-11.4,0.742119,False,,,,client_evidence,recovered
8413,COMPRAS|810941006|29309051|1,DTE_033_000029309051_810941006.xml,2025-10,29309051,1,COMPRAS,2025-10-24,33,810941006,FABR.Y DIST.PROD.LACTEOS VTAS.INSUMOS AG,GASOLINA 93,,COOPERATIVA AGRICOLA Y LECHERA DE LA UNI,,0966858109,27153,7338649,Documento,client_evidence_backfill,EXP-11.4,0.742119,0.56984,0.91508,auto_accept,,EXP-11.4:0.7421;ADM-1.4:0.1723;EXP-11.5:0.0309,EXP-11.4,0.742119,False,,,,client_evidence,recovered
8414,COMPRAS|810941006|29309074|1,DTE_033_000029309074_810941006.xml,2025-10,29309074,1,COMPRAS,2025-10-24,33,810941006,FABR.Y DIST.PROD.LACTEOS VTAS.INSUMOS AG,GASOLINA 93,,COOPERATIVA AGRICOLA Y LECHERA DE LA UNI,,0966858109,85863,7338718,Documento,client_evidence_backfill,EXP-11.4,0.742119,0.56984,0.91508,auto_accept,,EXP-11.4:0.7421;ADM-1.4:0.1723;EXP-11.5:0.0309,EXP-11.4,0.742119,False,,,,client_evidence,recovered
8415,COMPRAS|810941006|29309175|1,DTE_033_000029309175_810941006.xml,2025-10,29309175,1,COMPRAS,2025-10-29,33,810941006,FABR.Y DIST.PROD.LACTEOS VTAS.INSUMOS AGRICOLAS VETER. COMBUSTIBLES Y VEHICULOS,GASOLINA 93,,COOPERATIVA AGRICOLA Y LECHERA DE LA UNION LTDA.,,0966858109,22016,733.869100,Documento,client_evidence_backfill,EXP-11.4,0.734373,0.548601,0.906511,auto_accept,,EXP-11.4:0.7344;ADM-1.4:0.1858;EXP-11.5:0.0304,EXP-11.4,0.734373,False,,,,client_evidence,recovered
8418,COMPRAS|810941006|29309178|1,DTE_033_000029309178_810941006.xml,2025-10,29309178,1,COMPRAS,2025-10-29,33,810941006,FABR.Y DIST.PROD.LACTEOS VTAS.INSUMOS AG,GASOLINA 93,,COOPERATIVA AGRICOLA Y LECHERA DE LA UNI,,0966858109,46234,7338730,Documento,client_evidence_backfill,EXP-11.4,0.742119,0.56984,0.91508,auto_accept,,EXP-11.4:0.7421;ADM-1.4:0.1723;EXP-11.5:0.0309,EXP-11.4,0.742119,False,,,,client_evidence,recovered
8423,COMPRAS|810941006|29369699|1,DTE_033_000029369699_810941006.xml,2025-10,29369699,1,COMPRAS,2025-10-01,33,810941006,FABR. Y DIST.PROD.LACTEOS VTAS. INSAGRIC,GASOLINA 93,GASOLINA 93,COOPERATIVA AGRICOLA Y LECHERA DE LA UNION LTDA.,,,15223,761.150000,Documento,client_evidence_backfill,EXP-11.4,0.683454,0.434096,0.922669,auto_accept,,EXP-11.4:0.6835;ADM-1.4:0.2494;EXP-11.5:0.0307,EXP-11.4,0.683454,False,,,,client_evidence,recovered
8428,COMPRAS|810941006|29371331|1,DTE_033_000029371331_810941006.xml,2025-10,29371331,1,COMPRAS,2025-10-14,33,810941006,FABR. Y DIST.PROD.LACTEOS VTAS. INSAGRIC,GASOLINA 93,GASOLINA 93,COOPERATIVA AGRICOLA Y LECHERA DE LA UNION LTDA.,,,15116,755.800000,Documento,client_evidence_backfill,EXP-11.4,0.683454,0.434096,0.922669,auto_accept,,EXP-11.4:0.6835;ADM-1.4:0.2494;EXP-11.5:0.0307,EXP-11.4,0.683454,False,,,,client_evidence,recovered
8431,COMPRAS|810941006|29371739|1,DTE_033_000029371739_810941006.xml,2025-10,29371739,1,COMPRAS,2025-10-17,33,810941006,FABR. Y DIST.PROD.LACTEOS VTAS. INSAGRIC,GASOLINA 93,GASOLINA 93,COOPERATIVA AGRICOLA Y LECHERA DE LA UNION LTDA.,,,29647,741.175000,Documento,client_evidence_backfill,EXP-11.4,0.683454,0.434096,0.922669,auto_accept,,EXP-11.4:0.6835;ADM-1.4:0.2494;EXP-11.5:0.0307,EXP-11.4,0.683454,False,,,,client_evidence,recovered
8449,COMPRAS|810941006|29371963|1,DTE_033_000029371963_810941006.xml,2025-10,29371963,1,COMPRAS,2025-10-20,33,810941006,FABR. Y DIST.PROD.LACTEOS VTAS. INSAGRIC,GASOLINA 93,GASOLINA 93,COOPERATIVA AGRICOLA Y LECHERA DE LA UNION LTDA.,,,29647,741.175000,Documento,client_evidence_backfill,EXP-11.4,0.683454,0.434096,0.922669,auto_accept,,EXP-11.4:0.6835;ADM-1.4:0.2494;EXP-11.5:0.0307,EXP-11.4,0.683454,False,,,,client_evidence,recovered
8451,COMPRAS|810941006|29372105|1,DTE_033_000029372105_810941006.xml,2025-10,29372105,1,COMPRAS,2025-10-20,33,810941006,FABR. Y DIST.PROD.LACTEOS VTAS. INSAGRIC,GASOLINA 93,GASOLINA 93,COOPERATIVA AGRICOLA Y LECHERA DE LA UNION LTDA.,,,29647,741.175000,Documento,client_evidence_backfill,EXP-11.4,0.683454,0.434096,0.922669,auto_accept,,EXP-11.4:0.6835;ADM-1.4:0.2494;EXP-11.5:0.0307,EXP-11.4,0.683454,False,,,,client_evidence,recovered
8460,COMPRAS|810941006|29582029|1,DTE_033_000029582029_810941006.xml,2025-10,29582029,1,COMPRAS,2025-10-27,33,810941006,FABR.Y DIST.PROD.LACTEOS VTAS.INSUMOS AG,GASOLINA 93,,COOPERATIVA AGRICOLA Y LECHERA DE LA UNI,,0966858109,29355,7338750,Documento,client_evidence_backfill,EXP-11.4,0.742119,0.56984,0.91508,auto_accept,,EXP-11.4:0.7421;ADM-1.4:0.1723;EXP-11.5:0.0309,EXP-11.4,0.742119,False,,,,client_evidence,recovered
8461,COMPRAS|810941006|29582030|1,DTE_033_000029582030_810941006.xml,2025-10,29582030,1,COMPRAS,2025-10-27,33,810941006,FABR.Y DIST.PROD.LACTEOS VTAS.INSUMOS AG,GASOLINA 93,,COOPERATIVA AGRICOLA Y LECHERA DE LA UNI,,0966858109,22016,7338667,Documento,client_evidence_backfill,EXP-11.4,0.742119,0.56984,0.91508,auto_accept,,EXP-11.4:0.7421;ADM-1.4:0.1723;EXP-11.5:0.0309,EXP-11.4,0.742119,False,,,,client_evidence,recovered
8462,COMPRAS|810941006|29582059|1,DTE_033_000029582059_810941006.xml,2025-10,29582059,1,COMPRAS,2025-10-29,33,810941006,FABR.Y DIST.PROD.LACTEOS VTAS.INSUMOS AG,GASOLINA 93,,COOPERATIVA AGRICOLA Y LECHERA DE LA UNI,,0966858109,22016,7338667,Documento,client_evidence_backfill,EXP-11.4,0.742119,0.56984,0.91508,auto_accept,,EXP-11.4:0.7421;ADM-1.4:0.1723;EXP-11.5:0.0309,EXP-11.4,0.742119,False,,,,client_evidence,recovered
8473,COMPRAS|810941006|29583115|7,DTE_033_000029583115_810941006.xml,2025-10,29583115,7,COMPRAS,2025-10-29,33,810941006,FABR. Y DIST.PROD.LACTEOS VTAS. INSAGRIC,SEMILLA BALLICA COLUN 4X5 X 25 KG,SEMILLA BALLICA COLUN 4X5 AGRICOTE,COOPERATIVA AGRICOLA Y LECHERA DE LA UNION LTDA.,,,215000,215000,Documento,silver_audit_backfill,EXP-8.1,0.603721,0.254058,0.92676,auto_accept,,EXP-8.1:0.6037;EXP-8.2:0.3497;EXP-8.4:0.0216,EXP-8.1,0.603721,False,,,,silver_audit,recovered
8480,COMPRAS|810941006|29583151|1,DTE_033_000029583151_810941006.xml,2025-10,29583151,1,COMPRAS,2025-10-30,33,810941006,FABR. Y DIST.PROD.LACTEOS VTAS. INSAGRIC,SEMILLA BALLICA TAMA CTE DES X 25 KG,SEMILLA BALLICA TAMA CTE DES,COOPERATIVA AGRICOLA Y LECHERA DE LA UNION LTDA.,,,150000,50000,Documento,silver_audit_backfill,EXP-8.1,0.657781,0.371397,0.907471,auto_accept,,EXP-8.1:0.6578;EXP-8.2:0.2864;EXP-8.4:0.0321,EXP-8.1,0.657781,False,,,,silver_audit,recovered
8495,COMPRAS|970040005|45138122|1,DTE_033_000045138122_970040005.xml,2025-10,45138122,1,COMPRAS,2025-10-09,33,970040005,Banco Comercial,COMISION MENSUAL ADMINISTRACION CONVENIO]REMUNERACIONES,COMISION MENSUAL ADMINISTRACION CONVENIO]REMUNERACIONES ]NUMERO DE OPERACION 02600554401 .,Banco de Chile,,,12714,12714,Documento,silver_audit_backfill,ADM-1.7,0.370805,0.201617,2.203085,auto_accept,,ADM-1.7:0.3708;ADM-1.5:0.1692;EXP-15.1:0.0886,ADM-1.7,0.370805,False,,,,silver_audit,recovered
8509,COMPRAS|968480502|105930|1,DTE_034_000000105930_968480502.xml,2025-10,105930,1,COMPRAS,2025-10-07,34,968480502,Concesionario de Peaje,Recarga de Prepagos,,Ruta de los Rios Sociedad Concesionaria S.A.,,,250000,250000,Documento,client_evidence_backfill,ADM-1.4,0.546193,0.402762,1.881673,auto_accept,,ADM-1.4:0.5462;EXP-15.5:0.1434;ADM-1.7:0.0673,ADM-1.4,0.546193,False,,,,client_evidence,recovered
8513,COMPRAS|605030009|2985010|1,DTE_034_000002985010_605030009.xml,2025-10,2985010,1,COMPRAS,2025-10-27,34,605030009,Servicios Postales Nacionales e Internacionales,PAQUETE EXPRESS AM,,EMPRESAS DE CORREOS DE CHILE,,00000000,6240,6240.0,Documento,silver_audit_backfill,ADM-1.7,0.451616,0.297918,1.999468,auto_accept,,ADM-1.7:0.4516;ADM-1.4:0.1537;EXP-15.1:0.1046,ADM-1.7,0.451616,False,,,,silver_audit,recovered
8515,COMPRAS|898622002|6861760|2,DTE_034_000006861760_898622002.xml,2025-10,6861760,2,COMPRAS,2025-10-13,34,898622002,LATAM AIRLINES GROUP SA,Venta de asiento,Venta de asiento,LATAM AIRLINES GROUP SA,,,17500,17500,Documento,silver_audit_backfill,ADM-1.4,0.681518,0.604575,1.46317,auto_accept,,ADM-1.4:0.6815;EXP-1.1:0.0769;ADM-1.5:0.0560,ADM-1.4,0.681518,False,,,,silver_audit,recovered
8531,COMPRAS|810941006|3837162|1,DTE_061_000003837162_810941006.xml,2025-10,3837162,1,COMPRAS,2025-10-29,61,810941006,FABR. Y DIST.PROD.LACTEOS VTAS. INSAGRIC,SEMILLA BALLICA COLUN 4X5 X 25 KG,SEMILLA BALLICA COLUN 4X5 AGRICOTE,COOPERATIVA AGRICOLA Y LECHERA DE LA UNION LTDA.,,,215000,215000,Documento,silver_audit_backfill,EXP-8.1,0.603721,0.254058,0.92676,auto_accept,,EXP-8.1:0.6037;EXP-8.2:0.3497;EXP-8.4:0.0216,EXP-8.1,0.603721,False,,,,silver_audit,recovered
8542,COMPRAS|779509370|62|2,DTE_033_000000000062_779509370.xml,2025-10,62,2,COMPRAS,2025-10-31,33,779509370,PRESTACION DE SERVICIOS AGRICOLAS,SMART BLUE - MAITEN,,PRESTACIONES DE SERVICIOS AGRICOLAS EL SIERVO LIMITADA,,,560000,8000.00,Documento,silver_audit_backfill,EXP-6.2,0.824896,0.783383,0.972364,auto_accept,,EXP-6.2:0.8249;EXP-14.4:0.0415;ADM-1.6:0.0244,EXP-6.2,0.824896,False,,,,silver_audit,recovered
8545,COMPRAS|779509370|62|5,DTE_033_000000000062_779509370.xml,2025-10,62,5,COMPRAS,2025-10-31,33,779509370,PRESTACION DE SERVICIOS AGRICOLAS,SIEMBRA RAP - MAITEN,,PRESTACIONES DE SERVICIOS AGRICOLAS EL SIERVO LIMITADA,,,490000,35000.00,Documento,silver_audit_backfill,EXP-8.2,0.547659,0.19694,1.266195,auto_accept,,EXP-8.2:0.5477;EXP-8.4:0.3507;EXP-8.3:0.0179,EXP-8.2,0.547659,False,,,,silver_audit,recovered
8553,COMPRAS|779509370|63|5,DTE_033_000000000063_779509370.xml,2025-10,63,5,COMPRAS,2025-10-31,33,779509370,PRESTACION DE SERVICIOS AGRICOLAS,SIEMBRA RAP - BRAMADERO,,PRESTACIONES DE SERVICIOS AGRICOLAS EL SIERVO LIMITADA,,,490000,35000.00,Documento,silver_audit_backfill,EXP-8.4,0.447573,0.000704,1.306158,auto_accept,,EXP-8.4:0.4476;EXP-8.2:0.4469;EXP-8.3:0.0186,EXP-8.4,0.447573,False,,,,silver_audit,recovered
8557,COMPRAS|779509370|63|9,DTE_033_000000000063_779509370.xml,2025-10,63,9,COMPRAS,2025-10-31,33,779509370,PRESTACION DE SERVICIOS AGRICOLAS,SMART VITRAMAG CAN 27 -,BRAMADERO,PRESTACIONES DE SERVICIOS AGRICOLAS EL SIERVO LIMITADA,,,562320,8000.00,Documento,silver_audit_backfill,EXP-6.5,0.684014,0.475762,1.113213,auto_accept,,EXP-6.5:0.6840;EXP-6.2:0.2083;EXP-15.5:0.0364,EXP-6.5,0.684014,False,,,,silver_audit,recovered
8561,COMPRAS|779509370|64|4,DTE_033_000000000064_779509370.xml,2025-10,64,4,COMPRAS,2025-10-31,33,779509370,PRESTACION DE SERVICIOS AGRICOLAS,TRASLADO DE ABONO,2 VUELTAS - TINEO,PRESTACIONES DE SERVICIOS AGRICOLAS EL SIERVO LIMITADA,,,50000,50000.00,Documento,manually_audited_near_identical_backfill,EXP-15.5,0.713926,0.669842,1.500805,auto_accept,,EXP-14.1:0.7139;EXP-13.1:0.0441;EXP-10.1:0.0314,EXP-14.1,0.713926,False,,,,manually_audited_near_identical,recovered_over_model_disagreement
8564,COMPRAS|119206103|70|2,DTE_033_000000000070_119206103.xml,2025-11,70,2,COMPRAS,2025-11-01,33,119206103,TRANSPORTE DE CARGA POR CARRETERA Y ACT. COMPLEMENTARIAS DEL GIRO,TRASLADO BOLOS SILOS,CON CARRO Y RETORNO DESDE MAITEN A YUTRECO ( 1 VIAJE ),LUIS ANTONIO TORRES JARAMILLO,,,291500,2650.00,Documento,manually_audited_near_identical_backfill,EXP-4.2,0.394686,0.012243,1.386201,auto_accept,,EXP-4.2:0.3947;EXP-4.3:0.3824;EXP-5.4:0.1305,EXP-4.2,0.394686,False,,,,manually_audited_near_identical,recovered
8576,COMPRAS|77895799K|168|1,DTE_033_000000000168_77895799K.xml,2025-11,168,1,COMPRAS,2025-11-13,33,77895799K,"COMERCIALIZACION, TRANSPORTE Y RECICLAJE DE RESIDUOS INDUSTRIALES",SERVICIO DE RETIRO Y,DISPOSICION FINAL DE RESIDUOS,SOCIEDAD COMERCIAL VITACYCLE LIMITADA,,,310000,310000.00,Documento,client_evidence_backfill,EXP-16.2,0.141633,0.048903,3.217012,auto_accept,,ADM-1.5:0.1416;ADM-1.4:0.0927;ADM-1.10:0.0839,ADM-1.5,0.141633,False,,,,client_evidence,recovered_over_model_disagreement
8581,COMPRAS|77991139K|248|1,DTE_033_000000000248_77991139K.xml,2025-11,248,1,COMPRAS,2025-11-22,33,77991139K,"CULTIVO, COMPRA Y VENTA DE ALIMENTOS AGRICOLAS Y TERAPIAS NATURALES.",Asesoria Huerto Tineo,,HSV SPA,,,500000,500000.00,Documento,silver_audit_backfill,EXP-15.5,0.843074,0.805268,0.881152,auto_accept,,EXP-15.5:0.8431;ADM-1.10:0.0378;EXP-1.1:0.0229,EXP-15.5,0.843074,False,,,,silver_audit,recovered
8582,COMPRAS|77991139K|248|2,DTE_033_000000000248_77991139K.xml,2025-11,248,2,COMPRAS,2025-11-22,33,77991139K,"CULTIVO, COMPRA Y VENTA DE ALIMENTOS AGRICOLAS Y TERAPIAS NATURALES.",Siembra Papas Maiten,,HSV SPA,,,300000,300000.00,Documento,silver_audit_backfill,EXP-8.4,0.817222,0.794175,1.082649,auto_accept,,EXP-8.4:0.8172;EXP-10.1:0.0230;ADM-1.5:0.0211,EXP-8.4,0.817222,False,,,,silver_audit,recovered
8586,COMPRAS|124308534|352|1,DTE_033_000000000352_124308534.xml,2025-10,352,1,COMPRAS,2025-10-31,33,124308534,SERV. DE MANTENCION DE MAQ. E IMPLEM. AGRIC. SOLDADURAS INSTAL.ELECTRI,MANTENCION Y REPARACION,SE ADJUNTA DETALLE,JOHN MARCELO CARRILLO SOLDAN,,,520000,520000.00,Documento,silver_audit_backfill,EXP-13.1,0.237124,0.037505,2.570296,auto_accept,,EXP-10.1:0.2371;EXP-13.1:0.1996;EXP-14.4:0.1182,EXP-10.1,0.237124,False,,,,silver_audit,recovered_over_model_disagreement
8592,COMPRAS|770531012|418|1,DTE_033_000000000418_770531012.xml,2025-11,418,1,COMPRAS,2025-11-11,33,770531012,SERVICIOS AGRICOLAS,CONFECCION DE BOLOS,CONFECCION DE BOLOS FUNDO RAICES. TOTAL BOLOS 157 EN 25 HA. 6.28 BOLOS POR HA. VALOR HA 132.000 VALOR BOLO 12.000 SIN INSUMOS (2),SERVICIOS AGRICOLAS CORPAL SPA,,,3300000,132000.00,Documento,manually_audited_near_identical_backfill,EXP-4.2,0.52793,0.273296,1.283029,auto_accept,,EXP-4.3:0.5279;EXP-4.2:0.2546;EXP-5.4:0.1491,EXP-4.3,0.52793,False,,,,manually_audited_near_identical,recovered_over_model_disagreement
8601,COMPRAS|119206855|534|2,DTE_033_000000000534_119206855.xml,2025-11,534,2,COMPRAS,2025-11-06,33,119206855,ASERRADERO PORTATIL MADERAS Y COMERC/PRODUCTOS FORESTALES Y MADERAS,Conf. Bolos bramadero,,HECTOR ADRIAN VALENZUELA PAREDES,,,11844000,18000.00,Documento,client_evidence_backfill,EXP-4.2,0.450956,0.125331,1.434893,auto_accept,,EXP-4.2:0.4510;EXP-4.3:0.3256;EXP-12.1:0.0823,EXP-4.2,0.450956,False,,,,client_evidence,recovered
8602,COMPRAS|119206855|534|3,DTE_033_000000000534_119206855.xml,2025-11,534,3,COMPRAS,2025-11-06,33,119206855,ASERRADERO PORTATIL MADERAS Y COMERC/PRODUCTOS FORESTALES Y MADERAS,Conf.. bolos tineo,,HECTOR ADRIAN VALENZUELA PAREDES,,,3942000,18000.00,Documento,client_evidence_backfill,EXP-4.2,0.727824,0.542414,0.929672,auto_accept,,EXP-4.2:0.7278;EXP-4.3:0.1854;EXP-12.1:0.0274,EXP-4.2,0.727824,False,,,,client_evidence,recovered
8605,COMPRAS|119206855|540|2,DTE_033_000000000540_119206855.xml,2025-11,540,2,COMPRAS,2025-11-30,33,119206855,ASERRADERO PORTATIL MADERAS Y COMERC/PRODUCTOS FORESTALES Y MADERAS,Bolos bramadero,,HECTOR ADRIAN VALENZUELA PAREDES,,,10980000,18000.00,Documento,client_evidence_backfill,EXP-4.2,0.508786,0.198315,1.329492,auto_accept,,EXP-4.2:0.5088;EXP-4.3:0.3105;EXP-5.4:0.0603,EXP-4.2,0.508786,False,,,,client_evidence,recovered
8606,COMPRAS|119206855|540|3,DTE_033_000000000540_119206855.xml,2025-11,540,3,COMPRAS,2025-11-30,33,119206855,ASERRADERO PORTATIL MADERAS Y COMERC/PRODUCTOS FORESTALES Y MADERAS,Bolos demaihue,,HECTOR ADRIAN VALENZUELA PAREDES,,,3834000,18000.00,Documento,client_evidence_backfill,EXP-4.2,0.462078,0.112332,1.363154,auto_accept,,EXP-4.2:0.4621;EXP-4.3:0.3497;EXP-5.4:0.0639,EXP-4.2,0.462078,False,,,,client_evidence,recovered
8608,COMPRAS|773568596|670|1,DTE_033_000000000670_773568596.xml,2025-11,670,1,COMPRAS,2025-11-09,33,773568596,AGRICOLA Y PRESTACION SERVICIOS AGRICOLAS,OCTUBRE,SERVICIO DE CARRO PURINERO CORRESPONDIENTE A ( 36 CARROS X 11.000 LT),AGRÍCOLA RIBERAS DEL SAUCE SPA,,,594000,1.50,Documento,manually_audited_near_identical_backfill,EXP-15.5,0.570747,0.512806,2.054151,auto_accept,,EXP-14.1:0.5707;EXP-10.1:0.0579;EXP-13.2:0.0449,EXP-14.1,0.570747,False,,,,manually_audited_near_identical,recovered_over_model_disagreement
8613,COMPRAS|776655848|1356|1,DTE_033_000000001356_776655848.xml,2025-11,1356,1,COMPRAS,2025-11-20,33,776655848,"VENTA, ENVASADO Y DISTRIBUCIÓN DE AGUA PURIFICADA",Recarga Agua Purificada,Fundo Yutreco,PURIFICADORA DE AGUA ALEJANDRO SALAZAR RIVERA E.I.R.L.,,,27731,2521.00,Documento,client_evidence_backfill,ADM-1.6,0.558787,0.3816,1.533115,auto_accept,,ADM-1.6:0.5588;EXP-9.2:0.1772;EXP-15.5:0.1300,ADM-1.6,0.558787,False,,,,client_evidence,recovered
8614,COMPRAS|776655848|1383|1,DTE_033_000000001383_776655848.xml,2025-11,1383,1,COMPRAS,2025-11-29,33,776655848,"VENTA, ENVASADO Y DISTRIBUCIÓN DE AGUA PURIFICADA",Recarga Agua Purificada,Fundo Raices,PURIFICADORA DE AGUA ALEJANDRO SALAZAR RIVERA E.I.R.L.,,,7563,2521.00,Documento,client_evidence_backfill,ADM-1.6,0.543892,0.325538,1.526074,auto_accept,,ADM-1.6:0.5439;EXP-9.2:0.2184;EXP-15.5:0.1059,ADM-1.6,0.543892,False,,,,client_evidence,recovered
8625,COMPRAS|91304686|2085|1,DTE_033_000000002085_91304686.xml,2025-11,2085,1,COMPRAS,2025-11-12,33,91304686,"SERVICIOS AGRICOLAS,AGRICOLA,COMERCIALIZACION DE PRODUCTOS AGRICOLAS",INCORPORADOR CATROS,,GUILLERMO ENRIQUE RIEDEL MARTINEZ,,,10758000,33000.00,Documento,silver_audit_backfill,EXP-8.3,0.949518,0.935084,0.347078,auto_accept,,EXP-8.3:0.9495;EXP-15.5:0.0144;EXP-1.1:0.0046,EXP-8.3,0.949518,False,,,,silver_audit,recovered
8626,COMPRAS|91304686|2085|2,DTE_033_000000002085_91304686.xml,2025-11,2085,2,COMPRAS,2025-11-12,33,91304686,"SERVICIOS AGRICOLAS,AGRICOLA,COMERCIALIZACION DE PRODUCTOS AGRICOLAS",RODON,,GUILLERMO ENRIQUE RIEDEL MARTINEZ,,,2328000,12000.00,Documento,silver_audit_backfill,EXP-8.3,0.901072,0.87484,0.603042,auto_accept,,EXP-8.3:0.9011;EXP-14.4:0.0262;EXP-8.2:0.0120,EXP-8.3,0.901072,False,,,,silver_audit,recovered
8627,COMPRAS|91304686|2085|3,DTE_033_000000002085_91304686.xml,2025-11,2085,3,COMPRAS,2025-11-12,33,91304686,"SERVICIOS AGRICOLAS,AGRICOLA,COMERCIALIZACION DE PRODUCTOS AGRICOLAS",SIEMBRA GUTTLER,,GUILLERMO ENRIQUE RIEDEL MARTINEZ,,,3395000,35000.00,Documento,silver_audit_backfill,EXP-8.2,0.737727,0.703666,1.432492,auto_accept,,EXP-8.2:0.7377;EXP-8.3:0.0341;EXP-2.4:0.0203,EXP-8.2,0.737727,False,,,,silver_audit,recovered
8630,COMPRAS|760726559|2681|1,DTE_033_000000002681_760726559.xml,2025-11,2681,1,COMPRAS,2025-11-27,33,760726559,ASESORIAS AGRICOLAS,CONTROL DE ROEDORES,"PROGRAMA DE CONTROL DE ROEDORES AL PREDIO RAICES, VISITAS REALIZADAS DURANTE EL MES DE NOVIEMBRE.",H2 ASESORIAS Y SERVICIOS SPA,,,72000,72000.00,Documento,silver_audit_backfill,EXP-7.0,0.467895,0.175689,1.74088,auto_accept,,EXP-7.0:0.4679;EXP-9.2:0.2922;EXP-10.1:0.0348,EXP-7.0,0.467895,False,,,,silver_audit,recovered
8631,COMPRAS|760726559|2682|1,DTE_033_000000002682_760726559.xml,2025-11,2682,1,COMPRAS,2025-11-27,33,760726559,ASESORIAS AGRICOLAS,CONTROL DE ROEDORES,"CONTROL DE ROEDORES PREDIO YUTRECO, VISITAS REALIZADA DURANTE EL MES DE NOVIEMBRE 2025.",H2 ASESORIAS Y SERVICIOS SPA,,,60000,60000.00,Documento,silver_audit_backfill,EXP-7.0,0.454347,0.143543,1.723775,auto_accept,,EXP-7.0:0.4543;EXP-9.2:0.3108;ADM-1.6:0.0347,EXP-7.0,0.454347,False,,,,silver_audit,recovered
8632,COMPRAS|760726559|2683|1,DTE_033_000000002683_760726559.xml,2025-11,2683,1,COMPRAS,2025-11-27,33,760726559,ASESORIAS AGRICOLAS,CONTROL DE ROEDORES,"PROGRAMA DE CONTROL DE ROEDORES PREDIO BRAMADERO, VISITAS REALIZADAS DURANTE EL MES DE NOVIEMBRE 2025.",H2 ASESORIAS Y SERVICIOS SPA,,,63000,63000.00,Documento,silver_audit_backfill,EXP-7.0,0.461474,0.190172,1.817986,auto_accept,,EXP-7.0:0.4615;EXP-9.2:0.2713;EXP-6.2:0.0404,EXP-7.0,0.461474,False,,,,silver_audit,recovered
8633,COMPRAS|760726559|2684|1,DTE_033_000000002684_760726559.xml,2025-11,2684,1,COMPRAS,2025-11-27,33,760726559,ASESORIAS AGRICOLAS,CONTROL DE ROEDORES,"PROGRAMA DE CONTROL DE ROEDORES AL PREDIO EL MAITEN, VISITAS REALIZADAS DURANTE EL MES DE NOVIEMBRE 2025.",H2 ASESORIAS Y SERVICIOS SPA,,,178500,178500.00,Documento,silver_audit_backfill,EXP-7.0,0.466497,0.199957,1.815506,auto_accept,,EXP-7.0:0.4665;EXP-9.2:0.2665;EXP-6.2:0.0398,EXP-7.0,0.466497,False,,,,silver_audit,recovered
8634,COMPRAS|760726559|2685|1,DTE_033_000000002685_760726559.xml,2025-11,2685,1,COMPRAS,2025-11-27,33,760726559,ASESORIAS AGRICOLAS,CONTROL DE ROEDORES,"INICIO DE CONTROL DE ROEDORES PREDIO TINEO, VISITA REALIZADA EN NOVIEMBRE 2025.",H2 ASESORIAS Y SERVICIOS SPA,,,35000,35000.00,Documento,silver_audit_backfill,EXP-7.0,0.490101,0.254592,1.807234,auto_accept,,EXP-7.0:0.4901;EXP-9.2:0.2355;EXP-15.5:0.0519,EXP-7.0,0.490101,False,,,,silver_audit,recovered
8635,COMPRAS|760726559|2686|1,DTE_033_000000002686_760726559.xml,2025-11,2686,1,COMPRAS,2025-11-27,33,760726559,ASESORIAS AGRICOLAS,CONTROL DE ROEDORES,PROGRAMA DE CONTROL DE ROEDORES CASA ADM RUPANCO,H2 ASESORIAS Y SERVICIOS SPA,,,44118,44118.00,Documento,silver_audit_backfill,EXP-7.0,0.462369,0.223888,1.899196,auto_accept,,EXP-7.0:0.4624;EXP-9.2:0.2385;EXP-6.2:0.0459,EXP-7.0,0.462369,False,,,,silver_audit,recovered
8648,COMPRAS|764305752|7513|1,DTE_033_000000007513_764305752.xml,2025-11,7513,1,COMPRAS,2025-11-26,33,764305752,Importación y Comercialización de alimentos para animales,Mipro Pastoreo Skyline,//FUNDO BRAMADEROS,SANO - NUTRICION ANIMAL MODERNA SPA,,,1056000,528,Documento,client_evidence_backfill,EXP-2.4,0.482781,0.188204,1.672436,auto_accept,,EXP-2.4:0.4828;EXP-5.1:0.2946;EXP-6.1:0.0523,EXP-2.4,0.482781,False,,,,client_evidence,recovered
8651,COMPRAS|760703753|20577|2,DTE_033_000000020577_760703753.xml,2025-11,20577,2,COMPRAS,2025-11-18,33,760703753,"Importacion Exportacion y Comercializacion de Maquinarias, Repuestos e Insumos A",MANO DE OBRA SERVICIO TECNICO GILTRAP,MANO DE OBRA SERVICIO TECNICO GILTRAP,GALLAGHER CHILE SPA,,,172500,34500,Documento,silver_audit_backfill,EXP-13.1,0.298047,0.029521,2.263685,auto_accept,,EXP-13.1:0.2980;EXP-14.4:0.2685;EXP-14.2:0.0823,EXP-13.1,0.298047,False,,,,silver_audit,recovered
8659,COMPRAS|761757865|25740|2,DTE_033_000000025740_761757865.xml,2025-11,25740,2,COMPRAS,2025-11-03,33,761757865,"INSTALACION,MANTENCION,REPARACION MAQUINARIA AGROPECUARIA,FORESTAL",TRI-PFAN 200 LTS,,GEA Farm Technologies Osorno Ltda.,,,413186,516483,Documento,client_evidence_backfill,EXP-10.3,0.506297,0.31415,1.573306,auto_accept,,EXP-10.3:0.5063;EXP-10.4:0.1921;EXP-10.1:0.1729,EXP-10.3,0.506297,False,,,,client_evidence,recovered
8661,COMPRAS|761757865|25740|4,DTE_033_000000025740_761757865.xml,2025-11,25740,4,COMPRAS,2025-11-03,33,761757865,"INSTALACION,MANTENCION,REPARACION MAQUINARIA AGROPECUARIA,FORESTAL",ORACID 60 L,,GEA Farm Technologies Osorno Ltda.,,,126383,157979,Documento,client_evidence_backfill,EXP-10.3,0.805228,0.709443,0.827027,auto_accept,,EXP-10.3:0.8052;EXP-10.1:0.0958;EXP-10.4:0.0503,EXP-10.3,0.805228,False,,,,client_evidence,recovered
8666,COMPRAS|761757865|25792|2,DTE_033_000000025792_761757865.xml,2025-11,25792,2,COMPRAS,2025-11-06,33,761757865,"INSTALACION,MANTENCION,REPARACION MAQUINARIA AGROPECUARIA,FORESTAL",ORACID 60 L,,GEA Farm Technologies Osorno Ltda.,,,126383,157979,Documento,client_evidence_backfill,EXP-10.3,0.805228,0.709443,0.827027,auto_accept,,EXP-10.3:0.8052;EXP-10.1:0.0958;EXP-10.4:0.0503,EXP-10.3,0.805228,False,,,,client_evidence,recovered
8670,COMPRAS|761757865|25815|2,DTE_033_000000025815_761757865.xml,2025-11,25815,2,COMPRAS,2025-11-12,33,761757865,"INSTALACION,MANTENCION,REPARACION MAQUINARIA AGROPECUARIA,FORESTAL",TRI-PFAN 60 LTS.,,GEA Farm Technologies Osorno Ltda.,,,293672,183545,Documento,manually_audited_near_identical_backfill,EXP-10.3,0.492963,0.283155,1.617717,auto_accept,,EXP-10.3:0.4930;EXP-10.1:0.2098;EXP-10.4:0.1607,EXP-10.3,0.492963,False,,,,manually_audited_near_identical,recovered
8671,COMPRAS|761757865|25815|3,DTE_033_000000025815_761757865.xml,2025-11,25815,3,COMPRAS,2025-11-12,33,761757865,"INSTALACION,MANTENCION,REPARACION MAQUINARIA AGROPECUARIA,FORESTAL",TRI-PFAN 60 LTS.,,GEA Farm Technologies Osorno Ltda.,,,146836,183545,Documento,manually_audited_near_identical_backfill,EXP-10.3,0.492963,0.283155,1.617717,auto_accept,,EXP-10.3:0.4930;EXP-10.1:0.2098;EXP-10.4:0.1607,EXP-10.3,0.492963,False,,,,manually_audited_near_identical,recovered
8672,COMPRAS|761757865|25815|4,DTE_033_000000025815_761757865.xml,2025-11,25815,4,COMPRAS,2025-11-12,33,761757865,"INSTALACION,MANTENCION,REPARACION MAQUINARIA AGROPECUARIA,FORESTAL",ORACID 60 L,,GEA Farm Technologies Osorno Ltda.,,,252766,157979,Documento,client_evidence_backfill,EXP-10.3,0.805228,0.709443,0.827027,auto_accept,,EXP-10.3:0.8052;EXP-10.1:0.0958;EXP-10.4:0.0503,EXP-10.3,0.805228,False,,,,client_evidence,recovered
8684,COMPRAS|761757865|25946|1,DTE_033_000000025946_761757865.xml,2025-11,25946,1,COMPRAS,2025-11-26,33,761757865,"INSTALACION,MANTENCION,REPARACION MAQUINARIA AGROPECUARIA,FORESTAL",ORACID 60 L,,GEA Farm Technologies Osorno Ltda.,,,126383,157979,Documento,client_evidence_backfill,EXP-10.3,0.805228,0.709443,0.827027,auto_accept,,EXP-10.3:0.8052;EXP-10.1:0.0958;EXP-10.4:0.0503,EXP-10.3,0.805228,False,,,,client_evidence,recovered
8710,COMPRAS|760714208|000044070|2,DTE_033_000000044070_760714208.xml,2025-11,000044070,2,COMPRAS,2025-11-19,33,760714208,VENTA AL POR MAYOR DE MATERIAS PRIMAS AGRICOLAS,Nitrogeno liquido,,ABS CHILE LIMITADA,,,28740,4790,Documento,client_evidence_backfill,EXP-3.1,0.144139,6e-05,3.025675,auto_accept,,EXP-16.2:0.1441;EXP-10.4:0.1441;EXP-10.1:0.0974,EXP-16.2,0.144139,False,,,,client_evidence,recovered_over_model_disagreement
8717,COMPRAS|760714208|000044225|1,DTE_033_000000044225_760714208.xml,2025-11,000044225,1,COMPRAS,2025-11-26,33,760714208,VENTA AL POR MAYOR DE MATERIAS PRIMAS AGRICOLAS,Nitrogeno liquido,,ABS CHILE LIMITADA,,,38320,4790,Documento,client_evidence_backfill,EXP-3.1,0.144139,6e-05,3.025675,auto_accept,,EXP-16.2:0.1441;EXP-10.4:0.1441;EXP-10.1:0.0974,EXP-16.2,0.144139,False,,,,client_evidence,recovered_over_model_disagreement
8743,COMPRAS|771552897|67990|1,DTE_033_000000067990_771552897.xml,2025-11,67990,1,COMPRAS,2025-11-25,33,771552897,AGROINDUSTRIA,BIOLACT ANTILLANCA GRANEL,,AGROCOMERCIAL IANSA S.A.,,A096685810,4233840,312.000,Documento,client_evidence_backfill,EXP-5.1,0.792513,0.709271,0.939673,auto_accept,,EXP-5.1:0.7925;EXP-5.2:0.0832;EXP-6.5:0.0582,EXP-5.1,0.792513,False,,,,client_evidence,recovered
8744,COMPRAS|771552897|67991|1,DTE_033_000000067991_771552897.xml,2025-11,67991,1,COMPRAS,2025-11-25,33,771552897,AGROINDUSTRIA,BIOLACT ANTILLANCA GRANEL,,AGROCOMERCIAL IANSA S.A.,,A096685810,4333680,312.000,Documento,client_evidence_backfill,EXP-5.1,0.792513,0.709271,0.939673,auto_accept,,EXP-5.1:0.7925;EXP-5.2:0.0832;EXP-6.5:0.0582,EXP-5.1,0.792513,False,,,,client_evidence,recovered
8754,COMPRAS|111003351|83978|6,DTE_033_000000083978_111003351.xml,2025-11,83978,6,COMPRAS,2025-11-05,33,111003351,COMPRAVENTA MAQUINARIAS SERVICIO TECNICO,ACEITE DE CADENA LTS,ACEITE DE CADENA LTS,LIDIA ANGELICA SANHUEZA FUENTES,,,2958,1848.74,Documento,silver_audit_backfill,EXP-13.1,0.441112,0.336407,2.276428,auto_accept,,EXP-13.1:0.4411;EXP-2.2:0.1047;EXP-16.2:0.0818,EXP-13.1,0.441112,False,,,,silver_audit,recovered
8760,COMPRAS|969839504|127134|1,DTE_033_000000127134_969839504.xml,2025-11,127134,1,COMPRAS,2025-11-28,33,969839504,"COM. EQ.ORDEÑA,VTA.ART.ASEO Y DETER,ASESORIA",EMERGENCIA EQUIPOS DE REFRIGERACION,,SOCIEDAD COMERCIAL SERLAC CHILE S.A.,,,120000,120000.00000,Documento,client_evidence_backfill,EXP-10.1,0.573246,0.451248,1.948051,auto_accept,,EXP-10.1:0.5732;ADM-1.6:0.1220;EXP-1.1:0.0416,EXP-10.1,0.573246,False,,,,client_evidence,recovered
8761,COMPRAS|969839504|127134|2,DTE_033_000000127134_969839504.xml,2025-11,127134,2,COMPRAS,2025-11-28,33,969839504,"COM. EQ.ORDEÑA,VTA.ART.ASEO Y DETER,ASESORIA",MOVILIZACION DE EQUIPOS DE REFRIGERACION,,SOCIEDAD COMERCIAL SERLAC CHILE S.A.,,,20000,20000.000000,Documento,client_evidence_backfill,EXP-10.1,0.754551,0.713575,1.327882,auto_accept,,EXP-10.1:0.7546;EXP-6.5:0.0410;EXP-1.1:0.0266,EXP-10.1,0.754551,False,,,,client_evidence,recovered
8765,COMPRAS|766848613|129828|3,DTE_033_000000129828_766848613.xml,2025-11,129828,3,COMPRAS,2025-11-18,33,766848613,VENTA Y DISTRIBUCION DE PINTURAS-HERRAMIENTAS Y ARTIC. DE FERRETERIA,RODILLO CHIPORRO NATURAL HELA 18CM,,PINTURAS BARENDS SpA,,,13278,6639,Documento,client_evidence_backfill,EXP-14.4,0.704745,0.595033,1.357195,auto_accept,,EXP-14.4:0.7047;EXP-16.2:0.1097;EXP-5.3:0.0429,EXP-14.4,0.704745,False,,,,client_evidence,recovered
8771,COMPRAS|762599570|220173|1,DTE_033_000000220173_762599570.xml,2025-11,220173,1,COMPRAS,2025-11-04,33,762599570,SERVICENTRO,93 S/P,,ESTACIONES DE SERVICIO PAOLA USLAR MOLINA E.I.R.L.,,,28850,721.25,Documento,client_evidence_backfill,ADM-1.4,0.746355,0.704891,1.381561,auto_accept,,ADM-1.4:0.7464;EXP-11.4:0.0415;EXP-10.1:0.0346,ADM-1.4,0.746355,False,,,,client_evidence,recovered
8772,COMPRAS|762599570|220743|1,DTE_033_000000220743_762599570.xml,2025-11,220743,1,COMPRAS,2025-11-10,33,762599570,SERVICENTRO,93 S/P,,ESTACIONES DE SERVICIO PAOLA USLAR MOLINA E.I.R.L.,,,22220,716.06,Documento,client_evidence_backfill,ADM-1.4,0.746355,0.704891,1.381561,auto_accept,,ADM-1.4:0.7464;EXP-11.4:0.0415;EXP-10.1:0.0346,ADM-1.4,0.746355,False,,,,client_evidence,recovered
8773,COMPRAS|762599570|221536|1,DTE_033_000000221536_762599570.xml,2025-11,221536,1,COMPRAS,2025-11-17,33,762599570,SERVICENTRO,93 S/P,,ESTACIONES DE SERVICIO PAOLA USLAR MOLINA E.I.R.L.,,,43804,729.05,Documento,client_evidence_backfill,ADM-1.4,0.746355,0.704891,1.381561,auto_accept,,ADM-1.4:0.7464;EXP-11.4:0.0415;EXP-10.1:0.0346,ADM-1.4,0.746355,False,,,,client_evidence,recovered
8774,COMPRAS|762599570|221586|1,DTE_033_000000221586_762599570.xml,2025-11,221586,1,COMPRAS,2025-11-17,33,762599570,SERVICENTRO,93 S/P,,ESTACIONES DE SERVICIO PAOLA USLAR MOLINA E.I.R.L.,,,80323,729.05,Documento,client_evidence_backfill,ADM-1.4,0.746355,0.704891,1.381561,auto_accept,,ADM-1.4:0.7464;EXP-11.4:0.0415;EXP-10.1:0.0346,ADM-1.4,0.746355,False,,,,client_evidence,recovered
8860,COMPRAS|779912809|263467|1,DTE_033_000000263467_779912809.xml,2025-11,263467,1,COMPRAS,2025-11-06,33,779912809,REVISIONES TECNICAS,- Revision Tecnica Automovil particular camioneta PSSS88,,REVISIONES LOS LAGOS LTDA.,,,10294,10294,Documento,client_evidence_backfill,EXP-13.3,0.959981,0.946536,0.25318,auto_accept,,EXP-13.3:0.9600;EXP-13.2:0.0134;ADM-2.1:0.0088,EXP-13.3,0.959981,False,,,,client_evidence,recovered
8950,COMPRAS|990120005|672290|1,DTE_033_000000672290_990120005.xml,2025-11,672290,1,COMPRAS,2025-11-06,33,990120005,Seguros de Vida,Seguro Colectivo. Poliza Nro. 12799,,Cia de Seguros de Vida Consorcio Nacional de Seguros SA,,,607227,,Documento,silver_audit_backfill,ADM-2.2,0.804647,0.722246,0.934617,auto_accept,,ADM-2.2:0.8046;ADM-1.4:0.0824;ADM-1.8:0.0247,ADM-2.2,0.804647,False,,,,silver_audit,recovered
9044,COMPRAS|967895202|1569274|1,DTE_033_000001569274_967895202.xml,2025-11,1569274,1,COMPRAS,2025-11-10,33,967895202,COMERCIALIZADORA DE INSUMOS AGRICOLAS,CONCENTRADO TERNERO 1 STANDARD -Ferosor_25kg_Sin Sal_PBF_,Ferosor_25kg_Sin Sal_PBF_,FEROSOR AGRICOLA S.A.,,,90000,360,Documento,client_evidence_backfill,EXP-5.2,0.775426,0.661055,1.021656,auto_accept,,EXP-5.2:0.7754;EXP-5.3:0.1144;EXP-5.1:0.0207,EXP-5.2,0.775426,False,,,,client_evidence,recovered
9045,COMPRAS|967895202|1569274|2,DTE_033_000001569274_967895202.xml,2025-11,1569274,2,COMPRAS,2025-11-10,33,967895202,COMERCIALIZADORA DE INSUMOS AGRICOLAS,RIMADYL 50 ML -____,____,FEROSOR AGRICOLA S.A.,,,135402,46529.9,Documento,manually_audited_near_identical_backfill,EXP-2.5,0.44894,0.060797,1.250779,auto_accept,,EXP-2.5:0.4489;EXP-3.1:0.3881;EXP-10.3:0.0768,EXP-2.5,0.44894,False,,,,manually_audited_near_identical,recovered
9050,COMPRAS|967895202|1570338|1,DTE_033_000001570338_967895202.xml,2025-11,1570338,1,COMPRAS,2025-11-13,33,967895202,COMERCIALIZADORA DE INSUMOS AGRICOLAS,CONCENTRADO TERNERO 1 STANDARD -Ferosor_25kg_Sin Sal_PBF_,Ferosor_25kg_Sin Sal_PBF_,FEROSOR AGRICOLA S.A.,,,126000,360,Documento,client_evidence_backfill,EXP-5.2,0.775426,0.661055,1.021656,auto_accept,,EXP-5.2:0.7754;EXP-5.3:0.1144;EXP-5.1:0.0207,EXP-5.2,0.775426,False,,,,client_evidence,recovered
9051,COMPRAS|967895202|1571605|1,DTE_033_000001571605_967895202.xml,2025-11,1571605,1,COMPRAS,2025-11-18,33,967895202,COMERCIALIZADORA DE INSUMOS AGRICOLAS,CONCENTRADO TERNERO INICIAL SUPER -Ferosor_25kg_Sin Sal_PBF_,Ferosor_25kg_Sin Sal_PBF_,FEROSOR AGRICOLA S.A.,,,144353,481.18,Documento,client_evidence_backfill,EXP-5.2,0.870532,0.80183,0.657196,auto_accept,,EXP-5.2:0.8705;EXP-5.3:0.0687;EXP-5.1:0.0155,EXP-5.2,0.870532,False,,,,client_evidence,recovered
9089,COMPRAS|97080000K|3430781|1,DTE_033_000003430781_97080000K.xml,2025-11,3430781,1,COMPRAS,2025-11-07,33,97080000K,BANCO COMERCIAL,Comisión por Nóminas en Línea CCA,,BANCO BICE,,,15853,15853,Documento,silver_audit_backfill,ADM-1.7,0.517366,0.394462,1.727873,auto_accept,,ADM-1.7:0.5174;EXP-15.1:0.1229;ADM-1.10:0.1009,ADM-1.7,0.517366,False,,,,silver_audit,recovered
9090,COMPRAS|97080000K|3430781|2,DTE_033_000003430781_97080000K.xml,2025-11,3430781,2,COMPRAS,2025-11-07,33,97080000K,BANCO COMERCIAL,Comisión por Nóminas en Línea CCA,,BANCO BICE,,,488283,488283,Documento,silver_audit_backfill,ADM-1.7,0.517366,0.394462,1.727873,auto_accept,,ADM-1.7:0.5174;EXP-15.1:0.1229;ADM-1.10:0.1009,ADM-1.7,0.517366,False,,,,silver_audit,recovered
9205,COMPRAS|810941006|29309247|1,DTE_033_000029309247_810941006.xml,2025-11,29309247,1,COMPRAS,2025-11-03,33,810941006,FABR.Y DIST.PROD.LACTEOS VTAS.INSUMOS AG,GASOLINA 93,,COOPERATIVA AGRICOLA Y LECHERA DE LA UNI,,0966858109,65688,7218462,Documento,client_evidence_backfill,EXP-11.4,0.742119,0.56984,0.91508,auto_accept,,EXP-11.4:0.7421;ADM-1.4:0.1723;EXP-11.5:0.0309,EXP-11.4,0.742119,False,,,,client_evidence,recovered
9206,COMPRAS|810941006|29309269|1,DTE_033_000029309269_810941006.xml,2025-11,29309269,1,COMPRAS,2025-11-03,33,810941006,FABR.Y DIST.PROD.LACTEOS VTAS.INSUMOS AG,GASOLINA 93,,COOPERATIVA AGRICOLA Y LECHERA DE LA UNI,,0966858109,28874,7218500,Documento,client_evidence_backfill,EXP-11.4,0.742119,0.56984,0.91508,auto_accept,,EXP-11.4:0.7421;ADM-1.4:0.1723;EXP-11.5:0.0309,EXP-11.4,0.742119,False,,,,client_evidence,recovered
9209,COMPRAS|810941006|29309284|1,DTE_033_000029309284_810941006.xml,2025-11,29309284,1,COMPRAS,2025-11-03,33,810941006,FABR.Y DIST.PROD.LACTEOS VTAS.INSUMOS AGRICOLAS VETER. COMBUSTIBLES Y VEHICULOS,GASOLINA 93,Retira: ANTILLANCA SPA{Impuesto base combustible: 27429{Impuesto variable combustible: 885,COOPERATIVA AGRICOLA Y LECHERA DE LA UNION LTDA.,,0966858109,47642,721.849000,Documento,client_evidence_backfill,EXP-11.4,0.53596,0.15836,1.115265,auto_accept,,EXP-11.4:0.5360;ADM-1.4:0.3776;EXP-11.5:0.0232,EXP-11.4,0.53596,False,,,,client_evidence,recovered
9211,COMPRAS|810941006|29309333|1,DTE_033_000029309333_810941006.xml,2025-11,29309333,1,COMPRAS,2025-11-04,33,810941006,FABR.Y DIST.PROD.LACTEOS VTAS.INSUMOS AG,GASOLINA 93,,COOPERATIVA AGRICOLA Y LECHERA DE LA UNI,,0966858109,28816,7204000,Documento,client_evidence_backfill,EXP-11.4,0.742119,0.56984,0.91508,auto_accept,,EXP-11.4:0.7421;ADM-1.4:0.1723;EXP-11.5:0.0309,EXP-11.4,0.742119,False,,,,client_evidence,recovered
9213,COMPRAS|810941006|29309361|1,DTE_033_000029309361_810941006.xml,2025-11,29309361,1,COMPRAS,2025-11-05,33,810941006,FABR.Y DIST.PROD.LACTEOS VTAS.INSUMOS AG,GASOLINA 93,,COOPERATIVA AGRICOLA Y LECHERA DE LA UNI,,0966858109,28096,7204103,Documento,client_evidence_backfill,EXP-11.4,0.742119,0.56984,0.91508,auto_accept,,EXP-11.4:0.7421;ADM-1.4:0.1723;EXP-11.5:0.0309,EXP-11.4,0.742119,False,,,,client_evidence,recovered
9214,COMPRAS|810941006|29309363|1,DTE_033_000029309363_810941006.xml,2025-11,29309363,1,COMPRAS,2025-11-05,33,810941006,FABR.Y DIST.PROD.LACTEOS VTAS.INSUMOS AG,GASOLINA 93,,COOPERATIVA AGRICOLA Y LECHERA DE LA UNI,,0966858109,14408,7204000,Documento,client_evidence_backfill,EXP-11.4,0.742119,0.56984,0.91508,auto_accept,,EXP-11.4:0.7421;ADM-1.4:0.1723;EXP-11.5:0.0309,EXP-11.4,0.742119,False,,,,client_evidence,recovered
9217,COMPRAS|810941006|29309447|1,DTE_033_000029309447_810941006.xml,2025-11,29309447,1,COMPRAS,2025-11-07,33,810941006,FABR.Y DIST.PROD.LACTEOS VTAS.INSUMOS AG,GASOLINA 93,,COOPERATIVA AGRICOLA Y LECHERA DE LA UNI,,0966858109,14304,7152000,Documento,client_evidence_backfill,EXP-11.4,0.742119,0.56984,0.91508,auto_accept,,EXP-11.4:0.7421;ADM-1.4:0.1723;EXP-11.5:0.0309,EXP-11.4,0.742119,False,,,,client_evidence,recovered
9219,COMPRAS|810941006|29309492|1,DTE_033_000029309492_810941006.xml,2025-11,29309492,1,COMPRAS,2025-11-11,33,810941006,FABR.Y DIST.PROD.LACTEOS VTAS.INSUMOS AG,GASOLINA 93,,COOPERATIVA AGRICOLA Y LECHERA DE LA UNI,,0966858109,21457,7152333,Documento,client_evidence_backfill,EXP-11.4,0.742119,0.56984,0.91508,auto_accept,,EXP-11.4:0.7421;ADM-1.4:0.1723;EXP-11.5:0.0309,EXP-11.4,0.742119,False,,,,client_evidence,recovered
9220,COMPRAS|810941006|29309529|1,DTE_033_000029309529_810941006.xml,2025-11,29309529,1,COMPRAS,2025-11-11,33,810941006,FABR.Y DIST.PROD.LACTEOS VTAS.INSUMOS AG,GASOLINA 93,,COOPERATIVA AGRICOLA Y LECHERA DE LA UNI,,0966858109,42913,7152167,Documento,client_evidence_backfill,EXP-11.4,0.742119,0.56984,0.91508,auto_accept,,EXP-11.4:0.7421;ADM-1.4:0.1723;EXP-11.5:0.0309,EXP-11.4,0.742119,False,,,,client_evidence,recovered
9222,COMPRAS|810941006|29309648|1,DTE_033_000029309648_810941006.xml,2025-11,29309648,1,COMPRAS,2025-11-14,33,810941006,FABR.Y DIST.PROD.LACTEOS VTAS.INSUMOS AG,GASOLINA 93,,COOPERATIVA AGRICOLA Y LECHERA DE LA UNI,,0966858109,62626,7282093,Documento,client_evidence_backfill,EXP-11.4,0.742119,0.56984,0.91508,auto_accept,,EXP-11.4:0.7421;ADM-1.4:0.1723;EXP-11.5:0.0309,EXP-11.4,0.742119,False,,,,client_evidence,recovered
9227,COMPRAS|810941006|29309801|2,DTE_033_000029309801_810941006.xml,2025-11,29309801,2,COMPRAS,2025-11-20,33,810941006,FABR.Y DIST.PROD.LACTEOS VTAS.INSUMOS AGRICOLAS VETER. COMBUSTIBLES Y VEHICULOS,GASOLINA 93,Retira: ANTILLANCA SPA{Impuesto base combustible: 16690{Impuesto variable combustible: 0,COOPERATIVA AGRICOLA Y LECHERA DE LA UNION LTDA.,,0966858109,29672,741.805000,Documento,client_evidence_backfill,EXP-11.4,0.630799,0.337421,1.024977,auto_accept,,EXP-11.4:0.6308;ADM-1.4:0.2934;EXP-11.5:0.0215,EXP-11.4,0.630799,False,,,,client_evidence,recovered
9229,COMPRAS|810941006|29309922|1,DTE_033_000029309922_810941006.xml,2025-11,29309922,1,COMPRAS,2025-11-24,33,810941006,FABR.Y DIST.PROD.LACTEOS VTAS.INSUMOS AG,GASOLINA 93,,COOPERATIVA AGRICOLA Y LECHERA DE LA UNI,,0966858109,54894,7418108,Documento,client_evidence_backfill,EXP-11.4,0.742119,0.56984,0.91508,auto_accept,,EXP-11.4:0.7421;ADM-1.4:0.1723;EXP-11.5:0.0309,EXP-11.4,0.742119,False,,,,client_evidence,recovered
9234,COMPRAS|810941006|29310082|1,DTE_033_000029310082_810941006.xml,2025-11,29310082,1,COMPRAS,2025-11-28,33,810941006,FABR.Y DIST.PROD.LACTEOS VTAS.INSUMOS AG,GASOLINA 93,,COOPERATIVA AGRICOLA Y LECHERA DE LA UNI,,0966858109,55730,7332895,Documento,client_evidence_backfill,EXP-11.4,0.742119,0.56984,0.91508,auto_accept,,EXP-11.4:0.7421;ADM-1.4:0.1723;EXP-11.5:0.0309,EXP-11.4,0.742119,False,,,,client_evidence,recovered
9240,COMPRAS|810941006|29577436|1,DTE_033_000029577436_810941006.xml,2025-11,29577436,1,COMPRAS,2025-11-05,33,810941006,FABR. Y DIST.PROD.LACTEOS VTAS. INSAGRIC,GASOLINA 93,GASOLINA 93,COOPERATIVA AGRICOLA Y LECHERA DE LA UNION LTDA.,,,14408,720.400000,Documento,client_evidence_backfill,EXP-11.4,0.683454,0.434096,0.922669,auto_accept,,EXP-11.4:0.6835;ADM-1.4:0.2494;EXP-11.5:0.0307,EXP-11.4,0.683454,False,,,,client_evidence,recovered
9246,COMPRAS|810941006|29578393|1,DTE_033_000029578393_810941006.xml,2025-11,29578393,1,COMPRAS,2025-11-12,33,810941006,FABR. Y DIST.PROD.LACTEOS VTAS. INSAGRIC,GASOLINA 93,GASOLINA 93,COOPERATIVA AGRICOLA Y LECHERA DE LA UNION LTDA.,,,28609,715.225000,Documento,client_evidence_backfill,EXP-11.4,0.683454,0.434096,0.922669,auto_accept,,EXP-11.4:0.6835;ADM-1.4:0.2494;EXP-11.5:0.0307,EXP-11.4,0.683454,False,,,,client_evidence,recovered
9249,COMPRAS|810941006|29578552|1,DTE_033_000029578552_810941006.xml,2025-11,29578552,1,COMPRAS,2025-11-13,33,810941006,FABR. Y DIST.PROD.LACTEOS VTAS. INSAGRIC,GASOLINA 93,GASOLINA 93,COOPERATIVA AGRICOLA Y LECHERA DE LA UNION LTDA.,,,14564,728.200000,Documento,client_evidence_backfill,EXP-11.4,0.683454,0.434096,0.922669,auto_accept,,EXP-11.4:0.6835;ADM-1.4:0.2494;EXP-11.5:0.0307,EXP-11.4,0.683454,False,,,,client_evidence,recovered
9251,COMPRAS|810941006|29578705|1,DTE_033_000029578705_810941006.xml,2025-11,29578705,1,COMPRAS,2025-11-14,33,810941006,FABR. Y DIST.PROD.LACTEOS VTAS. INSAGRIC,GASOLINA 93,GASOLINA 93,COOPERATIVA AGRICOLA Y LECHERA DE LA UNION LTDA.,,,29129,728.225000,Documento,client_evidence_backfill,EXP-11.4,0.683454,0.434096,0.922669,auto_accept,,EXP-11.4:0.6835;ADM-1.4:0.2494;EXP-11.5:0.0307,EXP-11.4,0.683454,False,,,,client_evidence,recovered
9258,COMPRAS|810941006|29579087|1,DTE_033_000029579087_810941006.xml,2025-11,29579087,1,COMPRAS,2025-11-18,33,810941006,FABR. Y DIST.PROD.LACTEOS VTAS. INSAGRIC,GASOLINA 93,GASOLINA 93,COOPERATIVA AGRICOLA Y LECHERA DE LA UNION LTDA.,,,29129,728.225000,Documento,client_evidence_backfill,EXP-11.4,0.683454,0.434096,0.922669,auto_accept,,EXP-11.4:0.6835;ADM-1.4:0.2494;EXP-11.5:0.0307,EXP-11.4,0.683454,False,,,,client_evidence,recovered
9260,COMPRAS|810941006|29579445|1,DTE_033_000029579445_810941006.xml,2025-11,29579445,1,COMPRAS,2025-11-20,33,810941006,FABR. Y DIST.PROD.LACTEOS VTAS. INSAGRIC,GASOLINA 93,GASOLINA 93,COOPERATIVA AGRICOLA Y LECHERA DE LA UNION LTDA.,,,29672,741.800000,Documento,client_evidence_backfill,EXP-11.4,0.683454,0.434096,0.922669,auto_accept,,EXP-11.4:0.6835;ADM-1.4:0.2494;EXP-11.5:0.0307,EXP-11.4,0.683454,False,,,,client_evidence,recovered
9262,COMPRAS|810941006|29579523|1,DTE_033_000029579523_810941006.xml,2025-11,29579523,1,COMPRAS,2025-11-21,33,810941006,FABR. Y DIST.PROD.LACTEOS VTAS. INSAGRIC,GASOLINA 93,GASOLINA 93,COOPERATIVA AGRICOLA Y LECHERA DE LA UNION LTDA.,,,29672,741.800000,Documento,client_evidence_backfill,EXP-11.4,0.683454,0.434096,0.922669,auto_accept,,EXP-11.4:0.6835;ADM-1.4:0.2494;EXP-11.5:0.0307,EXP-11.4,0.683454,False,,,,client_evidence,recovered
9263,COMPRAS|810941006|29579637|1,DTE_033_000029579637_810941006.xml,2025-11,29579637,1,COMPRAS,2025-11-21,33,810941006,FABR. Y DIST.PROD.LACTEOS VTAS. INSAGRIC,GASOLINA 93,GASOLINA 93,COOPERATIVA AGRICOLA Y LECHERA DE LA UNION LTDA.,,,29672,741.800000,Documento,client_evidence_backfill,EXP-11.4,0.683454,0.434096,0.922669,auto_accept,,EXP-11.4:0.6835;ADM-1.4:0.2494;EXP-11.5:0.0307,EXP-11.4,0.683454,False,,,,client_evidence,recovered
9271,COMPRAS|810941006|29580172|1,DTE_033_000029580172_810941006.xml,2025-11,29580172,1,COMPRAS,2025-11-27,33,810941006,FABR. Y DIST.PROD.LACTEOS VTAS. INSAGRIC,GASOLINA 93,GASOLINA 93,COOPERATIVA AGRICOLA Y LECHERA DE LA UNION LTDA.,,,29672,741.800000,Documento,client_evidence_backfill,EXP-11.4,0.683454,0.434096,0.922669,auto_accept,,EXP-11.4:0.6835;ADM-1.4:0.2494;EXP-11.5:0.0307,EXP-11.4,0.683454,False,,,,client_evidence,recovered
9277,COMPRAS|810941006|29580232|1,DTE_033_000029580232_810941006.xml,2025-11,29580232,1,COMPRAS,2025-11-27,33,810941006,FABR. Y DIST.PROD.LACTEOS VTAS. INSAGRIC,GASOLINA 93,GASOLINA 93,COOPERATIVA AGRICOLA Y LECHERA DE LA UNION LTDA.,,,29332,733.300000,Documento,client_evidence_backfill,EXP-11.4,0.683454,0.434096,0.922669,auto_accept,,EXP-11.4:0.6835;ADM-1.4:0.2494;EXP-11.5:0.0307,EXP-11.4,0.683454,False,,,,client_evidence,recovered
9280,COMPRAS|810941006|29580436|1,DTE_033_000029580436_810941006.xml,2025-11,29580436,1,COMPRAS,2025-11-28,33,810941006,FABR. Y DIST.PROD.LACTEOS VTAS. INSAGRIC,GASOLINA 93,GASOLINA 93,COOPERATIVA AGRICOLA Y LECHERA DE LA UNION LTDA.,,,29332,733.300000,Documento,client_evidence_backfill,EXP-11.4,0.683454,0.434096,0.922669,auto_accept,,EXP-11.4:0.6835;ADM-1.4:0.2494;EXP-11.5:0.0307,EXP-11.4,0.683454,False,,,,client_evidence,recovered
9281,COMPRAS|810941006|29582119|1,DTE_033_000029582119_810941006.xml,2025-11,29582119,1,COMPRAS,2025-11-03,33,810941006,FABR.Y DIST.PROD.LACTEOS VTAS.INSUMOS AG,GASOLINA 93,,COOPERATIVA AGRICOLA Y LECHERA DE LA UNI,,0966858109,21612,7204000,Documento,client_evidence_backfill,EXP-11.4,0.742119,0.56984,0.91508,auto_accept,,EXP-11.4:0.7421;ADM-1.4:0.1723;EXP-11.5:0.0309,EXP-11.4,0.742119,False,,,,client_evidence,recovered
9282,COMPRAS|810941006|29582181|1,DTE_033_000029582181_810941006.xml,2025-11,29582181,1,COMPRAS,2025-11-06,33,810941006,FABR.Y DIST.PROD.LACTEOS VTAS.INSUMOS AG,GASOLINA 93,,COOPERATIVA AGRICOLA Y LECHERA DE LA UNI,,0966858109,21612,7204000,Documento,client_evidence_backfill,EXP-11.4,0.742119,0.56984,0.91508,auto_accept,,EXP-11.4:0.7421;ADM-1.4:0.1723;EXP-11.5:0.0309,EXP-11.4,0.742119,False,,,,client_evidence,recovered
9283,COMPRAS|810941006|29582189|1,DTE_033_000029582189_810941006.xml,2025-11,29582189,1,COMPRAS,2025-11-07,33,810941006,FABR.Y DIST.PROD.LACTEOS VTAS.INSUMOS AG,GASOLINA 93,,COOPERATIVA AGRICOLA Y LECHERA DE LA UNI,,0966858109,21457,7152333,Documento,client_evidence_backfill,EXP-11.4,0.742119,0.56984,0.91508,auto_accept,,EXP-11.4:0.7421;ADM-1.4:0.1723;EXP-11.5:0.0309,EXP-11.4,0.742119,False,,,,client_evidence,recovered
9284,COMPRAS|810941006|29582225|1,DTE_033_000029582225_810941006.xml,2025-11,29582225,1,COMPRAS,2025-11-10,33,810941006,FABR.Y DIST.PROD.LACTEOS VTAS.INSUMOS AG,GASOLINA 93,,COOPERATIVA AGRICOLA Y LECHERA DE LA UNI,,0966858109,42913,7152167,Documento,client_evidence_backfill,EXP-11.4,0.742119,0.56984,0.91508,auto_accept,,EXP-11.4:0.7421;ADM-1.4:0.1723;EXP-11.5:0.0309,EXP-11.4,0.742119,False,,,,client_evidence,recovered
9286,COMPRAS|810941006|29582248|1,DTE_033_000029582248_810941006.xml,2025-11,29582248,1,COMPRAS,2025-11-12,33,810941006,FABR.Y DIST.PROD.LACTEOS VTAS.INSUMOS AG,GASOLINA 93,,COOPERATIVA AGRICOLA Y LECHERA DE LA UNI,,0966858109,21457,7152333,Documento,client_evidence_backfill,EXP-11.4,0.742119,0.56984,0.91508,auto_accept,,EXP-11.4:0.7421;ADM-1.4:0.1723;EXP-11.5:0.0309,EXP-11.4,0.742119,False,,,,client_evidence,recovered
9287,COMPRAS|810941006|29582257|1,DTE_033_000029582257_810941006.xml,2025-11,29582257,1,COMPRAS,2025-11-12,33,810941006,FABR.Y DIST.PROD.LACTEOS VTAS.INSUMOS AG,GASOLINA 93,,COOPERATIVA AGRICOLA Y LECHERA DE LA UNI,,0966858109,57217,7152125,Documento,client_evidence_backfill,EXP-11.4,0.742119,0.56984,0.91508,auto_accept,,EXP-11.4:0.7421;ADM-1.4:0.1723;EXP-11.5:0.0309,EXP-11.4,0.742119,False,,,,client_evidence,recovered
9289,COMPRAS|810941006|29582267|1,DTE_033_000029582267_810941006.xml,2025-11,29582267,1,COMPRAS,2025-11-13,33,810941006,FABR.Y DIST.PROD.LACTEOS VTAS.INSUMOS AG,GASOLINA 93,,COOPERATIVA AGRICOLA Y LECHERA DE LA UNI,,0966858109,59363,7152169,Documento,client_evidence_backfill,EXP-11.4,0.742119,0.56984,0.91508,auto_accept,,EXP-11.4:0.7421;ADM-1.4:0.1723;EXP-11.5:0.0309,EXP-11.4,0.742119,False,,,,client_evidence,recovered
9290,COMPRAS|810941006|29582291|1,DTE_033_000029582291_810941006.xml,2025-11,29582291,1,COMPRAS,2025-11-14,33,810941006,FABR.Y DIST.PROD.LACTEOS VTAS.INSUMOS AG,GASOLINA 93,,COOPERATIVA AGRICOLA Y LECHERA DE LA UNI,,0966858109,21846,7282000,Documento,client_evidence_backfill,EXP-11.4,0.742119,0.56984,0.91508,auto_accept,,EXP-11.4:0.7421;ADM-1.4:0.1723;EXP-11.5:0.0309,EXP-11.4,0.742119,False,,,,client_evidence,recovered
9292,COMPRAS|810941006|29582300|1,DTE_033_000029582300_810941006.xml,2025-11,29582300,1,COMPRAS,2025-11-14,33,810941006,FABR.Y DIST.PROD.LACTEOS VTAS.INSUMOS AG,GASOLINA 93,,COOPERATIVA AGRICOLA Y LECHERA DE LA UNI,,0966858109,29129,7282250,Documento,client_evidence_backfill,EXP-11.4,0.742119,0.56984,0.91508,auto_accept,,EXP-11.4:0.7421;ADM-1.4:0.1723;EXP-11.5:0.0309,EXP-11.4,0.742119,False,,,,client_evidence,recovered
9293,COMPRAS|810941006|29582354|1,DTE_033_000029582354_810941006.xml,2025-11,29582354,1,COMPRAS,2025-11-19,33,810941006,FABR.Y DIST.PROD.LACTEOS VTAS.INSUMOS AG,GASOLINA 93,,COOPERATIVA AGRICOLA Y LECHERA DE LA UNI,,0966858109,21846,7282000,Documento,client_evidence_backfill,EXP-11.4,0.742119,0.56984,0.91508,auto_accept,,EXP-11.4:0.7421;ADM-1.4:0.1723;EXP-11.5:0.0309,EXP-11.4,0.742119,False,,,,client_evidence,recovered
9294,COMPRAS|810941006|29582394|1,DTE_033_000029582394_810941006.xml,2025-11,29582394,1,COMPRAS,2025-11-21,33,810941006,FABR.Y DIST.PROD.LACTEOS VTAS.INSUMOS AG,GASOLINA 93,,COOPERATIVA AGRICOLA Y LECHERA DE LA UNI,,0966858109,22254,7418000,Documento,client_evidence_backfill,EXP-11.4,0.742119,0.56984,0.91508,auto_accept,,EXP-11.4:0.7421;ADM-1.4:0.1723;EXP-11.5:0.0309,EXP-11.4,0.742119,False,,,,client_evidence,recovered
9296,COMPRAS|810941006|29582469|1,DTE_033_000029582469_810941006.xml,2025-11,29582469,1,COMPRAS,2025-11-26,33,810941006,FABR.Y DIST.PROD.LACTEOS VTAS.INSUMOS AG,GASOLINA 93,,COOPERATIVA AGRICOLA Y LECHERA DE LA UNI,,0966858109,44508,7418000,Documento,client_evidence_backfill,EXP-11.4,0.742119,0.56984,0.91508,auto_accept,,EXP-11.4:0.7421;ADM-1.4:0.1723;EXP-11.5:0.0309,EXP-11.4,0.742119,False,,,,client_evidence,recovered
9298,COMPRAS|810941006|29582478|1,DTE_033_000029582478_810941006.xml,2025-11,29582478,1,COMPRAS,2025-11-26,33,810941006,FABR.Y DIST.PROD.LACTEOS VTAS.INSUMOS AG,GASOLINA 93,,COOPERATIVA AGRICOLA Y LECHERA DE LA UNI,,0966858109,22254,7418000,Documento,client_evidence_backfill,EXP-11.4,0.742119,0.56984,0.91508,auto_accept,,EXP-11.4:0.7421;ADM-1.4:0.1723;EXP-11.5:0.0309,EXP-11.4,0.742119,False,,,,client_evidence,recovered
9299,COMPRAS|810941006|29582522|1,DTE_033_000029582522_810941006.xml,2025-11,29582522,1,COMPRAS,2025-11-28,33,810941006,FABR.Y DIST.PROD.LACTEOS VTAS.INSUMOS AG,GASOLINA 93,,COOPERATIVA AGRICOLA Y LECHERA DE LA UNI,,0966858109,21999,7333000,Documento,client_evidence_backfill,EXP-11.4,0.742119,0.56984,0.91508,auto_accept,,EXP-11.4:0.7421;ADM-1.4:0.1723;EXP-11.5:0.0309,EXP-11.4,0.742119,False,,,,client_evidence,recovered
9399,COMPRAS|970040005|45498488|1,DTE_033_000045498488_970040005.xml,2025-11,45498488,1,COMPRAS,2025-11-18,33,970040005,Banco Comercial,COMISION MENSUAL ADMINISTRACION CONVENIO]REMUNERACIONES,COMISION MENSUAL ADMINISTRACION CONVENIO]REMUNERACIONES ]NUMERO DE OPERACION 02600554401 .,Banco de Chile,,,12750,12750,Documento,silver_audit_backfill,ADM-1.7,0.370805,0.201617,2.203085,auto_accept,,ADM-1.7:0.3708;ADM-1.5:0.1692;EXP-15.1:0.0886,ADM-1.7,0.370805,False,,,,silver_audit,recovered
9445,COMPRAS|968480502|107946|1,DTE_034_000000107946_968480502.xml,2025-11,107946,1,COMPRAS,2025-11-21,34,968480502,Concesionario de Peaje,Recarga de Prepagos,,Ruta de los Rios Sociedad Concesionaria S.A.,,,400000,400000,Documento,client_evidence_backfill,ADM-1.4,0.546193,0.402762,1.881673,auto_accept,,ADM-1.4:0.5462;EXP-15.5:0.1434;ADM-1.7:0.0673,ADM-1.4,0.546193,False,,,,client_evidence,recovered
9454,COMPRAS|168720882|28|2,DTE_033_000000000028_168720882.xml,2025-12,28,2,COMPRAS,2025-12-12,33,168720882,REPARAC/MANTENCION MAQUINAS / EQUIPOS AGRIC./ FORESTAL/VEHICULOS AUTOM,Mantención motor del,riego 1,SANDRA PAULINA VALLADARES RIOS,,,50000,50000.00,Documento,silver_audit_backfill,EXP-9.2,0.587828,0.516035,1.830989,auto_accept,,EXP-9.2:0.5878;EXP-14.1:0.0718;EXP-10.1:0.0522,EXP-9.2,0.587828,False,,,,silver_audit,recovered
9459,COMPRAS|781899259|52|1,DTE_033_000000000052_781899259.xml,2025-12,52,1,COMPRAS,2025-12-15,33,781899259,CONTRATISTA EN OBRAS MENORES,servicio,mantencion de riego irripod mas materiales,HYK MANTENIMIENTO MAKINARÍA AGRÍCOLA SPA,,,797500,797500.00,Documento,silver_audit_backfill,EXP-9.2,0.973997,0.967414,0.185035,auto_accept,,EXP-9.2:0.9740;EXP-14.3:0.0066;ADM-1.6:0.0040,EXP-9.2,0.973997,False,,,,silver_audit,recovered
9460,COMPRAS|781899259|57|1,DTE_033_000000000057_781899259.xml,2025-12,57,1,COMPRAS,2025-12-23,33,781899259,CONTRATISTA EN OBRAS MENORES,servicio,servicio de mantencion de riego mas materiales,HYK MANTENIMIENTO MAKINARÍA AGRÍCOLA SPA,,,1195000,1195000.00,Documento,silver_audit_backfill,EXP-9.2,0.975662,0.968899,0.174539,auto_accept,,EXP-9.2:0.9757;EXP-14.3:0.0068;ADM-1.6:0.0034,EXP-9.2,0.975662,False,,,,silver_audit,recovered
9466,COMPRAS|779509370|69|1,DTE_033_000000000069_779509370.xml,2025-12,69,1,COMPRAS,2025-12-09,33,779509370,PRESTACION DE SERVICIOS AGRICOLAS,RAPS TORDON 21K -,BRAMADERO,PRESTACIONES DE SERVICIOS AGRICOLAS EL SIERVO LIMITADA,,,119000,8500.00,Documento,silver_audit_backfill,EXP-8.4,0.370697,0.159309,2.326223,auto_accept,,EXP-8.2:0.3707;EXP-8.4:0.2114;EXP-7.0:0.0990,EXP-8.2,0.370697,False,,,,silver_audit,recovered_over_model_disagreement
9490,COMPRAS|77991139K|271|1,DTE_033_000000000271_77991139K.xml,2025-12,271,1,COMPRAS,2025-12-03,33,77991139K,"CULTIVO, COMPRA Y VENTA DE ALIMENTOS AGRICOLAS Y TERAPIAS NATURALES.",Asesoria Huerto Tineo,,HSV SPA,,,500000,500000.00,Documento,silver_audit_backfill,EXP-15.5,0.843074,0.805268,0.881152,auto_accept,,EXP-15.5:0.8431;ADM-1.10:0.0378;EXP-1.1:0.0229,EXP-15.5,0.843074,False,,,,silver_audit,recovered
9496,COMPRAS|98124942|352|1,DTE_033_000000000352_98124942.xml,2025-12,352,1,COMPRAS,2025-12-19,33,98124942,AGRICULTOR- COMIDA RAPIDA- BAZAR,EMPANADAS DE HORNO,,MINERVA RUTH ARELLANO VASQUEZ,,,36135,2007.50,Documento,client_evidence_backfill,EXP-1.1,0.331086,0.052893,2.190319,auto_accept,,EXP-16.2:0.3311;EXP-10.1:0.2782;EXP-14.1:0.0933,EXP-16.2,0.331086,False,,,,client_evidence,recovered_over_model_disagreement
9503,COMPRAS|770531012|425|1,DTE_033_000000000425_770531012.xml,2025-12,425,1,COMPRAS,2025-12-09,33,770531012,SERVICIOS AGRICOLAS,BOLOS YUTRECO,Total bolos 120 bolos en 19H: 6 bolos por ha valor ha : 135.000,SERVICIOS AGRICOLAS CORPAL SPA,,,2565000,135000.00,Documento,silver_audit_backfill,EXP-4.3,0.550691,0.263401,1.149838,auto_accept,,EXP-4.2:0.5507;EXP-4.3:0.2873;EXP-5.4:0.1264,EXP-4.2,0.550691,False,,,,silver_audit,recovered_over_model_disagreement
9504,COMPRAS|770531012|425|2,DTE_033_000000000425_770531012.xml,2025-12,425,2,COMPRAS,2025-12-09,33,770531012,SERVICIOS AGRICOLAS,BOLOS CHAPILCAHUIN,Pago por bolos total 75 bolos,SERVICIOS AGRICOLAS CORPAL SPA,,,1387500,18500.00,Documento,client_evidence_backfill,EXP-4.2,0.625803,0.398077,1.05919,auto_accept,,EXP-4.2:0.6258;EXP-4.3:0.2277;EXP-5.4:0.1155,EXP-4.2,0.625803,False,,,,client_evidence,recovered
9505,COMPRAS|770531012|425|3,DTE_033_000000000425_770531012.xml,2025-12,425,3,COMPRAS,2025-12-09,33,770531012,SERVICIOS AGRICOLAS,BOLOS PELLECO,Bolos 68 en 9 ha : sería 7 bolos por ha y el valor Ha seria: 141.500,SERVICIOS AGRICOLAS CORPAL SPA,,,1273500,141500.00,Documento,manually_audited_near_identical_backfill,EXP-4.2,0.383079,0.015986,1.313713,auto_accept,,EXP-4.2:0.3831;EXP-4.3:0.3671;EXP-5.4:0.2027,EXP-4.2,0.383079,False,,,,manually_audited_near_identical,recovered
9506,COMPRAS|770531012|429|1,DTE_033_000000000429_770531012.xml,2025-12,429,1,COMPRAS,2025-12-17,33,770531012,SERVICIOS AGRICOLAS,BOLOS RAICES,CONFECCION BOLOS 207 BOLOS EN 30 HA LO CUAL SERIAN 7 BOLOS X HA VALOR HA 141.500,SERVICIOS AGRICOLAS CORPAL SPA,,,4245000,141500.00,Documento,silver_audit_backfill,EXP-4.3,0.582065,0.395588,1.195374,auto_accept,,EXP-4.3:0.5821;EXP-5.4:0.1865;EXP-4.2:0.1780,EXP-4.3,0.582065,False,,,,silver_audit,recovered
9534,COMPRAS|776655848|1412|1,DTE_033_000000001412_776655848.xml,2025-12,1412,1,COMPRAS,2025-12-09,33,776655848,"VENTA, ENVASADO Y DISTRIBUCIÓN DE AGUA PURIFICADA",Recarga Agua Purificada,Fundo Yutreco,PURIFICADORA DE AGUA ALEJANDRO SALAZAR RIVERA E.I.R.L.,,,30252,2521.00,Documento,client_evidence_backfill,ADM-1.6,0.558787,0.3816,1.533115,auto_accept,,ADM-1.6:0.5588;EXP-9.2:0.1772;EXP-15.5:0.1300,ADM-1.6,0.558787,False,,,,client_evidence,recovered
9577,COMPRAS|760726559|2713|1,DTE_033_000000002713_760726559.xml,2025-12,2713,1,COMPRAS,2025-12-26,33,760726559,ASESORIAS AGRICOLAS,CONTROL DE ROEDORES,"PROGRAMA DE CONTROL DE ROEDORES AL PREDIO RAICES, VISITAS REALIZADAS 01/12/2025 HT7030; 17/12/2025 HT7054.",H2 ASESORIAS Y SERVICIOS SPA,,,72000,72000.00,Documento,silver_audit_backfill,EXP-7.0,0.552718,0.308941,1.583233,auto_accept,,EXP-7.0:0.5527;EXP-9.2:0.2438;EXP-10.1:0.0294,EXP-7.0,0.552718,False,,,,silver_audit,recovered
9578,COMPRAS|760726559|2714|1,DTE_033_000000002714_760726559.xml,2025-12,2714,1,COMPRAS,2025-12-26,33,760726559,ASESORIAS AGRICOLAS,CONTROL DE ROEDORES,"CONTROL DE ROEDORES PREDIO YUTRECO, VISITAS REALIZADAS 02/12/2025 HT7034; 18/12/2025 HT7058.",H2 ASESORIAS Y SERVICIOS SPA,,,60000,60000.00,Documento,silver_audit_backfill,EXP-7.0,0.470478,0.145366,1.622291,auto_accept,,EXP-7.0:0.4705;EXP-9.2:0.3251;EXP-13.1:0.0319,EXP-7.0,0.470478,False,,,,silver_audit,recovered
9579,COMPRAS|760726559|2715|1,DTE_033_000000002715_760726559.xml,2025-12,2715,1,COMPRAS,2025-12-26,33,760726559,ASESORIAS AGRICOLAS,CONTROL DE ROEDORES,"PROGRAMA DE CONTROL DE ROEDORES PREDIO BRAMADERO, VISITAS REALIZADAS 11/12/2025 HT7044; 22/12/2025 HT7066.",H2 ASESORIAS Y SERVICIOS SPA,,,63000,63000.00,Documento,silver_audit_backfill,EXP-7.0,0.529223,0.298196,1.712429,auto_accept,,EXP-7.0:0.5292;EXP-9.2:0.2310;ADM-1.6:0.0342,EXP-7.0,0.529223,False,,,,silver_audit,recovered
9580,COMPRAS|760726559|2716|1,DTE_033_000000002716_760726559.xml,2025-12,2716,1,COMPRAS,2025-12-26,33,760726559,ASESORIAS AGRICOLAS,CONTROL DE ROEDORES,"PROGRAMA DE CONTROL DE ROEDORES AL PREDIO EL MAITEN, VISITAS REALIZADAS 11/12/2025 HT7043; 22/12/2025 HT7065.",H2 ASESORIAS Y SERVICIOS SPA,,,178500,178500.00,Documento,silver_audit_backfill,EXP-7.0,0.521376,0.276617,1.695991,auto_accept,,EXP-7.0:0.5214;EXP-9.2:0.2448;ADM-1.6:0.0349,EXP-7.0,0.521376,False,,,,silver_audit,recovered
9581,COMPRAS|760726559|2717|1,DTE_033_000000002717_760726559.xml,2025-12,2717,1,COMPRAS,2025-12-26,33,760726559,ASESORIAS AGRICOLAS,CONTROL DE ROEDORES,"INICIO DE CONTROL DE ROEDORES PREDIO TINEO, VISITA REALIZADA 22/12/2025 HT7063.",H2 ASESORIAS Y SERVICIOS SPA,,,35000,35000.00,Documento,silver_audit_backfill,EXP-7.0,0.439852,0.154382,1.82889,auto_accept,,EXP-7.0:0.4399;EXP-9.2:0.2855;EXP-15.5:0.0520,EXP-7.0,0.439852,False,,,,silver_audit,recovered
9583,COMPRAS|760726559|2738|1,DTE_033_000000002738_760726559.xml,2025-12,2738,1,COMPRAS,2025-12-30,33,760726559,ASESORIAS AGRICOLAS,CONTROL DE ROEDORES,PROGRAMA DE CONTROL DE ROEDORES CASA ADM RUPANCO VISITA 30/12/2025 HT7083.,H2 ASESORIAS Y SERVICIOS SPA,,,44118,44118.00,Documento,silver_audit_backfill,EXP-7.0,0.469555,0.209917,1.817148,auto_accept,,EXP-7.0:0.4696;EXP-9.2:0.2596;EXP-10.1:0.0468,EXP-7.0,0.469555,False,,,,silver_audit,recovered
9586,COMPRAS|769185224|3085|1,DTE_033_000000003085_769185224.xml,2025-12,3085,1,COMPRAS,2025-12-17,33,769185224,COMERCIALIZACION DE PRODUCTOS DE CUERO,BANANO ALICANTE CAFE,,KALEUCHE SPA,,,1199400,19990.0,Documento,client_evidence_backfill,EXP-1.1,0.76329,0.732623,1.265485,auto_accept,,EXP-1.1:0.7633;ADM-1.5:0.0307;ADM-1.4:0.0290,EXP-1.1,0.76329,False,,,,client_evidence,recovered
9587,COMPRAS|769185224|3085|2,DTE_033_000000003085_769185224.xml,2025-12,3085,2,COMPRAS,2025-12-17,33,769185224,COMERCIALIZACION DE PRODUCTOS DE CUERO,CUNO,,KALEUCHE SPA,,,65000,65000.0,Documento,client_evidence_backfill,EXP-1.1,0.767371,0.736865,1.322952,auto_accept,,EXP-1.1:0.7674;ADM-1.5:0.0305;ADM-1.2:0.0294,EXP-1.1,0.767371,False,,,,client_evidence,recovered
9588,COMPRAS|769185224|3085|3,DTE_033_000000003085_769185224.xml,2025-12,3085,3,COMPRAS,2025-12-17,33,769185224,COMERCIALIZACION DE PRODUCTOS DE CUERO,GRABADO LOGO,,KALEUCHE SPA,,,29400,490.0,Documento,client_evidence_backfill,EXP-1.1,0.875348,0.858424,0.768778,auto_accept,,EXP-1.1:0.8753;EXP-14.4:0.0169;EXP-13.3:0.0152,EXP-1.1,0.875348,False,,,,client_evidence,recovered
9589,COMPRAS|769185224|3085|4,DTE_033_000000003085_769185224.xml,2025-12,3085,4,COMPRAS,2025-12-17,33,769185224,COMERCIALIZACION DE PRODUCTOS DE CUERO,BOLSA,,KALEUCHE SPA,,,59400,990.0,Documento,client_evidence_backfill,EXP-1.1,0.681357,0.618455,1.604648,auto_accept,,EXP-1.1:0.6814;EXP-14.1:0.0629;EXP-8.2:0.0406,EXP-1.1,0.681357,False,,,,client_evidence,recovered
9622,COMPRAS|761757865|25971|2,DTE_033_000000025971_761757865.xml,2025-12,25971,2,COMPRAS,2025-12-01,33,761757865,"INSTALACION,MANTENCION,REPARACION MAQUINARIA AGROPECUARIA,FORESTAL",TRI-PFAN 200 LTS,,GEA Farm Technologies Osorno Ltda.,,,413186,516483,Documento,client_evidence_backfill,EXP-10.3,0.506297,0.31415,1.573306,auto_accept,,EXP-10.3:0.5063;EXP-10.4:0.1921;EXP-10.1:0.1729,EXP-10.3,0.506297,False,,,,client_evidence,recovered
9624,COMPRAS|761757865|25971|4,DTE_033_000000025971_761757865.xml,2025-12,25971,4,COMPRAS,2025-12-01,33,761757865,"INSTALACION,MANTENCION,REPARACION MAQUINARIA AGROPECUARIA,FORESTAL",ORACID 60 L,,GEA Farm Technologies Osorno Ltda.,,,252766,157979,Documento,client_evidence_backfill,EXP-10.3,0.805228,0.709443,0.827027,auto_accept,,EXP-10.3:0.8052;EXP-10.1:0.0958;EXP-10.4:0.0503,EXP-10.3,0.805228,False,,,,client_evidence,recovered
9627,COMPRAS|761757865|26037|1,DTE_033_000000026037_761757865.xml,2025-12,26037,1,COMPRAS,2025-12-05,33,761757865,"INSTALACION,MANTENCION,REPARACION MAQUINARIA AGROPECUARIA,FORESTAL",JUEGO PEZONERAS MONOBLOCK,,GEA Farm Technologies Osorno Ltda.,,,43354,51005,Documento,client_evidence_backfill,EXP-10.4,0.602647,0.284794,1.10017,auto_accept,,EXP-10.4:0.6026;EXP-10.1:0.3179;EXP-10.2:0.0141,EXP-10.4,0.602647,False,,,,client_evidence,recovered
9631,COMPRAS|761757865|26042|4,DTE_033_000000026042_761757865.xml,2025-12,26042,4,COMPRAS,2025-12-09,33,761757865,"INSTALACION,MANTENCION,REPARACION MAQUINARIA AGROPECUARIA,FORESTAL",ORACID 60 L,,GEA Farm Technologies Osorno Ltda.,,,126383,157979,Documento,client_evidence_backfill,EXP-10.3,0.805228,0.709443,0.827027,auto_accept,,EXP-10.3:0.8052;EXP-10.1:0.0958;EXP-10.4:0.0503,EXP-10.3,0.805228,False,,,,client_evidence,recovered
9634,COMPRAS|761757865|26055|1,DTE_033_000000026055_761757865.xml,2025-12,26055,1,COMPRAS,2025-12-11,33,761757865,"INSTALACION,MANTENCION,REPARACION MAQUINARIA AGROPECUARIA,FORESTAL",PARTE INFERIOR COLECTOR USADA,,GEA Farm Technologies Osorno Ltda.,,,54515,64135,Documento,client_evidence_backfill,EXP-10.4,0.523179,0.258588,1.546395,auto_accept,,EXP-10.4:0.5232;EXP-10.1:0.2646;EXP-10.2:0.0699,EXP-10.4,0.523179,False,,,,client_evidence,recovered
9644,COMPRAS|761757865|26139|1,DTE_033_000000026139_761757865.xml,2025-12,26139,1,COMPRAS,2025-12-22,33,761757865,"INSTALACION,MANTENCION,REPARACION MAQUINARIA AGROPECUARIA,FORESTAL",VASO METATRON CPL,,HGS DAIRY SOLUTIONS SPA,,,335304,394475,Documento,client_evidence_backfill,EXP-10.1,0.512303,0.295007,1.735941,auto_accept,,EXP-10.1:0.5123;EXP-7.0:0.2173;EXP-10.3:0.0803,EXP-10.1,0.512303,False,,,,client_evidence,recovered
9649,COMPRAS|761757865|26188|3,DTE_033_000000026188_761757865.xml,2025-12,26188,3,COMPRAS,2025-12-24,33,761757865,"INSTALACION,MANTENCION,REPARACION MAQUINARIA AGROPECUARIA,FORESTAL",ORACID 60 L,,HGS DAIRY SOLUTIONS SPA,,,126383,157979,Documento,client_evidence_backfill,EXP-10.3,0.800432,0.704677,0.87786,auto_accept,,EXP-10.3:0.8004;EXP-7.0:0.0958;EXP-10.1:0.0406,EXP-10.3,0.800432,False,,,,client_evidence,recovered
9662,COMPRAS|761757865|26247|2,DTE_033_000000026247_761757865.xml,2025-12,26247,2,COMPRAS,2025-12-31,33,761757865,"INSTALACION,MANTENCION,REPARACION MAQUINARIA AGROPECUARIA,FORESTAL",HORA TECNICA,,HGS DAIRY SOLUTIONS SPA,,,395076,49200,Documento,manually_audited_near_identical_backfill,EXP-10.1,0.761793,0.688802,1.183605,auto_accept,,EXP-10.1:0.7618;ADM-1.6:0.0730;EXP-14.4:0.0268,EXP-10.1,0.761793,False,,,,manually_audited_near_identical,recovered
9667,COMPRAS|761757865|26248|2,DTE_033_000000026248_761757865.xml,2025-12,26248,2,COMPRAS,2025-12-31,33,761757865,"INSTALACION,MANTENCION,REPARACION MAQUINARIA AGROPECUARIA,FORESTAL",HORA TECNICA,,HGS DAIRY SOLUTIONS SPA,,,359160,49200,Documento,manually_audited_near_identical_backfill,EXP-10.1,0.761793,0.688802,1.183605,auto_accept,,EXP-10.1:0.7618;ADM-1.6:0.0730;EXP-14.4:0.0268,EXP-10.1,0.761793,False,,,,manually_audited_near_identical,recovered
9680,COMPRAS|760714208|000044689|3,DTE_033_000000044689_760714208.xml,2025-12,000044689,3,COMPRAS,2025-12-29,33,760714208,VENTA AL POR MAYOR DE MATERIAS PRIMAS AGRICOLAS,Nitrogeno liquido,,ABS CHILE LIMITADA,,,43110,4790,Documento,client_evidence_backfill,EXP-3.1,0.144139,6e-05,3.025675,auto_accept,,EXP-16.2:0.1441;EXP-10.4:0.1441;EXP-10.1:0.0974,EXP-16.2,0.144139,False,,,,client_evidence,recovered_over_model_disagreement
9683,COMPRAS|760714208|000044691|2,DTE_033_000000044691_760714208.xml,2025-12,000044691,2,COMPRAS,2025-12-29,33,760714208,VENTA AL POR MAYOR DE MATERIAS PRIMAS AGRICOLAS,Nitrogeno liquido,,ABS CHILE LIMITADA,,,43110,4790,Documento,client_evidence_backfill,EXP-3.1,0.144139,6e-05,3.025675,auto_accept,,EXP-16.2:0.1441;EXP-10.4:0.1441;EXP-10.1:0.0974,EXP-16.2,0.144139,False,,,,client_evidence,recovered_over_model_disagreement
9709,COMPRAS|771552897|68267|1,DTE_033_000000068267_771552897.xml,2025-12,68267,1,COMPRAS,2025-12-03,33,771552897,AGROINDUSTRIA,BIOLACT ANTILLANCA GRANEL,,AGROCOMERCIAL IANSA S.A.,,A096685810,4196400,312.000,Documento,client_evidence_backfill,EXP-5.1,0.792513,0.709271,0.939673,auto_accept,,EXP-5.1:0.7925;EXP-5.2:0.0832;EXP-6.5:0.0582,EXP-5.1,0.792513,False,,,,client_evidence,recovered
9710,COMPRAS|771552897|68268|1,DTE_033_000000068268_771552897.xml,2025-12,68268,1,COMPRAS,2025-12-03,33,771552897,AGROINDUSTRIA,BIOLACT ANTILLANCA GRANEL,,AGROCOMERCIAL IANSA S.A.,,A096685810,4489680,312.000,Documento,client_evidence_backfill,EXP-5.1,0.792513,0.709271,0.939673,auto_accept,,EXP-5.1:0.7925;EXP-5.2:0.0832;EXP-6.5:0.0582,EXP-5.1,0.792513,False,,,,client_evidence,recovered
9711,COMPRAS|771552897|68458|1,DTE_033_000000068458_771552897.xml,2025-12,68458,1,COMPRAS,2025-12-10,33,771552897,AGROINDUSTRIA,BIOLACT ANTILLANCA GRANEL,,AGROCOMERCIAL IANSA S.A.,,A096685810,4470960,312.000,Documento,client_evidence_backfill,EXP-5.1,0.792513,0.709271,0.939673,auto_accept,,EXP-5.1:0.7925;EXP-5.2:0.0832;EXP-6.5:0.0582,EXP-5.1,0.792513,False,,,,client_evidence,recovered
9712,COMPRAS|771552897|68459|1,DTE_033_000000068459_771552897.xml,2025-12,68459,1,COMPRAS,2025-12-10,33,771552897,AGROINDUSTRIA,BIOLACT ANTILLANCA GRANEL,,AGROCOMERCIAL IANSA S.A.,,A096685810,3999840,312.000,Documento,client_evidence_backfill,EXP-5.1,0.792513,0.709271,0.939673,auto_accept,,EXP-5.1:0.7925;EXP-5.2:0.0832;EXP-6.5:0.0582,EXP-5.1,0.792513,False,,,,client_evidence,recovered
9713,COMPRAS|771552897|68639|1,DTE_033_000000068639_771552897.xml,2025-12,68639,1,COMPRAS,2025-12-16,33,771552897,AGROINDUSTRIA,BIOLACT ANTILLANCA GRANEL,,AGROCOMERCIAL IANSA S.A.,,A096685810,4339920,312.000,Documento,client_evidence_backfill,EXP-5.1,0.792513,0.709271,0.939673,auto_accept,,EXP-5.1:0.7925;EXP-5.2:0.0832;EXP-6.5:0.0582,EXP-5.1,0.792513,False,,,,client_evidence,recovered
9714,COMPRAS|771552897|68682|1,DTE_033_000000068682_771552897.xml,2025-12,68682,1,COMPRAS,2025-12-17,33,771552897,AGROINDUSTRIA,BIOLACT ANTILLANCA GRANEL,,AGROCOMERCIAL IANSA S.A.,,A096685810,3560580,262.000,Documento,client_evidence_backfill,EXP-5.1,0.792513,0.709271,0.939673,auto_accept,,EXP-5.1:0.7925;EXP-5.2:0.0832;EXP-6.5:0.0582,EXP-5.1,0.792513,False,,,,client_evidence,recovered
9715,COMPRAS|771552897|68776|1,DTE_033_000000068776_771552897.xml,2025-12,68776,1,COMPRAS,2025-12-19,33,771552897,AGROINDUSTRIA,BIOLACT ANTILLANCA GRANEL,,AGROCOMERCIAL IANSA S.A.,,A096685810,3612980,262.000,Documento,client_evidence_backfill,EXP-5.1,0.792513,0.709271,0.939673,auto_accept,,EXP-5.1:0.7925;EXP-5.2:0.0832;EXP-6.5:0.0582,EXP-5.1,0.792513,False,,,,client_evidence,recovered
9716,COMPRAS|771552897|68861|1,DTE_033_000000068861_771552897.xml,2025-12,68861,1,COMPRAS,2025-12-23,33,771552897,AGROINDUSTRIA,BIOLACT ANTILLANCA GRANEL,,AGROCOMERCIAL IANSA S.A.,,A096685810,3620840,262.000,Documento,client_evidence_backfill,EXP-5.1,0.792513,0.709271,0.939673,auto_accept,,EXP-5.1:0.7925;EXP-5.2:0.0832;EXP-6.5:0.0582,EXP-5.1,0.792513,False,,,,client_evidence,recovered
9717,COMPRAS|771552897|69015|1,DTE_033_000000069015_771552897.xml,2025-12,69015,1,COMPRAS,2025-12-30,33,771552897,AGROINDUSTRIA,BIOLACT ANTILLANCA GRANEL,,AGROCOMERCIAL IANSA S.A.,,A096685810,3178060,262.000,Documento,client_evidence_backfill,EXP-5.1,0.792513,0.709271,0.939673,auto_accept,,EXP-5.1:0.7925;EXP-5.2:0.0832;EXP-6.5:0.0582,EXP-5.1,0.792513,False,,,,client_evidence,recovered
9718,COMPRAS|771552897|69016|1,DTE_033_000000069016_771552897.xml,2025-12,69016,1,COMPRAS,2025-12-30,33,771552897,AGROINDUSTRIA,BIOLACT ANTILLANCA GRANEL,,AGROCOMERCIAL IANSA S.A.,,A096685810,3615600,262.000,Documento,client_evidence_backfill,EXP-5.1,0.792513,0.709271,0.939673,auto_accept,,EXP-5.1:0.7925;EXP-5.2:0.0832;EXP-6.5:0.0582,EXP-5.1,0.792513,False,,,,client_evidence,recovered
9732,COMPRAS|762599570|223194|1,DTE_033_000000223194_762599570.xml,2025-12,223194,1,COMPRAS,2025-12-01,33,762599570,SERVICENTRO,93 S/P,,ESTACIONES DE SERVICIO PAOLA USLAR MOLINA E.I.R.L.,,,58734,734.13,Documento,client_evidence_backfill,ADM-1.4,0.746355,0.704891,1.381561,auto_accept,,ADM-1.4:0.7464;EXP-11.4:0.0415;EXP-10.1:0.0346,ADM-1.4,0.746355,False,,,,client_evidence,recovered
9733,COMPRAS|762599570|223231|1,DTE_033_000000223231_762599570.xml,2025-12,223231,1,COMPRAS,2025-12-01,33,762599570,SERVICENTRO,93 S/P,,ESTACIONES DE SERVICIO PAOLA USLAR MOLINA E.I.R.L.,,,56428,734.13,Documento,client_evidence_backfill,ADM-1.4,0.746355,0.704891,1.381561,auto_accept,,ADM-1.4:0.7464;EXP-11.4:0.0415;EXP-10.1:0.0346,ADM-1.4,0.746355,False,,,,client_evidence,recovered
9734,COMPRAS|762599570|223650|1,DTE_033_000000223650_762599570.xml,2025-12,223650,1,COMPRAS,2025-12-03,33,762599570,SERVICENTRO,93 S/P,,ESTACIONES DE SERVICIO PAOLA USLAR MOLINA E.I.R.L.,,,29366,734.13,Documento,client_evidence_backfill,ADM-1.4,0.746355,0.704891,1.381561,auto_accept,,ADM-1.4:0.7464;EXP-11.4:0.0415;EXP-10.1:0.0346,ADM-1.4,0.746355,False,,,,client_evidence,recovered
9735,COMPRAS|762599570|223982|1,DTE_033_000000223982_762599570.xml,2025-12,223982,1,COMPRAS,2025-12-06,33,762599570,SERVICENTRO,93 S/P,,ESTACIONES DE SERVICIO PAOLA USLAR MOLINA E.I.R.L.,,,71387,713.82,Documento,client_evidence_backfill,ADM-1.4,0.746355,0.704891,1.381561,auto_accept,,ADM-1.4:0.7464;EXP-11.4:0.0415;EXP-10.1:0.0346,ADM-1.4,0.746355,False,,,,client_evidence,recovered
9736,COMPRAS|762599570|224665|1,DTE_033_000000224665_762599570.xml,2025-12,224665,1,COMPRAS,2025-12-12,33,762599570,SERVICENTRO,93 S/P,,ESTACIONES DE SERVICIO PAOLA USLAR MOLINA E.I.R.L.,,,27685,692.13,Documento,client_evidence_backfill,ADM-1.4,0.746355,0.704891,1.381561,auto_accept,,ADM-1.4:0.7464;EXP-11.4:0.0415;EXP-10.1:0.0346,ADM-1.4,0.746355,False,,,,client_evidence,recovered
9737,COMPRAS|762599570|226050|1,DTE_033_000000226050_762599570.xml,2025-12,226050,1,COMPRAS,2025-12-16,33,762599570,SERVICENTRO,93 S/P,,ESTACIONES DE SERVICIO PAOLA USLAR MOLINA E.I.R.L.,,,27685,692.13,Documento,client_evidence_backfill,ADM-1.4,0.746355,0.704891,1.381561,auto_accept,,ADM-1.4:0.7464;EXP-11.4:0.0415;EXP-10.1:0.0346,ADM-1.4,0.746355,False,,,,client_evidence,recovered
9738,COMPRAS|762599570|226168|1,DTE_033_000000226168_762599570.xml,2025-12,226168,1,COMPRAS,2025-12-17,33,762599570,SERVICENTRO,93 S/P,,ESTACIONES DE SERVICIO PAOLA USLAR MOLINA E.I.R.L.,,,27685,692.13,Documento,client_evidence_backfill,ADM-1.4,0.746355,0.704891,1.381561,auto_accept,,ADM-1.4:0.7464;EXP-11.4:0.0415;EXP-10.1:0.0346,ADM-1.4,0.746355,False,,,,client_evidence,recovered
9739,COMPRAS|762599570|226687|1,DTE_033_000000226687_762599570.xml,2025-12,226687,1,COMPRAS,2025-12-22,33,762599570,SERVICENTRO,93 S/P,,ESTACIONES DE SERVICIO PAOLA USLAR MOLINA E.I.R.L.,,,54307,678.72,Documento,client_evidence_backfill,ADM-1.4,0.746355,0.704891,1.381561,auto_accept,,ADM-1.4:0.7464;EXP-11.4:0.0415;EXP-10.1:0.0346,ADM-1.4,0.746355,False,,,,client_evidence,recovered
9740,COMPRAS|762599570|226721|1,DTE_033_000000226721_762599570.xml,2025-12,226721,1,COMPRAS,2025-12-22,33,762599570,SERVICENTRO,93 S/P,,ESTACIONES DE SERVICIO PAOLA USLAR MOLINA E.I.R.L.,,,50749,678.72,Documento,client_evidence_backfill,ADM-1.4,0.746355,0.704891,1.381561,auto_accept,,ADM-1.4:0.7464;EXP-11.4:0.0415;EXP-10.1:0.0346,ADM-1.4,0.746355,False,,,,client_evidence,recovered
9741,COMPRAS|762599570|226774|1,DTE_033_000000226774_762599570.xml,2025-12,226774,1,COMPRAS,2025-12-22,33,762599570,SERVICENTRO,93 S/P,,ESTACIONES DE SERVICIO PAOLA USLAR MOLINA E.I.R.L.,,,27149,678.72,Documento,client_evidence_backfill,ADM-1.4,0.746355,0.704891,1.381561,auto_accept,,ADM-1.4:0.7464;EXP-11.4:0.0415;EXP-10.1:0.0346,ADM-1.4,0.746355,False,,,,client_evidence,recovered
9742,COMPRAS|762599570|226972|1,DTE_033_000000226972_762599570.xml,2025-12,226972,1,COMPRAS,2025-12-24,33,762599570,SERVICENTRO,93 S/P,,ESTACIONES DE SERVICIO PAOLA USLAR MOLINA E.I.R.L.,,,34044,678.72,Documento,client_evidence_backfill,ADM-1.4,0.746355,0.704891,1.381561,auto_accept,,ADM-1.4:0.7464;EXP-11.4:0.0415;EXP-10.1:0.0346,ADM-1.4,0.746355,False,,,,client_evidence,recovered
9743,COMPRAS|762599570|227229|1,DTE_033_000000227229_762599570.xml,2025-12,227229,1,COMPRAS,2025-12-27,33,762599570,SERVICENTRO,93 S/P,,ESTACIONES DE SERVICIO PAOLA USLAR MOLINA E.I.R.L.,,,39346,655.76,Documento,client_evidence_backfill,ADM-1.4,0.746355,0.704891,1.381561,auto_accept,,ADM-1.4:0.7464;EXP-11.4:0.0415;EXP-10.1:0.0346,ADM-1.4,0.746355,False,,,,client_evidence,recovered
9744,COMPRAS|762599570|227653|1,DTE_033_000000227653_762599570.xml,2025-12,227653,1,COMPRAS,2025-12-31,33,762599570,SERVICENTRO,93 S/P,,ESTACIONES DE SERVICIO PAOLA USLAR MOLINA E.I.R.L.,,,20557,655.76,Documento,client_evidence_backfill,ADM-1.4,0.746355,0.704891,1.381561,auto_accept,,ADM-1.4:0.7464;EXP-11.4:0.0415;EXP-10.1:0.0346,ADM-1.4,0.746355,False,,,,client_evidence,recovered
9745,COMPRAS|762599570|227654|1,DTE_033_000000227654_762599570.xml,2025-12,227654,1,COMPRAS,2025-12-31,33,762599570,SERVICENTRO,93 S/P,,ESTACIONES DE SERVICIO PAOLA USLAR MOLINA E.I.R.L.,,,5902,655.76,Documento,client_evidence_backfill,ADM-1.4,0.746355,0.704891,1.381561,auto_accept,,ADM-1.4:0.7464;EXP-11.4:0.0415;EXP-10.1:0.0346,ADM-1.4,0.746355,False,,,,client_evidence,recovered
9750,COMPRAS|66554732|240120|2,DTE_033_000000240120_66554732.xml,2025-12,240120,2,COMPRAS,2025-12-15,33,66554732,Ferretería,CARTUCHO DE GAS DESECHABLE 190 GR NOORWICK -@,CARTUCHO DE GAS DESECHABLE 190 GR NOORWICK -@,DORIS IVONNE CASTILLO KANTER,,96685810,3266,1633,Documento,silver_audit_backfill,EXP-11.5,0.57159,0.425807,1.378487,auto_accept,,EXP-11.5:0.5716;EXP-16.2:0.1458;EXP-16.1:0.1210,EXP-11.5,0.57159,False,,,,silver_audit,recovered
9789,COMPRAS|779912809|265909|1,DTE_033_000000265909_779912809.xml,2025-12,265909,1,COMPRAS,2025-12-03,33,779912809,REVISIONES TECNICAS,- Revision Tecnica Automovil particular camioneta TBFK28,,REVISIONES LOS LAGOS LTDA.,,,10294,10294,Documento,client_evidence_backfill,EXP-13.3,0.879141,0.807442,0.565172,auto_accept,,EXP-13.3:0.8791;EXP-13.2:0.0717;EXP-14.1:0.0118,EXP-13.3,0.879141,False,,,,client_evidence,recovered
9877,COMPRAS|966856904|488463|1,DTE_033_000000488463_966856904.xml,2025-12,488463,1,COMPRAS,2025-12-01,33,966856904,SERVICIOS DE ALOJAMIENTOS HOTELEROS A EXTRANJEROS Y NACIONALES,Habitaciones ( 1),,TALBOT HOTELS S A,,"Anguita, Cristian",80281,80281.000000,Documento,client_evidence_backfill,ADM-1.5,0.421062,0.282322,2.153004,auto_accept,,ADM-1.5:0.4211;EXP-1.1:0.1387;EXP-14.4:0.1042,ADM-1.5,0.421062,False,,,,client_evidence,recovered
9883,COMPRAS|795627308|557870|1,DTE_033_000000557870_795627308.xml,2025-12,557870,1,COMPRAS,2025-12-30,33,795627308,Servicio de Revision Tecnica de Vehiculo,CRT Clase A2 Tractor Placa:VFHT86,,TUV Rheinland Andino S.A,,96685810,26765,,Documento,client_evidence_backfill,EXP-13.1,0.518023,0.306021,1.833299,auto_accept,,EXP-13.1:0.5180;EXP-7.0:0.2120;EXP-10.1:0.0494,EXP-13.1,0.518023,False,,,,client_evidence,recovered
9884,COMPRAS|795627308|557876|1,DTE_033_000000557876_795627308.xml,2025-12,557876,1,COMPRAS,2025-12-30,33,795627308,Servicio de Revision Tecnica de Vehiculo,CRT Clase A2 Tractor Placa:LJKL61,,TUV Rheinland Andino S.A,,96685810,26765,,Documento,client_evidence_backfill,EXP-13.1,0.430987,0.1649,1.781953,auto_accept,,EXP-13.1:0.4310;EXP-7.0:0.2661;EXP-9.2:0.1381,EXP-13.1,0.430987,False,,,,client_evidence,recovered
9943,COMPRAS|990120005|677331|1,DTE_033_000000677331_990120005.xml,2025-12,677331,1,COMPRAS,2025-12-04,33,990120005,Seguros de Vida,Seguro Colectivo. Poliza Nro. 12799,,Cia de Seguros de Vida Consorcio Nacional de Seguros SA,,,607227,,Documento,silver_audit_backfill,ADM-2.2,0.804647,0.722246,0.934617,auto_accept,,ADM-2.2:0.8046;ADM-1.4:0.0824;ADM-1.8:0.0247,ADM-2.2,0.804647,False,,,,silver_audit,recovered
10121,COMPRAS|967895202|1577108|2,DTE_033_000001577108_967895202.xml,2025-12,1577108,2,COMPRAS,2025-12-06,33,967895202,COMERCIALIZADORA DE INSUMOS AGRICOLAS,PINTURA SPRAY FIL ROJO -_ROJO___,_ROJO___,FEROSOR AGRICOLA S.A.,,,46313,7718.83,Documento,client_evidence_backfill,EXP-2.2,0.632954,0.328468,0.978758,auto_accept,,EXP-2.2:0.6330;EXP-2.6:0.3045;EXP-16.2:0.0185,EXP-2.2,0.632954,False,,,,client_evidence,recovered
10122,COMPRAS|967895202|1577108|3,DTE_033_000001577108_967895202.xml,2025-12,1577108,3,COMPRAS,2025-12-06,33,967895202,COMERCIALIZADORA DE INSUMOS AGRICOLAS,PINTURA SPRAY FIL AZUL -_AZUL___,_AZUL___,FEROSOR AGRICOLA S.A.,,,46313,7718.83,Documento,manually_audited_near_identical_backfill,EXP-2.2,0.476854,0.024873,1.074557,auto_accept,,EXP-2.2:0.4769;EXP-2.6:0.4520;EXP-16.2:0.0231,EXP-2.2,0.476854,False,,,,manually_audited_near_identical,recovered
10125,COMPRAS|967895202|1579855|1,DTE_033_000001579855_967895202.xml,2025-12,1579855,1,COMPRAS,2025-12-18,33,967895202,COMERCIALIZADORA DE INSUMOS AGRICOLAS,"AGUJA DESECHABLE -_18G 1 1/2""___","_18G 1 1/2""___",FEROSOR AGRICOLA S.A.,,,42000,35,Documento,manually_audited_near_identical_backfill,EXP-2.6,0.488522,0.291851,1.733745,auto_accept,,EXP-2.6:0.4885;EXP-16.2:0.1967;EXP-16.1:0.1081,EXP-2.6,0.488522,False,,,,manually_audited_near_identical,recovered
10127,COMPRAS|967895202|1581748|1,DTE_033_000001581748_967895202.xml,2025-12,1581748,1,COMPRAS,2025-12-27,33,967895202,COMERCIALIZADORA DE INSUMOS AGRICOLAS,SULFATO COBRE 25 KG. -____,____,FEROSOR AGRICOLA S.A.,,,229150,114575,Documento,manually_audited_near_identical_backfill,EXP-7.0,0.259254,0.170217,2.964835,auto_accept,,EXP-2.4:0.2593;EXP-5.3:0.0890;EXP-5.5:0.0778,EXP-2.4,0.259254,False,,,,manually_audited_near_identical,recovered_over_model_disagreement
10136,COMPRAS|966868708|2208954|3,DTE_033_000002208954_966868708.xml,2025-12,2208954,3,COMPRAS,2025-12-12,33,966868708,AGROINDUSTRIA COMERCIALIZACIÓN DE PRODUCTOS E INSUMOS AGRÍCOLAS REPARACIÓN MANTE,SILWET TX 100 1 L,,COAGRA S.A.,,9029602,57518,28759.0000,Documento,manually_audited_near_identical_backfill,EXP-7.0,0.704019,0.571817,1.152056,auto_accept,,EXP-7.0:0.7040;EXP-13.1:0.1322;EXP-10.3:0.0896,EXP-7.0,0.704019,False,,,,manually_audited_near_identical,recovered
10140,COMPRAS|966868708|2214195|1,DTE_033_000002214195_966868708.xml,2025-12,2214195,1,COMPRAS,2025-12-24,33,966868708,AGROINDUSTRIA COMERCIALIZACIÓN DE PRODUCTOS E INSUMOS AGRÍCOLAS REPARACIÓN MANTE,SILWET TX 100 1 L,,COAGRA S.A.,,9029602,28403,28403.0000,Documento,manually_audited_near_identical_backfill,EXP-7.0,0.704019,0.571817,1.152056,auto_accept,,EXP-7.0:0.7040;EXP-13.1:0.1322;EXP-10.3:0.0896,EXP-7.0,0.704019,False,,,,manually_audited_near_identical,recovered
10142,COMPRAS|966868708|2214195|3,DTE_033_000002214195_966868708.xml,2025-12,2214195,3,COMPRAS,2025-12-24,33,966868708,AGROINDUSTRIA COMERCIALIZACIÓN DE PRODUCTOS E INSUMOS AGRÍCOLAS REPARACIÓN MANTE,"LONTREL 3A 3,79 L",^ ! Cuota Vencimiento Monto ! Cuota Vencimiento Monto ! Cuota Vencimiento Monto ! ^ !==============================!==============================!==============================! ^ ! CU01 24-12-2025 358.502 ! CU02 23-01-2026 358.502 ! CU03 22-02-2026 358.513,COAGRA S.A.,,9029602,291463,38451.5830,Documento,silver_audit_backfill,EXP-7.0,0.677048,0.646045,1.743038,auto_accept,,EXP-7.0:0.6770;EXP-8.3:0.0310;EXP-1.1:0.0285,EXP-7.0,0.677048,False,,,,silver_audit,recovered
10148,COMPRAS|795888705|2563624|1,DTE_033_000002563624_795888705.xml,2025-12,2563624,1,COMPRAS,2025-12-12,33,795888705,"VENTA AL POR MAYOR DE COMBUSTIBLES SOLIDOS, LIQUIDOS Y GASEOSOS Y PRODUCTOS CO",Aramco Gasolina 93,"Aramco Gasolina 93@@Fecha 12/12/2025 Base 6.00 UTM/m3; 417,252; Variable 1 UTM/m3; 35,119",Esmax Distribucion SpA,,4014544,269913,683.00,Documento,silver_audit_backfill,EXP-11.4,0.52105,0.153745,1.13473,auto_accept,,EXP-11.4:0.5211;ADM-1.4:0.3673;EXP-11.5:0.0697,EXP-11.4,0.52105,False,,,,silver_audit,recovered
10149,COMPRAS|795888705|2563625|1,DTE_033_000002563625_795888705.xml,2025-12,2563625,1,COMPRAS,2025-12-12,33,795888705,"VENTA AL POR MAYOR DE COMBUSTIBLES SOLIDOS, LIQUIDOS Y GASEOSOS Y PRODUCTOS CO",Aramco ProForce Diesel A,"Aramco ProForce Diesel A@@Fecha 12/12/2025 Base 1.50 UTM/m3; 104,313; Variable 0 UTM/m3; 32,587",Esmax Distribucion SpA,,4014544,217380,719.99,Documento,silver_audit_backfill,EXP-11.3,0.784444,0.729545,1.021317,auto_accept,,EXP-11.3:0.7844;EXP-13.3:0.0549;ADM-2.1:0.0410,EXP-11.3,0.784444,False,,,,silver_audit,recovered
10156,COMPRAS|97080000K|3475877|1,DTE_033_000003475877_97080000K.xml,2025-12,3475877,1,COMPRAS,2025-12-05,33,97080000K,BANCO COMERCIAL,Comisión por Nóminas en Línea CCA,,BANCO BICE,,,17443,17443,Documento,silver_audit_backfill,ADM-1.7,0.517366,0.394462,1.727873,auto_accept,,ADM-1.7:0.5174;EXP-15.1:0.1229;ADM-1.10:0.1009,ADM-1.7,0.517366,False,,,,silver_audit,recovered
10157,COMPRAS|97080000K|3475877|2,DTE_033_000003475877_97080000K.xml,2025-12,3475877,2,COMPRAS,2025-12-05,33,97080000K,BANCO COMERCIAL,Comisión por Nóminas en Línea CCA,,BANCO BICE,,,398022,398022,Documento,silver_audit_backfill,ADM-1.7,0.517366,0.394462,1.727873,auto_accept,,ADM-1.7:0.5174;EXP-15.1:0.1229;ADM-1.10:0.1009,ADM-1.7,0.517366,False,,,,silver_audit,recovered
10192,COMPRAS|823926006|5153578|1,DTE_033_000005153578_823926006.xml,2025-12,5153578,1,COMPRAS,2025-12-24,33,823926006,"CRIA DE GANADO Y BOVINO, ESTACION SERV.",NIRS ENSILAJE PRADERA FORRAJE,,COOPERATIVA AGRICOLA Y DE SERVICIOS LTDA,,0010042407,607500,40500,Documento,manually_audited_near_identical_backfill,EXP-12.1,0.22524,0.128678,3.152549,auto_accept,,EXP-1.1:0.2252;ADM-1.6:0.0966;EXP-14.1:0.0668,EXP-1.1,0.22524,False,,,,manually_audited_near_identical,recovered_over_model_disagreement
10197,COMPRAS|823926006|5154553|1,DTE_033_000005154553_823926006.xml,2025-12,5154553,1,COMPRAS,2025-12-26,33,823926006,"CRIA DE GANADO Y BOVINO, ESTACION SERV.",NIRS ENSILAJE PRADERA FORRAJE,,COOPERATIVA AGRICOLA Y DE SERVICIOS LTDA,,0010042407,445500,40500,Documento,manually_audited_near_identical_backfill,EXP-12.1,0.22524,0.128678,3.152549,auto_accept,,EXP-1.1:0.2252;ADM-1.6:0.0966;EXP-14.1:0.0668,EXP-1.1,0.22524,False,,,,manually_audited_near_identical,recovered_over_model_disagreement
10253,COMPRAS|810941006|29310153|1,DTE_033_000029310153_810941006.xml,2025-12,29310153,1,COMPRAS,2025-12-02,33,810941006,FABR.Y DIST.PROD.LACTEOS VTAS.INSUMOS AG,GASOLINA 93,,COOPERATIVA AGRICOLA Y LECHERA DE LA UNI,,0966858109,29332,7333000,Documento,client_evidence_backfill,EXP-11.4,0.742119,0.56984,0.91508,auto_accept,,EXP-11.4:0.7421;ADM-1.4:0.1723;EXP-11.5:0.0309,EXP-11.4,0.742119,False,,,,client_evidence,recovered
10255,COMPRAS|810941006|29310230|1,DTE_033_000029310230_810941006.xml,2025-12,29310230,1,COMPRAS,2025-12-03,33,810941006,FABR.Y DIST.PROD.LACTEOS VTAS.INSUMOS AG,GASOLINA 93,,COOPERATIVA AGRICOLA Y LECHERA DE LA UNI,,0966858109,14666,7333000,Documento,client_evidence_backfill,EXP-11.4,0.742119,0.56984,0.91508,auto_accept,,EXP-11.4:0.7421;ADM-1.4:0.1723;EXP-11.5:0.0309,EXP-11.4,0.742119,False,,,,client_evidence,recovered
10257,COMPRAS|810941006|29310271|1,DTE_033_000029310271_810941006.xml,2025-12,29310271,1,COMPRAS,2025-12-04,33,810941006,FABR.Y DIST.PROD.LACTEOS VTAS.INSUMOS AG,GASOLINA 93,,COOPERATIVA AGRICOLA Y LECHERA DE LA UNI,,0966858109,28486,7121500,Documento,client_evidence_backfill,EXP-11.4,0.742119,0.56984,0.91508,auto_accept,,EXP-11.4:0.7421;ADM-1.4:0.1723;EXP-11.5:0.0309,EXP-11.4,0.742119,False,,,,client_evidence,recovered
10259,COMPRAS|810941006|29310327|1,DTE_033_000029310327_810941006.xml,2025-12,29310327,1,COMPRAS,2025-12-05,33,810941006,FABR.Y DIST.PROD.LACTEOS VTAS.INSUMOS AG,GASOLINA 93,,COOPERATIVA AGRICOLA Y LECHERA DE LA UNI,,0966858109,24213,7121471,Documento,client_evidence_backfill,EXP-11.4,0.742119,0.56984,0.91508,auto_accept,,EXP-11.4:0.7421;ADM-1.4:0.1723;EXP-11.5:0.0309,EXP-11.4,0.742119,False,,,,client_evidence,recovered
10261,COMPRAS|810941006|29310401|1,DTE_033_000029310401_810941006.xml,2025-12,29310401,1,COMPRAS,2025-12-10,33,810941006,FABR.Y DIST.PROD.LACTEOS VTAS.INSUMOS AG,GASOLINA 93,,COOPERATIVA AGRICOLA Y LECHERA DE LA UNI,,0966858109,7121,7121000,Documento,client_evidence_backfill,EXP-11.4,0.742119,0.56984,0.91508,auto_accept,,EXP-11.4:0.7421;ADM-1.4:0.1723;EXP-11.5:0.0309,EXP-11.4,0.742119,False,,,,client_evidence,recovered
10264,COMPRAS|810941006|29310542|1,DTE_033_000029310542_810941006.xml,2025-12,29310542,1,COMPRAS,2025-12-15,33,810941006,FABR.Y DIST.PROD.LACTEOS VTAS.INSUMOS AG,GASOLINA 93,,COOPERATIVA AGRICOLA Y LECHERA DE LA UNI,,0966858109,27651,6912750,Documento,client_evidence_backfill,EXP-11.4,0.742119,0.56984,0.91508,auto_accept,,EXP-11.4:0.7421;ADM-1.4:0.1723;EXP-11.5:0.0309,EXP-11.4,0.742119,False,,,,client_evidence,recovered
10265,COMPRAS|810941006|29310611|1,DTE_033_000029310611_810941006.xml,2025-12,29310611,1,COMPRAS,2025-12-16,33,810941006,FABR.Y DIST.PROD.LACTEOS VTAS.INSUMOS AGRICOLAS VETER. COMBUSTIBLES Y VEHICULOS,GASOLINA 93,Retira: ANTILLANCA SPA{Impuesto base combustible: 16690{Impuesto variable combustible: 1405,COOPERATIVA AGRICOLA Y LECHERA DE LA UNION LTDA.,,0966858109,27651,691.285100,Documento,client_evidence_backfill,EXP-11.4,0.559891,0.203377,1.095743,auto_accept,,EXP-11.4:0.5599;ADM-1.4:0.3565;EXP-11.5:0.0237,EXP-11.4,0.559891,False,,,,client_evidence,recovered
10267,COMPRAS|810941006|29310639|1,DTE_033_000029310639_810941006.xml,2025-12,29310639,1,COMPRAS,2025-12-17,33,810941006,FABR.Y DIST.PROD.LACTEOS VTAS.INSUMOS AG,GASOLINA 93,,COOPERATIVA AGRICOLA Y LECHERA DE LA UNI,,0966858109,65672,6912842,Documento,client_evidence_backfill,EXP-11.4,0.742119,0.56984,0.91508,auto_accept,,EXP-11.4:0.7421;ADM-1.4:0.1723;EXP-11.5:0.0309,EXP-11.4,0.742119,False,,,,client_evidence,recovered
10269,COMPRAS|810941006|29310657|1,DTE_033_000029310657_810941006.xml,2025-12,29310657,1,COMPRAS,2025-12-17,33,810941006,FABR.Y DIST.PROD.LACTEOS VTAS.INSUMOS AG,GASOLINA 93,,COOPERATIVA AGRICOLA Y LECHERA DE LA UNI,,0966858109,43551,6912857,Documento,client_evidence_backfill,EXP-11.4,0.742119,0.56984,0.91508,auto_accept,,EXP-11.4:0.7421;ADM-1.4:0.1723;EXP-11.5:0.0309,EXP-11.4,0.742119,False,,,,client_evidence,recovered
10271,COMPRAS|810941006|29310726|1,DTE_033_000029310726_810941006.xml,2025-12,29310726,1,COMPRAS,2025-12-19,33,810941006,FABR.Y DIST.PROD.LACTEOS VTAS.INSUMOS AG,GASOLINA 93,,COOPERATIVA AGRICOLA Y LECHERA DE LA UNI,,0966858109,46774,6778841,Documento,client_evidence_backfill,EXP-11.4,0.742119,0.56984,0.91508,auto_accept,,EXP-11.4:0.7421;ADM-1.4:0.1723;EXP-11.5:0.0309,EXP-11.4,0.742119,False,,,,client_evidence,recovered
10272,COMPRAS|810941006|29310731|1,DTE_033_000029310731_810941006.xml,2025-12,29310731,1,COMPRAS,2025-12-19,33,810941006,FABR.Y DIST.PROD.LACTEOS VTAS.INSUMOS AG,GASOLINA 93,,COOPERATIVA AGRICOLA Y LECHERA DE LA UNI,,0966858109,27115,6778750,Documento,client_evidence_backfill,EXP-11.4,0.742119,0.56984,0.91508,auto_accept,,EXP-11.4:0.7421;ADM-1.4:0.1723;EXP-11.5:0.0309,EXP-11.4,0.742119,False,,,,client_evidence,recovered
10274,COMPRAS|810941006|29310750|1,DTE_033_000029310750_810941006.xml,2025-12,29310750,1,COMPRAS,2025-12-19,33,810941006,FABR.Y DIST.PROD.LACTEOS VTAS.INSUMOS AGRICOLAS VETER. COMBUSTIBLES Y VEHICULOS,GASOLINA 93,Retira: ANTILLANCA SPA{Impuesto base combustible: 20863{Impuesto variable combustible: 2554,COOPERATIVA AGRICOLA Y LECHERA DE LA UNION LTDA.,,0966858109,33894,677.878700,Documento,client_evidence_backfill,EXP-11.4,0.550391,0.186273,1.106336,auto_accept,,EXP-11.4:0.5504;ADM-1.4:0.3641;EXP-11.5:0.0220,EXP-11.4,0.550391,False,,,,client_evidence,recovered
10276,COMPRAS|810941006|29310915|1,DTE_033_000029310915_810941006.xml,2025-12,29310915,1,COMPRAS,2025-12-26,33,810941006,FABR.Y DIST.PROD.LACTEOS VTAS.INSUMOS AG,GASOLINA 93,,COOPERATIVA AGRICOLA Y LECHERA DE LA UNI,,0966858109,26197,6549250,Documento,client_evidence_backfill,EXP-11.4,0.742119,0.56984,0.91508,auto_accept,,EXP-11.4:0.7421;ADM-1.4:0.1723;EXP-11.5:0.0309,EXP-11.4,0.742119,False,,,,client_evidence,recovered
10277,COMPRAS|810941006|29310977|1,DTE_033_000029310977_810941006.xml,2025-12,29310977,1,COMPRAS,2025-12-29,33,810941006,FABR.Y DIST.PROD.LACTEOS VTAS.INSUMOS AG,GASOLINA 93,,COOPERATIVA AGRICOLA Y LECHERA DE LA UNI,,0966858109,26197,6549250,Documento,client_evidence_backfill,EXP-11.4,0.742119,0.56984,0.91508,auto_accept,,EXP-11.4:0.7421;ADM-1.4:0.1723;EXP-11.5:0.0309,EXP-11.4,0.742119,False,,,,client_evidence,recovered
10281,COMPRAS|810941006|29497317|1,DTE_033_000029497317_810941006.xml,2025-12,29497317,1,COMPRAS,2025-12-22,33,810941006,FABR.Y DIST.PROD.LACTEOS VTAS.INSUMOS AG,GASOLINA 93,,COOPERATIVA AGRICOLA Y LECHERA DE LA UNI,,0966858109,27115,6778750,Documento,client_evidence_backfill,EXP-11.4,0.742119,0.56984,0.91508,auto_accept,,EXP-11.4:0.7421;ADM-1.4:0.1723;EXP-11.5:0.0309,EXP-11.4,0.742119,False,,,,client_evidence,recovered
10297,COMPRAS|810941006|29581489|1,DTE_033_000029581489_810941006.xml,2025-12,29581489,1,COMPRAS,2025-12-09,33,810941006,FABR. Y DIST.PROD.LACTEOS VTAS. INSAGRIC,GASOLINA 93,GASOLINA 93,COOPERATIVA AGRICOLA Y LECHERA DE LA UNION LTDA.,,,28486,712.150000,Documento,client_evidence_backfill,EXP-11.4,0.683454,0.434096,0.922669,auto_accept,,EXP-11.4:0.6835;ADM-1.4:0.2494;EXP-11.5:0.0307,EXP-11.4,0.683454,False,,,,client_evidence,recovered
10302,COMPRAS|810941006|29581817|1,DTE_033_000029581817_810941006.xml,2025-12,29581817,1,COMPRAS,2025-12-10,33,810941006,FABR. Y DIST.PROD.LACTEOS VTAS. INSAGRIC,GASOLINA 93,GASOLINA 93,COOPERATIVA AGRICOLA Y LECHERA DE LA UNION LTDA.,,,28486,712.150000,Documento,client_evidence_backfill,EXP-11.4,0.683454,0.434096,0.922669,auto_accept,,EXP-11.4:0.6835;ADM-1.4:0.2494;EXP-11.5:0.0307,EXP-11.4,0.683454,False,,,,client_evidence,recovered
10305,COMPRAS|810941006|29582564|1,DTE_033_000029582564_810941006.xml,2025-12,29582564,1,COMPRAS,2025-12-02,33,810941006,FABR.Y DIST.PROD.LACTEOS VTAS.INSUMOS AG,GASOLINA 93,,COOPERATIVA AGRICOLA Y LECHERA DE LA UNI,,0966858109,73329,7332900,Documento,client_evidence_backfill,EXP-11.4,0.742119,0.56984,0.91508,auto_accept,,EXP-11.4:0.7421;ADM-1.4:0.1723;EXP-11.5:0.0309,EXP-11.4,0.742119,False,,,,client_evidence,recovered
10306,COMPRAS|810941006|29582583|1,DTE_033_000029582583_810941006.xml,2025-12,29582583,1,COMPRAS,2025-12-03,33,810941006,FABR.Y DIST.PROD.LACTEOS VTAS.INSUMOS AG,GASOLINA 93,,COOPERATIVA AGRICOLA Y LECHERA DE LA UNI,,0966858109,21999,7333000,Documento,client_evidence_backfill,EXP-11.4,0.742119,0.56984,0.91508,auto_accept,,EXP-11.4:0.7421;ADM-1.4:0.1723;EXP-11.5:0.0309,EXP-11.4,0.742119,False,,,,client_evidence,recovered
10307,COMPRAS|810941006|29582622|1,DTE_033_000029582622_810941006.xml,2025-12,29582622,1,COMPRAS,2025-12-05,33,810941006,FABR.Y DIST.PROD.LACTEOS VTAS.INSUMOS AGRICOLAS VETER. COMBUSTIBLES Y VEHICULOS,GASOLINA 93,Retira: ANTILLANCA SPA{Impuesto base combustible: 12518{Impuesto variable combustible: 1059,COOPERATIVA AGRICOLA Y LECHERA DE LA UNION LTDA.,,0966858109,21364,712.141600,Documento,client_evidence_backfill,EXP-11.4,0.556452,0.196781,1.098351,auto_accept,,EXP-11.4:0.5565;ADM-1.4:0.3597;EXP-11.5:0.0232,EXP-11.4,0.556452,False,,,,client_evidence,recovered
10308,COMPRAS|810941006|29582626|1,DTE_033_000029582626_810941006.xml,2025-12,29582626,1,COMPRAS,2025-12-05,33,810941006,FABR.Y DIST.PROD.LACTEOS VTAS.INSUMOS AGRICOLAS VETER. COMBUSTIBLES Y VEHICULOS,GASOLINA 93,Retira: ANTILLANCA SPA{Impuesto base combustible: 16690{Impuesto variable combustible: 1412,COOPERATIVA AGRICOLA Y LECHERA DE LA UNION LTDA.,,0966858109,28486,712.141600,Documento,client_evidence_backfill,EXP-11.4,0.552055,0.187585,1.098549,auto_accept,,EXP-11.4:0.5521;ADM-1.4:0.3645;EXP-11.5:0.0232,EXP-11.4,0.552055,False,,,,client_evidence,recovered
10310,COMPRAS|810941006|29582654|1,DTE_033_000029582654_810941006.xml,2025-12,29582654,1,COMPRAS,2025-12-09,33,810941006,FABR.Y DIST.PROD.LACTEOS VTAS.INSUMOS AG,GASOLINA 93,,COOPERATIVA AGRICOLA Y LECHERA DE LA UNI,,0966858109,28486,7121500,Documento,client_evidence_backfill,EXP-11.4,0.742119,0.56984,0.91508,auto_accept,,EXP-11.4:0.7421;ADM-1.4:0.1723;EXP-11.5:0.0309,EXP-11.4,0.742119,False,,,,client_evidence,recovered
10311,COMPRAS|810941006|29582670|1,DTE_033_000029582670_810941006.xml,2025-12,29582670,1,COMPRAS,2025-12-10,33,810941006,FABR.Y DIST.PROD.LACTEOS VTAS.INSUMOS AG,GASOLINA 93,,COOPERATIVA AGRICOLA Y LECHERA DE LA UNI,,0966858109,21364,7121333,Documento,client_evidence_backfill,EXP-11.4,0.742119,0.56984,0.91508,auto_accept,,EXP-11.4:0.7421;ADM-1.4:0.1723;EXP-11.5:0.0309,EXP-11.4,0.742119,False,,,,client_evidence,recovered
10312,COMPRAS|810941006|29582675|1,DTE_033_000029582675_810941006.xml,2025-12,29582675,1,COMPRAS,2025-12-10,33,810941006,FABR.Y DIST.PROD.LACTEOS VTAS.INSUMOS AG,GASOLINA 93,,COOPERATIVA AGRICOLA Y LECHERA DE LA UNI,,0966858109,37744,7121509,Documento,client_evidence_backfill,EXP-11.4,0.742119,0.56984,0.91508,auto_accept,,EXP-11.4:0.7421;ADM-1.4:0.1723;EXP-11.5:0.0309,EXP-11.4,0.742119,False,,,,client_evidence,recovered
10313,COMPRAS|810941006|29582702|1,DTE_033_000029582702_810941006.xml,2025-12,29582702,1,COMPRAS,2025-12-12,33,810941006,FABR.Y DIST.PROD.LACTEOS VTAS.INSUMOS AG,GASOLINA 93,,COOPERATIVA AGRICOLA Y LECHERA DE LA UNI,,0966858109,20739,6913000,Documento,client_evidence_backfill,EXP-11.4,0.742119,0.56984,0.91508,auto_accept,,EXP-11.4:0.7421;ADM-1.4:0.1723;EXP-11.5:0.0309,EXP-11.4,0.742119,False,,,,client_evidence,recovered
10314,COMPRAS|810941006|29582726|1,DTE_033_000029582726_810941006.xml,2025-12,29582726,1,COMPRAS,2025-12-15,33,810941006,FABR.Y DIST.PROD.LACTEOS VTAS.INSUMOS AG,GASOLINA 93,,COOPERATIVA AGRICOLA Y LECHERA DE LA UNI,,0966858109,42168,6912787,Documento,client_evidence_backfill,EXP-11.4,0.742119,0.56984,0.91508,auto_accept,,EXP-11.4:0.7421;ADM-1.4:0.1723;EXP-11.5:0.0309,EXP-11.4,0.742119,False,,,,client_evidence,recovered
10315,COMPRAS|810941006|29582744|1,DTE_033_000029582744_810941006.xml,2025-12,29582744,1,COMPRAS,2025-12-15,33,810941006,FABR.Y DIST.PROD.LACTEOS VTAS.INSUMOS AG,GASOLINA 93,,COOPERATIVA AGRICOLA Y LECHERA DE LA UNI,,0966858109,43551,6912857,Documento,client_evidence_backfill,EXP-11.4,0.742119,0.56984,0.91508,auto_accept,,EXP-11.4:0.7421;ADM-1.4:0.1723;EXP-11.5:0.0309,EXP-11.4,0.742119,False,,,,client_evidence,recovered
10316,COMPRAS|810941006|29582753|1,DTE_033_000029582753_810941006.xml,2025-12,29582753,1,COMPRAS,2025-12-16,33,810941006,FABR.Y DIST.PROD.LACTEOS VTAS.INSUMOS AG,GASOLINA 93,,COOPERATIVA AGRICOLA Y LECHERA DE LA UNI,,0966858109,20739,6913000,Documento,client_evidence_backfill,EXP-11.4,0.742119,0.56984,0.91508,auto_accept,,EXP-11.4:0.7421;ADM-1.4:0.1723;EXP-11.5:0.0309,EXP-11.4,0.742119,False,,,,client_evidence,recovered
10317,COMPRAS|810941006|29582776|1,DTE_033_000029582776_810941006.xml,2025-12,29582776,1,COMPRAS,2025-12-17,33,810941006,FABR.Y DIST.PROD.LACTEOS VTAS.INSUMOS AG,GASOLINA 93,,COOPERATIVA AGRICOLA Y LECHERA DE LA UNI,,0966858109,27651,6912750,Documento,client_evidence_backfill,EXP-11.4,0.742119,0.56984,0.91508,auto_accept,,EXP-11.4:0.7421;ADM-1.4:0.1723;EXP-11.5:0.0309,EXP-11.4,0.742119,False,,,,client_evidence,recovered
10318,COMPRAS|810941006|29582789|1,DTE_033_000029582789_810941006.xml,2025-12,29582789,1,COMPRAS,2025-12-18,33,810941006,FABR.Y DIST.PROD.LACTEOS VTAS.INSUMOS AG,GASOLINA 93,,COOPERATIVA AGRICOLA Y LECHERA DE LA UNI,,0966858109,20739,6913000,Documento,client_evidence_backfill,EXP-11.4,0.742119,0.56984,0.91508,auto_accept,,EXP-11.4:0.7421;ADM-1.4:0.1723;EXP-11.5:0.0309,EXP-11.4,0.742119,False,,,,client_evidence,recovered
10320,COMPRAS|810941006|29582851|1,DTE_033_000029582851_810941006.xml,2025-12,29582851,1,COMPRAS,2025-12-22,33,810941006,FABR.Y DIST.PROD.LACTEOS VTAS.INSUMOS AG,GASOLINA 93,,COOPERATIVA AGRICOLA Y LECHERA DE LA UNI,,0966858109,27115,6778750,Documento,client_evidence_backfill,EXP-11.4,0.742119,0.56984,0.91508,auto_accept,,EXP-11.4:0.7421;ADM-1.4:0.1723;EXP-11.5:0.0309,EXP-11.4,0.742119,False,,,,client_evidence,recovered
10322,COMPRAS|810941006|29582862|1,DTE_033_000029582862_810941006.xml,2025-12,29582862,1,COMPRAS,2025-12-23,33,810941006,FABR.Y DIST.PROD.LACTEOS VTAS.INSUMOS AG,GASOLINA 93,,COOPERATIVA AGRICOLA Y LECHERA DE LA UNI,,0966858109,56942,6778810,Documento,client_evidence_backfill,EXP-11.4,0.742119,0.56984,0.91508,auto_accept,,EXP-11.4:0.7421;ADM-1.4:0.1723;EXP-11.5:0.0309,EXP-11.4,0.742119,False,,,,client_evidence,recovered
10323,COMPRAS|810941006|29582868|1,DTE_033_000029582868_810941006.xml,2025-12,29582868,1,COMPRAS,2025-12-23,33,810941006,FABR.Y DIST.PROD.LACTEOS VTAS.INSUMOS AG,GASOLINA 93,,COOPERATIVA AGRICOLA Y LECHERA DE LA UNI,,0966858109,20336,6778667,Documento,client_evidence_backfill,EXP-11.4,0.742119,0.56984,0.91508,auto_accept,,EXP-11.4:0.7421;ADM-1.4:0.1723;EXP-11.5:0.0309,EXP-11.4,0.742119,False,,,,client_evidence,recovered
10324,COMPRAS|810941006|29582933|1,DTE_033_000029582933_810941006.xml,2025-12,29582933,1,COMPRAS,2025-12-29,33,810941006,FABR.Y DIST.PROD.LACTEOS VTAS.INSUMOS AG,GASOLINA 93,,COOPERATIVA AGRICOLA Y LECHERA DE LA UNI,,0966858109,26197,6549250,Documento,client_evidence_backfill,EXP-11.4,0.742119,0.56984,0.91508,auto_accept,,EXP-11.4:0.7421;ADM-1.4:0.1723;EXP-11.5:0.0309,EXP-11.4,0.742119,False,,,,client_evidence,recovered
10326,COMPRAS|810941006|29582964|1,DTE_033_000029582964_810941006.xml,2025-12,29582964,1,COMPRAS,2025-12-30,33,810941006,FABR.Y DIST.PROD.LACTEOS VTAS.INSUMOS AG,GASOLINA 93,,COOPERATIVA AGRICOLA Y LECHERA DE LA UNI,,0966858109,52394,6549250,Documento,client_evidence_backfill,EXP-11.4,0.742119,0.56984,0.91508,auto_accept,,EXP-11.4:0.7421;ADM-1.4:0.1723;EXP-11.5:0.0309,EXP-11.4,0.742119,False,,,,client_evidence,recovered
10327,COMPRAS|810941006|29582978|1,DTE_033_000029582978_810941006.xml,2025-12,29582978,1,COMPRAS,2025-12-30,33,810941006,FABR.Y DIST.PROD.LACTEOS VTAS.INSUMOS AG,GASOLINA 93,,COOPERATIVA AGRICOLA Y LECHERA DE LA UNI,,0966858109,19648,6549333,Documento,client_evidence_backfill,EXP-11.4,0.742119,0.56984,0.91508,auto_accept,,EXP-11.4:0.7421;ADM-1.4:0.1723;EXP-11.5:0.0309,EXP-11.4,0.742119,False,,,,client_evidence,recovered
10424,COMPRAS|810941006|29691981|1,DTE_033_000029691981_810941006.xml,2025-12,29691981,1,COMPRAS,2025-12-12,33,810941006,FABR. Y DIST.PROD.LACTEOS VTAS. INSAGRIC,GASOLINA 93,GASOLINA 93,COOPERATIVA AGRICOLA Y LECHERA DE LA UNION LTDA.,,,27651,691.275000,Documento,client_evidence_backfill,EXP-11.4,0.683454,0.434096,0.922669,auto_accept,,EXP-11.4:0.6835;ADM-1.4:0.2494;EXP-11.5:0.0307,EXP-11.4,0.683454,False,,,,client_evidence,recovered
10427,COMPRAS|810941006|29692133|1,DTE_033_000029692133_810941006.xml,2025-12,29692133,1,COMPRAS,2025-12-15,33,810941006,FABR. Y DIST.PROD.LACTEOS VTAS. INSAGRIC,GASOLINA 93,GASOLINA 93,COOPERATIVA AGRICOLA Y LECHERA DE LA UNION LTDA.,,,27651,691.275000,Documento,client_evidence_backfill,EXP-11.4,0.683454,0.434096,0.922669,auto_accept,,EXP-11.4:0.6835;ADM-1.4:0.2494;EXP-11.5:0.0307,EXP-11.4,0.683454,False,,,,client_evidence,recovered
10429,COMPRAS|810941006|29692427|1,DTE_033_000029692427_810941006.xml,2025-12,29692427,1,COMPRAS,2025-12-17,33,810941006,FABR. Y DIST.PROD.LACTEOS VTAS. INSAGRIC,GASOLINA 93,GASOLINA 93,COOPERATIVA AGRICOLA Y LECHERA DE LA UNION LTDA.,,,27651,691.275000,Documento,client_evidence_backfill,EXP-11.4,0.683454,0.434096,0.922669,auto_accept,,EXP-11.4:0.6835;ADM-1.4:0.2494;EXP-11.5:0.0307,EXP-11.4,0.683454,False,,,,client_evidence,recovered
10431,COMPRAS|810941006|29692468|1,DTE_033_000029692468_810941006.xml,2025-12,29692468,1,COMPRAS,2025-12-17,33,810941006,FABR. Y DIST.PROD.LACTEOS VTAS. INSAGRIC,GASOLINA 93,GASOLINA 93,COOPERATIVA AGRICOLA Y LECHERA DE LA UNION LTDA.,,,27651,691.275000,Documento,client_evidence_backfill,EXP-11.4,0.683454,0.434096,0.922669,auto_accept,,EXP-11.4:0.6835;ADM-1.4:0.2494;EXP-11.5:0.0307,EXP-11.4,0.683454,False,,,,client_evidence,recovered
10432,COMPRAS|810941006|29693587|1,DTE_033_000029693587_810941006.xml,2025-12,29693587,1,COMPRAS,2025-12-29,33,810941006,FABR. Y DIST.PROD.LACTEOS VTAS. INSAGRIC,GASOLINA 93,GASOLINA 93,COOPERATIVA AGRICOLA Y LECHERA DE LA UNION LTDA.,,,13098,654.900000,Documento,client_evidence_backfill,EXP-11.4,0.683454,0.434096,0.922669,auto_accept,,EXP-11.4:0.6835;ADM-1.4:0.2494;EXP-11.5:0.0307,EXP-11.4,0.683454,False,,,,client_evidence,recovered
10437,COMPRAS|810941006|29693639|1,DTE_033_000029693639_810941006.xml,2025-12,29693639,1,COMPRAS,2025-12-29,33,810941006,FABR. Y DIST.PROD.LACTEOS VTAS. INSAGRIC,GASOLINA 93,GASOLINA 93,COOPERATIVA AGRICOLA Y LECHERA DE LA UNION LTDA.,,,26197,654.925000,Documento,client_evidence_backfill,EXP-11.4,0.683454,0.434096,0.922669,auto_accept,,EXP-11.4:0.6835;ADM-1.4:0.2494;EXP-11.5:0.0307,EXP-11.4,0.683454,False,,,,client_evidence,recovered
10438,COMPRAS|810941006|29694022|1,DTE_033_000029694022_810941006.xml,2025-12,29694022,1,COMPRAS,2025-12-31,33,810941006,FABR. Y DIST.PROD.LACTEOS VTAS. INSAGRIC,GASOLINA 93,GASOLINA 93,COOPERATIVA AGRICOLA Y LECHERA DE LA UNION LTDA.,,,26197,654.925000,Documento,client_evidence_backfill,EXP-11.4,0.683454,0.434096,0.922669,auto_accept,,EXP-11.4:0.6835;ADM-1.4:0.2494;EXP-11.5:0.0307,EXP-11.4,0.683454,False,,,,client_evidence,recovered
10441,COMPRAS|810941006|29883195|1,DTE_033_000029883195_810941006.xml,2025-12,29883195,1,COMPRAS,2025-12-31,33,810941006,FABR.Y DIST.PROD.LACTEOS VTAS.INSUMOS AG,GASOLINA 93,,COOPERATIVA AGRICOLA Y LECHERA DE LA UNI,,0966858109,39295,6549167,Documento,client_evidence_backfill,EXP-11.4,0.742119,0.56984,0.91508,auto_accept,,EXP-11.4:0.7421;ADM-1.4:0.1723;EXP-11.5:0.0309,EXP-11.4,0.742119,False,,,,client_evidence,recovered
10454,COMPRAS|765686601|36126198|4,DTE_033_000036126198_765686601.xml,2025-12,36126198,4,COMPRAS,2025-12-06,33,765686601,Comercial,CLAVO GALVANIZADO 1.1/2 X 1/2 KG,,EASY RETAIL S.A.,,966858109,2490,2490,Documento,manually_audited_near_identical_backfill,EXP-14.2,0.231089,0.028705,2.171383,auto_accept,,EXP-14.2:0.2311;EXP-2.4:0.2024;EXP-10.1:0.1915,EXP-14.2,0.231089,False,,,,manually_audited_near_identical,recovered
10463,COMPRAS|970040005|45755277|1,DTE_033_000045755277_970040005.xml,2025-12,45755277,1,COMPRAS,2025-12-12,33,970040005,Banco Comercial,COMISION MENSUAL ADMINISTRACION CONVENIO]REMUNERACIONES,COMISION MENSUAL ADMINISTRACION CONVENIO]REMUNERACIONES ]NUMERO DE OPERACION 02600554401 .,Banco de Chile,,,12766,12766,Documento,silver_audit_backfill,ADM-1.7,0.370805,0.201617,2.203085,auto_accept,,ADM-1.7:0.3708;ADM-1.5:0.1692;EXP-15.1:0.0886,ADM-1.7,0.370805,False,,,,silver_audit,recovered
10507,COMPRAS|760703753|2894|2,DTE_061_000000002894_760703753.xml,2025-12,2894,2,COMPRAS,2025-12-16,61,760703753,"Importacion Exportacion y Comercializacion de Maquinarias, Repuestos e Insumos A",MANO DE OBRA SERVICIO TECNICO GILTRAP,MANO DE OBRA SERVICIO TECNICO GILTRAP,GALLAGHER CHILE SPA,,,172500,34500,Documento,silver_audit_backfill,EXP-13.1,0.298047,0.029521,2.263685,auto_accept,,EXP-13.1:0.2980;EXP-14.4:0.2685;EXP-14.2:0.0823,EXP-13.1,0.298047,False,,,,silver_audit,recovered
10520,COMPRAS|168720882|30|2,DTE_033_000000000030_168720882.xml,2026-01,30,2,COMPRAS,2026-01-09,33,168720882,REPARAC/MANTENCION MAQUINAS / EQUIPOS AGRIC./ FORESTAL/VEHICULOS AUTOM,Mantención motor del,riego,SANDRA PAULINA VALLADARES RIOS,,,90000,90000.00,Documento,silver_audit_backfill,EXP-9.2,0.665949,0.596677,1.536513,auto_accept,,EXP-9.2:0.6659;EXP-14.1:0.0693;EXP-15.5:0.0553,EXP-9.2,0.665949,False,,,,silver_audit,recovered
10528,COMPRAS|781899259|72|1,DTE_033_000000000072_781899259.xml,2026-01,72,1,COMPRAS,2026-01-12,33,781899259,CONTRATISTA EN OBRAS MENORES,servicio,reparaciones lineas de riego,HYK MANTENIMIENTO MAKINARÍA AGRÍCOLA SPA,,,730000,730000.00,Documento,silver_audit_backfill,EXP-9.2,0.975662,0.970169,0.178024,auto_accept,,EXP-9.2:0.9757;EXP-14.3:0.0055;ADM-1.6:0.0031,EXP-9.2,0.975662,False,,,,silver_audit,recovered
10550,COMPRAS|772240368|339|1,DTE_033_000000000339_772240368.xml,2026-01,339,1,COMPRAS,2026-01-05,33,772240368,"CULTIVOS AGRÍCOLAS, CRÍA Y CORRETAJE DE GANADO, ACTIVIDADES VENTA LEÑA",servicio de purines,diciembre 2025,SILVOAGROPECUARIO YERKO VERA CAMPOS EMPRESA INDIVIDUAL DE RESPONSABILI,,,615000,15000.00,Documento,silver_audit_backfill,EXP-15.5,0.65081,0.586839,1.599754,auto_accept,,EXP-15.5:0.6508;EXP-6.5:0.0640;EXP-6.2:0.0585,EXP-15.5,0.65081,False,,,,silver_audit,recovered
10556,COMPRAS|770531012|431|1,DTE_033_000000000431_770531012.xml,2026-01,431,1,COMPRAS,2026-01-06,33,770531012,SERVICIOS AGRICOLAS,BOLOS YUTRECO,177 bolos en 37 ha 5 bolos por ha 177x 18.500: 3.274.500 + 3x37ha : 111 bolos x 12.000 : 1.332.000 total: 4.606.500,SERVICIOS AGRICOLAS CORPAL SPA,,,4606500,124500.00,Documento,silver_audit_backfill,EXP-4.3,0.46618,0.110772,1.212915,auto_accept,,EXP-4.2:0.4662;EXP-4.3:0.3554;EXP-5.4:0.1404,EXP-4.2,0.46618,False,,,,silver_audit,recovered_over_model_disagreement
10557,COMPRAS|770531012|434|1,DTE_033_000000000434_770531012.xml,2026-01,434,1,COMPRAS,2026-01-13,33,770531012,SERVICIOS AGRICOLAS,BOLOS YUTRECO,P1 P38 P33 P32 P40 P31 P23 P10 42 Ha y 208 bolos serian 5 bolos por Ha mas 3 bolos x Ha serian 126 bolos: 208x18.500 : 3.848.000 mas 126x12.000: 1.512.000 total: 5.360.000: valor Ha 127.619.,SERVICIOS AGRICOLAS CORPAL SPA,,,5359998,127619.00,Documento,silver_audit_backfill,EXP-4.3,0.403577,0.026265,1.254932,auto_accept,,EXP-4.3:0.4036;EXP-4.2:0.3773;EXP-5.4:0.1812,EXP-4.3,0.403577,False,,,,silver_audit,recovered
10558,COMPRAS|770531012|434|2,DTE_033_000000000434_770531012.xml,2026-01,434,2,COMPRAS,2026-01-13,33,770531012,SERVICIOS AGRICOLAS,BOLOS RAICES,"Confeccion arriendo 18ha 63bolosy sala A2 5Ha 19 bolos total 82 bolos en 23 Ha 3.5 bolos x ha 4.5x23: 103.5bolos , 82x 18.500: 1.517.000 mas 103.5x12.000: 1.242.000 total 2.759.000",SERVICIOS AGRICOLAS CORPAL SPA,,,2759011,119957.00,Documento,silver_audit_backfill,EXP-4.3,0.417661,0.066011,1.279501,auto_accept,,EXP-4.2:0.4177;EXP-4.3:0.3517;EXP-5.4:0.1873,EXP-4.2,0.417661,False,,,,silver_audit,recovered_over_model_disagreement
10562,COMPRAS|119206855|548|1,DTE_033_000000000548_119206855.xml,2026-01,548,1,COMPRAS,2026-01-10,33,119206855,ASERRADERO PORTATIL MADERAS Y COMERC/PRODUCTOS FORESTALES Y MADERAS,Confección de bolos,,HECTOR ADRIAN VALENZUELA PAREDES,,,12024000,18000.00,Documento,manually_audited_near_identical_backfill,EXP-4.2,0.725961,0.593977,1.048345,auto_accept,,EXP-4.2:0.7260;EXP-4.3:0.1320;EXP-5.4:0.0605,EXP-4.2,0.725961,False,,,,manually_audited_near_identical,recovered
10564,COMPRAS|119206855|549|1,DTE_033_000000000549_119206855.xml,2026-01,549,1,COMPRAS,2026-01-16,33,119206855,ASERRADERO PORTATIL MADERAS Y COMERC/PRODUCTOS FORESTALES Y MADERAS,Confección de bolos,,HECTOR ADRIAN VALENZUELA PAREDES,,,12024000,18000.00,Documento,manually_audited_near_identical_backfill,EXP-4.2,0.725961,0.593977,1.048345,auto_accept,,EXP-4.2:0.7260;EXP-4.3:0.1320;EXP-5.4:0.0605,EXP-4.2,0.725961,False,,,,manually_audited_near_identical,recovered
10567,COMPRAS|777616161|735|1,DTE_033_000000000735_777616161.xml,2026-01,735,1,COMPRAS,2026-01-27,33,777616161,LABORATORIO DE ANALISIS Y SERVICIOS,Análisis ChilePackage,Muestra hechas en el mes de octubre2025,ROCK RIVER LABORATORY LIMITADA,,,646000,80750.00,Documento,silver_audit_backfill,EXP-12.1,0.733007,0.67615,1.338827,auto_accept,,EXP-12.1:0.7330;EXP-9.1:0.0569;EXP-12.2:0.0473,EXP-12.1,0.733007,False,,,,silver_audit,recovered
10582,COMPRAS|760726559|2745|1,DTE_033_000000002745_760726559.xml,2026-01,2745,1,COMPRAS,2026-01-27,33,760726559,ASESORIAS AGRICOLAS,CONTROL DE ROEDORES,"PROGRAMA DE CONTROL DE ROEDORES AL PREDIO RAICES, VISITAS REALIZADAS 6/1/2026 HT7088; 20/1/2026 HT7114.",H2 ASESORIAS Y SERVICIOS SPA,,,72000,72000.00,Documento,silver_audit_backfill,EXP-7.0,0.54969,0.304143,1.571605,auto_accept,,EXP-7.0:0.5497;EXP-9.2:0.2455;EXP-10.1:0.0386,EXP-7.0,0.54969,False,,,,silver_audit,recovered
10583,COMPRAS|760726559|2746|1,DTE_033_000000002746_760726559.xml,2026-01,2746,1,COMPRAS,2026-01-27,33,760726559,ASESORIAS AGRICOLAS,CONTROL DE ROEDORES,"CONTROL DE ROEDORES PREDIO YUTRECO, VISITAS REALIZADAS 7/1/2026 HT7093; 21/1/2026 HT7119.",H2 ASESORIAS Y SERVICIOS SPA,,,60000,60000.00,Documento,silver_audit_backfill,EXP-7.0,0.573741,0.354249,1.561695,auto_accept,,EXP-7.0:0.5737;EXP-9.2:0.2195;EXP-10.1:0.0411,EXP-7.0,0.573741,False,,,,silver_audit,recovered
10584,COMPRAS|760726559|2747|1,DTE_033_000000002747_760726559.xml,2026-01,2747,1,COMPRAS,2026-01-27,33,760726559,ASESORIAS AGRICOLAS,CONTROL DE ROEDORES,"PROGRAMA DE CONTROL DE ROEDORES PREDIO BRAMADERO, VISITAS REALIZADAS 13/1/2026 HT7102; 27/1/2026 HT7130.",H2 ASESORIAS Y SERVICIOS SPA,,,63000,63000.00,Documento,silver_audit_backfill,EXP-7.0,0.546434,0.329292,1.670273,auto_accept,,EXP-7.0:0.5464;EXP-9.2:0.2171;EXP-10.1:0.0418,EXP-7.0,0.546434,False,,,,silver_audit,recovered
10585,COMPRAS|760726559|2748|1,DTE_033_000000002748_760726559.xml,2026-01,2748,1,COMPRAS,2026-01-27,33,760726559,ASESORIAS AGRICOLAS,CONTROL DE ROEDORES,"PROGRAMA DE CONTROL DE ROEDORES AL PREDIO EL MAITEN, VISITAS REALIZADAS 13/1/2026 HT7103; 27/1/2026 HT7131.",H2 ASESORIAS Y SERVICIOS SPA,,,178500,178500.00,Documento,silver_audit_backfill,EXP-7.0,0.509751,0.257587,1.702615,auto_accept,,EXP-7.0:0.5098;EXP-9.2:0.2522;EXP-10.1:0.0408,EXP-7.0,0.509751,False,,,,silver_audit,recovered
10586,COMPRAS|760726559|2749|1,DTE_033_000000002749_760726559.xml,2026-01,2749,1,COMPRAS,2026-01-27,33,760726559,ASESORIAS AGRICOLAS,CONTROL DE ROEDORES,"INICIO DE CONTROL DE ROEDORES PREDIO TINEO, VISITA REALIZADA 27/1/2026 HT7128.",H2 ASESORIAS Y SERVICIOS SPA,,,35000,35000.00,Documento,silver_audit_backfill,EXP-7.0,0.463782,0.197882,1.812458,auto_accept,,EXP-7.0:0.4638;EXP-9.2:0.2659;EXP-15.5:0.0477,EXP-7.0,0.463782,False,,,,silver_audit,recovered
10587,COMPRAS|760726559|2768|1,DTE_033_000000002768_760726559.xml,2026-01,2768,1,COMPRAS,2026-01-29,33,760726559,ASESORIAS AGRICOLAS,CONTROL DE ROEDORES,PROGRAMA DE CONTROL DE ROEDORES CASA ADM RUPANCO VISITA 29/1/2026 HT7142.,H2 ASESORIAS Y SERVICIOS SPA,,,44118,44118.00,Documento,silver_audit_backfill,EXP-7.0,0.505163,0.277564,1.784747,auto_accept,,EXP-7.0:0.5052;EXP-9.2:0.2276;EXP-10.1:0.0462,EXP-7.0,0.505163,False,,,,silver_audit,recovered
10596,COMPRAS|766149405|7413|1,DTE_033_000000007413_766149405.xml,2026-01,7413,1,COMPRAS,2026-01-14,33,766149405,MANTENCION Y REPARACION DE MAQUINARIA AGRICOLA Y VEHICULOS MOTORIZADOS,cambio filtro aire,cambio filtro petroleo cambio filtro aceite cambio filtro polen cambio rotulas inferiores cambio frenos delanteros cambio bieletas cambio aceite motor lavado rev frenos traseros ford ranger rzgc45,SERVIMEC SPA,,,1100210,1100210.00,Documento,client_evidence_backfill,EXP-13.3,0.843083,0.773177,0.796727,auto_accept,,EXP-13.3:0.8431;EXP-13.2:0.0699;EXP-14.1:0.0214,EXP-13.3,0.843083,False,,,,client_evidence,recovered
10612,COMPRAS|761757865|26274|1,DTE_033_000000026274_761757865.xml,2026-01,26274,1,COMPRAS,2026-01-05,33,761757865,"INSTALACION,MANTENCION,REPARACION MAQUINARIA AGROPECUARIA,FORESTAL",ORACID 60 L,,HGS DAIRY SOLUTIONS SPA,,,131438,164298,Documento,client_evidence_backfill,EXP-10.3,0.800432,0.704677,0.87786,auto_accept,,EXP-10.3:0.8004;EXP-7.0:0.0958;EXP-10.1:0.0406,EXP-10.3,0.800432,False,,,,client_evidence,recovered
10613,COMPRAS|761757865|26274|2,DTE_033_000000026274_761757865.xml,2026-01,26274,2,COMPRAS,2026-01-05,33,761757865,"INSTALACION,MANTENCION,REPARACION MAQUINARIA AGROPECUARIA,FORESTAL",FILTRO LECHE JUMBO 100 UND 150 X 800 MM,,HGS DAIRY SOLUTIONS SPA,,,153996,192495,Documento,client_evidence_backfill,EXP-10.1,0.426599,0.266852,1.809794,auto_accept,,EXP-10.1:0.4266;EXP-14.2:0.1597;ADM-1.6:0.1512,EXP-10.1,0.426599,False,,,,client_evidence,recovered
10616,COMPRAS|761757865|26307|3,DTE_033_000000026307_761757865.xml,2026-01,26307,3,COMPRAS,2026-01-06,33,761757865,"INSTALACION,MANTENCION,REPARACION MAQUINARIA AGROPECUARIA,FORESTAL",ORACID 60 L,,HGS DAIRY SOLUTIONS SPA,,,262877,164298,Documento,client_evidence_backfill,EXP-10.3,0.800432,0.704677,0.87786,auto_accept,,EXP-10.3:0.8004;EXP-7.0:0.0958;EXP-10.1:0.0406,EXP-10.3,0.800432,False,,,,client_evidence,recovered
10633,COMPRAS|761757865|26437|2,DTE_033_000000026437_761757865.xml,2026-01,26437,2,COMPRAS,2026-01-28,33,761757865,"INSTALACION,MANTENCION,REPARACION MAQUINARIA AGROPECUARIA,FORESTAL",TRI-PFAN 60 LTS.,,HGS DAIRY SOLUTIONS SPA,,,458126,190886,Documento,manually_audited_near_identical_backfill,EXP-10.3,0.6225,0.454723,1.480801,auto_accept,,EXP-10.3:0.6225;EXP-7.0:0.1678;EXP-10.1:0.0409,EXP-10.3,0.6225,False,,,,manually_audited_near_identical,recovered
10634,COMPRAS|761757865|26437|3,DTE_033_000000026437_761757865.xml,2026-01,26437,3,COMPRAS,2026-01-28,33,761757865,"INSTALACION,MANTENCION,REPARACION MAQUINARIA AGROPECUARIA,FORESTAL",ORACID 60 L,,HGS DAIRY SOLUTIONS SPA,,,262877,164298,Documento,client_evidence_backfill,EXP-10.3,0.800432,0.704677,0.87786,auto_accept,,EXP-10.3:0.8004;EXP-7.0:0.0958;EXP-10.1:0.0406,EXP-10.3,0.800432,False,,,,client_evidence,recovered
10655,COMPRAS|771552897|69188|1,DTE_033_000000069188_771552897.xml,2026-01,69188,1,COMPRAS,2026-01-06,33,771552897,AGROINDUSTRIA,BIOLACT ANTILLANCA GRANEL,,AGROCOMERCIAL IANSA S.A.,,A096685810,3749220,262.000,Documento,client_evidence_backfill,EXP-5.1,0.792513,0.709271,0.939673,auto_accept,,EXP-5.1:0.7925;EXP-5.2:0.0832;EXP-6.5:0.0582,EXP-5.1,0.792513,False,,,,client_evidence,recovered
10656,COMPRAS|771552897|69331|1,DTE_033_000000069331_771552897.xml,2026-01,69331,1,COMPRAS,2026-01-09,33,771552897,AGROINDUSTRIA,BIOLACT ANTILLANCA GRANEL,,AGROCOMERCIAL IANSA S.A.,,A096685810,3571060,262.000,Documento,client_evidence_backfill,EXP-5.1,0.792513,0.709271,0.939673,auto_accept,,EXP-5.1:0.7925;EXP-5.2:0.0832;EXP-6.5:0.0582,EXP-5.1,0.792513,False,,,,client_evidence,recovered
10657,COMPRAS|771552897|69547|1,DTE_033_000000069547_771552897.xml,2026-01,69547,1,COMPRAS,2026-01-15,33,771552897,AGROINDUSTRIA,BIOLACT ANTILLANCA GRANEL,,AGROCOMERCIAL IANSA S.A.,,A096685810,3589400,262.000,Documento,client_evidence_backfill,EXP-5.1,0.792513,0.709271,0.939673,auto_accept,,EXP-5.1:0.7925;EXP-5.2:0.0832;EXP-6.5:0.0582,EXP-5.1,0.792513,False,,,,client_evidence,recovered
10658,COMPRAS|771552897|69801|1,DTE_033_000000069801_771552897.xml,2026-01,69801,1,COMPRAS,2026-01-26,33,771552897,AGROINDUSTRIA,BIOLACT ANTILLANCA GRANEL,,AGROCOMERCIAL IANSA S.A.,,A096685810,3206880,262.000,Documento,client_evidence_backfill,EXP-5.1,0.792513,0.709271,0.939673,auto_accept,,EXP-5.1:0.7925;EXP-5.2:0.0832;EXP-6.5:0.0582,EXP-5.1,0.792513,False,,,,client_evidence,recovered
10659,COMPRAS|771552897|69854|1,DTE_033_000000069854_771552897.xml,2026-01,69854,1,COMPRAS,2026-01-27,33,771552897,AGROINDUSTRIA,BIOLACT ANTILLANCA GRANEL,,AGROCOMERCIAL IANSA S.A.,,A096685810,3584160,262.000,Documento,client_evidence_backfill,EXP-5.1,0.792513,0.709271,0.939673,auto_accept,,EXP-5.1:0.7925;EXP-5.2:0.0832;EXP-6.5:0.0582,EXP-5.1,0.792513,False,,,,client_evidence,recovered
10665,COMPRAS|111003351|85062|1,DTE_033_000000085062_111003351.xml,2026-01,85062,1,COMPRAS,2026-01-28,33,111003351,COMPRAVENTA MAQUINARIAS SERVICIO TECNICO,MTD CUCHILLO MULCHING 42PULGADAS 1 UNIDAD,MTD CUCHILLO MULCHING 42PULGADAS 1 UNIDAD,LIDIA ANGELICA SANHUEZA FUENTES,,,53782,26890.76,Documento,manually_audited_near_identical_backfill,EXP-13.1,0.706261,0.585595,1.235396,auto_accept,,EXP-16.1:0.7063;EXP-16.2:0.1207;EXP-11.5:0.0463,EXP-16.1,0.706261,False,,,,manually_audited_near_identical,recovered_over_model_disagreement
10670,COMPRAS|762599570|227995|1,DTE_033_000000227995_762599570.xml,2026-01,227995,1,COMPRAS,2026-01-05,33,762599570,SERVICENTRO,93 S/P,,ESTACIONES DE SERVICIO PAOLA USLAR MOLINA E.I.R.L.,,,46179,640.64,Documento,client_evidence_backfill,ADM-1.4,0.746355,0.704891,1.381561,auto_accept,,ADM-1.4:0.7464;EXP-11.4:0.0415;EXP-10.1:0.0346,ADM-1.4,0.746355,False,,,,client_evidence,recovered
10672,COMPRAS|762599570|227997|1,DTE_033_000000227997_762599570.xml,2026-01,227997,1,COMPRAS,2026-01-05,33,762599570,SERVICENTRO,93 S/P,,ESTACIONES DE SERVICIO PAOLA USLAR MOLINA E.I.R.L.,,,25626,640.64,Documento,client_evidence_backfill,ADM-1.4,0.746355,0.704891,1.381561,auto_accept,,ADM-1.4:0.7464;EXP-11.4:0.0415;EXP-10.1:0.0346,ADM-1.4,0.746355,False,,,,client_evidence,recovered
10673,COMPRAS|762599570|228457|1,DTE_033_000000228457_762599570.xml,2026-01,228457,1,COMPRAS,2026-01-08,33,762599570,SERVICENTRO,93 S/P,,ESTACIONES DE SERVICIO PAOLA USLAR MOLINA E.I.R.L.,,,55177,643.46,Documento,client_evidence_backfill,ADM-1.4,0.746355,0.704891,1.381561,auto_accept,,ADM-1.4:0.7464;EXP-11.4:0.0415;EXP-10.1:0.0346,ADM-1.4,0.746355,False,,,,client_evidence,recovered
10674,COMPRAS|762599570|228459|1,DTE_033_000000228459_762599570.xml,2026-01,228459,1,COMPRAS,2026-01-08,33,762599570,SERVICENTRO,93 S/P,,ESTACIONES DE SERVICIO PAOLA USLAR MOLINA E.I.R.L.,,,38608,643.46,Documento,client_evidence_backfill,ADM-1.4,0.746355,0.704891,1.381561,auto_accept,,ADM-1.4:0.7464;EXP-11.4:0.0415;EXP-10.1:0.0346,ADM-1.4,0.746355,False,,,,client_evidence,recovered
10675,COMPRAS|762599570|229777|1,DTE_033_000000229777_762599570.xml,2026-01,229777,1,COMPRAS,2026-01-12,33,762599570,SERVICENTRO,93 S/P,,ESTACIONES DE SERVICIO PAOLA USLAR MOLINA E.I.R.L.,,,38608,643.46,Documento,client_evidence_backfill,ADM-1.4,0.746355,0.704891,1.381561,auto_accept,,ADM-1.4:0.7464;EXP-11.4:0.0415;EXP-10.1:0.0346,ADM-1.4,0.746355,False,,,,client_evidence,recovered
10676,COMPRAS|762599570|230706|1,DTE_033_000000230706_762599570.xml,2026-01,230706,1,COMPRAS,2026-01-20,33,762599570,SERVICENTRO,93 S/P,,ESTACIONES DE SERVICIO PAOLA USLAR MOLINA E.I.R.L.,,,37950,632.51,Documento,client_evidence_backfill,ADM-1.4,0.746355,0.704891,1.381561,auto_accept,,ADM-1.4:0.7464;EXP-11.4:0.0415;EXP-10.1:0.0346,ADM-1.4,0.746355,False,,,,client_evidence,recovered
10677,COMPRAS|762599570|231111|1,DTE_033_000000231111_762599570.xml,2026-01,231111,1,COMPRAS,2026-01-23,33,762599570,SERVICENTRO,93 S/P,,ESTACIONES DE SERVICIO PAOLA USLAR MOLINA E.I.R.L.,,,25569,639.09,Documento,client_evidence_backfill,ADM-1.4,0.746355,0.704891,1.381561,auto_accept,,ADM-1.4:0.7464;EXP-11.4:0.0415;EXP-10.1:0.0346,ADM-1.4,0.746355,False,,,,client_evidence,recovered
10678,COMPRAS|762599570|231112|1,DTE_033_000000231112_762599570.xml,2026-01,231112,1,COMPRAS,2026-01-23,33,762599570,SERVICENTRO,93 S/P,,ESTACIONES DE SERVICIO PAOLA USLAR MOLINA E.I.R.L.,,,58221,639.09,Documento,client_evidence_backfill,ADM-1.4,0.746355,0.704891,1.381561,auto_accept,,ADM-1.4:0.7464;EXP-11.4:0.0415;EXP-10.1:0.0346,ADM-1.4,0.746355,False,,,,client_evidence,recovered
10679,COMPRAS|762599570|231480|1,DTE_033_000000231480_762599570.xml,2026-01,231480,1,COMPRAS,2026-01-26,33,762599570,SERVICENTRO,93 S/P,,ESTACIONES DE SERVICIO PAOLA USLAR MOLINA E.I.R.L.,,,25564,639.09,Documento,client_evidence_backfill,ADM-1.4,0.746355,0.704891,1.381561,auto_accept,,ADM-1.4:0.7464;EXP-11.4:0.0415;EXP-10.1:0.0346,ADM-1.4,0.746355,False,,,,client_evidence,recovered
10680,COMPRAS|762599570|231843|1,DTE_033_000000231843_762599570.xml,2026-01,231843,1,COMPRAS,2026-01-29,33,762599570,SERVICENTRO,93 S/P,,ESTACIONES DE SERVICIO PAOLA USLAR MOLINA E.I.R.L.,,,77045,649.6,Documento,client_evidence_backfill,ADM-1.4,0.746355,0.704891,1.381561,auto_accept,,ADM-1.4:0.7464;EXP-11.4:0.0415;EXP-10.1:0.0346,ADM-1.4,0.746355,False,,,,client_evidence,recovered
10681,COMPRAS|762599570|231848|1,DTE_033_000000231848_762599570.xml,2026-01,231848,1,COMPRAS,2026-01-29,33,762599570,SERVICENTRO,93 S/P,,ESTACIONES DE SERVICIO PAOLA USLAR MOLINA E.I.R.L.,,,25988,649.6,Documento,client_evidence_backfill,ADM-1.4,0.746355,0.704891,1.381561,auto_accept,,ADM-1.4:0.7464;EXP-11.4:0.0415;EXP-10.1:0.0346,ADM-1.4,0.746355,False,,,,client_evidence,recovered
10814,COMPRAS|779912809|266441|1,DTE_033_000000266441_779912809.xml,2026-01,266441,1,COMPRAS,2026-01-15,33,779912809,REVISIONES TECNICAS,- Revision Tecnica Maquinaria automotriz VPSJ99,,REVISIONES LOS LAGOS LTDA.,,,15798,15798,Documento,client_evidence_backfill,EXP-13.1,0.658377,0.443265,1.227618,auto_accept,,EXP-13.3:0.6584;EXP-13.2:0.2151;ADM-2.1:0.0252,EXP-13.3,0.658377,False,,,,client_evidence,recovered_over_model_disagreement
10893,COMPRAS|990120005|682881|1,DTE_033_000000682881_990120005.xml,2026-01,682881,1,COMPRAS,2026-01-12,33,990120005,Seguros de Vida,Seguro Colectivo. Poliza Nro. 12799,,Cia de Seguros de Vida Consorcio Nacional de Seguros SA,,,795045,,Documento,silver_audit_backfill,ADM-2.2,0.804647,0.722246,0.934617,auto_accept,,ADM-2.2:0.8046;ADM-1.4:0.0824;ADM-1.8:0.0247,ADM-2.2,0.804647,False,,,,silver_audit,recovered
10901,COMPRAS|864906001|712715|1,DTE_033_000000712715_864906001.xml,2026-01,712715,1,COMPRAS,2026-01-19,33,864906001,"Venta al por mayor de Materiales de Construccion,",ASPERSOR PLASTICO C/ESTACA METALICA X3APB (116008) ED,,COMERCIAL CLIMENT SPA,,1818925,7042,3521,Documento,silver_audit_backfill,EXP-9.2,0.701818,0.504598,1.102105,auto_accept,,EXP-9.2:0.7018;EXP-14.3:0.1972;ADM-1.6:0.0153,EXP-9.2,0.701818,False,,,,silver_audit,recovered
10962,COMPRAS|795888705|2574899|1,DTE_033_000002574899_795888705.xml,2026-01,2574899,1,COMPRAS,2026-01-16,33,795888705,"VENTA AL POR MAYOR DE COMBUSTIBLES SOLIDOS, LIQUIDOS Y GASEOSOS Y PRODUCTOS CO",Aramco ProForce Diesel A,"Aramco ProForce Diesel A@@Fecha 16/01/2026 Base 1.50 UTM/m3; 104,627; Variable 1 UTM/m3; 93,927",Esmax Distribucion SpA,,4014544,336239,668.00,Documento,silver_audit_backfill,EXP-11.3,0.768051,0.706218,1.075034,auto_accept,,EXP-11.3:0.7681;EXP-13.3:0.0618;ADM-2.1:0.0456,EXP-11.3,0.768051,False,,,,silver_audit,recovered
10969,COMPRAS|97080000K|3524674|1,DTE_033_000003524674_97080000K.xml,2026-01,3524674,1,COMPRAS,2026-01-08,33,97080000K,BANCO COMERCIAL,Comisión por Nóminas en Línea CCA,,BANCO BICE,,,20675,20675,Documento,silver_audit_backfill,ADM-1.7,0.517366,0.394462,1.727873,auto_accept,,ADM-1.7:0.5174;EXP-15.1:0.1229;ADM-1.10:0.1009,ADM-1.7,0.517366,False,,,,silver_audit,recovered
10970,COMPRAS|97080000K|3524674|2,DTE_033_000003524674_97080000K.xml,2026-01,3524674,2,COMPRAS,2026-01-08,33,97080000K,BANCO COMERCIAL,Comisión por Nóminas en Línea CCA,,BANCO BICE,,,631368,631368,Documento,silver_audit_backfill,ADM-1.7,0.517366,0.394462,1.727873,auto_accept,,ADM-1.7:0.5174;EXP-15.1:0.1229;ADM-1.10:0.1009,ADM-1.7,0.517366,False,,,,silver_audit,recovered
11008,COMPRAS|823926006|5173219|2,DTE_033_000005173219_823926006.xml,2026-01,5173219,2,COMPRAS,2026-01-20,33,823926006,"CRIA DE GANADO Y BOVINO, ESTACION SERV.",LEUCOSIS ELISA SUERO POOL 10 MUESTRAS,,COOPERATIVA AGRICOLA Y DE SERVICIOS LTDA,,0010042407,524160,5460,Documento,silver_audit_backfill,EXP-12.2,0.496826,0.389221,2.068154,auto_accept,,EXP-12.2:0.4968;EXP-8.2:0.1076;EXP-8.4:0.0700,EXP-12.2,0.496826,False,,,,silver_audit,recovered
11010,COMPRAS|823926006|5175347|2,DTE_033_000005175347_823926006.xml,2026-01,5175347,2,COMPRAS,2026-01-22,33,823926006,"CRIA DE GANADO Y BOVINO, ESTACION SERV.",LEUCOSIS ELISA SUERO POOL 10 MUESTRAS,,COOPERATIVA AGRICOLA Y DE SERVICIOS LTDA,,0010042407,376740,5460,Documento,silver_audit_backfill,EXP-12.2,0.496826,0.389221,2.068154,auto_accept,,EXP-12.2:0.4968;EXP-8.2:0.1076;EXP-8.4:0.0700,EXP-12.2,0.496826,False,,,,silver_audit,recovered
11014,COMPRAS|823926006|5177358|1,DTE_033_000005177358_823926006.xml,2026-01,5177358,1,COMPRAS,2026-01-26,33,823926006,"CRIA DE GANADO Y BOVINO, ESTACION SERV.",LEUCOSIS ELISA SUERO POOL 10 MUESTRAS,,COOPERATIVA AGRICOLA Y DE SERVICIOS LTDA,,0010042407,255645,3705,Documento,silver_audit_backfill,EXP-12.2,0.496826,0.389221,2.068154,auto_accept,,EXP-12.2:0.4968;EXP-8.2:0.1076;EXP-8.4:0.0700,EXP-12.2,0.496826,False,,,,silver_audit,recovered
11018,COMPRAS|823926006|5177376|2,DTE_033_000005177376_823926006.xml,2026-01,5177376,2,COMPRAS,2026-01-26,33,823926006,"CRIA DE GANADO Y BOVINO, ESTACION SERV.",LEUCOSIS ELISA SUERO POOL 10 MUESTRAS,,COOPERATIVA AGRICOLA Y DE SERVICIOS LTDA,,0010042407,355680,3705,Documento,silver_audit_backfill,EXP-12.2,0.496826,0.389221,2.068154,auto_accept,,EXP-12.2:0.4968;EXP-8.2:0.1076;EXP-8.4:0.0700,EXP-12.2,0.496826,False,,,,silver_audit,recovered
11024,COMPRAS|823926006|5180185|1,DTE_033_000005180185_823926006.xml,2026-01,5180185,1,COMPRAS,2026-01-29,33,823926006,"CRIA DE GANADO Y BOVINO, ESTACION SERV.",BATERIA HP ORIGINAL,,COOPERATIVA AGRICOLA Y DE SERVICIOS LTDA,,0010042407,45210,45210,Documento,manually_audited_near_identical_backfill,ADM-1.6,0.523242,0.411328,1.823292,auto_accept,,ADM-1.6:0.5232;EXP-16.2:0.1119;EXP-13.1:0.1105,ADM-1.6,0.523242,False,,,,manually_audited_near_identical,recovered
11074,COMPRAS|810941006|29497940|1,DTE_033_000029497940_810941006.xml,2026-01,29497940,1,COMPRAS,2026-01-08,33,810941006,FABR.Y DIST.PROD.LACTEOS VTAS.INSUMOS AG,GASOLINA 93,,COOPERATIVA AGRICOLA Y LECHERA DE LA UNI,,0966858109,12852,6426000,Documento,client_evidence_backfill,EXP-11.4,0.742119,0.56984,0.91508,auto_accept,,EXP-11.4:0.7421;ADM-1.4:0.1723;EXP-11.5:0.0309,EXP-11.4,0.742119,False,,,,client_evidence,recovered
11075,COMPRAS|810941006|29497985|1,DTE_033_000029497985_810941006.xml,2026-01,29497985,1,COMPRAS,2026-01-09,33,810941006,FABR.Y DIST.PROD.LACTEOS VTAS.INSUMOS AG,GASOLINA 93,,COOPERATIVA AGRICOLA Y LECHERA DE LA UNI,,0966858109,41770,6426154,Documento,client_evidence_backfill,EXP-11.4,0.742119,0.56984,0.91508,auto_accept,,EXP-11.4:0.7421;ADM-1.4:0.1723;EXP-11.5:0.0309,EXP-11.4,0.742119,False,,,,client_evidence,recovered
11147,COMPRAS|810941006|29697270|1,DTE_033_000029697270_810941006.xml,2026-01,29697270,1,COMPRAS,2026-01-30,33,810941006,FABR. Y DIST.PROD.LACTEOS VTAS. INSAGRIC,GASOLINA 93,GASOLINA 93,COOPERATIVA AGRICOLA Y LECHERA DE LA UNION LTDA.,,,25951,648.775000,Documento,client_evidence_backfill,EXP-11.4,0.683454,0.434096,0.922669,auto_accept,,EXP-11.4:0.6835;ADM-1.4:0.2494;EXP-11.5:0.0307,EXP-11.4,0.683454,False,,,,client_evidence,recovered
11149,COMPRAS|810941006|29883379|1,DTE_033_000029883379_810941006.xml,2026-01,29883379,1,COMPRAS,2026-01-07,33,810941006,FABR.Y DIST.PROD.LACTEOS VTAS.INSUMOS AGRICOLAS VETER. COMBUSTIBLES Y VEHICULOS,GASOLINA 93,Retira: ANTILLANCA SPA{Impuesto base combustible: 16740{Impuesto variable combustible: 2445,COOPERATIVA AGRICOLA Y LECHERA DE LA UNION LTDA.,,0966858109,25592,639.801800,Documento,client_evidence_backfill,EXP-11.4,0.551339,0.188092,1.106864,auto_accept,,EXP-11.4:0.5513;ADM-1.4:0.3632;EXP-11.5:0.0237,EXP-11.4,0.551339,False,,,,client_evidence,recovered
11155,COMPRAS|810941006|29883420|1,DTE_033_000029883420_810941006.xml,2026-01,29883420,1,COMPRAS,2026-01-08,33,810941006,FABR.Y DIST.PROD.LACTEOS VTAS.INSUMOS AG,GASOLINA 93,,COOPERATIVA AGRICOLA Y LECHERA DE LA UNI,,0966858109,54622,6426118,Documento,client_evidence_backfill,EXP-11.4,0.742119,0.56984,0.91508,auto_accept,,EXP-11.4:0.7421;ADM-1.4:0.1723;EXP-11.5:0.0309,EXP-11.4,0.742119,False,,,,client_evidence,recovered
11156,COMPRAS|810941006|29883422|1,DTE_033_000029883422_810941006.xml,2026-01,29883422,1,COMPRAS,2026-01-08,33,810941006,FABR.Y DIST.PROD.LACTEOS VTAS.INSUMOS AG,GASOLINA 93,,COOPERATIVA AGRICOLA Y LECHERA DE LA UNI,,0966858109,28275,6426136,Documento,client_evidence_backfill,EXP-11.4,0.742119,0.56984,0.91508,auto_accept,,EXP-11.4:0.7421;ADM-1.4:0.1723;EXP-11.5:0.0309,EXP-11.4,0.742119,False,,,,client_evidence,recovered
11157,COMPRAS|810941006|29883460|1,DTE_033_000029883460_810941006.xml,2026-01,29883460,1,COMPRAS,2026-01-09,33,810941006,FABR.Y DIST.PROD.LACTEOS VTAS.INSUMOS AG,GASOLINA 93,,COOPERATIVA AGRICOLA Y LECHERA DE LA UNI,,0966858109,12852,6426000,Documento,client_evidence_backfill,EXP-11.4,0.742119,0.56984,0.91508,auto_accept,,EXP-11.4:0.7421;ADM-1.4:0.1723;EXP-11.5:0.0309,EXP-11.4,0.742119,False,,,,client_evidence,recovered
11158,COMPRAS|810941006|29883463|1,DTE_033_000029883463_810941006.xml,2026-01,29883463,1,COMPRAS,2026-01-09,33,810941006,FABR.Y DIST.PROD.LACTEOS VTAS.INSUMOS AGRICOLAS VETER. COMBUSTIBLES Y VEHICULOS,GASOLINA 93,Retira: ANTILLANCA SPA{Impuesto base combustible: 16740{Impuesto variable combustible: 2311,COOPERATIVA AGRICOLA Y LECHERA DE LA UNION LTDA.,,0966858109,25705,642.615200,Documento,client_evidence_backfill,EXP-11.4,0.546441,0.176327,1.100724,auto_accept,,EXP-11.4:0.5464;ADM-1.4:0.3701;EXP-11.5:0.0235,EXP-11.4,0.546441,False,,,,client_evidence,recovered
11160,COMPRAS|810941006|29883503|1,DTE_033_000029883503_810941006.xml,2026-01,29883503,1,COMPRAS,2026-01-12,33,810941006,FABR.Y DIST.PROD.LACTEOS VTAS.INSUMOS AG,GASOLINA 93,,COOPERATIVA AGRICOLA Y LECHERA DE LA UNI,,0966858109,40485,6426190,Documento,client_evidence_backfill,EXP-11.4,0.742119,0.56984,0.91508,auto_accept,,EXP-11.4:0.7421;ADM-1.4:0.1723;EXP-11.5:0.0309,EXP-11.4,0.742119,False,,,,client_evidence,recovered
11162,COMPRAS|810941006|29883565|1,DTE_033_000029883565_810941006.xml,2026-01,29883565,1,COMPRAS,2026-01-13,33,810941006,FABR.Y DIST.PROD.LACTEOS VTAS.INSUMOS AG,GASOLINA 93,,COOPERATIVA AGRICOLA Y LECHERA DE LA UNI,,0966858109,25705,6426250,Documento,client_evidence_backfill,EXP-11.4,0.742119,0.56984,0.91508,auto_accept,,EXP-11.4:0.7421;ADM-1.4:0.1723;EXP-11.5:0.0309,EXP-11.4,0.742119,False,,,,client_evidence,recovered
11166,COMPRAS|810941006|29883787|1,DTE_033_000029883787_810941006.xml,2026-01,29883787,1,COMPRAS,2026-01-20,33,810941006,FABR.Y DIST.PROD.LACTEOS VTAS.INSUMOS AG,GASOLINA 93,,COOPERATIVA AGRICOLA Y LECHERA DE LA UNI,,0966858109,25267,6316750,Documento,client_evidence_backfill,EXP-11.4,0.742119,0.56984,0.91508,auto_accept,,EXP-11.4:0.7421;ADM-1.4:0.1723;EXP-11.5:0.0309,EXP-11.4,0.742119,False,,,,client_evidence,recovered
11169,COMPRAS|810941006|29883925|1,DTE_033_000029883925_810941006.xml,2026-01,29883925,1,COMPRAS,2026-01-23,33,810941006,FABR.Y DIST.PROD.LACTEOS VTAS.INSUMOS AGRICOLAS VETER. COMBUSTIBLES Y VEHICULOS,GASOLINA 93,Retira: ANTILLANCA SPA{Impuesto base combustible: 16740{Impuesto variable combustible: 1439,COOPERATIVA AGRICOLA Y LECHERA DE LA UNION LTDA.,,0966858109,25530,638.255000,Documento,client_evidence_backfill,EXP-11.4,0.536326,0.159242,1.117313,auto_accept,,EXP-11.4:0.5363;ADM-1.4:0.3771;EXP-11.5:0.0238,EXP-11.4,0.536326,False,,,,client_evidence,recovered
11173,COMPRAS|810941006|29884141|1,DTE_033_000029884141_810941006.xml,2026-01,29884141,1,COMPRAS,2026-01-30,33,810941006,FABR.Y DIST.PROD.LACTEOS VTAS.INSUMOS AG,GASOLINA 93,,COOPERATIVA AGRICOLA Y LECHERA DE LA UNI,,0966858109,12975,6487500,Documento,client_evidence_backfill,EXP-11.4,0.742119,0.56984,0.91508,auto_accept,,EXP-11.4:0.7421;ADM-1.4:0.1723;EXP-11.5:0.0309,EXP-11.4,0.742119,False,,,,client_evidence,recovered
11175,COMPRAS|810941006|29884160|1,DTE_033_000029884160_810941006.xml,2026-01,29884160,1,COMPRAS,2026-01-30,33,810941006,FABR.Y DIST.PROD.LACTEOS VTAS.INSUMOS AG,GASOLINA 93,,COOPERATIVA AGRICOLA Y LECHERA DE LA UNI,,0966858109,12975,6487500,Documento,client_evidence_backfill,EXP-11.4,0.742119,0.56984,0.91508,auto_accept,,EXP-11.4:0.7421;ADM-1.4:0.1723;EXP-11.5:0.0309,EXP-11.4,0.742119,False,,,,client_evidence,recovered
11177,COMPRAS|810941006|29934072|1,DTE_033_000029934072_810941006.xml,2026-01,29934072,1,COMPRAS,2026-01-06,33,810941006,FABR.Y DIST.PROD.LACTEOS VTAS.INSUMOS AG,GASOLINA 93,,COOPERATIVA AGRICOLA Y LECHERA DE LA UNI,,0966858109,19194,6398000,Documento,client_evidence_backfill,EXP-11.4,0.742119,0.56984,0.91508,auto_accept,,EXP-11.4:0.7421;ADM-1.4:0.1723;EXP-11.5:0.0309,EXP-11.4,0.742119,False,,,,client_evidence,recovered
11178,COMPRAS|810941006|29934178|1,DTE_033_000029934178_810941006.xml,2026-01,29934178,1,COMPRAS,2026-01-13,33,810941006,FABR.Y DIST.PROD.LACTEOS VTAS.INSUMOS AG,GASOLINA 93,,COOPERATIVA AGRICOLA Y LECHERA DE LA UNI,,0966858109,19278,6426000,Documento,client_evidence_backfill,EXP-11.4,0.742119,0.56984,0.91508,auto_accept,,EXP-11.4:0.7421;ADM-1.4:0.1723;EXP-11.5:0.0309,EXP-11.4,0.742119,False,,,,client_evidence,recovered
11179,COMPRAS|810941006|29934297|1,DTE_033_000029934297_810941006.xml,2026-01,29934297,1,COMPRAS,2026-01-20,33,810941006,FABR.Y DIST.PROD.LACTEOS VTAS.INSUMOS AG,GASOLINA 93,,COOPERATIVA AGRICOLA Y LECHERA DE LA UNI,,0966858109,18950,6316667,Documento,client_evidence_backfill,EXP-11.4,0.742119,0.56984,0.91508,auto_accept,,EXP-11.4:0.7421;ADM-1.4:0.1723;EXP-11.5:0.0309,EXP-11.4,0.742119,False,,,,client_evidence,recovered
11180,COMPRAS|810941006|29934299|1,DTE_033_000029934299_810941006.xml,2026-01,29934299,1,COMPRAS,2026-01-20,33,810941006,FABR.Y DIST.PROD.LACTEOS VTAS.INSUMOS AG,GASOLINA 93,,COOPERATIVA AGRICOLA Y LECHERA DE LA UNI,,0966858109,47375,6316667,Documento,client_evidence_backfill,EXP-11.4,0.742119,0.56984,0.91508,auto_accept,,EXP-11.4:0.7421;ADM-1.4:0.1723;EXP-11.5:0.0309,EXP-11.4,0.742119,False,,,,client_evidence,recovered
11181,COMPRAS|810941006|29934329|1,DTE_033_000029934329_810941006.xml,2026-01,29934329,1,COMPRAS,2026-01-22,33,810941006,FABR.Y DIST.PROD.LACTEOS VTAS.INSUMOS AGRICOLAS VETER. COMBUSTIBLES Y VEHICULOS,GASOLINA 93,Retira: ANTILLANCA SPA{Impuesto base combustible: 12555{Impuesto variable combustible: 1079,COOPERATIVA AGRICOLA Y LECHERA DE LA UNION LTDA.,,0966858109,19148,638.255000,Documento,client_evidence_backfill,EXP-11.4,0.533182,0.152857,1.117803,auto_accept,,EXP-11.4:0.5332;ADM-1.4:0.3803;EXP-11.5:0.0234,EXP-11.4,0.533182,False,,,,client_evidence,recovered
11182,COMPRAS|810941006|29934363|1,DTE_033_000029934363_810941006.xml,2026-01,29934363,1,COMPRAS,2026-01-23,33,810941006,FABR.Y DIST.PROD.LACTEOS VTAS.INSUMOS AGRICOLAS VETER. COMBUSTIBLES Y VEHICULOS,GASOLINA 93,Retira: ANTILLANCA SPA{Impuesto base combustible: 12555{Impuesto variable combustible: 1079,COOPERATIVA AGRICOLA Y LECHERA DE LA UNION LTDA.,,0966858109,19148,638.255000,Documento,client_evidence_backfill,EXP-11.4,0.533182,0.152857,1.117803,auto_accept,,EXP-11.4:0.5332;ADM-1.4:0.3803;EXP-11.5:0.0234,EXP-11.4,0.533182,False,,,,client_evidence,recovered
11183,COMPRAS|810941006|29934382|1,DTE_033_000029934382_810941006.xml,2026-01,29934382,1,COMPRAS,2026-01-26,33,810941006,FABR.Y DIST.PROD.LACTEOS VTAS.INSUMOS AGRICOLAS VETER. COMBUSTIBLES Y VEHICULOS,GASOLINA 93,Retira: ANTILLANCA SPA{Impuesto base combustible: 12555{Impuesto variable combustible: 1079,COOPERATIVA AGRICOLA Y LECHERA DE LA UNION LTDA.,,0966858109,19148,638.255000,Documento,client_evidence_backfill,EXP-11.4,0.533182,0.152857,1.117803,auto_accept,,EXP-11.4:0.5332;ADM-1.4:0.3803;EXP-11.5:0.0234,EXP-11.4,0.533182,False,,,,client_evidence,recovered
11184,COMPRAS|810941006|29934399|1,DTE_033_000029934399_810941006.xml,2026-01,29934399,1,COMPRAS,2026-01-27,33,810941006,FABR.Y DIST.PROD.LACTEOS VTAS.INSUMOS AGRICOLAS VETER. COMBUSTIBLES Y VEHICULOS,GASOLINA 93,Retira: ANTILLANCA SPA{Impuesto base combustible: 12555{Impuesto variable combustible: 1079,COOPERATIVA AGRICOLA Y LECHERA DE LA UNION LTDA.,,0966858109,19148,638.255000,Documento,client_evidence_backfill,EXP-11.4,0.533182,0.152857,1.117803,auto_accept,,EXP-11.4:0.5332;ADM-1.4:0.3803;EXP-11.5:0.0234,EXP-11.4,0.533182,False,,,,client_evidence,recovered
11189,COMPRAS|810941006|29947173|1,DTE_033_000029947173_810941006.xml,2026-01,29947173,1,COMPRAS,2026-01-12,33,810941006,FABR.Y DIST.PROD.LACTEOS VTAS.INSUMOS AG,GASOLINA 93,,COOPERATIVA AGRICOLA Y LECHERA DE LA UNI,,0966858109,12852,6426000,Documento,client_evidence_backfill,EXP-11.4,0.742119,0.56984,0.91508,auto_accept,,EXP-11.4:0.7421;ADM-1.4:0.1723;EXP-11.5:0.0309,EXP-11.4,0.742119,False,,,,client_evidence,recovered
11190,COMPRAS|810941006|29947771|1,DTE_033_000029947771_810941006.xml,2026-01,29947771,1,COMPRAS,2026-01-28,33,810941006,FABR.Y DIST.PROD.LACTEOS VTAS.INSUMOS AG,GASOLINA 93,,COOPERATIVA AGRICOLA Y LECHERA DE LA UNI,,0966858109,25530,6382500,Documento,client_evidence_backfill,EXP-11.4,0.742119,0.56984,0.91508,auto_accept,,EXP-11.4:0.7421;ADM-1.4:0.1723;EXP-11.5:0.0309,EXP-11.4,0.742119,False,,,,client_evidence,recovered
11214,COMPRAS|970040005|46077656|1,DTE_033_000046077656_970040005.xml,2026-01,46077656,1,COMPRAS,2026-01-14,33,970040005,Banco Comercial,COMISION MENSUAL ADMINISTRACION CONVENIO]REMUNERACIONES,COMISION MENSUAL ADMINISTRACION CONVENIO]REMUNERACIONES ]NUMERO DE OPERACION 02600554401 .,Banco de Chile,,,12792,12792,Documento,silver_audit_backfill,ADM-1.7,0.370805,0.201617,2.203085,auto_accept,,ADM-1.7:0.3708;ADM-1.5:0.1692;EXP-15.1:0.0886,ADM-1.7,0.370805,False,,,,silver_audit,recovered
11227,COMPRAS|968480502|109744|1,DTE_034_000000109744_968480502.xml,2026-01,109744,1,COMPRAS,2026-01-05,34,968480502,Concesionario de Peaje,Recarga de Prepagos,,Ruta de los Rios Sociedad Concesionaria S.A.,,,300000,300000,Documento,client_evidence_backfill,ADM-1.4,0.546193,0.402762,1.881673,auto_accept,,ADM-1.4:0.5462;EXP-15.5:0.1434;ADM-1.7:0.0673,ADM-1.4,0.546193,False,,,,client_evidence,recovered
11232,COMPRAS|119206855|15|1,DTE_061_000000000015_119206855.xml,2026-01,15,1,COMPRAS,2026-01-16,61,119206855,ASERRADERO PORTATIL MADERAS Y COMERC/PRODUCTOS FORESTALES Y MADERAS,Confección de bolos,,HECTOR ADRIAN VALENZUELA PAREDES,,,12024000,18000.00,Documento,manually_audited_near_identical_backfill,EXP-4.2,0.725961,0.593977,1.048345,auto_accept,,EXP-4.2:0.7260;EXP-4.3:0.1320;EXP-5.4:0.0605,EXP-4.2,0.725961,False,,,,manually_audited_near_identical,recovered
11237,COMPRAS|823926006|152144|2,DTE_061_000000152144_823926006.xml,2026-01,152144,2,COMPRAS,2026-01-26,61,823926006,"CRIA DE GANADO Y BOVINO, ESTACION SERV.",LEUCOSIS ELISA SUERO POOL 10 MUESTRAS,,COOPERATIVA AGRICOLA Y DE SERVICIOS LTDA,,0010042407,524160,5460,Documento,silver_audit_backfill,EXP-12.2,0.496826,0.389221,2.068154,auto_accept,,EXP-12.2:0.4968;EXP-8.2:0.1076;EXP-8.4:0.0700,EXP-12.2,0.496826,False,,,,silver_audit,recovered
11239,COMPRAS|823926006|152145|2,DTE_061_000000152145_823926006.xml,2026-01,152145,2,COMPRAS,2026-01-26,61,823926006,"CRIA DE GANADO Y BOVINO, ESTACION SERV.",LEUCOSIS ELISA SUERO POOL 10 MUESTRAS,,COOPERATIVA AGRICOLA Y DE SERVICIOS LTDA,,0010042407,376740,5460,Documento,silver_audit_backfill,EXP-12.2,0.496826,0.389221,2.068154,auto_accept,,EXP-12.2:0.4968;EXP-8.2:0.1076;EXP-8.4:0.0700,EXP-12.2,0.496826,False,,,,silver_audit,recovered
11247,COMPRAS|165563778|108|1,DTE_033_000000000108_165563778.xml,2026-02,108,1,COMPRAS,2026-02-04,33,165563778,TRANSPORTE DE CARGA POR CARRETERA / SERVICIOS CONDUCTOR PROFESIONAL,Traslado de vacas desde,El Maitén a Feria Paillaco,JUAN ANGEL ANIBAL VERGARA OBANDO,,,40000,40000.00,Documento,silver_audit_backfill,EXP-15.3,0.390889,0.079297,1.712925,auto_accept,,EXP-15.3:0.3909;EXP-10.2:0.3116;EXP-15.2:0.1533,EXP-15.3,0.390889,False,,,,silver_audit,recovered
11252,COMPRAS|77895799K|202|1,DTE_033_000000000202_77895799K.xml,2026-02,202,1,COMPRAS,2026-02-09,33,77895799K,"COMERCIALIZACION, TRANSPORTE Y RECICLAJE DE RESIDUOS INDUSTRIALES",SERVICIO DE RETIRO Y,DISPOSICION FINAL DE RESIDUOS,SOCIEDAD COMERCIAL VITACYCLE LIMITADA,,,399700,399700.00,Documento,client_evidence_backfill,EXP-16.2,0.141633,0.048903,3.217012,auto_accept,,ADM-1.5:0.1416;ADM-1.4:0.0927;ADM-1.10:0.0839,ADM-1.5,0.141633,False,,,,client_evidence,recovered_over_model_disagreement
11260,COMPRAS|77991139K|376|1,DTE_033_000000000376_77991139K.xml,2026-02,376,1,COMPRAS,2026-02-03,33,77991139K,"CULTIVO, COMPRA Y VENTA DE ALIMENTOS AGRICOLAS Y TERAPIAS NATURALES.",Apoyo Huerto Tineo Feb,,HSV SPA,,,500000,500000.00,Documento,silver_audit_backfill,EXP-15.5,0.76481,0.741406,1.34371,auto_accept,,EXP-15.5:0.7648;ADM-1.10:0.0234;EXP-2.1:0.0173,EXP-15.5,0.76481,False,,,,silver_audit,recovered
11267,COMPRAS|770531012|439|1,DTE_033_000000000439_770531012.xml,2026-02,439,1,COMPRAS,2026-02-26,33,770531012,SERVICIOS AGRICOLAS,BOLOS SILO CHAPILCAHUIN,20 bolos silo empastadas arriendo,SERVICIOS AGRICOLAS CORPAL SPA,,,370000,18500.00,Documento,manually_audited_near_identical_backfill,EXP-4.2,0.592681,0.394622,1.220191,auto_accept,,EXP-4.2:0.5927;EXP-5.4:0.1981;EXP-4.3:0.1438,EXP-4.2,0.592681,False,,,,manually_audited_near_identical,recovered
11268,COMPRAS|770531012|439|2,DTE_033_000000000439_770531012.xml,2026-02,439,2,COMPRAS,2026-02-26,33,770531012,SERVICIOS AGRICOLAS,BOLOS PASTO SECO PELLECO,392 bolos pasto seco,SERVICIOS AGRICOLAS CORPAL SPA,,,7252000,18500.00,Documento,client_evidence_backfill,EXP-4.3,0.484148,0.113522,1.18994,auto_accept,,EXP-4.2:0.4841;EXP-4.3:0.3706;EXP-5.4:0.1025,EXP-4.2,0.484148,False,,,,client_evidence,recovered_over_model_disagreement
11269,COMPRAS|770531012|439|3,DTE_033_000000000439_770531012.xml,2026-02,439,3,COMPRAS,2026-02-26,33,770531012,SERVICIOS AGRICOLAS,BOLOS PASTO SECO RAICES,BOLOS RAICES ARRIENDO 225,SERVICIOS AGRICOLAS CORPAL SPA,,,4162500,18500.00,Documento,client_evidence_backfill,EXP-4.3,0.628034,0.476957,1.202081,auto_accept,,EXP-4.3:0.6280;EXP-5.4:0.1511;EXP-4.2:0.1412,EXP-4.3,0.628034,False,,,,client_evidence,recovered
11270,COMPRAS|770531012|440|1,DTE_033_000000000440_770531012.xml,2026-02,440,1,COMPRAS,2026-02-26,33,770531012,SERVICIOS AGRICOLAS,BOLOS PELLECO EMPASTADA,Bolos sector pelleco 73 bolos silo,SERVICIOS AGRICOLAS CORPAL SPA,,,1350500,18500.00,Documento,client_evidence_backfill,EXP-4.2,0.47976,0.116068,1.168581,auto_accept,,EXP-4.2:0.4798;EXP-4.3:0.3637;EXP-5.4:0.1231,EXP-4.2,0.47976,False,,,,client_evidence,recovered
11271,COMPRAS|770531012|440|2,DTE_033_000000000440_770531012.xml,2026-02,440,2,COMPRAS,2026-02-26,33,770531012,SERVICIOS AGRICOLAS,BOLOS CHAPILCAHUIN,"Bolos silo chapilcahuin frente bolos en arriendo 16 bolos 2 bolos por ha total 7 ha, cobro por ha 16 reales 42 ficticios.",SERVICIOS AGRICOLAS CORPAL SPA,,,821002,117286.00,Documento,client_evidence_backfill,EXP-4.2,0.566742,0.295582,1.124905,auto_accept,,EXP-4.2:0.5667;EXP-4.3:0.2712;EXP-5.4:0.1294,EXP-4.2,0.566742,False,,,,client_evidence,recovered
11272,COMPRAS|770531012|440|3,DTE_033_000000000440_770531012.xml,2026-02,440,3,COMPRAS,2026-02-26,33,770531012,SERVICIOS AGRICOLAS,BOLOS SILO RAICES F2,Bolos silo f2 22 bolos en 6 ha total,SERVICIOS AGRICOLAS CORPAL SPA,,,694998,115833.00,Documento,client_evidence_backfill,EXP-4.2,0.536348,0.298894,1.245292,auto_accept,,EXP-4.2:0.5363;EXP-5.4:0.2375;EXP-4.3:0.1680,EXP-4.2,0.536348,False,,,,client_evidence,recovered
11278,COMPRAS|770334063|1534|3,DTE_033_000000001534_770334063.xml,2026-02,1534,3,COMPRAS,2026-02-02,33,770334063,SERVICIOS MECANICOS A DOMICILIO DE MOTOCICLETAS Y MAQUINARIAS AGRICOLA,MANTENCION Y REPARACION,"MONTO HONDA, TRX 420, SEGUN OT 822",MULTIMOTOS OSORNO SPA,,,397017,397017.00,Documento,client_evidence_backfill,EXP-13.2,0.697323,0.552467,1.15767,auto_accept,,EXP-13.2:0.6973;EXP-14.1:0.1449;EXP-13.3:0.0664,EXP-13.2,0.697323,False,,,,client_evidence,recovered
11285,COMPRAS|767614071|1770|1,DTE_033_000000001770_767614071.xml,2026-02,1770,1,COMPRAS,2026-02-19,33,767614071,"SERVICIOS AGRICOLAS,COSECHA, SIEMBRA",Bolos Paja de Trigo,"Según Guía Despacho 573, 574, 575,579, 580",SERVICIOS AGRICOLAS OSORNO SPA,,,3000000,12500.00,Documento,silver_audit_backfill,EXP-4.3,0.420943,0.042533,1.390554,auto_accept,,EXP-4.3:0.4209;EXP-4.2:0.3784;EXP-5.4:0.1048,EXP-4.3,0.420943,False,,,,silver_audit,recovered
11299,COMPRAS|760726559|2777|1,DTE_033_000000002777_760726559.xml,2026-02,2777,1,COMPRAS,2026-02-26,33,760726559,ASESORIAS AGRICOLAS,CONTROL DE ROEDORES,"PROGRAMA DE CONTROL DE ROEDORES AL PREDIO RAICES, VISITAS REALIZADAS 3/2/2026 HT7149; 17/2/2026 HT7175.",H2 ASESORIAS Y SERVICIOS SPA,,,72000,72000.00,Documento,silver_audit_backfill,EXP-7.0,0.538009,0.284399,1.593126,auto_accept,,EXP-7.0:0.5380;EXP-9.2:0.2536;EXP-10.1:0.0370,EXP-7.0,0.538009,False,,,,silver_audit,recovered
11300,COMPRAS|760726559|2778|1,DTE_033_000000002778_760726559.xml,2026-02,2778,1,COMPRAS,2026-02-26,33,760726559,ASESORIAS AGRICOLAS,CONTROL DE ROEDORES,"CONTROL DE ROEDORES PREDIO YUTRECO, VISITAS REALIZADAS 4/2/2026 HT7154; 18/2/2026 HT7180.",H2 ASESORIAS Y SERVICIOS SPA,,,60000,60000.00,Documento,silver_audit_backfill,EXP-7.0,0.558636,0.330632,1.591639,auto_accept,,EXP-7.0:0.5586;EXP-9.2:0.2280;EXP-10.1:0.0424,EXP-7.0,0.558636,False,,,,silver_audit,recovered
11301,COMPRAS|760726559|2779|1,DTE_033_000000002779_760726559.xml,2026-02,2779,1,COMPRAS,2026-02-26,33,760726559,ASESORIAS AGRICOLAS,CONTROL DE ROEDORES,"PROGRAMA DE CONTROL DE ROEDORES PREDIO BRAMADERO, VISITAS REALIZADAS 10/2/2026 HT7163; 24/2/2026 HT7190.",H2 ASESORIAS Y SERVICIOS SPA,,,63000,63000.00,Documento,silver_audit_backfill,EXP-7.0,0.540985,0.32262,1.685059,auto_accept,,EXP-7.0:0.5410;EXP-9.2:0.2184;EXP-10.1:0.0420,EXP-7.0,0.540985,False,,,,silver_audit,recovered
11302,COMPRAS|760726559|2780|1,DTE_033_000000002780_760726559.xml,2026-02,2780,1,COMPRAS,2026-02-26,33,760726559,ASESORIAS AGRICOLAS,CONTROL DE ROEDORES,"PROGRAMA DE CONTROL DE ROEDORES AL PREDIO EL MAITEN, VISITAS REALIZADAS 10/2/2026 HT7164; 24/2/2026 HT7191.",H2 ASESORIAS Y SERVICIOS SPA,,,178500,178500.00,Documento,silver_audit_backfill,EXP-7.0,0.510285,0.260094,1.705222,auto_accept,,EXP-7.0:0.5103;EXP-9.2:0.2502;EXP-10.1:0.0409,EXP-7.0,0.510285,False,,,,silver_audit,recovered
11303,COMPRAS|760726559|2781|1,DTE_033_000000002781_760726559.xml,2026-02,2781,1,COMPRAS,2026-02-26,33,760726559,ASESORIAS AGRICOLAS,CONTROL DE ROEDORES,"INICIO DE CONTROL DE ROEDORES PREDIO TINEO, VISITA REALIZADA 24/2/2026 HT7188.",H2 ASESORIAS Y SERVICIOS SPA,,,35000,35000.00,Documento,silver_audit_backfill,EXP-7.0,0.444314,0.165066,1.838809,auto_accept,,EXP-7.0:0.4443;EXP-9.2:0.2792;EXP-15.5:0.0470,EXP-7.0,0.444314,False,,,,silver_audit,recovered
11304,COMPRAS|760726559|2782|1,DTE_033_000000002782_760726559.xml,2026-02,2782,1,COMPRAS,2026-02-26,33,760726559,ASESORIAS AGRICOLAS,CONTROL DE ROEDORES,PROGRAMA DE CONTROL DE ROEDORES CASA ADM RUPANCO VISITA 26/2/2026 HT7202.,H2 ASESORIAS Y SERVICIOS SPA,,,44118,44118.00,Documento,silver_audit_backfill,EXP-7.0,0.447786,0.190411,1.886788,auto_accept,,EXP-7.0:0.4478;EXP-9.2:0.2574;ADM-1.6:0.0544,EXP-7.0,0.447786,False,,,,silver_audit,recovered
11341,COMPRAS|761757865|26474|1,DTE_033_000000026474_761757865.xml,2026-02,26474,1,COMPRAS,2026-02-02,33,761757865,"INSTALACION,MANTENCION,REPARACION MAQUINARIA AGROPECUARIA,FORESTAL",TRI-PFAN 200 LTS,,HGS DAIRY SOLUTIONS SPA,,,429714,537142,Documento,client_evidence_backfill,EXP-10.3,0.607306,0.461649,1.581987,auto_accept,,EXP-10.3:0.6073;EXP-7.0:0.1457;EXP-14.3:0.0616,EXP-10.3,0.607306,False,,,,client_evidence,recovered
11343,COMPRAS|761757865|26474|3,DTE_033_000000026474_761757865.xml,2026-02,26474,3,COMPRAS,2026-02-02,33,761757865,"INSTALACION,MANTENCION,REPARACION MAQUINARIA AGROPECUARIA,FORESTAL",FILTRO LECHE JUMBO 100 UND 150 X 800 MM,,HGS DAIRY SOLUTIONS SPA,,,153996,192495,Documento,client_evidence_backfill,EXP-10.1,0.426599,0.266852,1.809794,auto_accept,,EXP-10.1:0.4266;EXP-14.2:0.1597;ADM-1.6:0.1512,EXP-10.1,0.426599,False,,,,client_evidence,recovered
11344,COMPRAS|761757865|26474|4,DTE_033_000000026474_761757865.xml,2026-02,26474,4,COMPRAS,2026-02-02,33,761757865,"INSTALACION,MANTENCION,REPARACION MAQUINARIA AGROPECUARIA,FORESTAL",ORACID 60 L,,HGS DAIRY SOLUTIONS SPA,,,131438,164298,Documento,client_evidence_backfill,EXP-10.3,0.800432,0.704677,0.87786,auto_accept,,EXP-10.3:0.8004;EXP-7.0:0.0958;EXP-10.1:0.0406,EXP-10.3,0.800432,False,,,,client_evidence,recovered
11351,COMPRAS|761757865|26545|2,DTE_033_000000026545_761757865.xml,2026-02,26545,2,COMPRAS,2026-02-16,33,761757865,"INSTALACION,MANTENCION,REPARACION MAQUINARIA AGROPECUARIA,FORESTAL",FILTRO LECHE 60 MM * 455 - 370 UN,,HGS DAIRY SOLUTIONS SPA,,,81730,102162,Documento,client_evidence_backfill,EXP-10.1,0.447209,0.312603,1.821935,auto_accept,,EXP-10.1:0.4472;EXP-14.2:0.1346;ADM-1.6:0.1158,EXP-10.1,0.447209,False,,,,client_evidence,recovered
11353,COMPRAS|761757865|26548|2,DTE_033_000000026548_761757865.xml,2026-02,26548,2,COMPRAS,2026-02-16,33,761757865,"INSTALACION,MANTENCION,REPARACION MAQUINARIA AGROPECUARIA,FORESTAL",ORACID 60 L,,HGS DAIRY SOLUTIONS SPA,,,131438,164298,Documento,client_evidence_backfill,EXP-10.3,0.800432,0.704677,0.87786,auto_accept,,EXP-10.3:0.8004;EXP-7.0:0.0958;EXP-10.1:0.0406,EXP-10.3,0.800432,False,,,,client_evidence,recovered
11360,COMPRAS|765500818|59871|1,DTE_033_000000059871_765500818.xml,2026-02,59871,1,COMPRAS,2026-02-23,33,765500818,INVERSIONES Y ASESORIA INFORMATICA Y FINANCIERA,CRECE ANUAL,20% DCTO PARTNER PROMOTOR NIVEL ENTRANTE - OREGON CONSULTING,CHIPAX SPA,,,1153106,1153106.12,Documento,client_evidence_backfill,ADM-1.10,0.144623,0.021853,3.171791,auto_accept,,ADM-1.6:0.1446;ADM-1.2:0.1228;EXP-7.0:0.0823,ADM-1.6,0.144623,False,,,,client_evidence,recovered_over_model_disagreement
11362,COMPRAS|771552897|70152|1,DTE_033_000000070152_771552897.xml,2026-02,70152,1,COMPRAS,2026-02-05,33,771552897,AGROINDUSTRIA,BIOLACT ANTILLANCA GRANEL,,AGROCOMERCIAL IANSA S.A.,,A096685810,3560580,262.000,Documento,client_evidence_backfill,EXP-5.1,0.792513,0.709271,0.939673,auto_accept,,EXP-5.1:0.7925;EXP-5.2:0.0832;EXP-6.5:0.0582,EXP-5.1,0.792513,False,,,,client_evidence,recovered
11363,COMPRAS|771552897|70153|1,DTE_033_000000070153_771552897.xml,2026-02,70153,1,COMPRAS,2026-02-06,33,771552897,AGROINDUSTRIA,BIOLACT ANTILLANCA GRANEL,,AGROCOMERCIAL IANSA S.A.,,A096685810,3267140,262.000,Documento,client_evidence_backfill,EXP-5.1,0.792513,0.709271,0.939673,auto_accept,,EXP-5.1:0.7925;EXP-5.2:0.0832;EXP-6.5:0.0582,EXP-5.1,0.792513,False,,,,client_evidence,recovered
11364,COMPRAS|771552897|70480|1,DTE_033_000000070480_771552897.xml,2026-02,70480,1,COMPRAS,2026-02-16,33,771552897,AGROINDUSTRIA,BIOLACT ANTILLANCA GRANEL,,AGROCOMERCIAL IANSA S.A.,,A096685810,3607740,262.000,Documento,client_evidence_backfill,EXP-5.1,0.792513,0.709271,0.939673,auto_accept,,EXP-5.1:0.7925;EXP-5.2:0.0832;EXP-6.5:0.0582,EXP-5.1,0.792513,False,,,,client_evidence,recovered
11365,COMPRAS|771552897|70652|1,DTE_033_000000070652_771552897.xml,2026-02,70652,1,COMPRAS,2026-02-20,33,771552897,AGROINDUSTRIA,BIOLACT ANTILLANCA GRANEL,,AGROCOMERCIAL IANSA S.A.,,A096685810,3694200,262.000,Documento,client_evidence_backfill,EXP-5.1,0.792513,0.709271,0.939673,auto_accept,,EXP-5.1:0.7925;EXP-5.2:0.0832;EXP-6.5:0.0582,EXP-5.1,0.792513,False,,,,client_evidence,recovered
11366,COMPRAS|771552897|70655|1,DTE_033_000000070655_771552897.xml,2026-02,70655,1,COMPRAS,2026-02-21,33,771552897,AGROINDUSTRIA,BIOLACT ANTILLANCA GRANEL,,AGROCOMERCIAL IANSA S.A.,,A096685810,3778040,262.000,Documento,client_evidence_backfill,EXP-5.1,0.792513,0.709271,0.939673,auto_accept,,EXP-5.1:0.7925;EXP-5.2:0.0832;EXP-6.5:0.0582,EXP-5.1,0.792513,False,,,,client_evidence,recovered
11367,COMPRAS|771552897|70858|1,DTE_033_000000070858_771552897.xml,2026-02,70858,1,COMPRAS,2026-02-26,33,771552897,AGROINDUSTRIA,BIOLACT ANTILLANCA GRANEL,,AGROCOMERCIAL IANSA S.A.,,A096685810,3749220,262.000,Documento,client_evidence_backfill,EXP-5.1,0.792513,0.709271,0.939673,auto_accept,,EXP-5.1:0.7925;EXP-5.2:0.0832;EXP-6.5:0.0582,EXP-5.1,0.792513,False,,,,client_evidence,recovered
11375,COMPRAS|762599570|232363|1,DTE_033_000000232363_762599570.xml,2026-02,232363,1,COMPRAS,2026-02-02,33,762599570,SERVICENTRO,93 S/P,,ESTACIONES DE SERVICIO PAOLA USLAR MOLINA E.I.R.L.,,,26017,650.35,Documento,client_evidence_backfill,ADM-1.4,0.746355,0.704891,1.381561,auto_accept,,ADM-1.4:0.7464;EXP-11.4:0.0415;EXP-10.1:0.0346,ADM-1.4,0.746355,False,,,,client_evidence,recovered
11376,COMPRAS|762599570|232602|1,DTE_033_000000232602_762599570.xml,2026-02,232602,1,COMPRAS,2026-02-04,33,762599570,SERVICENTRO,93 S/P,,ESTACIONES DE SERVICIO PAOLA USLAR MOLINA E.I.R.L.,,,39021,650.35,Documento,client_evidence_backfill,ADM-1.4,0.746355,0.704891,1.381561,auto_accept,,ADM-1.4:0.7464;EXP-11.4:0.0415;EXP-10.1:0.0346,ADM-1.4,0.746355,False,,,,client_evidence,recovered
11377,COMPRAS|762599570|233726|1,DTE_033_000000233726_762599570.xml,2026-02,233726,1,COMPRAS,2026-02-11,33,762599570,SERVICENTRO,93 S/P,,ESTACIONES DE SERVICIO PAOLA USLAR MOLINA E.I.R.L.,,,39091,651.51,Documento,client_evidence_backfill,ADM-1.4,0.746355,0.704891,1.381561,auto_accept,,ADM-1.4:0.7464;EXP-11.4:0.0415;EXP-10.1:0.0346,ADM-1.4,0.746355,False,,,,client_evidence,recovered
11378,COMPRAS|762599570|233769|1,DTE_033_000000233769_762599570.xml,2026-02,233769,1,COMPRAS,2026-02-11,33,762599570,SERVICENTRO,93 S/P,,ESTACIONES DE SERVICIO PAOLA USLAR MOLINA E.I.R.L.,,,17308,651.51,Documento,client_evidence_backfill,ADM-1.4,0.746355,0.704891,1.381561,auto_accept,,ADM-1.4:0.7464;EXP-11.4:0.0415;EXP-10.1:0.0346,ADM-1.4,0.746355,False,,,,client_evidence,recovered
11379,COMPRAS|762599570|235072|1,DTE_033_000000235072_762599570.xml,2026-02,235072,1,COMPRAS,2026-02-14,33,762599570,SERVICENTRO,93 S/P,,ESTACIONES DE SERVICIO PAOLA USLAR MOLINA E.I.R.L.,,,13430,671.49,Documento,client_evidence_backfill,ADM-1.4,0.746355,0.704891,1.381561,auto_accept,,ADM-1.4:0.7464;EXP-11.4:0.0415;EXP-10.1:0.0346,ADM-1.4,0.746355,False,,,,client_evidence,recovered
11380,COMPRAS|762599570|235695|1,DTE_033_000000235695_762599570.xml,2026-02,235695,1,COMPRAS,2026-02-19,33,762599570,SERVICENTRO,93 S/P,,ESTACIONES DE SERVICIO PAOLA USLAR MOLINA E.I.R.L.,,,40373,672.88,Documento,client_evidence_backfill,ADM-1.4,0.746355,0.704891,1.381561,auto_accept,,ADM-1.4:0.7464;EXP-11.4:0.0415;EXP-10.1:0.0346,ADM-1.4,0.746355,False,,,,client_evidence,recovered
11381,COMPRAS|762599570|236059|1,DTE_033_000000236059_762599570.xml,2026-02,236059,1,COMPRAS,2026-02-23,33,762599570,SERVICENTRO,93 S/P,,ESTACIONES DE SERVICIO PAOLA USLAR MOLINA E.I.R.L.,,,13458,672.88,Documento,client_evidence_backfill,ADM-1.4,0.746355,0.704891,1.381561,auto_accept,,ADM-1.4:0.7464;EXP-11.4:0.0415;EXP-10.1:0.0346,ADM-1.4,0.746355,False,,,,client_evidence,recovered
11382,COMPRAS|762599570|236303|1,DTE_033_000000236303_762599570.xml,2026-02,236303,1,COMPRAS,2026-02-24,33,762599570,SERVICENTRO,93 S/P,,ESTACIONES DE SERVICIO PAOLA USLAR MOLINA E.I.R.L.,,,40385,672.88,Documento,client_evidence_backfill,ADM-1.4,0.746355,0.704891,1.381561,auto_accept,,ADM-1.4:0.7464;EXP-11.4:0.0415;EXP-10.1:0.0346,ADM-1.4,0.746355,False,,,,client_evidence,recovered
11383,COMPRAS|762599570|236588|1,DTE_033_000000236588_762599570.xml,2026-02,236588,1,COMPRAS,2026-02-26,33,762599570,SERVICENTRO,93 S/P,,ESTACIONES DE SERVICIO PAOLA USLAR MOLINA E.I.R.L.,,,54320,679.0,Documento,client_evidence_backfill,ADM-1.4,0.746355,0.704891,1.381561,auto_accept,,ADM-1.4:0.7464;EXP-11.4:0.0415;EXP-10.1:0.0346,ADM-1.4,0.746355,False,,,,client_evidence,recovered
11407,COMPRAS|66554732|246933|12,DTE_033_000000246933_66554732.xml,2026-02,246933,12,COMPRAS,2026-02-09,33,66554732,Ferretería,BALON GAS 230GRS C VALV PROVIDUS -@,BALON GAS 230GRS C VALV PROVIDUS -@,DORIS IVONNE CASTILLO KANTER,,96685810,3865,3865,Documento,silver_audit_backfill,EXP-11.5,0.938086,0.906689,0.353441,auto_accept,,EXP-11.5:0.9381;ADM-1.4:0.0314;EXP-16.2:0.0111,EXP-11.5,0.938086,False,,,,silver_audit,recovered
11421,COMPRAS|66554732|247956|8,DTE_033_000000247956_66554732.xml,2026-02,247956,8,COMPRAS,2026-02-18,33,66554732,Ferretería,ASPERSOR METALICO 1 2 - EDR 116022 -@,ASPERSOR METALICO 1 2 - EDR 116022 -@,DORIS IVONNE CASTILLO KANTER,,96685810,24585,8195,Documento,silver_audit_backfill,EXP-9.2,0.2524,0.115139,2.776906,auto_accept,,EXP-9.2:0.2524;EXP-1.1:0.1373;EXP-13.1:0.0983,EXP-9.2,0.2524,False,,,,silver_audit,recovered
11510,COMPRAS|990120005|687382|1,DTE_033_000000687382_990120005.xml,2026-02,687382,1,COMPRAS,2026-02-05,33,990120005,Seguros de Vida,Seguro Colectivo. Poliza Nro. 12799,,Cia de Seguros de Vida Consorcio Nacional de Seguros SA,,,704392,,Documento,silver_audit_backfill,ADM-2.2,0.804647,0.722246,0.934617,auto_accept,,ADM-2.2:0.8046;ADM-1.4:0.0824;ADM-1.8:0.0247,ADM-2.2,0.804647,False,,,,silver_audit,recovered
11516,COMPRAS|770711002|1234779|1,DTE_033_000001234779_770711002.xml,2026-02,1234779,1,COMPRAS,2026-02-17,33,770711002,FERRETERIA,"CLAVO TERRANO 1 1/2"" X 11","CLAVO TERRANO 1 1/2"" X 11",COMERCIAL HARCHA SPA,,C96685810-9,6832,3416,Documento,manually_audited_near_identical_backfill,EXP-14.2,0.685142,0.592604,1.30045,auto_accept,,EXP-14.2:0.6851;EXP-14.3:0.0925;EXP-13.1:0.0554,EXP-14.2,0.685142,False,,,,manually_audited_near_identical,recovered
11545,COMPRAS|967728101|1407465|1,DTE_033_000001407465_967728101.xml,2026-02,1407465,1,COMPRAS,2026-02-23,33,967728101,AGROINDUSTRIA,CAL SUR IANSA A GRANEL,,IANSAGRO S.A.,,A096685810,1499931,53.076,Documento,silver_audit_backfill,EXP-6.3,0.956788,0.944051,0.31047,auto_accept,,EXP-6.3:0.9568;EXP-14.1:0.0127;EXP-10.4:0.0034,EXP-6.3,0.956788,False,,,,silver_audit,recovered
11546,COMPRAS|967728101|1407465|2,DTE_033_000001407465_967728101.xml,2026-02,1407465,2,COMPRAS,2026-02-23,33,967728101,AGROINDUSTRIA,CAL SUR IANSA A GRANEL,,IANSAGRO S.A.,,A096685810,1571583,53.076,Documento,silver_audit_backfill,EXP-6.3,0.956788,0.944051,0.31047,auto_accept,,EXP-6.3:0.9568;EXP-14.1:0.0127;EXP-10.4:0.0034,EXP-6.3,0.956788,False,,,,silver_audit,recovered
11547,COMPRAS|967728101|1407465|3,DTE_033_000001407465_967728101.xml,2026-02,1407465,3,COMPRAS,2026-02-23,33,967728101,AGROINDUSTRIA,CAL SUR IANSA A GRANEL,,IANSAGRO S.A.,,A096685810,1563622,53.076,Documento,silver_audit_backfill,EXP-6.3,0.956788,0.944051,0.31047,auto_accept,,EXP-6.3:0.9568;EXP-14.1:0.0127;EXP-10.4:0.0034,EXP-6.3,0.956788,False,,,,silver_audit,recovered
11548,COMPRAS|967728101|1407465|4,DTE_033_000001407465_967728101.xml,2026-02,1407465,4,COMPRAS,2026-02-23,33,967728101,AGROINDUSTRIA,CAL SUR IANSA A GRANEL,,IANSAGRO S.A.,,A096685810,1518507,53.076,Documento,silver_audit_backfill,EXP-6.3,0.956788,0.944051,0.31047,auto_accept,,EXP-6.3:0.9568;EXP-14.1:0.0127;EXP-10.4:0.0034,EXP-6.3,0.956788,False,,,,silver_audit,recovered
11549,COMPRAS|967728101|1407465|5,DTE_033_000001407465_967728101.xml,2026-02,1407465,5,COMPRAS,2026-02-23,33,967728101,AGROINDUSTRIA,CAL SUR IANSA A GRANEL,,IANSAGRO S.A.,,A096685810,1546107,53.076,Documento,silver_audit_backfill,EXP-6.3,0.956788,0.944051,0.31047,auto_accept,,EXP-6.3:0.9568;EXP-14.1:0.0127;EXP-10.4:0.0034,EXP-6.3,0.956788,False,,,,silver_audit,recovered
11617,COMPRAS|868872004|3557092|1,DTE_033_000003557092_868872004.xml,2026-02,3557092,1,COMPRAS,2026-02-02,33,868872004,DISTRIBUCION DE ARTICULOS DE SEGURIDAD,FILTRO 3M 60923 MIXTO VAP-ORG- GAS-ACID,,COMERCIALIZADORA DE ART DE PROTECCION Y SEGURIDAD INDUSTRIAL MANQUEHUE LIMITADA,,,178400,22300.000000,Documento,client_evidence_backfill,EXP-16.1,0.401958,0.124292,1.766272,auto_accept,,EXP-2.6:0.4020;EXP-16.1:0.2777;EXP-16.2:0.1305,EXP-2.6,0.401958,False,,,,client_evidence,recovered_over_model_disagreement
11618,COMPRAS|868872004|3557092|2,DTE_033_000003557092_868872004.xml,2026-02,3557092,2,COMPRAS,2026-02-02,33,868872004,DISTRIBUCION DE ARTICULOS DE SEGURIDAD,RESPIRADOR 3M 6200 MEDIO ROSTRO T/M,,COMERCIALIZADORA DE ART DE PROTECCION Y SEGURIDAD INDUSTRIAL MANQUEHUE LIMITADA,,,80400,10050.000000,Documento,client_evidence_backfill,EXP-16.1,0.632888,0.541207,1.441102,auto_accept,,EXP-16.1:0.6329;EXP-2.6:0.0917;EXP-16.2:0.0884,EXP-16.1,0.632888,False,,,,client_evidence,recovered
11626,COMPRAS|97080000K|3578626|1,DTE_033_000003578626_97080000K.xml,2026-02,3578626,1,COMPRAS,2026-02-10,33,97080000K,BANCO COMERCIAL,Comisión por Nóminas en Línea CCA,,BANCO BICE,,,20638,20638,Documento,silver_audit_backfill,ADM-1.7,0.517366,0.394462,1.727873,auto_accept,,ADM-1.7:0.5174;EXP-15.1:0.1229;ADM-1.10:0.1009,ADM-1.7,0.517366,False,,,,silver_audit,recovered
11627,COMPRAS|97080000K|3578626|2,DTE_033_000003578626_97080000K.xml,2026-02,3578626,2,COMPRAS,2026-02-10,33,97080000K,BANCO COMERCIAL,Comisión por Nóminas en Línea CCA,,BANCO BICE,,,450863,450863,Documento,silver_audit_backfill,ADM-1.7,0.517366,0.394462,1.727873,auto_accept,,ADM-1.7:0.5174;EXP-15.1:0.1229;ADM-1.10:0.1009,ADM-1.7,0.517366,False,,,,silver_audit,recovered
11675,COMPRAS|812908006|6224743|1,DTE_033_000006224743_812908006.xml,2026-02,6224743,1,COMPRAS,2026-02-18,33,812908006,"Compraventa de insumos y maquinaria agricola,combustibles,Exportaciones y Servic",SMART BLUE MAXI PF CNA (SF3)-FERTILIZANTES(B)-UREA,,COMPAÑÍA AGROPECUARIA COPEVAL S.A.,,,67336500,556500.000000,Documento,silver_audit_backfill,EXP-6.2,0.746995,0.653152,1.166425,auto_accept,,EXP-6.2:0.7470;EXP-6.5:0.0938;EXP-5.1:0.0363,EXP-6.2,0.746995,False,,,,silver_audit,recovered
11726,COMPRAS|810941006|29697882|1,DTE_033_000029697882_810941006.xml,2026-02,29697882,1,COMPRAS,2026-02-05,33,810941006,FABR. Y DIST.PROD.LACTEOS VTAS. INSAGRIC,GASOLINA 93,GASOLINA 93,COOPERATIVA AGRICOLA Y LECHERA DE LA UNION LTDA.,,,26027,650.675000,Documento,client_evidence_backfill,EXP-11.4,0.683454,0.434096,0.922669,auto_accept,,EXP-11.4:0.6835;ADM-1.4:0.2494;EXP-11.5:0.0307,EXP-11.4,0.683454,False,,,,client_evidence,recovered
11727,COMPRAS|810941006|29884208|1,DTE_033_000029884208_810941006.xml,2026-02,29884208,1,COMPRAS,2026-02-02,33,810941006,FABR.Y DIST.PROD.LACTEOS VTAS.INSUMOS AG,GASOLINA 93,,COOPERATIVA AGRICOLA Y LECHERA DE LA UNI,,0966858109,64876,6487600,Documento,client_evidence_backfill,EXP-11.4,0.742119,0.56984,0.91508,auto_accept,,EXP-11.4:0.7421;ADM-1.4:0.1723;EXP-11.5:0.0309,EXP-11.4,0.742119,False,,,,client_evidence,recovered
11728,COMPRAS|810941006|29884209|1,DTE_033_000029884209_810941006.xml,2026-02,29884209,1,COMPRAS,2026-02-02,33,810941006,FABR.Y DIST.PROD.LACTEOS VTAS.INSUMOS AGRICOLAS VETER. COMBUSTIBLES Y VEHICULOS,GASOLINA 93,Retira: ANTILLANCA SPA{Impuesto base combustible: 16740{Impuesto variable combustible: 899,COOPERATIVA AGRICOLA Y LECHERA DE LA UNION LTDA.,,0966858109,25951,648.762500,Documento,client_evidence_backfill,EXP-11.4,0.544767,0.177534,1.119682,auto_accept,,EXP-11.4:0.5448;ADM-1.4:0.3672;EXP-11.5:0.0249,EXP-11.4,0.544767,False,,,,client_evidence,recovered
11733,COMPRAS|810941006|29884363|1,DTE_033_000029884363_810941006.xml,2026-02,29884363,1,COMPRAS,2026-02-05,33,810941006,FABR.Y DIST.PROD.LACTEOS VTAS.INSUMOS AGRICOLAS VETER. COMBUSTIBLES Y VEHICULOS,GASOLINA 93,Retira: ANTILLANCA SPA{Impuesto base combustible: 15036{Impuesto variable combustible: 721,COOPERATIVA AGRICOLA Y LECHERA DE LA UNION LTDA.,,0966858109,23424,650.672000,Documento,client_evidence_backfill,EXP-11.4,0.555508,0.193773,1.09429,auto_accept,,EXP-11.4:0.5555;ADM-1.4:0.3617;EXP-11.5:0.0229,EXP-11.4,0.555508,False,,,,client_evidence,recovered
11734,COMPRAS|810941006|29884430|1,DTE_033_000029884430_810941006.xml,2026-02,29884430,1,COMPRAS,2026-02-09,33,810941006,FABR.Y DIST.PROD.LACTEOS VTAS.INSUMOS AG,GASOLINA 93,,COOPERATIVA AGRICOLA Y LECHERA DE LA UNI,,0966858109,26027,6506750,Documento,client_evidence_backfill,EXP-11.4,0.742119,0.56984,0.91508,auto_accept,,EXP-11.4:0.7421;ADM-1.4:0.1723;EXP-11.5:0.0309,EXP-11.4,0.742119,False,,,,client_evidence,recovered
11735,COMPRAS|810941006|29884462|1,DTE_033_000029884462_810941006.xml,2026-02,29884462,1,COMPRAS,2026-02-09,33,810941006,FABR.Y DIST.PROD.LACTEOS VTAS.INSUMOS AG,GASOLINA 93,,COOPERATIVA AGRICOLA Y LECHERA DE LA UNI,,0966858109,26678,6506829,Documento,client_evidence_backfill,EXP-11.4,0.742119,0.56984,0.91508,auto_accept,,EXP-11.4:0.7421;ADM-1.4:0.1723;EXP-11.5:0.0309,EXP-11.4,0.742119,False,,,,client_evidence,recovered
11736,COMPRAS|810941006|29884483|1,DTE_033_000029884483_810941006.xml,2026-02,29884483,1,COMPRAS,2026-02-10,33,810941006,FABR.Y DIST.PROD.LACTEOS VTAS.INSUMOS AG,GASOLINA 93,,COOPERATIVA AGRICOLA Y LECHERA DE LA UNI,,0966858109,26027,6506750,Documento,client_evidence_backfill,EXP-11.4,0.742119,0.56984,0.91508,auto_accept,,EXP-11.4:0.7421;ADM-1.4:0.1723;EXP-11.5:0.0309,EXP-11.4,0.742119,False,,,,client_evidence,recovered
11739,COMPRAS|810941006|29884586|1,DTE_033_000029884586_810941006.xml,2026-02,29884586,1,COMPRAS,2026-02-12,33,810941006,FABR.Y DIST.PROD.LACTEOS VTAS.INSUMOS AG,GASOLINA 93,,COOPERATIVA AGRICOLA Y LECHERA DE LA UNI,,0966858109,46275,6706522,Documento,client_evidence_backfill,EXP-11.4,0.742119,0.56984,0.91508,auto_accept,,EXP-11.4:0.7421;ADM-1.4:0.1723;EXP-11.5:0.0309,EXP-11.4,0.742119,False,,,,client_evidence,recovered
11740,COMPRAS|810941006|29884611|1,DTE_033_000029884611_810941006.xml,2026-02,29884611,1,COMPRAS,2026-02-13,33,810941006,FABR.Y DIST.PROD.LACTEOS VTAS.INSUMOS AG,GASOLINA 93,,COOPERATIVA AGRICOLA Y LECHERA DE LA UNI,,0966858109,26826,6706500,Documento,client_evidence_backfill,EXP-11.4,0.742119,0.56984,0.91508,auto_accept,,EXP-11.4:0.7421;ADM-1.4:0.1723;EXP-11.5:0.0309,EXP-11.4,0.742119,False,,,,client_evidence,recovered
11742,COMPRAS|810941006|29884750|1,DTE_033_000029884750_810941006.xml,2026-02,29884750,1,COMPRAS,2026-02-18,33,810941006,FABR.Y DIST.PROD.LACTEOS VTAS.INSUMOS AG,GASOLINA 93,,COOPERATIVA AGRICOLA Y LECHERA DE LA UNI,,0966858109,40239,6706500,Documento,client_evidence_backfill,EXP-11.4,0.742119,0.56984,0.91508,auto_accept,,EXP-11.4:0.7421;ADM-1.4:0.1723;EXP-11.5:0.0309,EXP-11.4,0.742119,False,,,,client_evidence,recovered
11743,COMPRAS|810941006|29884777|1,DTE_033_000029884777_810941006.xml,2026-02,29884777,1,COMPRAS,2026-02-19,33,810941006,FABR.Y DIST.PROD.LACTEOS VTAS.INSUMOS AGRICOLAS VETER. COMBUSTIBLES Y VEHICULOS,GASOLINA 93,Retira: ANTILLANCA SPA{Impuesto base combustible: 8353{Impuesto variable combustible: 152,COOPERATIVA AGRICOLA Y LECHERA DE LA UNION LTDA.,,0966858109,13441,672.037900,Documento,client_evidence_backfill,EXP-11.4,0.560119,0.203271,1.09384,auto_accept,,EXP-11.4:0.5601;ADM-1.4:0.3568;EXP-11.5:0.0223,EXP-11.4,0.560119,False,,,,client_evidence,recovered
11745,COMPRAS|810941006|29884839|1,DTE_033_000029884839_810941006.xml,2026-02,29884839,1,COMPRAS,2026-02-20,33,810941006,FABR.Y DIST.PROD.LACTEOS VTAS.INSUMOS AG,GASOLINA 93,,COOPERATIVA AGRICOLA Y LECHERA DE LA UNI,,0966858109,30914,6720435,Documento,client_evidence_backfill,EXP-11.4,0.742119,0.56984,0.91508,auto_accept,,EXP-11.4:0.7421;ADM-1.4:0.1723;EXP-11.5:0.0309,EXP-11.4,0.742119,False,,,,client_evidence,recovered
11746,COMPRAS|810941006|29884932|1,DTE_033_000029884932_810941006.xml,2026-02,29884932,1,COMPRAS,2026-02-24,33,810941006,FABR.Y DIST.PROD.LACTEOS VTAS.INSUMOS AG,GASOLINA 93,,COOPERATIVA AGRICOLA Y LECHERA DE LA UNI,,0966858109,30914,6720435,Documento,client_evidence_backfill,EXP-11.4,0.742119,0.56984,0.91508,auto_accept,,EXP-11.4:0.7421;ADM-1.4:0.1723;EXP-11.5:0.0309,EXP-11.4,0.742119,False,,,,client_evidence,recovered
11747,COMPRAS|810941006|29884962|1,DTE_033_000029884962_810941006.xml,2026-02,29884962,1,COMPRAS,2026-02-25,33,810941006,FABR.Y DIST.PROD.LACTEOS VTAS.INSUMOS AG,GASOLINA 93,,COOPERATIVA AGRICOLA Y LECHERA DE LA UNI,,0966858109,26882,6720500,Documento,client_evidence_backfill,EXP-11.4,0.742119,0.56984,0.91508,auto_accept,,EXP-11.4:0.7421;ADM-1.4:0.1723;EXP-11.5:0.0309,EXP-11.4,0.742119,False,,,,client_evidence,recovered
11748,COMPRAS|810941006|29885029|1,DTE_033_000029885029_810941006.xml,2026-02,29885029,1,COMPRAS,2026-02-27,33,810941006,FABR.Y DIST.PROD.LACTEOS VTAS.INSUMOS AG,GASOLINA 93,,COOPERATIVA AGRICOLA Y LECHERA DE LA UNI,,0966858109,20345,6781667,Documento,client_evidence_backfill,EXP-11.4,0.742119,0.56984,0.91508,auto_accept,,EXP-11.4:0.7421;ADM-1.4:0.1723;EXP-11.5:0.0309,EXP-11.4,0.742119,False,,,,client_evidence,recovered
11750,COMPRAS|810941006|29934506|1,DTE_033_000029934506_810941006.xml,2026-02,29934506,1,COMPRAS,2026-02-03,33,810941006,FABR.Y DIST.PROD.LACTEOS VTAS.INSUMOS AG,GASOLINA 93,,COOPERATIVA AGRICOLA Y LECHERA DE LA UNI,,0966858109,25951,6487750,Documento,client_evidence_backfill,EXP-11.4,0.742119,0.56984,0.91508,auto_accept,,EXP-11.4:0.7421;ADM-1.4:0.1723;EXP-11.5:0.0309,EXP-11.4,0.742119,False,,,,client_evidence,recovered
11751,COMPRAS|810941006|29934519|1,DTE_033_000029934519_810941006.xml,2026-02,29934519,1,COMPRAS,2026-02-03,33,810941006,FABR.Y DIST.PROD.LACTEOS VTAS.INSUMOS AG,GASOLINA 93,,COOPERATIVA AGRICOLA Y LECHERA DE LA UNI,,0966858109,19463,6487667,Documento,client_evidence_backfill,EXP-11.4,0.742119,0.56984,0.91508,auto_accept,,EXP-11.4:0.7421;ADM-1.4:0.1723;EXP-11.5:0.0309,EXP-11.4,0.742119,False,,,,client_evidence,recovered
11752,COMPRAS|810941006|29934527|1,DTE_033_000029934527_810941006.xml,2026-02,29934527,1,COMPRAS,2026-02-04,33,810941006,FABR.Y DIST.PROD.LACTEOS VTAS.INSUMOS AG,GASOLINA 93,,COOPERATIVA AGRICOLA Y LECHERA DE LA UNI,,0966858109,25951,6487750,Documento,client_evidence_backfill,EXP-11.4,0.742119,0.56984,0.91508,auto_accept,,EXP-11.4:0.7421;ADM-1.4:0.1723;EXP-11.5:0.0309,EXP-11.4,0.742119,False,,,,client_evidence,recovered
11753,COMPRAS|810941006|29934528|1,DTE_033_000029934528_810941006.xml,2026-02,29934528,1,COMPRAS,2026-02-04,33,810941006,FABR.Y DIST.PROD.LACTEOS VTAS.INSUMOS AG,GASOLINA 93,,COOPERATIVA AGRICOLA Y LECHERA DE LA UNI,,0966858109,37628,6487586,Documento,client_evidence_backfill,EXP-11.4,0.742119,0.56984,0.91508,auto_accept,,EXP-11.4:0.7421;ADM-1.4:0.1723;EXP-11.5:0.0309,EXP-11.4,0.742119,False,,,,client_evidence,recovered
11754,COMPRAS|810941006|29934529|1,DTE_033_000029934529_810941006.xml,2026-02,29934529,1,COMPRAS,2026-02-04,33,810941006,FABR.Y DIST.PROD.LACTEOS VTAS.INSUMOS AGRICOLAS VETER. COMBUSTIBLES Y VEHICULOS,GASOLINA 93,Retira: ANTILLANCA SPA{Impuesto base combustible: 38503{Impuesto variable combustible: 2067,COOPERATIVA AGRICOLA Y LECHERA DE LA UNION LTDA.,,0966858109,59686,648.762500,Documento,client_evidence_backfill,EXP-11.4,0.538373,0.163633,1.113533,auto_accept,,EXP-11.4:0.5384;ADM-1.4:0.3747;EXP-11.5:0.0227,EXP-11.4,0.538373,False,,,,client_evidence,recovered
11755,COMPRAS|810941006|29934615|1,DTE_033_000029934615_810941006.xml,2026-02,29934615,1,COMPRAS,2026-02-10,33,810941006,FABR.Y DIST.PROD.LACTEOS VTAS.INSUMOS AG,GASOLINA 93,,COOPERATIVA AGRICOLA Y LECHERA DE LA UNI,,0966858109,19520,6506667,Documento,client_evidence_backfill,EXP-11.4,0.742119,0.56984,0.91508,auto_accept,,EXP-11.4:0.7421;ADM-1.4:0.1723;EXP-11.5:0.0309,EXP-11.4,0.742119,False,,,,client_evidence,recovered
11756,COMPRAS|810941006|29934717|1,DTE_033_000029934717_810941006.xml,2026-02,29934717,1,COMPRAS,2026-02-17,33,810941006,FABR.Y DIST.PROD.LACTEOS VTAS.INSUMOS AG,GASOLINA 93,,COOPERATIVA AGRICOLA Y LECHERA DE LA UNI,,0966858109,20120,6706667,Documento,client_evidence_backfill,EXP-11.4,0.742119,0.56984,0.91508,auto_accept,,EXP-11.4:0.7421;ADM-1.4:0.1723;EXP-11.5:0.0309,EXP-11.4,0.742119,False,,,,client_evidence,recovered
11758,COMPRAS|810941006|29934724|1,DTE_033_000029934724_810941006.xml,2026-02,29934724,1,COMPRAS,2026-02-17,33,810941006,FABR.Y DIST.PROD.LACTEOS VTAS.INSUMOS AG,GASOLINA 93,,COOPERATIVA AGRICOLA Y LECHERA DE LA UNI,,0966858109,26826,6706500,Documento,client_evidence_backfill,EXP-11.4,0.742119,0.56984,0.91508,auto_accept,,EXP-11.4:0.7421;ADM-1.4:0.1723;EXP-11.5:0.0309,EXP-11.4,0.742119,False,,,,client_evidence,recovered
11760,COMPRAS|810941006|29934767|1,DTE_033_000029934767_810941006.xml,2026-02,29934767,1,COMPRAS,2026-02-20,33,810941006,FABR.Y DIST.PROD.LACTEOS VTAS.INSUMOS AG,GASOLINA 93,,COOPERATIVA AGRICOLA Y LECHERA DE LA UNI,,0966858109,12097,6720556,Documento,client_evidence_backfill,EXP-11.4,0.742119,0.56984,0.91508,auto_accept,,EXP-11.4:0.7421;ADM-1.4:0.1723;EXP-11.5:0.0309,EXP-11.4,0.742119,False,,,,client_evidence,recovered
11761,COMPRAS|810941006|29934817|1,DTE_033_000029934817_810941006.xml,2026-02,29934817,1,COMPRAS,2026-02-24,33,810941006,FABR.Y DIST.PROD.LACTEOS VTAS.INSUMOS AG,GASOLINA 93,,COOPERATIVA AGRICOLA Y LECHERA DE LA UNI,,0966858109,20161,6720333,Documento,client_evidence_backfill,EXP-11.4,0.742119,0.56984,0.91508,auto_accept,,EXP-11.4:0.7421;ADM-1.4:0.1723;EXP-11.5:0.0309,EXP-11.4,0.742119,False,,,,client_evidence,recovered
11762,COMPRAS|810941006|29934874|1,DTE_033_000029934874_810941006.xml,2026-02,29934874,1,COMPRAS,2026-02-27,33,810941006,FABR.Y DIST.PROD.LACTEOS VTAS.INSUMOS AG,GASOLINA 93,,COOPERATIVA AGRICOLA Y LECHERA DE LA UNI,,0966858109,67816,6781600,Documento,client_evidence_backfill,EXP-11.4,0.742119,0.56984,0.91508,auto_accept,,EXP-11.4:0.7421;ADM-1.4:0.1723;EXP-11.5:0.0309,EXP-11.4,0.742119,False,,,,client_evidence,recovered
11763,COMPRAS|810941006|29934875|1,DTE_033_000029934875_810941006.xml,2026-02,29934875,1,COMPRAS,2026-02-27,33,810941006,FABR.Y DIST.PROD.LACTEOS VTAS.INSUMOS AG,GASOLINA 93,,COOPERATIVA AGRICOLA Y LECHERA DE LA UNI,,0966858109,13563,6781500,Documento,client_evidence_backfill,EXP-11.4,0.742119,0.56984,0.91508,auto_accept,,EXP-11.4:0.7421;ADM-1.4:0.1723;EXP-11.5:0.0309,EXP-11.4,0.742119,False,,,,client_evidence,recovered
11820,COMPRAS|810941006|29966900|12,DTE_033_000029966900_810941006.xml,2026-02,29966900,12,COMPRAS,2026-02-27,33,810941006,FABR. Y DIST.PROD.LACTEOS VTAS. INSAGRIC,HISTOCREM 450 GR.,HISTOCREM 450 GR.,COOPERATIVA AGRICOLA Y LECHERA DE LA UNION LTDA.,,,38490,38490,Documento,client_evidence_backfill,EXP-2.6,0.681544,0.566606,1.251609,auto_accept,,EXP-2.6:0.6815;EXP-16.1:0.1149;EXP-16.2:0.0878,EXP-2.6,0.681544,False,,,,client_evidence,recovered
11842,COMPRAS|815376005|43887519|2,DTE_033_000043887519_815376005.xml,2026-02,43887519,2,COMPRAS,2026-02-16,33,815376005,"GRANDES ESTABLECIMIENTOS (VENTA DE ALIMENTOS), HIPERMERCADOS",CLORO TRADICIONAL CLORINDA 4 LT,2.0 x 1 UN $4450 Bruto/$3739.5 Neto,RENDIC HERMANOS S.A.,,,7479,3739.5,Documento,client_evidence_backfill,ADM-1.6,0.528872,0.430149,1.940771,auto_accept,,ADM-1.6:0.5289;EXP-13.1:0.0987;EXP-7.0:0.0905,ADM-1.6,0.528872,False,,,,client_evidence,recovered
11844,COMPRAS|815376005|43887519|4,DTE_033_000043887519_815376005.xml,2026-02,43887519,4,COMPRAS,2026-02-16,33,815376005,"GRANDES ESTABLECIMIENTOS (VENTA DE ALIMENTOS), HIPERMERCADOS","LIMP MULT CR C MICROP CIF 750GR, LIMON",3.0 x 1 UN $3090 Bruto/$2596.6667 Neto,RENDIC HERMANOS S.A.,,,6580,2596.6667,Documento,client_evidence_backfill,ADM-1.6,0.707374,0.670348,1.537621,auto_accept,,ADM-1.6:0.7074;EXP-1.1:0.0370;EXP-9.2:0.0332,ADM-1.6,0.707374,False,,,,client_evidence,recovered
11854,COMPRAS|815376005|43887519|14,DTE_033_000043887519_815376005.xml,2026-02,43887519,14,COMPRAS,2026-02-16,33,815376005,"GRANDES ESTABLECIMIENTOS (VENTA DE ALIMENTOS), HIPERMERCADOS",BOLSA REUTILIZABLE ALGODON GRANDE DKORA,1.0 x 1 UN $1890 Bruto/$1588.0 Neto,RENDIC HERMANOS S.A.,,,1588,1588.0,Documento,client_evidence_backfill,ADM-1.6,0.677632,0.604281,1.614141,auto_accept,,ADM-1.6:0.6776;EXP-1.1:0.0734;EXP-9.2:0.0309,ADM-1.6,0.677632,False,,,,client_evidence,recovered
11877,COMPRAS|970040005|46353250|1,DTE_033_000046353250_970040005.xml,2026-02,46353250,1,COMPRAS,2026-02-09,33,970040005,Banco Comercial,COMISION MENSUAL ADMINISTRACION CONVENIO]REMUNERACIONES,COMISION MENSUAL ADMINISTRACION CONVENIO]REMUNERACIONES ]NUMERO DE OPERACION 02600554401 .,Banco de Chile,,,12786,12786,Documento,silver_audit_backfill,ADM-1.7,0.370805,0.201617,2.203085,auto_accept,,ADM-1.7:0.3708;ADM-1.5:0.1692;EXP-15.1:0.0886,ADM-1.7,0.370805,False,,,,silver_audit,recovered
11889,COMPRAS|968480502|111684|1,DTE_034_000000111684_968480502.xml,2026-02,111684,1,COMPRAS,2026-02-19,34,968480502,Concesionario de Peaje,Recarga de Prepagos,,Ruta de los Rios Sociedad Concesionaria S.A.,,,350000,350000,Documento,client_evidence_backfill,ADM-1.4,0.546193,0.402762,1.881673,auto_accept,,ADM-1.4:0.5462;EXP-15.5:0.1434;ADM-1.7:0.0673,ADM-1.4,0.546193,False,,,,client_evidence,recovered
11890,COMPRAS|898622002|7114569|1,DTE_034_000007114569_898622002.xml,2026-02,7114569,1,COMPRAS,2026-02-06,34,898622002,LATAM AIRLINES GROUP SA,Venta de asiento,Venta de asiento,LATAM AIRLINES GROUP SA,,,235296,235296,Documento,silver_audit_backfill,ADM-1.4,0.681518,0.604575,1.46317,auto_accept,,ADM-1.4:0.6815;EXP-1.1:0.0769;ADM-1.5:0.0560,ADM-1.4,0.681518,False,,,,silver_audit,recovered
11891,COMPRAS|898622002|7114569|2,DTE_034_000007114569_898622002.xml,2026-02,7114569,2,COMPRAS,2026-02-06,34,898622002,LATAM AIRLINES GROUP SA,Venta de asiento,Venta de asiento,LATAM AIRLINES GROUP SA,,,235296,235296,Documento,silver_audit_backfill,ADM-1.4,0.681518,0.604575,1.46317,auto_accept,,ADM-1.4:0.6815;EXP-1.1:0.0769;ADM-1.5:0.0560,ADM-1.4,0.681518,False,,,,silver_audit,recovered
11892,COMPRAS|898622002|7114569|3,DTE_034_000007114569_898622002.xml,2026-02,7114569,3,COMPRAS,2026-02-06,34,898622002,LATAM AIRLINES GROUP SA,Venta de asiento,Venta de asiento,LATAM AIRLINES GROUP SA,,,235296,235296,Documento,silver_audit_backfill,ADM-1.4,0.681518,0.604575,1.46317,auto_accept,,ADM-1.4:0.6815;EXP-1.1:0.0769;ADM-1.5:0.0560,ADM-1.4,0.681518,False,,,,silver_audit,recovered
11897,COMPRAS|764961307|11842915|1,DTE_034_000011842915_764961307.xml,2026-02,11842915,1,COMPRAS,2026-02-26,34,764961307,"Construcción, Conservación y Explotación de Obra Pública Fiscal",Gastos Gestión Cobranzas,,Sociedad Concesionaria Costanera Norte S.A.,,00100966858109005,388,388,Documento,silver_audit_backfill,ADM-1.4,0.661406,0.549203,1.456331,auto_accept,,ADM-1.4:0.6614;ADM-1.7:0.1122;ADM-1.5:0.0453,ADM-1.4,0.661406,False,,,,silver_audit,recovered
11902,COMPRAS|771552897|19310|1,DTE_061_000000019310_771552897.xml,2026-02,19310,1,COMPRAS,2026-02-03,61,771552897,AGROINDUSTRIA,BIOLACT ANTILLANCA GRANEL,,AGROCOMERCIAL IANSA S.A.,,A096685810,210000,210000.000,Documento,client_evidence_backfill,EXP-5.1,0.792513,0.709271,0.939673,auto_accept,,EXP-5.1:0.7925;EXP-5.2:0.0832;EXP-6.5:0.0582,EXP-5.1,0.792513,False,,,,client_evidence,recovered
11908,COMPRAS|781131369|42|1,DTE_033_000000000042_781131369.xml,2026-03,42,1,COMPRAS,2026-03-02,33,781131369,SERV MÉDICOS VETERINARIOS Y ARRIENDO VEHÍCULO. CRIA DE GANADO BOVINO,PODOLOGÍA CORRECTIVA,26 febrero: 25 vacas cojas,MOLINA MANNS SPA,,,225000,9000.00,Documento,silver_audit_backfill,EXP-15.2,0.946797,0.920617,0.319358,auto_accept,,EXP-15.2:0.9468;EXP-4.3:0.0262;EXP-15.3:0.0066,EXP-15.2,0.946797,False,,,,silver_audit,recovered
11911,COMPRAS|165563778|111|1,DTE_033_000000000111_165563778.xml,2026-03,111,1,COMPRAS,2026-03-02,33,165563778,TRANSPORTE DE CARGA POR CARRETERA / SERVICIOS CONDUCTOR PROFESIONAL,Traslado de vacas desde,El Maitén a Feria Paillaco,JUAN ANGEL ANIBAL VERGARA OBANDO,,,40000,40000.00,Documento,silver_audit_backfill,EXP-15.3,0.390889,0.079297,1.712925,auto_accept,,EXP-15.3:0.3909;EXP-10.2:0.3116;EXP-15.2:0.1533,EXP-15.3,0.390889,False,,,,silver_audit,recovered
11916,COMPRAS|764520343|286|4,DTE_033_000000000286_764520343.xml,2026-03,286,4,COMPRAS,2026-03-03,33,764520343,"MANTENCION,ASEO Y LIMPIEZA DE INDUSTRIAS,LECHERIAS,SILOS,INST.IND.Y CO",RETIRO ALIMENTO,,MANTENCION INDUSTRIAL DEL SUR LIMITADA,,,240000,60000.00,Documento,silver_audit_backfill,EXP-14.4,0.675965,0.615452,1.549711,auto_accept,,EXP-14.4:0.6760;ADM-1.5:0.0605;EXP-5.1:0.0454,EXP-14.4,0.675965,False,,,,silver_audit,recovered
11917,COMPRAS|764520343|286|5,DTE_033_000000000286_764520343.xml,2026-03,286,5,COMPRAS,2026-03-03,33,764520343,"MANTENCION,ASEO Y LIMPIEZA DE INDUSTRIAS,LECHERIAS,SILOS,INST.IND.Y CO",LAVADO SILO INTERIOR,,MANTENCION INDUSTRIAL DEL SUR LIMITADA,,,420000,420000.00,Documento,silver_audit_backfill,EXP-14.4,0.454201,0.129462,1.630222,auto_accept,,EXP-14.4:0.4542;EXP-4.1:0.3247;EXP-4.2:0.0481,EXP-14.4,0.454201,False,,,,silver_audit,recovered
11918,COMPRAS|764520343|286|6,DTE_033_000000000286_764520343.xml,2026-03,286,6,COMPRAS,2026-03-03,33,764520343,"MANTENCION,ASEO Y LIMPIEZA DE INDUSTRIAS,LECHERIAS,SILOS,INST.IND.Y CO",TRASLADO EQUIPO,,MANTENCION INDUSTRIAL DEL SUR LIMITADA,,,134400,700.00,Documento,silver_audit_backfill,EXP-14.4,0.354208,0.128522,2.0941,auto_accept,,EXP-14.4:0.3542;EXP-10.1:0.2257;EXP-14.1:0.1234,EXP-14.4,0.354208,False,,,,silver_audit,recovered
11923,COMPRAS|761757865|26738|2,DTE_033_000000026738_761757865.xml,2026-03,26738,2,COMPRAS,2026-03-02,33,761757865,"INSTALACION,MANTENCION,REPARACION MAQUINARIA AGROPECUARIA,FORESTAL",TRI-PFAN 200 LTS,,HGS DAIRY SOLUTIONS SPA,,,429714,537142,Documento,client_evidence_backfill,EXP-10.3,0.607306,0.461649,1.581987,auto_accept,,EXP-10.3:0.6073;EXP-7.0:0.1457;EXP-14.3:0.0616,EXP-10.3,0.607306,False,,,,client_evidence,recovered
11924,COMPRAS|761757865|26738|3,DTE_033_000000026738_761757865.xml,2026-03,26738,3,COMPRAS,2026-03-02,33,761757865,"INSTALACION,MANTENCION,REPARACION MAQUINARIA AGROPECUARIA,FORESTAL",ORACID 60 L,,HGS DAIRY SOLUTIONS SPA,,,131438,164298,Documento,client_evidence_backfill,EXP-10.3,0.800432,0.704677,0.87786,auto_accept,,EXP-10.3:0.8004;EXP-7.0:0.0958;EXP-10.1:0.0406,EXP-10.3,0.800432,False,,,,client_evidence,recovered
11926,COMPRAS|761757865|26738|5,DTE_033_000000026738_761757865.xml,2026-03,26738,5,COMPRAS,2026-03-02,33,761757865,"INSTALACION,MANTENCION,REPARACION MAQUINARIA AGROPECUARIA,FORESTAL",FILTRO LECHE JUMBO 100 UND 150 X 800 MM,,HGS DAIRY SOLUTIONS SPA,,,153996,192495,Documento,client_evidence_backfill,EXP-10.1,0.426599,0.266852,1.809794,auto_accept,,EXP-10.1:0.4266;EXP-14.2:0.1597;ADM-1.6:0.1512,EXP-10.1,0.426599,False,,,,client_evidence,recovered
11930,COMPRAS|762599570|236977|1,DTE_033_000000236977_762599570.xml,2026-03,236977,1,COMPRAS,2026-03-04,33,762599570,VENTA AL POR MENOR DE COMBUSTIBLES PARA VEHICULOS AUTOMOTORES EN COMERCIOS ESPEC,Aramco Gasolina 93,,Estaciones de Serv. Paola Uslar Molina E.I.R.L.,,,79691,676.0,Documento,silver_audit_backfill,EXP-11.4,0.648898,0.371305,0.978217,auto_accept,,EXP-11.4:0.6489;ADM-1.4:0.2776;EXP-11.5:0.0346,EXP-11.4,0.648898,False,,,,silver_audit,recovered
11931,COMPRAS|762599570|237889|1,DTE_033_000000237889_762599570.xml,2026-03,237889,1,COMPRAS,2026-03-02,33,762599570,SERVICENTRO,93 S/P,,ESTACIONES DE SERVICIO PAOLA USLAR MOLINA E.I.R.L.,,,27104,677.59,Documento,client_evidence_backfill,ADM-1.4,0.746355,0.704891,1.381561,auto_accept,,ADM-1.4:0.7464;EXP-11.4:0.0415;EXP-10.1:0.0346,ADM-1.4,0.746355,False,,,,client_evidence,recovered
11932,COMPRAS|762599570|237890|1,DTE_033_000000237890_762599570.xml,2026-03,237890,1,COMPRAS,2026-03-02,33,762599570,SERVICENTRO,93 S/P,,ESTACIONES DE SERVICIO PAOLA USLAR MOLINA E.I.R.L.,,,27107,677.59,Documento,client_evidence_backfill,ADM-1.4,0.746355,0.704891,1.381561,auto_accept,,ADM-1.4:0.7464;EXP-11.4:0.0415;EXP-10.1:0.0346,ADM-1.4,0.746355,False,,,,client_evidence,recovered
11944,COMPRAS|966868708|2237720|1,DTE_033_000002237720_966868708.xml,2026-03,2237720,1,COMPRAS,2026-03-03,33,966868708,AGROINDUSTRIA COMERCIALIZACIÓN DE PRODUCTOS E INSUMOS AGRÍCOLAS REPARACIÓN MANTE,SEMILLA BALLICA PASTURE PACK KABUL 25 KG,^ ! Cuota Vencimiento Monto ! Cuota Vencimiento Monto ! Cuota Vencimiento Monto ! ^ !==============================!==============================!==============================! ^ ! CU01 03-04-2026 663.980 ! CU02 03-05-2026 663.980 ! CU03 02-06-2026 663.980 ! ^ ! CU04 02-07-2026 663.980 ! CU05 01-08-2026 663.979,COAGRA S.A.,,9029602,2789831,154990.6110,Documento,silver_audit_backfill,EXP-8.2,0.806621,0.660784,0.717815,auto_accept,,EXP-8.2:0.8066;EXP-8.1:0.1458;EXP-8.4:0.0209,EXP-8.2,0.806621,False,,,,silver_audit,recovered
11973,COMPRAS|810941006|29934913|1,DTE_033_000029934913_810941006.xml,2026-03,29934913,1,COMPRAS,2026-03-03,33,810941006,FABR.Y DIST.PROD.LACTEOS VTAS.INSUMOS AGRICOLAS VETER. COMBUSTIBLES Y VEHICULOS,GASOLINA 93,Retira: ANTILLANCA SPA{Impuesto base combustible: 12530{Impuesto variable combustible: 10,COOPERATIVA AGRICOLA Y LECHERA DE LA UNION LTDA.,,0966858109,20345,678.156600,Documento,client_evidence_backfill,EXP-11.4,0.593561,0.265044,1.057298,auto_accept,,EXP-11.4:0.5936;ADM-1.4:0.3285;EXP-11.5:0.0221,EXP-11.4,0.593561,False,,,,client_evidence,recovered
