rows,reason,prediction,prediction_name,direction,normalized_item,example_item,example_description,example_provider,mean_top1
459,low_confidence,EXP-11.4,Bencina,COMPRAS,gasolina 93,GASOLINA 93,,COOPERATIVA AGRICOLA Y LECHERA DE LA UNION LTDA.,0.6957
80,low_confidence,EXP-7.0,AGROQUIMICOS,COMPRAS,control de roedores,CONTROL DE ROEDORES,"PROGRAMA DE CONTROL DE ROEDORES AL PREDIO RAICES, VISITAS REALIZADAS 7/01/2025 HT6415; 21/01/2025 HT6440.",H2 ASESORIAS Y SERVICIOS SPA,0.5131
73,item_name_carries_no_classifiable_text,ADM-1.4,Movilizacion,COMPRAS,93 s p,93 S/P,,ESTACIONES DE SERVICIO PAOLA USLAR MOLINA E.I.R.L.,0.7447
61,item_name_carries_no_classifiable_text,EXP-13.1,Mantencion Maquinaria,COMPRAS,g93,G93,G93,COMERCIAL Y SERVICIOS FUTRONO LIMITADA,0.4121
60,weak_class,EXP-5.1,Concentrado Vacas,COMPRAS,biolact antillanca granel,BIOLACT ANTILLANCA GRANEL,,AGROCOMERCIAL IANSA S.A.,0.7925
57,generic_item_name_requires_review,EXP-13.1,Mantencion Maquinaria,COMPRAS,item,Item,Servicios de Mantención~SERVICIO DE MANTENIMIENTO PREVENTIVO 1BM6115JCRD601743,SALINAS Y FABRES S.A.,0.4647
34,weak_class,EXP-6.3,Cal,COMPRAS,cal sur iansa a granel,CAL SUR IANSA A GRANEL,,IANSAGRO S.A.,0.9568
23,low_confidence,EXP-13.3,Mantencion Vehiculos,COMPRAS,marca modelo patente stock km veh fec recep hr fa no orden,Marca Modelo Patente Stock Km.Veh. Fec Recep. Hr.Fa No. Orden,AUTO@Marca Modelo Patente Stock Km.Veh. Fec Recep. Hr.Fa No. Orden,DIFOR CHILE S.A.,0.2337
22,low_confidence,ADM-1.6,Utiles y gastos de oficina.,COMPRAS,recarga agua purificada,Recarga Agua Purificada,,PURIFICADORA DE AGUA ALEJANDRO SALAZAR RIVERA E.I.R.L.,0.5308
22,unfamiliar_for_predicted_class,EXP-10.3,Detergentes e higenizantes,COMPRAS,oracid 60 l,ORACID 60 L,,GEA Farm Technologies Osorno Ltda.,0.8037
20,low_confidence,EXP-15.4,Arriendo Maquinaria y Vehiculos,COMPRAS,arriendo dispensador agua fria caliente,Arriendo Dispensador Agua Fria-Caliente,,Manantial S.A,0.4622
19,low_confidence,ADM-1.7,Otros Gastos Administracion,COMPRAS,comision por nominas en linea cca,Comisión por Nóminas en Línea CCA,,BANCO BICE,0.5174
17,item_name_carries_no_classifiable_text,EXP-7.0,AGROQUIMICOS,COMPRAS,g93,G93,G93,DANIEL VILLAR Y CIA LTDA,0.5069
17,low_confidence,EXP-14.1,Mantencion Caminos,COMPRAS,pago arriendo operacion,PAGO ARRIENDO OPERACION:,PAGO ARRIENDO OPERACION:,Santander - Chile,0.3671
17,low_confidence,EXP-14.4,Mantencion Instalaciones,COMPRAS,mantencion extintores,MANTENCION EXTINTORES,MANTENCION EXTINTOR PQS DE 04 KG,COMERCIAL V&P LIMITADA,0.3099
15,low_confidence,ADM-1.2,Comunicaciones e Internet,COMPRAS,diferencia cargo minimo,DIFERENCIA CARGO MINIMO,,Manantial S.A,0.4207
15,low_confidence,ADM-1.7,Otros Gastos Administracion,COMPRAS,transito,TRANSITO,,SOCIEDAD CONCESIONARIA RUTA 5 CHILLAN-COLLIPULLI S.A.,0.6848
14,liquidacion_dte43_requires_client_category,EXP-1.1,Otros Gastos RRHH,COMPRAS,vaquilla engorda,VAQUILLA ENGORDA,YERS/2,Tattersall Ganado S.A.,0.2345
14,liquidacion_dte43_requires_client_category,EXP-10.1,Mantencion Sala,COMPRAS,vaca gorda,VACA GORDA,CAB NEG EXP 8*,Tattersall Ganado S.A.,0.2173
14,low_confidence,ADM-1.2,Comunicaciones e Internet,COMPRAS,otros cobros y descuentos no facturable,Otros cobros y descuentos no facturable,,Entel PCS Telecomunicaciones S.A.,0.7391
14,low_confidence,ADM-1.7,Otros Gastos Administracion,COMPRAS,comision de uso mensual nro documento 474150001441,COMISION DE USO MENSUAL (Nro. Documento: 474150001441),,BANCO BICE,0.2835
14,low_confidence,ADM-1.7,Otros Gastos Administracion,COMPRAS,comision mensual administracion convenio remuneraciones,COMISION MENSUAL ADMINISTRACION CONVENIO]REMUNERACIONES,COMISION MENSUAL ADMINISTRACION CONVENIO]REMUNERACIONES ]NUMERO DE OPERACION 02600554401 .,Banco de Chile,0.3708
14,low_confidence,EXP-14.1,Mantencion Caminos,COMPRAS,arriendo fundo pelleco,ARRIENDO FUNDO PELLECO,LOTE A ROL 2230-12 MES DE ENERO 2025,SOC INMOBILIARIA PROGRESO ROLANDO EGON ACUÑA SCHEEL E.I.R.L.,0.3615
14,low_confidence,EXP-15.4,Arriendo Maquinaria y Vehiculos,COMPRAS,arriendo de televia,Arriendo de Televía,,SOC CONCESIONARIA AUTOPISTA CENTRAL S A,0.5802
13,generic_item_name_requires_review,ADM-1.6,Utiles y gastos de oficina.,COMPRAS,item,Item,FILTRO DECANTADOR DE AGUA ** Oferta **,SALINAS Y FABRES S.A.,0.3195
13,low_confidence,ADM-1.7,Otros Gastos Administracion,COMPRAS,comision mensual plan cuenta corriente pyme,COMISION MENSUAL PLAN CUENTA CORRIENTE ]PYME,COMISION MENSUAL PLAN CUENTA CORRIENTE ]PYME ]NUMERO DE OPERACION XXXXXXX4401 .,Banco de Chile,0.4839
13,low_confidence,EXP-14.1,Mantencion Caminos,COMPRAS,viajes tag del periodo,Viajes TAG del Periodo,,SOCIEDAD CONCESIONARIA RUTA 5 TALCA-CHILLAN S.A.,0.314
13,low_confidence,EXP-7.0,AGROQUIMICOS,COMPRAS,dsl,Dsl,Dsl,DISTRIBUIDORA COMERCIAL P Y G LIMITADA,0.4688
13,unfamiliar_for_predicted_class,ADM-2.2,Seguros Trabajadores,COMPRAS,seguro colectivo poliza nro 12799,Seguro Colectivo. Poliza Nro. 12799,,Cia de Seguros de Vida Consorcio Nacional de Seguros SA,0.8046
12,low_confidence,EXP-12.2,Analisis Animales,COMPRAS,leucosis elisa suero pool 10 muestras,LEUCOSIS ELISA SUERO POOL 10 MUESTRAS,,COOPERATIVA AGRICOLA Y DE SERVICIOS LTDA,0.4968
12,low_confidence,EXP-13.2,Mantencion Motos,COMPRAS,botellon 20 litros,Botellon 20 litros,,Manantial S.A,0.1817
12,low_confidence,EXP-14.4,Mantencion Instalaciones,COMPRAS,brucelosis rosa de bengala,BRUCELOSIS (ROSA DE BENGALA),,COOPERATIVA AGRICOLA Y DE SERVICIOS LTDA,0.2628
12,unfamiliar_for_predicted_class,EXP-10.1,Mantencion Sala,COMPRAS,movilizacion de equipos de refrigeracion,MOVILIZACION DE EQUIPOS DE REFRIGERACION,,SOCIEDAD COMERCIAL SERLAC CHILE S.A.,0.7546
12,weak_class,EXP-1.1,Otros Gastos RRHH,COMPRAS,cemento oferta especial,CEMENTO OFERTA ESPECIAL -@,CEMENTO OFERTA ESPECIAL -@,DORIS IVONNE CASTILLO KANTER,0.258
11,low_confidence,ADM-1.4,Movilizacion,COMPRAS,recarga de prepagos,Recarga de Prepagos,,Ruta de los Rios Sociedad Concesionaria S.A.,0.5462
11,low_confidence,EXP-7.0,AGROQUIMICOS,COMPRAS,clavo de 4 kg,CLAVO DE 4 KG -@,CLAVO DE 4 KG -@,DORIS IVONNE CASTILLO KANTER,0.1832
10,generic_item_name_requires_review,EXP-14.4,Mantencion Instalaciones,COMPRAS,mano de obra,MANO DE OBRA,MEJORAMIENTO HABITACIONAL,ALEJANDRO RICARDO CARRASCO AGUILAR,0.4017
10,low_confidence,EXP-10.3,Detergentes e higenizantes,COMPRAS,tri pfan 200 lts,TRI-PFAN 200 LTS,,GEA Farm Technologies Osorno Ltda.,0.5265
9,low_confidence,ADM-1.2,Comunicaciones e Internet,COMPRAS,dsl,Dsl,Dsl,SOC DE TRANSPORTES STEUER HOLMGREN Y COM,0.3015
9,low_confidence,ADM-1.2,Comunicaciones e Internet,COMPRAS,otros cobros y descuentos,OTROS COBROS Y DESCUENTOS,,Empresa Nacional de Telecomunicaciones S.A.,0.193
9,low_confidence,ADM-1.4,Movilizacion,COMPRAS,comision de uso mensual nro documento 474150001425,COMISION DE USO MENSUAL (Nro. Documento: 474150001425),,BANCO BICE,0.2872
9,low_confidence,ADM-1.6,Utiles y gastos de oficina.,COMPRAS,extintor certificado,EXTINTOR CERTIFICADO,"EXTINTOR NUEVO PQS DE 4 KG AL 75% - D,S 44 cotización n°36346",COMERCIAL V&P LIMITADA,0.1627
9,low_confidence,EXP-10.1,Mantencion Sala,COMPRAS,hora tecnica fa,HORA TECNICA FA,,GEA Farm Technologies Osorno Ltda.,0.6321
9,low_confidence,EXP-10.1,Mantencion Sala,COMPRAS,hora tecnica jm,HORA TECNICA JM,,GEA Farm Technologies Osorno Ltda.,0.7126
9,low_confidence,EXP-10.1,Mantencion Sala,COMPRAS,piola perlon retirador negra mt,PIOLA PERLON RETIRADOR (NEGRA)/ MT,,GEA Farm Technologies Osorno Ltda.,0.6927
9,low_confidence,EXP-10.1,Mantencion Sala,COMPRAS,servicio emergencia lh,SERVICIO EMERGENCIA LH,,GEA Farm Technologies Osorno Ltda.,0.5779
9,low_confidence,EXP-13.1,Mantencion Maquinaria,COMPRAS,mantencion extintor pqs,MANTENCION EXTINTOR PQS,,EXTINT0RES ALFA VALDIVIA SPA,0.3008
9,low_confidence,EXP-14.3,Mantencion Agua y Purines,COMPRAS,hdpe copla compresion 32mm,HDPE-COPLA COMPRESION 32MM -@,HDPE-COPLA COMPRESION 32MM -@,DORIS IVONNE CASTILLO KANTER,0.2414
9,low_confidence,EXP-15.5,Servicios Agricolas,COMPRAS,intereses por mora,INTERESES_POR_MORA,,SOCIEDAD CONCESIONARIA RUTA 5 CHILLAN-COLLIPULLI S.A.,0.2826
9,low_confidence,EXP-15.5,Servicios Agricolas,COMPRAS,servicio de purines,servicio de purines,,SILVOAGROPECUARIO YERKO VERA CAMPOS EMPRESA INDIVIDUAL DE RESPONSABILI,0.4213
9,low_confidence,EXP-16.2,Otros Gastos Campo,COMPRAS,nitrogeno liquido,Nitrogeno liquido,,ABS CHILE LIMITADA,0.1441
9,low_confidence,EXP-2.5,Otros Medicamentos,COMPRAS,nitrofix ntx n21 5 l,NITROFIX NTX N21% 5 L,,COAGRA S.A.,0.2572
9,low_confidence,EXP-7.0,AGROQUIMICOS,COMPRAS,cuota control lechero oficial,CUOTA CONTROL LECHERO OFICIAL,,COOPERATIVA AGRICOLA Y DE SERVICIOS LTDA,0.1254
9,unfamiliar_for_predicted_class,ADM-1.4,Movilizacion,COMPRAS,vuelo tasas y o impuestos,Vuelo Tasas y/o impuestos,Vuelo Tasas y/o impuestos,LATAM AIRLINES GROUP SA,0.8215
9,weak_class,EXP-2.1,Terapias Secado,COMPRAS,vacas en control,VACAS EN CONTROL,,COOPERATIVA AGRICOLA Y DE SERVICIOS LTDA,0.1515
8,generic_item_name_requires_review,EXP-10.1,Mantencion Sala,COMPRAS,item,Item,FILTRO ACEITE MOTOR ** Oferta **,SALINAS Y FABRES S.A.,0.2906
8,liquidacion_dte43_requires_client_category,EXP-10.1,Mantencion Sala,COMPRAS,vaca engorda,VACA ENGORDA,YERZ-EXP-RYA-LOM,Tattersall Ganado S.A.,0.2268
8,low_confidence,EXP-13.1,Mantencion Maquinaria,COMPRAS,disco de corte hemic 115x1x22 23mm,DISCO DE CORTE HEMIC 115x1x22 23mm -@,DISCO DE CORTE HEMIC 115x1x22 23mm -@,DORIS IVONNE CASTILLO KANTER,0.3132
8,low_confidence,EXP-14.3,Mantencion Agua y Purines,COMPRAS,hdpe terminal he 32mm x 1p compresion,HDPE-TERMINAL HE 32MM X 1P COMPRESION -@,HDPE-TERMINAL HE 32MM X 1P COMPRESION -@,DORIS IVONNE CASTILLO KANTER,0.2954
8,low_confidence,EXP-14.3,Mantencion Agua y Purines,COMPRAS,hdpe terminal hi compresion 32mm x 1,HDPE-TERMINAL HI COMPRESION 32MM X 1-@,HDPE-TERMINAL HI COMPRESION 32MM X 1-@,DORIS IVONNE CASTILLO KANTER,0.2699
8,low_confidence,EXP-14.3,Mantencion Agua y Purines,COMPRAS,union hdpe 32mm,UNION HDPE 32MM,,COMERCIAL CLIMENT SPA,0.6712
8,low_confidence,EXP-4.2,Bolos Silo,COMPRAS,confeccion de bolos,Confección de bolos,,HECTOR ADRIAN VALENZUELA PAREDES,0.6836
8,weak_class,EXP-1.1,Otros Gastos RRHH,COMPRAS,niple he he 3 4,-NIPLE HE-HE 3 4 -@,-NIPLE HE-HE 3 4 -@,DORIS IVONNE CASTILLO KANTER,0.2408
8,weak_class,EXP-6.3,Cal,COMPRAS,servicio emergencia cal,SERVICIO EMERGENCIA CAL,,GEA Farm Technologies Osorno Ltda.,0.3565
7,client_examples_conflict_with_glove_taxonomy,EXP-16.1,Ropa y Herramientas de Trabajo,COMPRAS,guante ordena nitrilo soflo bio largo talla l caja 100u,Guante Ordeña Nitrilo Soflo Bio Largo Talla L (Caja 100u),,SOCIEDAD COMERCIAL SOFLO SPA,0.6798
7,low_confidence,ADM-1.6,Utiles y gastos de oficina.,COMPRAS,gall gretel,GALL GRETEL,UN 0003,ADMIN. DE SUPERMERCADOS HIPER LIMITADA,0.3959
7,low_confidence,EXP-10.1,Mantencion Sala,COMPRAS,hdpe tee compresion 32mm,HDPE-TEE COMPRESION 32MM -@,HDPE-TEE COMPRESION 32MM -@,DORIS IVONNE CASTILLO KANTER,0.1914
7,low_confidence,EXP-10.3,Detergentes e higenizantes,COMPRAS,effect 60 lts,EFFECT 60 LTS.,,GEA Farm Technologies Osorno Ltda.,0.6451
7,low_confidence,EXP-14.1,Mantencion Caminos,COMPRAS,peaje autopista vespucio norte,Peaje Autopista Vespucio Norte,,Sociedad Concesionaria Vespucio Norte Express S.A.,0.2086
7,low_confidence,EXP-15.4,Arriendo Maquinaria y Vehiculos,COMPRAS,arriendo televia,Arriendo Televía,,Sociedad Concesionaria Vespucio Norte Express S.A.,0.6013
7,low_confidence,EXP-7.0,AGROQUIMICOS,COMPRAS,clavo de 3 kg,CLAVO DE 3 KG -@,CLAVO DE 3 KG -@,DORIS IVONNE CASTILLO KANTER,0.2129
7,weak_class,EXP-10.4,Otros Gastos Lecheria,COMPRAS,hora tecnica cal,HORA TECNICA CAL,,GEA Farm Technologies Osorno Ltda.,0.4211
7,weak_class,EXP-10.4,Otros Gastos Lecheria,COMPRAS,limpieza de foso,Limpieza de foso,,DERIVA SPA,0.2772
6,low_confidence,ADM-1.2,Comunicaciones e Internet,COMPRAS,servicios programa cambio,Servicios programa cambio,de hábitos mes de mayo 2025,HÁBITOS Y SISTEMAS SPA,0.3406
6,low_confidence,ADM-1.6,Utiles y gastos de oficina.,COMPRAS,cinta teflon genebre 50 mts x 19 mm,CINTA TEFLON GENEBRE 50 MTS X 19 MM -@,CINTA TEFLON GENEBRE 50 MTS X 19 MM -@,DORIS IVONNE CASTILLO KANTER,0.2364
6,low_confidence,ADM-1.7,Otros Gastos Administracion,COMPRAS,intereses exentos,Intereses Exentos,,"RUTA DEL MAIPO SOCIEDAD CONCESIONARIA, S.A.",0.7261
6,low_confidence,ADM-2.1,Seguros Vehiculos,COMPRAS,000370017,000370017,REGULACION Y LIMPIEZA DE FRENOS C.O.: 910,CRUZ Y CIA. LTDA,0.3968
6,low_confidence,EXP-10.1,Mantencion Sala,COMPRAS,emergencia equipos de refrigeracion,EMERGENCIA EQUIPOS DE REFRIGERACION,,SOCIEDAD COMERCIAL SERLAC CHILE S.A.,0.5732
6,low_confidence,EXP-10.1,Mantencion Sala,COMPRAS,vaso metatron cpl,VASO METATRON CPL,,GEA Farm Technologies Osorno Ltda.,0.5509
6,low_confidence,EXP-13.1,Mantencion Maquinaria,COMPRAS,brocha condecora 4 cerda gris m madera,BROCHA CONDECORA 4 CERDA GRIS M MADERA -@,BROCHA CONDECORA 4 CERDA GRIS M MADERA -@,DORIS IVONNE CASTILLO KANTER,0.3227
6,low_confidence,EXP-14.2,Mantencion Cercos,COMPRAS,heliflex liviana c anillo 3 75mm,"HELIFLEX LIVIANA C/ANILLO 3"" (75MM)",,COMERCIAL CLIMENT SPA,0.2698
6,low_confidence,EXP-14.3,Mantencion Agua y Purines,COMPRAS,hdpe terminal he 25mmx3 4 compresion,HDPE-TERMINAL HE 25MMX3 4 COMPRESION -@,HDPE-TERMINAL HE 25MMX3 4 COMPRESION -@,DORIS IVONNE CASTILLO KANTER,0.2772
6,low_confidence,EXP-15.5,Servicios Agricolas,COMPRAS,servicio prestado por el servicio agricola y ganadero,Servicio prestado por el Servicio Agricola y Ganadero.,,SERVICIO AGRICOLA Y GANADERO,0.1727
6,low_confidence,EXP-7.0,AGROQUIMICOS,COMPRAS,uht entera 200,UHT ENTERA 200,,COOPERATIVA AGRICOLA Y LECHERA DE LA UNION LTDA.,0.2631
6,unfamiliar_for_predicted_class,EXP-6.2,Nitrogeno,COMPRAS,smart blue bramadero,SMART BLUE - BRAMADERO,,PRESTACIONES DE SERVICIOS AGRICOLAS EL SIERVO LIMITADA,0.7748
6,weak_class,EXP-1.1,Otros Gastos RRHH,COMPRAS,blm,Blm,Blm,SOC DE TRANSPORTES STEUER HOLMGREN Y COM,0.2187
6,weak_class,EXP-1.1,Otros Gastos RRHH,COMPRAS,clarificador piscina 1lt quimica universal,CLARIFICADOR PISCINA 1LT QUIMICA UNIVERSAL -@,CLARIFICADOR PISCINA 1LT QUIMICA UNIVERSAL -@,DORIS IVONNE CASTILLO KANTER,0.6875
6,weak_class,EXP-1.1,Otros Gastos RRHH,COMPRAS,niple he he 1,-NIPLE HE-HE 1 -@,-NIPLE HE-HE 1 -@,DORIS IVONNE CASTILLO KANTER,0.2858
6,weak_class,EXP-10.4,Otros Gastos Lecheria,COMPRAS,servicio emergencia fa,SERVICIO EMERGENCIA FA,,GEA Farm Technologies Osorno Ltda.,0.3411
5,generic_item_name_requires_review,EXP-9.2,Otros Gastos Riego,COMPRAS,servicio,servicio,mantencion de riego irripod mas materiales,HYK MANTENIMIENTO MAKINARÍA AGRÍCOLA SPA,0.8032
5,low_confidence,ADM-1.2,Comunicaciones e Internet,COMPRAS,asesorias informaticas,Asesorías Informáticas,"Servicio de Asesorías Informáticas - Abril 2025 Total HH: 50 Valor HH: $1,1 UF Monto a Facturar: $55 UF + IVA Tipo de Cambio UF $38.899,12 del día 01-04-2025",SERVICIOS Y SOLUCIONES LINKEDTIC SPA,0.2037
5,low_confidence,ADM-1.2,Comunicaciones e Internet,COMPRAS,tvzc tornillo volcanita zinc 1 5 8 cj 100un,TVZC TORNILLO VOLCANITA ZINC 1 5 8 CJ 100UN -@,TVZC TORNILLO VOLCANITA ZINC 1 5 8 CJ 100UN -@,DORIS IVONNE CASTILLO KANTER,0.5818
5,low_confidence,ADM-1.2,Comunicaciones e Internet,COMPRAS,tvzc tornillo volcanita zinc 2 1 2 cj 100un,TVZC TORNILLO VOLCANITA ZINC 2 1 2 CJ 100UN -@,TVZC TORNILLO VOLCANITA ZINC 2 1 2 CJ 100UN -@,DORIS IVONNE CASTILLO KANTER,0.5942
5,low_confidence,ADM-1.2,Comunicaciones e Internet,COMPRAS,tvzc tornillo volcanita zinc 2 cj 100un,TVZC TORNILLO VOLCANITA ZINC 2 CJ 100UN -@,TVZC TORNILLO VOLCANITA ZINC 2 CJ 100UN -@,DORIS IVONNE CASTILLO KANTER,0.6137
5,low_confidence,ADM-1.6,Utiles y gastos de oficina.,COMPRAS,valvula compacta hi 3 4 60893,VALVULA COMPACTA HI 3/4 60893 -@,VALVULA COMPACTA HI 3/4 60893 -@,DORIS IVONNE CASTILLO KANTER,0.3188
5,low_confidence,EXP-10.1,Mantencion Sala,COMPRAS,servicio emergencia jm,SERVICIO EMERGENCIA JM,,GEA Farm Technologies Osorno Ltda.,0.6464
5,low_confidence,EXP-10.3,Detergentes e higenizantes,COMPRAS,espuma clorada 2 0 20 kg,ESPUMA CLORADA 2.0 20 KG.,,QUIMILAB HT S.A.,0.6502
5,low_confidence,EXP-10.3,Detergentes e higenizantes,COMPRAS,tri pfan 60 lts,TRI-PFAN 60 LTS.,,GEA Farm Technologies Osorno Ltda.,0.5189
5,low_confidence,EXP-13.1,Mantencion Maquinaria,COMPRAS,cialde exquisit gr 7 150,CIALDE EXQUISIt GR 7 *150,,IMPORTADORA SOMAGEL SPA,0.2901
5,low_confidence,EXP-13.1,Mantencion Maquinaria,COMPRAS,mano de obra servicio tecnico giltrap,MANO DE OBRA SERVICIO TECNICO GILTRAP,MANO DE OBRA SERVICIO TECNICO GILTRAP,GALLAGHER CHILE SPA,0.298
5,low_confidence,EXP-14.1,Mantencion Caminos,COMPRAS,traslado terneras,TRASLADO TERNERAS,DESDE MAITEN A BRAMADERO,LUIS ANTONIO TORRES JARAMILLO,0.2066
5,low_confidence,EXP-14.2,Mantencion Cercos,COMPRAS,pallet de madera 1 00 x 1 20 4 entradas,"PALLET DE MADERA 1,00 X 1,20; 4 ENTRADAS",,AGROCOMERCIAL IANSA S.A.,0.2761
5,low_confidence,EXP-14.3,Mantencion Agua y Purines,COMPRAS,hdpe copla compresion 50mm,HDPE-COPLA COMPRESION 50MM -@,HDPE-COPLA COMPRESION 50MM -@,DORIS IVONNE CASTILLO KANTER,0.1794
5,low_confidence,EXP-14.3,Mantencion Agua y Purines,COMPRAS,union hdpe 32 x 1hi,UNION HDPE 32 X 1HI,,COMERCIAL CLIMENT SPA,0.6137
5,low_confidence,EXP-3.1,Inseminacion Artificial,COMPRAS,perfil hepatico bovino,PERFIL HEPATICO BOVINO,,COOPERATIVA AGRICOLA Y DE SERVICIOS LTDA,0.2698
5,low_confidence,EXP-7.0,AGROQUIMICOS,COMPRAS,roundup controlmax 15 kg by,ROUNDUP CONTROLMAX (15 KG) BY,,MARTINEZ Y VALDIVIESO S.A,0.5837
5,low_confidence,EXP-7.0,AGROQUIMICOS,COMPRAS,servicio emergencia fa,SERVICIO EMERGENCIA FA,,HGS DAIRY SOLUTIONS SPA,0.2649
5,low_confidence,EXP-8.1,Pradera Perenne,COMPRAS,semilla ballica colun 4x5 x 25 kg,SEMILLA BALLICA COLUN 4X5 X 25 KG,SEMILLA BALLICA COLUN 4X5 AGRICOTE,COOPERATIVA AGRICOLA Y LECHERA DE LA UNION LTDA.,0.6037
5,low_confidence,EXP-8.1,Pradera Perenne,COMPRAS,semilla ballica tama cte des x 25 kg,SEMILLA BALLICA TAMA CTE DES X 25 KG,SEMILLA BALLICA TAMA CTE DES,COOPERATIVA AGRICOLA Y LECHERA DE LA UNION LTDA.,0.6578
5,low_confidence,EXP-9.2,Otros Gastos Riego,COMPRAS,tordon maiten,TORDON-MAITEN,,PRESTACIONES DE SERVICIOS AGRICOLAS EL SIERVO LIMITADA,0.1721
5,weak_class,EXP-1.1,Otros Gastos RRHH,COMPRAS,bushing reduccion he hi 1 x 3 4,-BUSHING REDUCCION HE-HI 1 X 3 4 -@,-BUSHING REDUCCION HE-HI 1 X 3 4 -@,DORIS IVONNE CASTILLO KANTER,0.1687
5,weak_class,EXP-1.1,Otros Gastos RRHH,COMPRAS,clavo de techo x bolsa,CLAVO DE TECHO X BOLSA -@,CLAVO DE TECHO X BOLSA -@,DORIS IVONNE CASTILLO KANTER,0.6432
5,weak_class,EXP-1.1,Otros Gastos RRHH,COMPRAS,cloro piscina liquido bidon 5 lts quimica universal,CLORO PISCINA LIQUIDO BIDON 5 LTS QUIMICA UNIVERSAL -@,CLORO PISCINA LIQUIDO BIDON 5 LTS QUIMICA UNIVERSAL -@,DORIS IVONNE CASTILLO KANTER,0.2127
5,weak_class,EXP-1.1,Otros Gastos RRHH,COMPRAS,kg soldadura 6011 1 8 indura,KG SOLDADURA 6011 1 8 INDURA -@,KG SOLDADURA 6011 1 8 INDURA -@,DORIS IVONNE CASTILLO KANTER,0.1162
5,weak_class,EXP-1.1,Otros Gastos RRHH,COMPRAS,manga palpacion roja soflo vpro,Manga Palpación Roja Soflo VPRO,,SOCIEDAD COMERCIAL SOFLO SPA,0.4359
5,weak_class,EXP-1.1,Otros Gastos RRHH,COMPRAS,par alcayata plana 8p gris mutel,PAR ALCAYATA PLANA 8P GRIS MUTEL -@,PAR ALCAYATA PLANA 8P GRIS MUTEL -@,DORIS IVONNE CASTILLO KANTER,0.3868
5,weak_class,EXP-1.1,Otros Gastos RRHH,COMPRAS,t1 tuerca hilo corriente 1 2,T1 TUERCA HILO-CORRIENTE 1 2 -@,T1 TUERCA HILO-CORRIENTE 1 2 -@,DORIS IVONNE CASTILLO KANTER,0.2498
5,weak_class,EXP-10.2,Diping,COMPRAS,cow guard barrera 210kg,COW GUARD BARRERA 210KG,PRODUCTO ENTREGADO FDO YUTRECO,BIOGENESIS ANIMAL HEALTH SPA,0.9283
5,weak_class,EXP-5.2,Concentrado Crianza,COMPRAS,t1 tuerca hilo corriente 3 8,T1 TUERCA HILO-CORRIENTE 3 8 -@,T1 TUERCA HILO-CORRIENTE 3 8 -@,DORIS IVONNE CASTILLO KANTER,0.246
5,weak_class,EXP-6.4,Guano,COMPRAS,aplicacion kg guano tebbe,APLICACION KG GUANO TEBBE,APLICACION KG GUANO TEBBE,Servicios Bergström Limitada,0.9374
4,generic_item_name_requires_review,EXP-14.1,Mantencion Caminos,COMPRAS,traslado,TRASLADO,,TRANSPORTES OJEDA SPA,0.5517
4,item_name_carries_no_classifiable_text,EXP-13.1,Mantencion Maquinaria,COMPRAS,61849994,61849994,43820,HDI SEGUROS S.A.,0.491
4,liquidacion_dte43_requires_client_category,ADM-1.4,Movilizacion,COMPRAS,vaca carnaza,VACA CARNAZA,CAB YER EXPO 8*,Tattersall Ganado S.A.,0.133
4,liquidacion_dte43_requires_client_category,EXP-1.1,Otros Gastos RRHH,COMPRAS,vaca engorda,VACA ENGORDA,NE/JER/6D/EXP,Tattersall Ganado S.A.,0.1853
4,liquidacion_dte43_requires_client_category,EXP-14.1,Mantencion Caminos,COMPRAS,vaca gorda,VACA GORDA,YERS/CABR/8 EXPO,Tattersall Ganado S.A.,0.171
4,low_confidence,ADM-1.4,Movilizacion,COMPRAS,servicios externos computacionales,SERVICIOS EXTERNOS COMPUTACIONALES,,COOPERATIVA AGRICOLA Y DE SERVICIOS LTDA,0.1411
4,low_confidence,ADM-1.4,Movilizacion,COMPRAS,venta de asiento,Venta de asiento,Venta de asiento,LATAM AIRLINES GROUP SA,0.6815
4,low_confidence,ADM-1.5,Colacion y Alojamiento,COMPRAS,habitaciones 1,Habitaciones ( 1),,TALBOT HOTELS S A,0.4211
4,low_confidence,ADM-1.6,Utiles y gastos de oficina.,COMPRAS,galleta costa fiesta chocochips 125 g,GALLETA COSTA FIESTA CHOCOCHIPS 125 G,,CENCOSUD RETAIL S.A.,0.6999
4,low_confidence,ADM-1.6,Utiles y gastos de oficina.,COMPRAS,galleta costa limon 140 grs,GALLETA COSTA LIMON 140 GRS,,COMERCIAL AMAR HNOS. Y CIA. LTDA,0.638
4,low_confidence,ADM-1.6,Utiles y gastos de oficina.,COMPRAS,galleta costa tuareg coco 120 grs,GALLETA COSTA TUAREG COCO 120 GRS,,COMERCIAL AMAR HNOS. Y CIA. LTDA,0.5359
4,low_confidence,ADM-1.6,Utiles y gastos de oficina.,COMPRAS,galletas don,GALLETAS DON,UN 0003,ADMIN. DE SUPERMERCADOS HIPER LIMITADA,0.2959
4,low_confidence,ADM-1.6,Utiles y gastos de oficina.,COMPRAS,n codo sanitario gris 40mm,Ñ-CODO SANITARIO GRIS 40MM -@,Ñ-CODO SANITARIO GRIS 40MM -@,DORIS IVONNE CASTILLO KANTER,0.1655
4,low_confidence,ADM-1.6,Utiles y gastos de oficina.,COMPRAS,nectar pina,NECTAR PINA,UN 0000@@Lleve N x $#D#244,ADMIN. DE SUPERMERCADOS HIPER LIMITADA,0.6668
4,low_confidence,ADM-1.6,Utiles y gastos de oficina.,COMPRAS,pasta soldar 100 gr,PASTA SOLDAR 100 GR -@,PASTA SOLDAR 100 GR -@,DORIS IVONNE CASTILLO KANTER,0.256
4,low_confidence,ADM-1.7,Otros Gastos Administracion,COMPRAS,comision por pagos de nominas,Comisión por Pagos de Nominas,,BANCO BICE,0.5746
4,low_confidence,EXP-10.1,Mantencion Sala,COMPRAS,brocha hela 1 2 x4 c gris mango madera,BROCHA HELA 1 2 X4 C GRIS MANGO MADERA -@,BROCHA HELA 1 2 X4 C GRIS MANGO MADERA -@,DORIS IVONNE CASTILLO KANTER,0.169
4,low_confidence,EXP-10.1,Mantencion Sala,COMPRAS,palanca arg v env loval kg,PALANCA ARG V ENV. LOVAL. KG,,CENCOSUD RETAIL S.A.,0.2377
4,low_confidence,EXP-10.3,Detergentes e higenizantes,COMPRAS,azucar 1kg,AZUCAR 1KG,UN 0000,ADMIN. DE SUPERMERCADOS HIPER LIMITADA,0.3453
4,low_confidence,EXP-13.1,Mantencion Maquinaria,COMPRAS,000040052,000040052,BALANCEO NORMAL 16+ C.O.: 910,CRUZ Y CIA. LTDA,0.4929
4,low_confidence,EXP-13.1,Mantencion Maquinaria,COMPRAS,g1 golilla plana 1 2,G1 GOLILLA PLANA 1 2 -@,G1 GOLILLA PLANA 1 2 -@,DORIS IVONNE CASTILLO KANTER,0.3278
4,low_confidence,EXP-13.1,Mantencion Maquinaria,COMPRAS,mantencion extintor co2,MANTENCION EXTINTOR CO2,,EXTINT0RES ALFA VALDIVIA SPA,0.4995
4,low_confidence,EXP-13.1,Mantencion Maquinaria,COMPRAS,separador oficio 6 divis color torre,SEPARADOR OFICIO 6 DIVIS COLOR TORRE,,PROVEEDORES INTEGRALES DEL SUR S.A.,0.1958
4,low_confidence,EXP-13.1,Mantencion Maquinaria,COMPRAS,tt18 terciado liso pino 18mm estructural ofe 1 20 x 2 40,TT18-TERCIADO LISO PINO 18MM ESTRUCTURAL OFE 1.20 X 2.40 -@,TT18-TERCIADO LISO PINO 18MM ESTRUCTURAL OFE 1.20 X 2.40 -@,DORIS IVONNE CASTILLO KANTER,0.447
4,low_confidence,EXP-13.3,Mantencion Vehiculos,COMPRAS,000150005,000150005,ALINEACION CAMIONETA Y/O SUV C.O.: 1382,CRUZ Y CIA. LTDA,0.4285
4,low_confidence,EXP-13.3,Mantencion Vehiculos,COMPRAS,000370001,000370001,CAMBIO DE PASTILLAS VEHIC. NORMAL C.O.: 910,CRUZ Y CIA. LTDA,0.1989
4,low_confidence,EXP-13.3,Mantencion Vehiculos,COMPRAS,grabado de patente,GRABADO DE PATENTE,,AUTOMOTRIZ TECNOCID LIMITADA,0.3629
4,low_confidence,EXP-14.1,Mantencion Caminos,COMPRAS,abrazadera c perno t 510 62 67,ABRAZADERA C/PERNO T-510 (62-67),,COMERCIAL CLIMENT SPA,0.1472
4,low_confidence,EXP-14.1,Mantencion Caminos,COMPRAS,carros de purin,CARROS DE PURIN,,GONBAR SPA,0.6505
4,low_confidence,EXP-14.1,Mantencion Caminos,COMPRAS,maxxifardos trigo,Maxxifardos Trigo,,SERVICIOS AGRICOLAS MECANIZADOS SPA,0.3448
4,low_confidence,EXP-14.2,Mantencion Cercos,COMPRAS,torn volc crs zbr 6x 1 5 8 200,TORN VOLC CRS ZBR 6X 1 5/8 200,,SODIMAC S.A.,0.2598
4,low_confidence,EXP-14.3,Mantencion Agua y Purines,COMPRAS,adh ceram muro flexible 15kgt,ADH CERAM MURO FLEXIBLE 15KGT,,SODIMAC S.A.,0.2816
4,low_confidence,EXP-14.3,Mantencion Agua y Purines,COMPRAS,elevador acople rapido 3 4,"ELEVADOR ACOPLE RAPIDO 3/4""",,COMERCIAL CLIMENT SPA,0.3203
4,low_confidence,EXP-14.3,Mantencion Agua y Purines,COMPRAS,hdpe copla compresion 25mm,HDPE-COPLA COMPRESION 25MM -@,HDPE-COPLA COMPRESION 25MM -@,DORIS IVONNE CASTILLO KANTER,0.2128
4,low_confidence,EXP-14.3,Mantencion Agua y Purines,COMPRAS,hdpe terminal he 63 x 2,HDPE-TERMINAL HE 63 X 2 -@,HDPE-TERMINAL HE 63 X 2 -@,DORIS IVONNE CASTILLO KANTER,0.2985
4,low_confidence,EXP-14.3,Mantencion Agua y Purines,COMPRAS,hdpe terminal hi compresion 25mm x 3 4,HDPE-TERMINAL HI COMPRESION 25MM X 3/4 -@,HDPE-TERMINAL HI COMPRESION 25MM X 3/4 -@,DORIS IVONNE CASTILLO KANTER,0.3994
4,low_confidence,EXP-14.3,Mantencion Agua y Purines,COMPRAS,set 3 trapero doble c o 50x45,SET 3 TRAPERO DOBLE C/O 50X45,,SODIMAC S.A.,0.2365
4,low_confidence,EXP-14.3,Mantencion Agua y Purines,COMPRAS,tee hdpe 32mm,TEE HDPE 32MM,,COMERCIAL CLIMENT SPA,0.4607
4,low_confidence,EXP-14.3,Mantencion Agua y Purines,COMPRAS,teflon maestro 3 4,"TEFLON MAESTRO 3/4""",,COMERCIAL CLIMENT SPA,0.2942
4,low_confidence,EXP-14.3,Mantencion Agua y Purines,COMPRAS,union hdpe 50mm,UNION HDPE 50MM.,,COMERCIAL CLIMENT SPA,0.3843
4,low_confidence,EXP-14.3,Mantencion Agua y Purines,COMPRAS,valvula de bola hi itali 1,"VALVULA DE BOLA HI ITALI 1""",,COMERCIAL CLIMENT SPA,0.3569
4,low_confidence,EXP-14.4,Mantencion Instalaciones,COMPRAS,mano de obra servicio tecnico gallagher,MANO DE OBRA SERVICIO TECNICO GALLAGHER,MANO DE OBRA SERVICIO TECNICO GALLAGHER,GALLAGHER CHILE SPA,0.2816
4,low_confidence,EXP-2.4,Sales Minerales,COMPRAS,asado del carnicero nac v jumbo kg porc,ASADO DEL CARNICERO NAC V JUMBO KG PORC,,CENCOSUD RETAIL S.A.,0.2288
4,low_confidence,EXP-2.4,Sales Minerales,COMPRAS,esteron ten ten anasac 9 46lt,"ESTERON TEN TEN -ANASAC_9,46LT___","ANASAC_9,46LT___",FEROSOR AGRICOLA S.A.,0.3242
4,low_confidence,EXP-7.0,AGROQUIMICOS,COMPRAS,alguicida bidon 5lts,ALGUICIDA BIDON 5LTS -@,ALGUICIDA BIDON 5LTS -@,DORIS IVONNE CASTILLO KANTER,0.4318
4,low_confidence,EXP-8.1,Pradera Perenne,COMPRAS,semilla ballica dairy prime des x 25 kg,SEMILLA BALLICA DAIRY PRIME DES X 25 KG,SEMILLA BALLICA DAIRY PRIME DES X 25 KG,COOPERATIVA AGRICOLA Y LECHERA DE LA UNION LTDA.,0.6452
4,low_confidence,EXP-8.1,Pradera Perenne,COMPRAS,semilla ballica tama cte x 25 kg,SEMILLA BALLICA TAMA CTE X 25 KG,SEMILLA BALLICA TAMA CTE,COOPERATIVA AGRICOLA Y LECHERA DE LA UNION LTDA.,0.6496
4,unfamiliar_for_predicted_class,EXP-13.3,Mantencion Vehiculos,COMPRAS,s md30 tercera mantencion,S-MD30 TERCERA MANTENCION,A@S-MD30 TERCERA MANTENCION,DIFOR CHILE S.A.,0.9182
4,unfamiliar_for_predicted_class,EXP-6.2,Nitrogeno,COMPRAS,smart blue tineo,SMART BLUE - TINEO,,PRESTACIONES DE SERVICIOS AGRICOLAS EL SIERVO LIMITADA,0.806
4,weak_class,EXP-1.1,Otros Gastos RRHH,COMPRAS,caffe en grano exquisit kg 1,CAFFE EN GRANO EXQUISIT KG. 1,,IMPORTADORA SOMAGEL SPA,0.8187
4,weak_class,EXP-1.1,Otros Gastos RRHH,COMPRAS,clavo volcanita kg,CLAVO VOLCANITA KG -@,CLAVO VOLCANITA KG -@,DORIS IVONNE CASTILLO KANTER,0.384
4,weak_class,EXP-1.1,Otros Gastos RRHH,COMPRAS,fu codo 20mm ppr,FU-CODO 20MM PPR -@,FU-CODO 20MM PPR -@,DORIS IVONNE CASTILLO KANTER,0.2444
4,weak_class,EXP-1.1,Otros Gastos RRHH,COMPRAS,fu tuberia fusion 20mm o ppr,FU-TUBERIA FUSION 20MM O PPR -@,FU-TUBERIA FUSION 20MM O PPR -@,DORIS IVONNE CASTILLO KANTER,0.1652
4,weak_class,EXP-1.1,Otros Gastos RRHH,COMPRAS,movimiento de tierra,MOVIMIENTO DE TIERRA,,SOC COMERCIAL NAHUM CORREA LTDA,0.2372
4,weak_class,EXP-1.1,Otros Gastos RRHH,COMPRAS,tauto fina 2 tornillo autoperf fina caja 100 un,TAUTO-FINA 2 TORNILLO AUTOPERF FINA CAJA 100 UN -@,TAUTO-FINA 2 TORNILLO AUTOPERF FINA CAJA 100 UN -@,DORIS IVONNE CASTILLO KANTER,0.2649
4,weak_class,EXP-10.2,Diping,COMPRAS,vacas prenadas,vacas preñadas,,AGRICOLA Y GANADERA EMERALD LIMITADA,0.8652
4,weak_class,EXP-10.4,Otros Gastos Lecheria,COMPRAS,juego pezoneras monoblock,JUEGO PEZONERAS MONOBLOCK,,GEA Farm Technologies Osorno Ltda.,0.6026
4,weak_class,EXP-6.1,Fosforo,COMPRAS,fertilizacion,FERTILIZACION,,AGRÍCOLA J-S-E LIMITADA,0.5422
3,ambiguous_vehicle_vs_machinery_inspection,EXP-14.4,Mantencion Instalaciones,COMPRAS,traslado tractor,TRASLADO TRACTOR,REVISION TECNICA COMUNA DE LA UNION,LUIS ANTONIO TORRES JARAMILLO,0.2043
3,client_examples_conflict_with_glove_taxonomy,EXP-16.1,Ropa y Herramientas de Trabajo,COMPRAS,guante cabritilla sin forro tipo a,GUANTE CABRITILLA SIN FORRO TIPO A,,COMERCIALIZADORA DE ART DE PROTECCION Y SEGURIDAD INDUSTRIAL MANQUEHUE LIMITADA,0.9267
3,client_examples_conflict_with_glove_taxonomy,EXP-16.1,Ropa y Herramientas de Trabajo,COMPRAS,guante superv cabritl c forro,GUANTE SUPERV CABRITL C/FORRO,,SODIMAC S.A.,0.9112
3,generic_item_name_requires_review,ADM-1.7,Otros Gastos Administracion,COMPRAS,item,Item,SERVICIOS~ CONTRATO DE MANTENCIÓN PREVENTIVA FEBRERO 2026. EQUIPO~1P06105EER6300230,SALINAS Y FABRES S.A.,0.2337
3,generic_item_name_requires_review,EXP-14.1,Mantencion Caminos,COMPRAS,item,Item,FILTRO DE AIRE ** Oferta **,SALINAS Y FABRES S.A.,0.151
3,irrigation_context_conflicts_with_prediction,EXP-6.2,Nitrogeno,COMPRAS,riego de purin,RIEGO DE PURIN,,AGRÍCOLA J-S-E LIMITADA,0.3175
3,item_name_carries_no_classifiable_text,EXP-13.1,Mantencion Maquinaria,COMPRAS,61829115,61829115,22514,HDI SEGUROS S.A.,0.607
3,liquidacion_dte43_requires_client_category,ADM-1.6,Utiles y gastos de oficina.,COMPRAS,vaca engorda,VACA ENGORDA,YER-NEG-EXP-PTO,Tattersall Ganado S.A.,0.1938
3,liquidacion_dte43_requires_client_category,EXP-14.1,Mantencion Caminos,COMPRAS,vaca carnaza,VACA CARNAZA,CA/CL/EXP/*LOM,Tattersall Ganado S.A.,0.1318
3,low_confidence,ADM-1.4,Movilizacion,COMPRAS,detalle,DETALLE,GASOLINA NU 1203| 20.000|L,COPEC S.A.,0.6652
3,low_confidence,ADM-1.5,Colacion y Alojamiento,COMPRAS,servicio de retiro y,SERVICIO DE RETIRO Y,DISPOSICION FINAL DE RESIDUOS PLASTICOS,SOCIEDAD COMERCIAL VITACYCLE LIMITADA,0.134
3,low_confidence,ADM-1.6,Utiles y gastos de oficina.,COMPRAS,bolsa papel c manilla trenzada unimarc,BOLSA PAPEL C MANILLA TRENZADA UNIMARC,1.0 x 1 UN $310 Bruto/$261.0 Neto,RENDIC HERMANOS S.A.,0.6584
3,low_confidence,ADM-1.6,Utiles y gastos de oficina.,COMPRAS,galleta costa donuts choc blanco 100g,GALLETA COSTA DONUTS CHOC BLANCO 100G,,CENCOSUD RETAIL S.A.,0.7408
3,low_confidence,ADM-1.6,Utiles y gastos de oficina.,COMPRAS,galleta costa donuts leche 100 gr,GALLETA COSTA DONUTS LECHE 100 GR,,CENCOSUD RETAIL S.A.,0.7224
3,low_confidence,ADM-1.6,Utiles y gastos de oficina.,COMPRAS,galleta costa mantequilla 140 grs,GALLETA COSTA MANTEQUILLA 140 GRS,,COMERCIAL AMAR HNOS. Y CIA. LTDA,0.5827
3,low_confidence,ADM-1.6,Utiles y gastos de oficina.,COMPRAS,galleta donuts orange bitter 100grs,GALLETA DONUTS ORANGE BITTER 100GRS,,COMERCIAL AMAR HNOS. Y CIA. LTDA,0.5401
3,low_confidence,ADM-1.6,Utiles y gastos de oficina.,COMPRAS,galleta gretel frutilla 85 grs,GALLETA GRETEL FRUTILLA 85 GRS,,COMERCIAL AMAR HNOS. Y CIA. LTDA,0.4333
3,low_confidence,ADM-1.6,Utiles y gastos de oficina.,COMPRAS,limpiapisos lavanda 10l kleine,LIMPIAPISOS LAVANDA 10L KLEINE,,SODIMAC S.A.,0.5534
3,low_confidence,ADM-1.6,Utiles y gastos de oficina.,COMPRAS,papel higienico f c dh 50mt 8un,PAPEL HIGIENICO F C DH 50MT 8UN,,CENCOSUD RETAIL S.A.,0.2296
3,low_confidence,ADM-1.6,Utiles y gastos de oficina.,COMPRAS,policarbonato ondulado 0 81 x 3 00 mts,POLICARBONATO ONDULADO 0 81 X 3.00 MTS -@,POLICARBONATO ONDULADO 0 81 X 3.00 MTS -@,DORIS IVONNE CASTILLO KANTER,0.2736
3,low_confidence,ADM-1.6,Utiles y gastos de oficina.,COMPRAS,recarga extintores,RECARGA EXTINTORES,RECARGA EXTINTOR PQS DE 04 KG AL 90%,COMERCIAL V&P LIMITADA,0.1661
3,low_confidence,ADM-1.7,Otros Gastos Administracion,COMPRAS,intereses mayor plazo,Intereses mayor plazo,Intereses mayor plazo,COOPERATIVA AGRICOLA Y LECHERA DE LA UNION LTDA.,0.4014
3,low_confidence,ADM-1.7,Otros Gastos Administracion,COMPRAS,nota debito x intereses,NOTA DEBITO X INTERESES,,COMPAÑÍA AGROPECUARIA COPEVAL S.A.,0.2387
3,low_confidence,EXP-10.1,Mantencion Sala,COMPRAS,filtro combustible wk 8194,FILTRO COMBUSTIBLE WK-8194,,REPUESTOS BHC SPA,0.3082
3,low_confidence,EXP-10.1,Mantencion Sala,COMPRAS,filtro leche jumbo 100 und 150 x 800 mm,FILTRO LECHE JUMBO 100 UND 150 X 800 MM,,HGS DAIRY SOLUTIONS SPA,0.4266
3,low_confidence,EXP-10.1,Mantencion Sala,COMPRAS,grasa lubricante easy start 400 g,GRASA LUBRICANTE EASY START 400 G,,GEA Farm Technologies Osorno Ltda.,0.6699
3,low_confidence,EXP-10.1,Mantencion Sala,COMPRAS,hdpe tee 25mm,HDPE-TEE 25MM -@,HDPE-TEE 25MM -@,DORIS IVONNE CASTILLO KANTER,0.2229
3,low_confidence,EXP-10.1,Mantencion Sala,COMPRAS,hdpe tee compresion 63mm,HDPE-TEE COMPRESION 63MM -@,HDPE-TEE COMPRESION 63MM -@,DORIS IVONNE CASTILLO KANTER,0.194
3,low_confidence,EXP-10.1,Mantencion Sala,COMPRAS,hora mini retro,HORA MINI RETRO,,SOC COMERCIAL NAHUM CORREA LTDA,0.2995
3,low_confidence,EXP-10.1,Mantencion Sala,COMPRAS,juego de servicio juego de ordeno c var classic 300 w o,JUEGO DE SERVICIO-JUEGO DE ORDENO(C) VAR CLASSIC 300 W/O,,GEA Farm Technologies Osorno Ltda.,0.566
3,low_confidence,EXP-10.1,Mantencion Sala,COMPRAS,juego pezoneras monoblock,JUEGO PEZONERAS MONOBLOCK,,HGS DAIRY SOLUTIONS SPA,0.6077
3,low_confidence,EXP-10.1,Mantencion Sala,COMPRAS,kit pulsador 1500 h pulsador apex m,Kit pulsador / 1500 h Pulsador Apex M,,GEA Farm Technologies Osorno Ltda.,0.5699
3,low_confidence,EXP-10.1,Mantencion Sala,COMPRAS,mosqueton,MOSQUETON,,GEA Farm Technologies Osorno Ltda.,0.7492
3,low_confidence,EXP-10.1,Mantencion Sala,COMPRAS,movilizacion omec,MOVILIZACION OMEC,,COOPERATIVA AGRICOLA Y DE SERVICIOS LTDA,0.3082
3,low_confidence,EXP-10.1,Mantencion Sala,COMPRAS,ojete protector contra traccion,OJETE PROTECTOR CONTRA TRACCION,,GEA Farm Technologies Osorno Ltda.,0.5022
3,low_confidence,EXP-10.1,Mantencion Sala,COMPRAS,push button n c contact orange button,PUSH BUTTON N/C CONTACT ORANGE BUTTON,,GEA Farm Technologies Osorno Ltda.,0.4157
3,low_confidence,EXP-10.1,Mantencion Sala,COMPRAS,reparacion de equipos de refrigeracion en terreno,REPARACION DE EQUIPOS DE REFRIGERACION EN TERRENO,,SOCIEDAD COMERCIAL SERLAC CHILE S.A.,0.5766
3,low_confidence,EXP-10.1,Mantencion Sala,COMPRAS,repuestos mantencion estanque predial,REPUESTOS MANTENCION ESTANQUE PREDIAL,REPUESTOS MANTENCION ESTANQUE PREDIAL,COOPERATIVA AGRICOLA Y LECHERA DE LA UNION LTDA.,0.5111
3,low_confidence,EXP-10.1,Mantencion Sala,COMPRAS,spray deslizante,SPRAY DESLIZANTE,,GEA Farm Technologies Osorno Ltda.,0.6812
3,low_confidence,EXP-10.1,Mantencion Sala,COMPRAS,tubo corto leche colec 300 c c,TUBO CORTO LECHE COLEC. 300 C.C.,,GEA Farm Technologies Osorno Ltda.,0.6283
3,low_confidence,EXP-10.1,Mantencion Sala,COMPRAS,viatico movilizacion,VIATICO MOVILIZACION,100km por visita,MOLINA MANNS SPA,0.4525
3,low_confidence,EXP-10.3,Detergentes e higenizantes,COMPRAS,azucar iansa 1kg,AZUCAR IANSA 1KG,,CENCOSUD RETAIL S.A.,0.2014
3,low_confidence,EXP-11.4,Bencina,COMPRAS,gasolina 95,GASOLINA 95,Retira: ANTILLANCA SPA{Impuesto base combustible: 13728{Impuesto variable combustible: 249,COOPERATIVA AGRICOLA Y LECHERA DE LA UNION LTDA.,0.5945
3,low_confidence,EXP-12.2,Analisis Animales,COMPRAS,leucosis elisa suero 10,LEUCOSIS ELISA SUERO >10,,COOPERATIVA AGRICOLA Y DE SERVICIOS LTDA,0.7352
3,low_confidence,EXP-13.1,Mantencion Maquinaria,COMPRAS,abrazadera c perno t 514 84 90,ABRAZADERA C/PERNO T-514 (84-90),,COMERCIAL CLIMENT SPA,0.1653
3,low_confidence,EXP-13.1,Mantencion Maquinaria,COMPRAS,aq tubo bajada x 3 metros acq tigre,AQ-TUBO BAJADA X 3 METROS -ACQ-TIGRE -@,AQ-TUBO BAJADA X 3 METROS -ACQ-TIGRE -@,DORIS IVONNE CASTILLO KANTER,0.2369
3,low_confidence,EXP-13.1,Mantencion Maquinaria,COMPRAS,bushing reduccion he hi 1 1 4 x 1,-BUSHING REDUCCION HE-HI 1 1 4 X 1 -@,-BUSHING REDUCCION HE-HI 1 1 4 X 1 -@,DORIS IVONNE CASTILLO KANTER,0.2247
3,low_confidence,EXP-13.1,Mantencion Maquinaria,COMPRAS,cadena r super 3 8 1 6 eslabon,CADENA R SUPER 3 8 1 6 ESLABON,CADENA R SUPER 3 8 1 6 ESLABON,INVERSIONES DEL RANCO LIMITADA,0.378
3,low_confidence,EXP-13.1,Mantencion Maquinaria,COMPRAS,carbolineo dynaleum 3 8 lt galon dynal,CARBOLINEO DYNALEUM 3.8 LT GALON DYNAL -@,CARBOLINEO DYNALEUM 3.8 LT GALON DYNAL -@,DORIS IVONNE CASTILLO KANTER,0.4515
3,low_confidence,EXP-13.1,Mantencion Maquinaria,COMPRAS,carbolineo galon 5 lt mohican,CARBOLINEO GALON 5 LT MOHICAN -@,CARBOLINEO GALON 5 LT MOHICAN -@,DORIS IVONNE CASTILLO KANTER,0.2639
3,low_confidence,EXP-13.1,Mantencion Maquinaria,COMPRAS,codo 20 mm cem,-CODO 20 MM CEM -@,-CODO 20 MM CEM -@,DORIS IVONNE CASTILLO KANTER,0.2715
3,low_confidence,EXP-13.1,Mantencion Maquinaria,COMPRAS,disco de corte hemic 7 180 x 1 6 x 22 23mm,DISCO DE CORTE HEMIC 7 (180 X 1.6 X 22.23MM) -@,DISCO DE CORTE HEMIC 7 (180 X 1.6 X 22.23MM) -@,DORIS IVONNE CASTILLO KANTER,0.3557
3,low_confidence,EXP-13.1,Mantencion Maquinaria,COMPRAS,g1 golilla plana 3 8,G1 GOLILLA PLANA 3 8 -@,G1 GOLILLA PLANA 3 8 -@,DORIS IVONNE CASTILLO KANTER,0.3459
3,low_confidence,EXP-13.1,Mantencion Maquinaria,COMPRAS,manguera espiralada amarilla 3,MANGUERA ESPIRALADA AMARILLA 3 -@,MANGUERA ESPIRALADA AMARILLA 3 -@,DORIS IVONNE CASTILLO KANTER,0.2746
3,low_confidence,EXP-13.1,Mantencion Maquinaria,COMPRAS,marcador perman artel p redonda 50 negro,MARCADOR PERMAN.ARTEL P.REDONDA 50 NEGRO,,PROVEEDORES INTEGRALES DEL SUR S.A.,0.2167
3,low_confidence,EXP-13.1,Mantencion Maquinaria,COMPRAS,reten masa rf 11 13,RETEN MASA RF 11/13,RETEN MASA RF 11/13,GALLAGHER CHILE SPA,0.1455
3,low_confidence,EXP-13.1,Mantencion Maquinaria,COMPRAS,rollo 20 mts piola orilladora negra 3 3 rollo x 573 mt,ROLLO 20 MTS PIOLA-ORILLADORA-NEGRA-3 3 (ROLLO X 573 MT) -@,ROLLO 20 MTS PIOLA-ORILLADORA-NEGRA-3 3 (ROLLO X 573 MT) -@,DORIS IVONNE CASTILLO KANTER,0.2149
3,low_confidence,EXP-13.1,Mantencion Maquinaria,COMPRAS,servicio fumigacion,Servicio Fumigacion.,,BENEDICTO NOLBERTO GUTIERREZ RIVERA,0.2768
3,low_confidence,EXP-13.1,Mantencion Maquinaria,COMPRAS,stihl bujia corta ngk bpmr7a ms170 a 660 fs sr hs,STIHL BUJIA CORTA NGK BPMR7A MS170 A 660 FS SR HS,STIHL BUJIA CORTA NGK BPMR7A MS170 A 660 FS SR HS,LIDIA ANGELICA SANHUEZA FUENTES,0.5735
3,low_confidence,EXP-13.1,Mantencion Maquinaria,COMPRAS,tirafondo 3 8 x 3,TIRAFONDO 3 8 X 3 -@,TIRAFONDO 3 8 X 3 -@,DORIS IVONNE CASTILLO KANTER,0.2161
3,low_confidence,EXP-13.1,Mantencion Maquinaria,COMPRAS,tt18 terciado oferta detalle pino 18mm 1 20 x 2 40,TT18-TERCIADO OFERTA DETALLE PINO 18MM 1.20 X 2.40 -@,TT18-TERCIADO OFERTA DETALLE PINO 18MM 1.20 X 2.40 -@,DORIS IVONNE CASTILLO KANTER,0.316
3,low_confidence,EXP-13.1,Mantencion Maquinaria,COMPRAS,tyveck rollo 75 m2,TYVECK ROLLO 75 M2 -@,TYVECK ROLLO 75 M2 -@,DORIS IVONNE CASTILLO KANTER,0.1997
3,low_confidence,EXP-13.1,Mantencion Maquinaria,COMPRAS,valvula bola otra hi hi 1 1 2 060177002 taumm,VALVULA BOLA OTRA HI-HI 1 1/2 060177002 TAUMM -@,VALVULA BOLA OTRA HI-HI 1 1/2 060177002 TAUMM -@,DORIS IVONNE CASTILLO KANTER,0.125
3,low_confidence,EXP-13.2,Mantencion Motos,COMPRAS,040271102,040271102,PAST. FRENO FORD RANGER 3.2 2WD BT 50 DEL 12,CRUZ Y CIA. LTDA,0.4243
3,low_confidence,EXP-13.2,Mantencion Motos,COMPRAS,aceite cadena motosierra lubrichile 5 lts,ACEITE CADENA MOTOSIERRA LUBRICHILE 5 LTS-@,ACEITE CADENA MOTOSIERRA LUBRICHILE 5 LTS-@,DORIS IVONNE CASTILLO KANTER,0.6134
3,low_confidence,EXP-13.2,Mantencion Motos,COMPRAS,lima motosierra s mango 7 32,LIMA MOTOSIERRA S MANGO 7/32 -@,LIMA MOTOSIERRA S MANGO 7/32 -@,DORIS IVONNE CASTILLO KANTER,0.7352
3,low_confidence,EXP-13.3,Mantencion Vehiculos,COMPRAS,,...,"All in One Lenovo Intel Pentium 8505 23,8"" 8GB 256GB SSD Windows 11 Blanco 24IAP7",PERSONAL COMPUTER FACTORY S.A.,0.2981
3,low_confidence,EXP-14.1,Mantencion Caminos,COMPRAS,carro bebedero,Carro bebedero,Capacidad de 8.000L,DANIEL PATRICIO CASTRO ASCENCIO,0.4669
3,low_confidence,EXP-14.1,Mantencion Caminos,COMPRAS,corte de limpieza,CORTE DE LIMPIEZA,,AGRÍCOLA J-S-E LIMITADA,0.441
3,low_confidence,EXP-14.2,Mantencion Cercos,COMPRAS,abrazadera crem 1 21 38,"ABRAZADERA CREM. 1"" (21-38)",,COMERCIAL CLIMENT SPA,0.4539
3,low_confidence,EXP-14.2,Mantencion Cercos,COMPRAS,abrazadera crem 2 40 64,"ABRAZADERA CREM. 2"" (40-64)",,COMERCIAL CLIMENT SPA,0.3964
3,low_confidence,EXP-14.2,Mantencion Cercos,COMPRAS,abrazadera manguera 1 pulg 19mm a 38mm ab 12,ABRAZADERA MANGUERA 1 PULG 19MM A 38MM AB-12 -@,ABRAZADERA MANGUERA 1 PULG 19MM A 38MM AB-12 -@,DORIS IVONNE CASTILLO KANTER,0.5674
3,low_confidence,EXP-14.2,Mantencion Cercos,COMPRAS,cerrojo candado 10p horizontal verde mutel,CERROJO CANDADO 10P HORIZONTAL VERDE MUTEL -@,CERROJO CANDADO 10P HORIZONTAL VERDE MUTEL -@,DORIS IVONNE CASTILLO KANTER,0.1515
3,low_confidence,EXP-14.2,Mantencion Cercos,COMPRAS,clavo terrano 11 2 1 0kg cun06,"CLAVO TERRANO 11/2 1,0KG.CUN06",,SODIMAC S.A.,0.7251
3,low_confidence,EXP-14.2,Mantencion Cercos,COMPRAS,manguera mallaflex jardin 1 2 5 mt,"MANGUERA MALLAFLEX JARDIN 1/2""(5 MT)","MANGUERA MALLAFLEX JARDIN 1/2""(5 MT)",COMERCIAL HARCHA SPA,0.3886
3,low_confidence,EXP-14.3,Mantencion Agua y Purines,COMPRAS,clavo techo doble sello 2 1 2 x 8 bolsa 100 u met,"CLAVO TECHO DOBLE SELLO 2,1/2"" X 8 (BOLSA 100 U) MET",,COMERCIAL CLIMENT SPA,0.2925
3,low_confidence,EXP-14.3,Mantencion Agua y Purines,COMPRAS,codo pvc sanit gris 40mm x 90,CODO PVC-SANIT.GRIS 40MM X 90§,,COMERCIAL CLIMENT SPA,0.74
3,low_confidence,EXP-14.3,Mantencion Agua y Purines,COMPRAS,hdpe codo 32mm pn16,HDPE-CODO 32MM - PN16 -@,HDPE-CODO 32MM - PN16 -@,DORIS IVONNE CASTILLO KANTER,0.3608
3,low_confidence,EXP-14.3,Mantencion Agua y Purines,COMPRAS,hdpe terminal he 50mm x 1 1 2 compresion,HDPE-TERMINAL HE 50MM X 1 1 2 COMPRESION -@,HDPE-TERMINAL HE 50MM X 1 1 2 COMPRESION -@,DORIS IVONNE CASTILLO KANTER,0.2462
3,low_confidence,EXP-14.3,Mantencion Agua y Purines,COMPRAS,hdpe terminal hi 63mm x 2 compresion,HDPE-TERMINAL HI 63MM X 2 COMPRESION -@,HDPE-TERMINAL HI 63MM X 2 COMPRESION -@,DORIS IVONNE CASTILLO KANTER,0.2836
3,low_confidence,EXP-14.3,Mantencion Agua y Purines,COMPRAS,internit 6mm 1 20 x 2 40,INTERNIT 6MM 1 20 X 2.40 -@,INTERNIT 6MM 1 20 X 2.40 -@,DORIS IVONNE CASTILLO KANTER,0.1769
3,low_confidence,EXP-14.3,Mantencion Agua y Purines,COMPRAS,n tira pvc sanitario gris 40 mm x 6mts,Ñ-TIRA PVC SANITARIO GRIS 40 MM X 6MTS -@,Ñ-TIRA PVC SANITARIO GRIS 40 MM X 6MTS -@,DORIS IVONNE CASTILLO KANTER,0.456
3,low_confidence,EXP-14.3,Mantencion Agua y Purines,COMPRAS,tubo termofusion pn 20 20mm x 6 mt,TUBO TERMOFUSION PN 20 20MM X 6 MT,,COMERCIAL CLIMENT SPA,0.5465
3,low_confidence,EXP-14.3,Mantencion Agua y Purines,COMPRAS,union hdpe 32 x 1he,UNION HDPE 32 X 1HE,,COMERCIAL CLIMENT SPA,0.561
3,low_confidence,EXP-14.3,Mantencion Agua y Purines,COMPRAS,union hdpe 50 x 1 1 2he,"UNION HDPE 50 X 1,1/2HE",,COMERCIAL CLIMENT SPA,0.539
3,low_confidence,EXP-14.3,Mantencion Agua y Purines,COMPRAS,valvula de bola hi itali 1 1 2,"VALVULA DE BOLA HI ITALI 1,1/2""",,COMERCIAL CLIMENT SPA,0.3914
3,low_confidence,EXP-14.4,Mantencion Instalaciones,COMPRAS,archivador oficio ancho burdeo auca,ARCHIVADOR OFICIO ANCHO BURDEO AUCA,,PROVEEDORES INTEGRALES DEL SUR S.A.,0.5142
3,low_confidence,EXP-14.4,Mantencion Instalaciones,COMPRAS,blm,Blm,Blm,DISTRIBUIDORA COMERCIAL P Y G LIMITADA,0.2038
3,low_confidence,EXP-14.4,Mantencion Instalaciones,COMPRAS,plumon pizarra azul p redonda artel mp 70 d,PLUMON PIZARRA AZUL P.REDONDA ARTEL MP 70-D,,PROVEEDORES INTEGRALES DEL SUR S.A.,0.2002
3,low_confidence,EXP-14.4,Mantencion Instalaciones,COMPRAS,plumon pizarra negro p redonda artel mp 70 d,PLUMON PIZARRA NEGRO P.REDONDA ARTEL MP 70-D,,PROVEEDORES INTEGRALES DEL SUR S.A.,0.2241
3,low_confidence,EXP-15.3,Fletes,COMPRAS,fletes maderas,FLETES MADERAS,FLETES MADERAS,MADERAS DE EXPORTACION DOS S.A,0.4083
3,low_confidence,EXP-15.3,Fletes,COMPRAS,viaje terneras,VIAJE TERNERAS,Tineo a Bramadero,ORLANDO RICARDO BERTIN MONSALVE,0.3205
3,low_confidence,EXP-16.2,Otros Gastos Campo,COMPRAS,cloro en tabletas pote 1kg clase 5 1 quimica universal,CLORO EN TABLETAS POTE 1KG CLASE 5 1 QUIMICA UNIVERSAL-@,CLORO EN TABLETAS POTE 1KG CLASE 5 1 QUIMICA UNIVERSAL-@,DORIS IVONNE CASTILLO KANTER,0.4537
3,low_confidence,EXP-16.2,Otros Gastos Campo,COMPRAS,codo termofusion 20mm x 90,CODO TERMOFUSION 20MM X 90,,COMERCIAL CLIMENT SPA,0.3507
3,low_confidence,EXP-16.2,Otros Gastos Campo,COMPRAS,materiales,MATERIALES,MATERIALES,LIDIA ANGELICA SANHUEZA FUENTES,0.4475
3,low_confidence,EXP-16.2,Otros Gastos Campo,COMPRAS,pan marraqueta santa isabel pp kg,PAN MARRAQUETA SANTA ISABEL PP KG,,CENCOSUD RETAIL S.A.,0.4913
3,low_confidence,EXP-16.2,Otros Gastos Campo,COMPRAS,sika 3 cave 3 bidon x 4 litros,SIKA 3 -CAVE 3- BIDON X 4 LITROS -@,SIKA 3 -CAVE 3- BIDON X 4 LITROS -@,DORIS IVONNE CASTILLO KANTER,0.2914
3,low_confidence,EXP-16.2,Otros Gastos Campo,COMPRAS,tee termofusion 20mm,TEE TERMOFUSION 20MM,,COMERCIAL CLIMENT SPA,0.5663
3,low_confidence,EXP-16.2,Otros Gastos Campo,COMPRAS,transporte de plastico agricola para reciclaje,Transporte de plástico agrícola para reciclaje,,GESTIÓN AMBIENTAL ECOGEST SPA,0.2587
3,low_confidence,EXP-16.2,Otros Gastos Campo,COMPRAS,vaso termico drop it 240cc 20un,VASO TERMICO DROP IT 240CC 20UN,,CENCOSUD RETAIL S.A.,0.1896
3,low_confidence,EXP-2.2,Medicamentos Mastitis,COMPRAS,pintura marcaje verde gl,PINTURA MARCAJE VERDE GL,,PINTURAS BARENDS SpA,0.5969
3,low_confidence,EXP-2.2,Medicamentos Mastitis,COMPRAS,pintura spray fil rojo rojo,PINTURA SPRAY FIL ROJO -_ROJO___,_ROJO___,FEROSOR AGRICOLA S.A.,0.633
3,low_confidence,EXP-2.4,Sales Minerales,COMPRAS,fu terminal hi 1 2 x 20mm metalico pegar ppr,FU-TERMINAL HI 1 2 X 20MM METALICO PEGAR PPR -@,FU-TERMINAL HI 1 2 X 20MM METALICO PEGAR PPR -@,DORIS IVONNE CASTILLO KANTER,0.125
3,low_confidence,EXP-3.1,Inseminacion Artificial,COMPRAS,leche entera 200 ml,LECHE ENTERA 200 ml.,,COOPERATIVA AGRICOLA Y LECHERA DE LA UNI,0.7483
3,low_confidence,EXP-3.1,Inseminacion Artificial,COMPRAS,lidocalm 50ml,LIDOCALM 50ML -____,____,FEROSOR AGRICOLA S.A.,0.567
3,low_confidence,EXP-4.1,Parva Silo,COMPRAS,hn hilo esparrago negro 3 8,HN HILO ESPARRAGO NEGRO -3 8 -@,HN HILO ESPARRAGO NEGRO -3 8 -@,DORIS IVONNE CASTILLO KANTER,0.4137
3,low_confidence,EXP-4.2,Bolos Silo,COMPRAS,valvula de bola pvc hilo s union 32mm 1,"VALVULA DE BOLA PVC-HILO S/UNION 32MM = 1""",,COMERCIAL CLIMENT SPA,0.1914
3,low_confidence,EXP-7.0,AGROQUIMICOS,COMPRAS,azucar iansa 1 kg,AZUCAR IANSA 1 KG,,COMERCIAL AMAR HNOS. Y CIA. LTDA,0.3459
3,low_confidence,EXP-7.0,AGROQUIMICOS,COMPRAS,blm,Blm,Blm,DANIEL VILLAR Y CIA LTDA,0.1709
3,low_confidence,EXP-7.0,AGROQUIMICOS,COMPRAS,pl terminal he 1 plansa,PL-TERMINAL HE 1 PLANSA -@,PL-TERMINAL HE 1 PLANSA -@,DORIS IVONNE CASTILLO KANTER,0.2948
3,low_confidence,EXP-7.0,AGROQUIMICOS,COMPRAS,platemeter gear electronic fwg,Platemeter Gear-Electronic-FWG,Platemeter Gear-Electronic-FWG,GALLAGHER CHILE SPA,0.2243
3,low_confidence,EXP-7.0,AGROQUIMICOS,COMPRAS,ser ecotasa sub categoria n3,SER- ECOTASA SUB. CATEGORíA N3,SER- ECOTASA SUB. CATEGORíA N3,AUTOMOTRIZ SALFA SUR LIMITADA,0.1221
3,low_confidence,EXP-7.0,AGROQUIMICOS,COMPRAS,silwet tx 100 1 l,SILWET TX 100 1 L,,COAGRA S.A.,0.704
3,low_confidence,EXP-9.2,Otros Gastos Riego,COMPRAS,k12 codo so so 1 2,K12-CODO SO-SO 1 2 -@,K12-CODO SO-SO 1 2 -@,DORIS IVONNE CASTILLO KANTER,0.6848
3,low_confidence,EXP-9.2,Otros Gastos Riego,COMPRAS,k12 copla so so 1 2,k12-COPLA SO-SO 1 2 -@,k12-COPLA SO-SO 1 2 -@,DORIS IVONNE CASTILLO KANTER,0.6654
3,low_confidence,EXP-9.2,Otros Gastos Riego,COMPRAS,recarga extintor pqs,RECARGA EXTINTOR PQS,,EXTINT0RES ALFA VALDIVIA SPA,0.1011
3,unfamiliar_for_predicted_class,EXP-13.3,Mantencion Vehiculos,COMPRAS,s md40 cuarta mantencion,S-MD40 CUARTA MANTENCION,A@S-MD40 CUARTA MANTENCION,DIFOR CHILE S.A.,0.9093
3,unfamiliar_for_predicted_class,EXP-6.2,Nitrogeno,COMPRAS,smart blue maiten,SMART BLUE - MAITEN,,PRESTACIONES DE SERVICIOS AGRICOLAS EL SIERVO LIMITADA,0.8249
3,weak_class,EXP-1.1,Otros Gastos RRHH,COMPRAS,brocha condecora 3,BROCHA CONDECORA 3 -@,BROCHA CONDECORA 3 -@,DORIS IVONNE CASTILLO KANTER,0.4687
3,weak_class,EXP-1.1,Otros Gastos RRHH,COMPRAS,clavo de 6 kg,CLAVO DE 6 KG -@,CLAVO DE 6 KG -@,DORIS IVONNE CASTILLO KANTER,0.1804
3,weak_class,EXP-1.1,Otros Gastos RRHH,COMPRAS,clavo tingle kg,CLAVO TINGLE KG -@,CLAVO TINGLE KG -@,DORIS IVONNE CASTILLO KANTER,0.2863
3,weak_class,EXP-1.1,Otros Gastos RRHH,COMPRAS,esmalte al agua acryfol blanco galon algifol,ESMALTE AL AGUA ACRYFOL BLANCO GALON ALGIFOL -@,ESMALTE AL AGUA ACRYFOL BLANCO GALON ALGIFOL -@,DORIS IVONNE CASTILLO KANTER,0.4098
3,weak_class,EXP-1.1,Otros Gastos RRHH,COMPRAS,fu terminal he 1 2 x 20mm metalico pegar ppr,FU-TERMINAL HE 1 2 X 20MM METALICO PEGAR PPR -@,FU-TERMINAL HE 1 2 X 20MM METALICO PEGAR PPR -@,DORIS IVONNE CASTILLO KANTER,0.1585
3,weak_class,EXP-1.1,Otros Gastos RRHH,COMPRAS,lija fierro grano 100,LIJA FIERRO GRANO 100 -@,LIJA FIERRO GRANO 100 -@,DORIS IVONNE CASTILLO KANTER,0.1672
3,weak_class,EXP-1.1,Otros Gastos RRHH,COMPRAS,lija fierro grano 80,LIJA FIERRO GRANO 80 -@,LIJA FIERRO GRANO 80 -@,DORIS IVONNE CASTILLO KANTER,0.2002
3,weak_class,EXP-1.1,Otros Gastos RRHH,COMPRAS,soporte policarbonato transparente,SOPORTE POLICARBONATO TRANSPARENTE -@,SOPORTE POLICARBONATO TRANSPARENTE -@,DORIS IVONNE CASTILLO KANTER,0.4152
3,weak_class,EXP-1.1,Otros Gastos RRHH,COMPRAS,valvula compacta hi 1,VALVULA COMPACTA HI 1 -@,VALVULA COMPACTA HI 1 -@,DORIS IVONNE CASTILLO KANTER,0.226
3,weak_class,EXP-10.4,Otros Gastos Lecheria,COMPRAS,guardacabos plastico,GUARDACABOS PLASTICO,,GEA Farm Technologies Osorno Ltda.,0.5207
3,weak_class,EXP-10.4,Otros Gastos Lecheria,COMPRAS,tapa colector 300 cc sin cierre,TAPA COLECTOR 300 CC. SIN CIERRE,,GEA Farm Technologies Osorno Ltda.,0.9383
3,weak_class,EXP-11.5,Gas,COMPRAS,carga gas 15 kg,CARGA GAS 15 KG,,RICARDO GERMAN OSWALD BUCHNER,0.9565
3,weak_class,EXP-11.5,Gas,COMPRAS,gas refrigerante 404 a,GAS REFRIGERANTE 404-A,,SOCIEDAD COMERCIAL SERLAC CHILE S.A.,0.8124
3,weak_class,EXP-15.2,Servicios Veterinarios,COMPRAS,traslado de vaquillas,Traslado de vaquillas,desde Bramadero a El Maitén,JUAN ANGEL ANIBAL VERGARA OBANDO,0.5442
3,weak_class,EXP-6.1,Fosforo,COMPRAS,trasl fertilizadora,TRASL. FERTILIZADORA,DESDE MAITEN A YUTRECO,LUIS ANTONIO TORRES JARAMILLO,0.5078
3,weak_class,EXP-6.3,Cal,COMPRAS,fundo chapicahuin,FUNDO CHAPICAHUIN,APLICACION CAL 242 TON,SERVICIOS AGRICOLAS CORPAL SPA,0.9634
3,weak_class,EXP-6.3,Cal,COMPRAS,fundo raices,FUNDO RAICES,APLICACION CAL 42 TON,SERVICIOS AGRICOLAS CORPAL SPA,0.9815
3,weak_class,EXP-8.2,Pradera Rotacion Corta,COMPRAS,semilla ballica forge agr x 25 kg,SEMILLA BALLICA FORGE AGR X 25 KG,SEMILLA BALLICA FORGE AGR X 25 KG,COOPERATIVA AGRICOLA Y LECHERA DE LA UNION LTDA.,0.6156
3,weak_class,EXP-8.3,Repoblamiento,COMPRAS,rodon,RODON,,PRESTACIONES DE SERVICIOS AGRICOLAS EL SIERVO LIMITADA,0.6796
2,client_examples_conflict_with_glove_taxonomy,EXP-16.1,Ropa y Herramientas de Trabajo,COMPRAS,guante ordena nitrilo soflo bio largo talla m caja 100u,Guante Ordeña Nitrilo Soflo Bio Largo Talla M (Caja 100u),,SOCIEDAD COMERCIAL SOFLO SPA,0.7501
2,client_examples_conflict_with_glove_taxonomy,EXP-16.1,Ropa y Herramientas de Trabajo,COMPRAS,guante ordena nitrilo soflo bio largo talla s caja 100u,Guante Ordeña Nitrilo Soflo Bio Largo Talla S (Caja 100u),,SOCIEDAD COMERCIAL SOFLO SPA,0.6761
2,electricity_requires_exact_meter_or_lookup,EXP-11.1,Electricidad Lecheria,COMPRAS,electrico,electrico,Normalizacion de ducto y cable de señal de bomba de agua,A&C ELECTRICIDAD LIMITADA,0.4257
2,electricity_requires_exact_meter_or_lookup,EXP-11.1,Electricidad Lecheria,COMPRAS,instalacion electrica,Instalacion electrica,Anticipo Instalacion electrica de iluminacion y enchufes en galpon y taller,A&C ELECTRICIDAD LIMITADA,0.4387
2,electricity_requires_exact_meter_or_lookup,EXP-11.1,Electricidad Lecheria,COMPRAS,servicio inst electrica,SERVICIO INST. ELECTRICA,,ERWIN RAMIRO AGUILEF PINUER,0.796
2,electricity_requires_exact_meter_or_lookup,EXP-14.4,Mantencion Instalaciones,COMPRAS,materiales electricos,MATERIALES ELECTRICOS,,ERWIN RAMIRO AGUILEF PINUER,0.6628
2,electricity_requires_exact_meter_or_lookup,EXP-9.1,Energia Electrica Riego,COMPRAS,electricidad consumida,Electricidad Consumida,,Sociedad Austral de Electricidad SA,0.5585
2,electricity_requires_exact_meter_or_lookup,EXP-9.1,Energia Electrica Riego,COMPRAS,transporte de electricidad,Transporte de Electricidad,,Sociedad Austral de Electricidad SA,0.4598
2,fertilizer_type_requires_review,EXP-6.5,Otros Fertilizantes,COMPRAS,aplicacion fertilizante,APLICACION FERTILIZANTE,YUTRECO UREA 192 HA mas 43 HA aplicación Urea,SERVICIOS AGRICOLAS CORPAL SPA,0.6701
2,generic_item_name_requires_review,EXP-13.2,Mantencion Motos,COMPRAS,item,Item,SERVICIOS~ REPARACION MOTOR-BLOCK 6405,SALINAS Y FABRES S.A.,0.6534
2,generic_item_name_requires_review,EXP-14.4,Mantencion Instalaciones,COMPRAS,traslado,Traslado,,MANTENCION INDUSTRIAL DEL SUR LIMITADA,0.6021
2,irrigation_context_conflicts_with_prediction,EXP-11.1,Electricidad Lecheria,COMPRAS,,.,"Servicios revision tableros electricos, reparaciones, puestas en marcha, mantencion bombas fertiriego, repuestos k-line fundo maiten,yutreco y raices",COOPERATIVA AGRICOLA Y DE SERVICIOS LTDA,0.5003
2,item_name_carries_no_classifiable_text,EXP-13.1,Mantencion Maquinaria,COMPRAS,61891841,61891841,27054,HDI SEGUROS S.A.,0.7342
2,liquidacion_dte43_requires_client_category,ADM-1.6,Utiles y gastos de oficina.,COMPRAS,vaca carnaza,VACA CARNAZA,NEG-YERZ-EXP-ATR,Tattersall Ganado S.A.,0.1374
2,liquidacion_dte43_requires_client_category,EXP-1.1,Otros Gastos RRHH,COMPRAS,vaca carnaza,VACA CARNAZA,CLV/8 EXPO,Tattersall Ganado S.A.,0.1257
2,liquidacion_dte43_requires_client_category,EXP-10.1,Mantencion Sala,COMPRAS,vaquilla gorda,VAQUILLA GORDA,YERS/2/4OT C EXP,Tattersall Ganado S.A.,0.1759
2,liquidacion_dte43_requires_client_category,EXP-14.1,Mantencion Caminos,COMPRAS,006 vaca s export jers cab lomo,006 VACA(S) EXPORT. JERS CAB . LOMO,58-1|58,FERIA GANADEROS OSORNO S.A.,0.2094
2,low_confidence,ADM-1.2,Comunicaciones e Internet,COMPRAS,costo de envio,Costo de envio,,MercadoLibre Chile LTDA,0.4279
2,low_confidence,ADM-1.2,Comunicaciones e Internet,COMPRAS,traslado de personal,TRASLADO DE PERSONAL,DE FUTRONO A FUNDO MAITEN,CONSTRUCTORA DSL SPA,0.569
2,low_confidence,ADM-1.2,Comunicaciones e Internet,COMPRAS,tvzc tornillo volcanita zinc 3 cj 100un,TVZC TORNILLO VOLCANITA ZINC 3 CJ 100UN -@,TVZC TORNILLO VOLCANITA ZINC 3 CJ 100UN -@,DORIS IVONNE CASTILLO KANTER,0.6165
2,low_confidence,ADM-1.2,Comunicaciones e Internet,COMPRAS,vision clara manzana sonax 250ml,VISION CLARA MANZANA SONAX 250ML,VISION CLARA MANZANA SONAX 250ML,COOPERATIVA AGRICOLA Y LECHERA DE LA UNION LTDA.,0.6937
2,low_confidence,ADM-1.4,Movilizacion,COMPRAS,servicio instalacion,SERVICIO INSTALACION,GASFITERIA Y ARTEFACTOS Referencia: Cotizacion N°27,ERWIN RAMIRO AGUILEF PINUER,0.6243
2,low_confidence,ADM-1.4,Movilizacion,COMPRAS,servicios de gasfiteria,Servicios de gasfiteria,Trabajos de instalacion de monomando lavamanos e instalacion de calefont nuevo.,CESAR ANDRES YANEZ SOTO,0.554
2,low_confidence,ADM-1.6,Utiles y gastos de oficina.,COMPRAS,aceites natu,ACEITES NATU,UN 0000,ADMIN. DE SUPERMERCADOS HIPER LIMITADA,0.2806
2,low_confidence,ADM-1.6,Utiles y gastos de oficina.,COMPRAS,alusweetal,ALUSWEETAL,UN 0000,ADMIN. DE SUPERMERCADOS HIPER LIMITADA,0.2276
2,low_confidence,ADM-1.6,Utiles y gastos de oficina.,COMPRAS,basurero,BASURERO,UN 0000,ADMIN. DE SUPERMERCADOS HIPER LIMITADA,0.1898
2,low_confidence,ADM-1.6,Utiles y gastos de oficina.,COMPRAS,bolsa bano,BOLSA BANO,UN 0000@@Precio Antes Ahora#D#403,ADMIN. DE SUPERMERCADOS HIPER LIMITADA,0.2256
2,low_confidence,ADM-1.6,Utiles y gastos de oficina.,COMPRAS,bolsa basura 80x110 superior 10 un,BOLSA BASURA 80X110 SUPERIOR 10 UN,2.0 x 1 UN $1720 Bruto/$1445.5 Neto,RENDIC HERMANOS S.A.,0.6224
2,low_confidence,ADM-1.6,Utiles y gastos de oficina.,COMPRAS,brownie premiun nutrabien 250 gr,BROWNIE PREMIUN NUTRABIEN 250 GR,1.0 x 1 UN $2790 Bruto/$2345.0 Neto,RENDIC HERMANOS S.A.,0.33
2,low_confidence,ADM-1.6,Utiles y gastos de oficina.,COMPRAS,cerrojo candado 8p horizontal gris mutel,CERROJO CANDADO 8P HORIZONTAL GRIS MUTEL -@,CERROJO CANDADO 8P HORIZONTAL GRIS MUTEL -@,DORIS IVONNE CASTILLO KANTER,0.1281
2,low_confidence,ADM-1.6,Utiles y gastos de oficina.,COMPRAS,chorizo parr,CHORIZO PARR,UN 0000,ADMIN. DE SUPERMERCADOS HIPER LIMITADA,0.2348
2,low_confidence,ADM-1.6,Utiles y gastos de oficina.,COMPRAS,cinta teflon maestro 3 4 041704003 taumm,CINTA TEFLON MAESTRO 3/4 041704003 TAUMM -@,CINTA TEFLON MAESTRO 3/4 041704003 TAUMM -@,DORIS IVONNE CASTILLO KANTER,0.2825
2,low_confidence,ADM-1.6,Utiles y gastos de oficina.,COMPRAS,coca cola desechable 591 cc,COCA COLA DESECHABLE 591 CC,1.0 x 1 UN $1210 Bruto/$883.0 Neto,RENDIC HERMANOS S.A.,0.7249
2,low_confidence,ADM-1.6,Utiles y gastos de oficina.,COMPRAS,collarin polipropileno 63mmx3 4,COLLARIN POLIPROPILENO 63MMX3 4 -@,COLLARIN POLIPROPILENO 63MMX3 4 -@,DORIS IVONNE CASTILLO KANTER,0.2002
2,low_confidence,ADM-1.6,Utiles y gastos de oficina.,COMPRAS,confec 01 mang hidra 3 47 8 r16 cub 46 delgada,CONFEC 01 MANG HIDRA 3&#47;8 R16 CUB&#46; DELGADA,,SERGIO GUILLERMO LOEBEL PUSCHEL,0.2732
2,low_confidence,ADM-1.6,Utiles y gastos de oficina.,COMPRAS,copla compresion 40mm irritec,Copla Compresión 40mm Irritec,,SERVICIOS PUELCHE SPA,0.2029
2,low_confidence,ADM-1.6,Utiles y gastos de oficina.,COMPRAS,copla compresion 50mm arangul,Copla Compresión 50mm Arangül,,SERVICIOS PUELCHE SPA,0.2362
2,low_confidence,ADM-1.6,Utiles y gastos de oficina.,COMPRAS,deducible,DEDUCIBLE,,COMERCIAL E INVERSIONES SERVICID LTDA.,0.3311
2,low_confidence,ADM-1.6,Utiles y gastos de oficina.,COMPRAS,desarrollo plataforma,Desarrollo Plataforma,Desarrollo y automatización plataforma de OC y facturación para Antillanca,MOUNTAIN CREATIVE SPA,0.2718
2,low_confidence,ADM-1.6,Utiles y gastos de oficina.,COMPRAS,donuts orang,DONUTS ORANG,UN 0003,ADMIN. DE SUPERMERCADOS HIPER LIMITADA,0.2424
2,low_confidence,ADM-1.6,Utiles y gastos de oficina.,COMPRAS,galleta bipack triton vainilla 2x95g,GALLETA BIPACK TRITON VAINILLA 2X95G,,CENCOSUD RETAIL S.A.,0.4986
2,low_confidence,ADM-1.6,Utiles y gastos de oficina.,COMPRAS,galleta triton vainilla 3 x 116 grs,GALLETA TRITON VAINILLA 3 X 116 GRS,,COMERCIAL AMAR HNOS. Y CIA. LTDA,0.434
2,low_confidence,ADM-1.6,Utiles y gastos de oficina.,COMPRAS,gret pie lim,GRET PIE LIM,UN 0003,ADMIN. DE SUPERMERCADOS HIPER LIMITADA,0.1869
2,low_confidence,ADM-1.6,Utiles y gastos de oficina.,COMPRAS,hoja sierra manual sandflex 12 300mm bahco,HOJA SIERRA MANUAL SANDFLEX 12 300MM BAHCO -@,HOJA SIERRA MANUAL SANDFLEX 12 300MM BAHCO -@,DORIS IVONNE CASTILLO KANTER,0.2747
2,low_confidence,ADM-1.6,Utiles y gastos de oficina.,COMPRAS,limp mult cr c microp cif 750gr limon,"LIMP MULT CR C MICROP CIF 750GR, LIMON",1.0 x 1 UN $2990 Bruto/$2512.0 Neto,RENDIC HERMANOS S.A.,0.7059
2,low_confidence,ADM-1.6,Utiles y gastos de oficina.,COMPRAS,n curva sanitaria gris 40 x 45,Ñ-CURVA SANITARIA GRIS 40 X 45 -@,Ñ-CURVA SANITARIA GRIS 40 X 45 -@,DORIS IVONNE CASTILLO KANTER,0.2418
2,low_confidence,ADM-1.6,Utiles y gastos de oficina.,COMPRAS,nectar duraz,NECTAR DURAZ,UN 0000@@Lleve N x $#D#244,ADMIN. DE SUPERMERCADOS HIPER LIMITADA,0.6444
2,low_confidence,ADM-1.6,Utiles y gastos de oficina.,COMPRAS,nectar naran,NECTAR NARAN,UN 0000,ADMIN. DE SUPERMERCADOS HIPER LIMITADA,0.5726
2,low_confidence,ADM-1.6,Utiles y gastos de oficina.,COMPRAS,nescafe210g,NESCAFE210G,UN 0000,ADMIN. DE SUPERMERCADOS HIPER LIMITADA,0.2554
2,low_confidence,ADM-1.6,Utiles y gastos de oficina.,COMPRAS,papel higienico 50m pack 24u,PAPEL HIGIENICO 50M PACK 24U,,SODIMAC S.A.,0.398
2,low_confidence,ADM-1.6,Utiles y gastos de oficina.,COMPRAS,pino 2 x 3 x 3 20mts,PINO 2 X 3 X 3 20MTS -@,PINO 2 X 3 X 3 20MTS -@,DORIS IVONNE CASTILLO KANTER,0.1893
2,low_confidence,ADM-1.6,Utiles y gastos de oficina.,COMPRAS,pino ipv dim 3x3x3 20m,"PINO IPV DIM 3X3X3,20M","PINO IPV DIM 3X3X3,20M",MADERAS DE EXPORTACION DOS S.A,0.4074
2,low_confidence,ADM-1.6,Utiles y gastos de oficina.,COMPRAS,pouche laminar carta 229 x 292 mm x 125 mic x 100 hj diazol,POUCHE LAMINAR CARTA 229 X 292 MM X 125 MIC X 100 HJ. DIAZOL,POUCHE LAMINAR CARTA 229 X 292 MM X 125 MIC X 100 HJ. DIAZOL,CENTRO DE COPIADO DIGITAL SPA,0.2729
2,low_confidence,ADM-1.6,Utiles y gastos de oficina.,COMPRAS,queque brownie s azucar nutrabien 250 gr,QUEQUE BROWNIE S AZUCAR NUTRABIEN 250 GR,1.0 x 1 UN $2950 Bruto/$2479.0 Neto,RENDIC HERMANOS S.A.,0.2372
2,low_confidence,ADM-1.6,Utiles y gastos de oficina.,COMPRAS,queso gauda colun ranco lam 150 gr,QUESO GAUDA COLUN RANCO LAM 150 GR,,CENCOSUD RETAIL S.A.,0.1953
2,low_confidence,ADM-1.6,Utiles y gastos de oficina.,COMPRAS,salida estanque 110 x 4,-SALIDA ESTANQUE 110 X 4 -@,-SALIDA ESTANQUE 110 X 4 -@,DORIS IVONNE CASTILLO KANTER,0.2281
2,low_confidence,ADM-1.6,Utiles y gastos de oficina.,COMPRAS,seguro,SEGURO,,COMERCIAL E INVERSIONES SERVICID LTDA.,0.2212
2,low_confidence,ADM-1.6,Utiles y gastos de oficina.,COMPRAS,sellador sikaflex 11fc blanco purform 300 ml,SELLADOR SIKAFLEX-11FC BLANCO PURFORM 300 ML -@,SELLADOR SIKAFLEX-11FC BLANCO PURFORM 300 ML -@,DORIS IVONNE CASTILLO KANTER,0.5159
2,low_confidence,ADM-1.6,Utiles y gastos de oficina.,COMPRAS,servicio siembra,Servicio Siembra,,BENEDICTO NOLBERTO GUTIERREZ RIVERA,0.2386
2,low_confidence,ADM-1.6,Utiles y gastos de oficina.,COMPRAS,servicios,SERVICIOS,SUMINISTRO TUBOS 380 MM,GEO PARTNER SPA,0.3516
2,low_confidence,ADM-1.6,Utiles y gastos de oficina.,COMPRAS,tauto fina 2 1 2 tornillo autoperf fina caja 100 un,TAUTO-FINA 2 1 2 TORNILLO AUTOPERF FINA CAJA 100 UN -@,TAUTO-FINA 2 1 2 TORNILLO AUTOPERF FINA CAJA 100 UN -@,DORIS IVONNE CASTILLO KANTER,0.2764
2,low_confidence,ADM-1.6,Utiles y gastos de oficina.,COMPRAS,terminal conector rapido 1 2 3 4 gardtech,TERMINAL CONECTOR RAPIDO 1/2-3/4 GARDTECH -@,TERMINAL CONECTOR RAPIDO 1/2-3/4 GARDTECH -@,DORIS IVONNE CASTILLO KANTER,0.2382
2,low_confidence,ADM-1.6,Utiles y gastos de oficina.,COMPRAS,tira canal 50x25x 3mm,TIRA CANAL 50X25X 3MM -@,TIRA CANAL 50X25X 3MM -@,DORIS IVONNE CASTILLO KANTER,0.6007
2,low_confidence,ADM-1.6,Utiles y gastos de oficina.,COMPRAS,valvula compacta hi 2 era,VALVULA COMPACTA HI 2 ERA-@,VALVULA COMPACTA HI 2 ERA-@,DORIS IVONNE CASTILLO KANTER,0.2808
2,low_confidence,ADM-1.6,Utiles y gastos de oficina.,COMPRAS,zinc 5v tingle 0 35 x 2 5 mt,ZINC 5V TINGLE 0 35 X 2 5 MT -@,ZINC 5V TINGLE 0 35 X 2 5 MT -@,DORIS IVONNE CASTILLO KANTER,0.2826
2,low_confidence,ADM-1.6,Utiles y gastos de oficina.,COMPRAS,zinc techo acanalado 0 35 x 3 66,ZINC TECHO ACANALADO 0 35 X 3 66 -@,ZINC TECHO ACANALADO 0 35 X 3 66 -@,DORIS IVONNE CASTILLO KANTER,0.2089
2,low_confidence,ADM-1.7,Otros Gastos Administracion,COMPRAS,opcion de compra del contrato no16380 1,Opcion de compra del contrato Nº16380-1,01 ESTANQUE ENFRIADOR DE LECHE CAPACIDAD 15.000 LITROS (ELÍPTICO) MODELO FIRST SE TRIFASICO 50HZ SISTEMA DE LAVADO AUTOMÁTICO MARCA SERAP INCLUYE MODELO DE PANEL DE MANDO E INFORMACIONES RAINBOW PROCEDENCIA FRANCIA Serie :. Ano :2019,BANCO BICE,0.5693
2,low_confidence,ADM-1.7,Otros Gastos Administracion,COMPRAS,peajes periodo cn,Peajes periodo CN,,Sociedad Concesionaria Costanera Norte S.A.,0.3831
2,low_confidence,ADM-1.7,Otros Gastos Administracion,COMPRAS,transito infractor,TRANSITO_INFRACTOR,,SOCIEDAD CONCESIONARIA RUTA 5 CHILLAN-COLLIPULLI S.A.,0.3666
2,low_confidence,ADM-1.7,Otros Gastos Administracion,COMPRAS,valor exento afectado,Valor Exento Afectado,,COOP RURAL ELECTRICA RIO BUENO LIMITADA,0.3939
2,low_confidence,ADM-1.8,Asesoria Contable,COMPRAS,inscripcion jornadas tecnicas 2025,INSCRIPCION JORNADAS TECNICAS 2025,,COOPERATIVA AGRICOLA Y DE SERVICIOS LTDA,0.234
2,low_confidence,ADM-2.1,Seguros Vehiculos,COMPRAS,servicios,SERVICIOS,CONFECCION CAMINO NUEVO,GEO PARTNER SPA,0.29
2,low_confidence,EXP-10.1,Mantencion Sala,COMPRAS,acompanamiento,Acompañamiento,,HSV SPA,0.4573
2,low_confidence,EXP-10.1,Mantencion Sala,COMPRAS,boton pulsador c capuchon 22mm rojo,BOTON PULSADOR C/CAPUCHON 22MM ROJO,,GEA Farm Technologies Osorno Ltda.,0.4895
2,low_confidence,EXP-10.1,Mantencion Sala,COMPRAS,casco ghb talla l,CASCO GHB TALLA L,,SOCIEDAD IBACACHE-VINOLY LIMITADA,0.2561
2,low_confidence,EXP-10.1,Mantencion Sala,COMPRAS,chapaleta bomba de leche 1 1 1 5,CHAPALETA BOMBA DE LECHE 1.1/1.5,,GEA Farm Technologies Osorno Ltda.,0.5166
2,low_confidence,EXP-10.1,Mantencion Sala,COMPRAS,control malezas,Control Malezas,,SERVICIOS AGRICOLAS SCHUCK SPA,0.1278
2,low_confidence,EXP-10.1,Mantencion Sala,COMPRAS,copla goma 50 mm,COPLA GOMA 50 MM.,,GEA Farm Technologies Osorno Ltda.,0.3887
2,low_confidence,EXP-10.1,Mantencion Sala,COMPRAS,correa bx 70,CORREA BX-70,,GEA Farm Technologies Osorno Ltda.,0.4047
2,low_confidence,EXP-10.1,Mantencion Sala,COMPRAS,distribuidor de aire del colector,DISTRIBUIDOR DE AIRE DEL COLECTOR,,GEA Farm Technologies Osorno Ltda.,0.5462
2,low_confidence,EXP-10.1,Mantencion Sala,COMPRAS,eaa linea prof satin base r gl,EAA LINEA PROF SATIN BASE R GL.,SW-6790,SHERWIN WILLIAMS CHILE S A,0.3116
2,low_confidence,EXP-10.1,Mantencion Sala,COMPRAS,filtro leche 75 mm 800 se 200 un,FILTRO LECHE 75 MM * 800 SE - 200 UN,,HGS DAIRY SOLUTIONS SPA,0.4659
2,low_confidence,EXP-10.1,Mantencion Sala,COMPRAS,golilla plan corri 1 2 69x1k,"GOLILLA PLAN.CORRI. 1/2"" (69X1K)",,FERIA REMEHUE LTDA.,0.177
2,low_confidence,EXP-10.1,Mantencion Sala,COMPRAS,guia de manga,GUIA DE MANGA,,GEA Farm Technologies Osorno Ltda.,0.6395
2,low_confidence,EXP-10.1,Mantencion Sala,COMPRAS,helice de bomba leche 1 1 kw,HELICE DE BOMBA LECHE 1.1 KW,,GEA Farm Technologies Osorno Ltda.,0.5923
2,low_confidence,EXP-10.1,Mantencion Sala,COMPRAS,hora tecnica lh,HORA TECNICA LH,,GEA Farm Technologies Osorno Ltda.,0.6876
2,low_confidence,EXP-10.1,Mantencion Sala,COMPRAS,instalacion de equipos de refrigeracion,INSTALACION DE EQUIPOS DE REFRIGERACION,,SOCIEDAD COMERCIAL SERLAC CHILE S.A.,0.4143
2,low_confidence,EXP-10.1,Mantencion Sala,COMPRAS,kit para servicio tecnico lavado c var circulation 3 way valve,KIT PARA SERVICIO TECNICO-LAVADO (C) VAR CIRCULATION 3-WAY VALVE,,GEA Farm Technologies Osorno Ltda.,0.6475
2,low_confidence,EXP-10.1,Mantencion Sala,COMPRAS,kit para servicio tecnico lavado c var compass plus 3 p1200,"KIT PARA SERVICIO TECNICO - LAVADO (C) VAR., Compass Plus 3, P1200",,GEA Farm Technologies Osorno Ltda.,0.5511
2,low_confidence,EXP-10.1,Mantencion Sala,COMPRAS,kit serv 4500 h valvula retencion bba leche 1 5 kw,KIT SERV 4500 H VALVULA RETENCION BBA LECHE 1.5 KW,,GEA Farm Technologies Osorno Ltda.,0.6607
2,low_confidence,EXP-10.1,Mantencion Sala,COMPRAS,manga doble vacio transp mt,MANGA DOBLE VACIO TRANSP./MT.,,GEA Farm Technologies Osorno Ltda.,0.7446
2,low_confidence,EXP-10.1,Mantencion Sala,COMPRAS,membrana visoflow metatron,MEMBRANA VISOFLOW METATRON,,GEA Farm Technologies Osorno Ltda.,0.5653
2,low_confidence,EXP-10.1,Mantencion Sala,COMPRAS,omo matic multiaccion pvo bolsa 13 7kg,OMO MATIC MULTIACCION PVO BOLSA 13.7KG,,EASY RETAIL S.A.,0.1668
2,low_confidence,EXP-10.1,Mantencion Sala,COMPRAS,oring racor sms 50 8 mm,"ORING RACOR SMS 50,8 MM",,GEA Farm Technologies Osorno Ltda.,0.6748
2,low_confidence,EXP-10.1,Mantencion Sala,COMPRAS,piola perlon 4mm de alta resistencia,PIOLA PERLON 4MM DE ALTA RESISTENCIA,,GEA Farm Technologies Osorno Ltda.,0.6245
2,low_confidence,EXP-10.1,Mantencion Sala,COMPRAS,reten vastago cilindro puerta,RETEN VASTAGO CILINDRO PUERTA,,GEA Farm Technologies Osorno Ltda.,0.667
2,low_confidence,EXP-10.1,Mantencion Sala,COMPRAS,sensor flotador cpl u f,SENSOR FLOTADOR CPL. U/F,,GEA Farm Technologies Osorno Ltda.,0.5171
2,low_confidence,EXP-10.1,Mantencion Sala,COMPRAS,servicio emergencia al,SERVICIO EMERGENCIA AL,,GEA Farm Technologies Osorno Ltda.,0.3783
2,low_confidence,EXP-10.1,Mantencion Sala,COMPRAS,sucursal easy la union a ignao,sucursal easy la union a ignao,,CRISTIAN MIGUEL MATAMALA NAVARRO,0.4761
2,low_confidence,EXP-10.1,Mantencion Sala,COMPRAS,tapa frontal metatron s21,TAPA FRONTAL METATRON S21,,GEA Farm Technologies Osorno Ltda.,0.4389
2,low_confidence,EXP-10.1,Mantencion Sala,COMPRAS,tee plansa 1 2 hoffens,"TEE PLANSA 1/2"" - HOFFENS","TEE PLANSA 1/2"" - HOFFENS",COMERCIAL HARCHA SPA,0.2405
2,low_confidence,EXP-10.1,Mantencion Sala,COMPRAS,teflon maestro 1,"TEFLON MAESTRO 1""",,COMERCIAL CLIMENT SPA,0.1706
2,low_confidence,EXP-10.3,Detergentes e higenizantes,COMPRAS,clorinda 2kg,CLORINDA 2KG,,COMERCIAL AMAR HNOS. Y CIA. LTDA,0.508
2,low_confidence,EXP-10.3,Detergentes e higenizantes,COMPRAS,lac 60 lts,LAC 60 LTS.,,GEA Farm Technologies Osorno Ltda.,0.4245
2,low_confidence,EXP-10.3,Detergentes e higenizantes,COMPRAS,sulfaquinoxalina 5 lt,SULFAQUINOXALINA 5 LT.,SULFAQUINOXALINA 5 LT.,COOPERATIVA AGRICOLA Y LECHERA DE LA UNION LTDA.,0.2936
2,low_confidence,EXP-11.4,Bencina,COMPRAS,aramco gasolina 93,Aramco Gasolina 93,"Aramco Gasolina 93@@Fecha 12/12/2025 Base 6.00 UTM/m3; 417,252; Variable 1 UTM/m3; 35,119",Esmax Distribucion SpA,0.585
2,low_confidence,EXP-12.1,Analisis Suelo y forraje,COMPRAS,analisis de leptospira,ANALISIS DE LEPTOSPIRA,,COOPERATIVA AGRICOLA Y DE SERVICIOS LTDA,0.5766
2,low_confidence,EXP-12.1,Analisis Suelo y forraje,COMPRAS,muestreo forraje,MUESTREO FORRAJE,,COOPERATIVA AGRICOLA Y DE SERVICIOS LTDA,0.6391
2,low_confidence,EXP-12.2,Analisis Animales,COMPRAS,amonio en agua,AMONIO EN AGUA,,COOPERATIVA AGRICOLA Y DE SERVICIOS LTDA,0.2011
2,low_confidence,EXP-12.2,Analisis Animales,COMPRAS,diarrea viral bovina ac elisa suero,DIARREA VIRAL BOVINA AC ELISA SUERO,,COOPERATIVA AGRICOLA Y DE SERVICIOS LTDA,0.3655
2,low_confidence,EXP-12.2,Analisis Animales,COMPRAS,enterococos en agua,ENTEROCOCOS EN AGUA,,COOPERATIVA AGRICOLA Y DE SERVICIOS LTDA,0.1324
2,low_confidence,EXP-13.1,Mantencion Maquinaria,COMPRAS,000370020,000370020,RECTIFICADO DE DISCO SIMPLE C.O.: 1313,CRUZ Y CIA. LTDA,0.5126
2,low_confidence,EXP-13.1,Mantencion Maquinaria,COMPRAS,aceite de cadena lts,ACEITE DE CADENA LTS,ACEITE DE CADENA LTS,LIDIA ANGELICA SANHUEZA FUENTES,0.4411
2,low_confidence,EXP-13.1,Mantencion Maquinaria,COMPRAS,aceite mezcla stihl p motosierras 1 lt,ACEITE MEZCLA STIHL P/MOTOSIERRAS 1 LT.,,COMERCIAL CLIMENT SPA,0.3717
2,low_confidence,EXP-13.1,Mantencion Maquinaria,COMPRAS,aq abrazadera aquapluv tigre,AQ-ABRAZADERA AQUAPLUV TIGRE -@,AQ-ABRAZADERA AQUAPLUV TIGRE -@,DORIS IVONNE CASTILLO KANTER,0.2399
2,low_confidence,EXP-13.1,Mantencion Maquinaria,COMPRAS,aq canaleta x 4mt aquapluv tigre,AQ-CANALETA X 4MT AQUAPLUV TIGRE -@,AQ-CANALETA X 4MT AQUAPLUV TIGRE -@,DORIS IVONNE CASTILLO KANTER,0.3107
2,low_confidence,EXP-13.1,Mantencion Maquinaria,COMPRAS,aq copla union canal aquapluv 125mm tigre,AQ-COPLA UNION CANAL AQUAPLUV 125MM TIGRE -@,AQ-COPLA UNION CANAL AQUAPLUV 125MM TIGRE -@,DORIS IVONNE CASTILLO KANTER,0.3301
2,low_confidence,EXP-13.1,Mantencion Maquinaria,COMPRAS,aq curva 60 aquapluv marron tigre,AQ-CURVA 60 AQUAPLUV MARRON TIGRE -@,AQ-CURVA 60 AQUAPLUV MARRON TIGRE -@,DORIS IVONNE CASTILLO KANTER,0.4079
2,low_confidence,EXP-13.1,Mantencion Maquinaria,COMPRAS,aq goma sello aquapluv tigre,AQ-GOMA SELLO AQUAPLUV TIGRE -@,AQ-GOMA SELLO AQUAPLUV TIGRE -@,DORIS IVONNE CASTILLO KANTER,0.4858
2,low_confidence,EXP-13.1,Mantencion Maquinaria,COMPRAS,aq tapa izquierda aquapluv tigre,AQ-TAPA IZQUIERDA AQUAPLUV TIGRE -@,AQ-TAPA IZQUIERDA AQUAPLUV TIGRE -@,DORIS IVONNE CASTILLO KANTER,0.174
2,low_confidence,EXP-13.1,Mantencion Maquinaria,COMPRAS,bateria alcalina 9v mn1604b duracell,BATERIA ALCALINA 9V MN1604B-DURACELL -@,BATERIA ALCALINA 9V MN1604B-DURACELL -@,DORIS IVONNE CASTILLO KANTER,0.3106
2,low_confidence,EXP-13.1,Mantencion Maquinaria,COMPRAS,bushing reduccion he hi 1 1 2 x 1,-BUSHING REDUCCION HE-HI 1 1 2 X 1 -@,-BUSHING REDUCCION HE-HI 1 1 2 X 1 -@,DORIS IVONNE CASTILLO KANTER,0.2238
2,low_confidence,EXP-13.1,Mantencion Maquinaria,COMPRAS,candado bash bce forjado cu g 60bl,CANDADO BASH BCE FORJADO CU G-60BL -@,CANDADO BASH BCE FORJADO CU G-60BL -@,DORIS IVONNE CASTILLO KANTER,0.2274
2,low_confidence,EXP-13.1,Mantencion Maquinaria,COMPRAS,carbolineo 1gl cun02cn,CARBOLINEO 1GL CUN02Cn,,SODIMAC S.A.,0.2115
2,low_confidence,EXP-13.1,Mantencion Maquinaria,COMPRAS,coco enganche 1 7 8 x 3 4pulgadas capacidad 2000 lbs,COCO ENGANCHE 1 7 8 X 3 4PULGADAS CAPACIDAD 2000 LBS -@,COCO ENGANCHE 1 7 8 X 3 4PULGADAS CAPACIDAD 2000 LBS -@,DORIS IVONNE CASTILLO KANTER,0.4828
2,low_confidence,EXP-13.1,Mantencion Maquinaria,COMPRAS,filtro aceite w 925 w 920 82,FILTRO ACEITE W-925 (W-920/82),,REPUESTOS BHC SPA,0.3644
2,low_confidence,EXP-13.1,Mantencion Maquinaria,COMPRAS,filtro mezcla ms170 210 250 39,FILTRO MEZCLA MS170 210 250 39,FILTRO MEZCLA MS170 210 250 39,LIDIA ANGELICA SANHUEZA FUENTES,0.267
2,low_confidence,EXP-13.1,Mantencion Maquinaria,COMPRAS,jamon pierna corte pluma rda 125g,JAMON PIERNA CORTE PLUMA RDA 125G,,CENCOSUD RETAIL S.A.,0.2871
2,low_confidence,EXP-13.1,Mantencion Maquinaria,COMPRAS,llave bola jardin pn16 de 1 2 x 3 4 genebre,LLAVE BOLA JARDIN PN16 DE 1 2 X 3 4 GENEBRE -@,LLAVE BOLA JARDIN PN16 DE 1 2 X 3 4 GENEBRE -@,DORIS IVONNE CASTILLO KANTER,0.2085
2,low_confidence,EXP-13.1,Mantencion Maquinaria,COMPRAS,llave bola jardin pn16 de 3 4 x 1 genebre,LLAVE BOLA JARDIN PN16 DE 3 4 X 1 GENEBRE -@,LLAVE BOLA JARDIN PN16 DE 3 4 X 1 GENEBRE -@,DORIS IVONNE CASTILLO KANTER,0.1946
2,low_confidence,EXP-13.1,Mantencion Maquinaria,COMPRAS,llave sacafiltros cadena 12 uyu ysd012,LLAVE SACAFILTROS CADENA 12 UYU YSD012 -@,LLAVE SACAFILTROS CADENA 12 UYU YSD012 -@,DORIS IVONNE CASTILLO KANTER,0.3266
2,low_confidence,EXP-13.1,Mantencion Maquinaria,COMPRAS,manguera espiralada amarilla 2,MANGUERA ESPIRALADA AMARILLA 2 -@,MANGUERA ESPIRALADA AMARILLA 2 -@,DORIS IVONNE CASTILLO KANTER,0.2923
2,low_confidence,EXP-13.1,Mantencion Maquinaria,COMPRAS,mano de obra calefont,MANO DE OBRA CALEFONT,,JORGEN HORACIO VEGA AGUILA,0.328
2,low_confidence,EXP-13.1,Mantencion Maquinaria,COMPRAS,mano de obra utilizada,MANO DE OBRA UTILIZADA,MANO DE OBRA UTILIZADA,Dercomaq S.P.A.,0.316
2,low_confidence,EXP-13.1,Mantencion Maquinaria,COMPRAS,mantencion extintores,MANTENCION EXTINTORES,MANTENCION EXTINTOR CO2 DE 06 KG,COMERCIAL V&P LIMITADA,0.3452
2,low_confidence,EXP-13.1,Mantencion Maquinaria,COMPRAS,mcpa 750 anasac anasac 10lt,MCPA 750 ANASAC -ANASAC_10LT___,ANASAC_10LT___,FEROSOR AGRICOLA S.A.,0.4159
2,low_confidence,EXP-13.1,Mantencion Maquinaria,COMPRAS,mobil grease xhp 222 pomo 400 grs 46,MOBIL GREASE XHP 222 POMO 400 GRS&#46;,,GUSTAVO ALONSO VALENZUELA CORNEJO,0.4997
2,low_confidence,EXP-13.1,Mantencion Maquinaria,COMPRAS,mt6 martillo m f v 20 oz bahco 428f 20 20oz 567g,MT6-MARTILLO M F V 20 OZ BAHCO 428F-20 20OZ-567G -@,MT6-MARTILLO M F V 20 OZ BAHCO 428F-20 20OZ-567G -@,DORIS IVONNE CASTILLO KANTER,0.284
2,low_confidence,EXP-13.1,Mantencion Maquinaria,COMPRAS,nova cl x150,NOVA CL X150,UN 0000,ADMIN. DE SUPERMERCADOS HIPER LIMITADA,0.407
2,low_confidence,EXP-13.1,Mantencion Maquinaria,COMPRAS,pila d2 blister x 2 duracell,PILA D2 BLISTER X 2 DURACELL -@,PILA D2 BLISTER X 2 DURACELL -@,DORIS IVONNE CASTILLO KANTER,0.2242
2,low_confidence,EXP-13.1,Mantencion Maquinaria,COMPRAS,reten,RETEN,,ENTRE RIEGOS DEL SUR SPA,0.2354
2,low_confidence,EXP-13.1,Mantencion Maquinaria,COMPRAS,rod ext masa rf 11 13,ROD EXT MASA RF 11/13,ROD EXT MASA RF 11/13,GALLAGHER CHILE SPA,0.2262
2,low_confidence,EXP-13.1,Mantencion Maquinaria,COMPRAS,rod int masa rf 11 13,ROD INT MASA RF 11/13,ROD INT MASA RF 11/13,GALLAGHER CHILE SPA,0.1282
2,low_confidence,EXP-13.1,Mantencion Maquinaria,COMPRAS,rodamiento rodillo auxiliar bandeja rf 6206,RODAMIENTO RODILLO AUXILIAR BANDEJA RF 6206,RODAMIENTO RODILLO AUXILIAR BANDEJA RF 6206,GALLAGHER CHILE SPA,0.3744
2,low_confidence,EXP-13.1,Mantencion Maquinaria,COMPRAS,stihl aceite sae 10w 30 motor 4 tiempos 600cc,STIHL ACEITE SAE 10W-30 MOTOR 4 TIEMPOS 600CC,STIHL ACEITE SAE 10W-30 MOTOR 4 TIEMPOS 600CC,INVERSIONES DEL RANCO SPA,0.297
2,low_confidence,EXP-13.1,Mantencion Maquinaria,COMPRAS,stihl filtro de aire mm 55 bt 121 fs 120 250 450,STIHL FILTRO DE AIRE MM 55 BT 121 FS 120-250-450,STIHL FILTRO DE AIRE MM 55 BT 121 FS 120-250-450,LIDIA ANGELICA SANHUEZA FUENTES,0.4747
2,low_confidence,EXP-13.1,Mantencion Maquinaria,COMPRAS,tuerca hex pu g 2 nc 1 2,TUERCA HEX. PU G-2 NC 1/2,,FERIA REMEHUE LTDA.,0.1548
2,low_confidence,EXP-13.1,Mantencion Maquinaria,COMPRAS,valvula bola compacta hi 1 2,VALVULA BOLA COMPACTA HI 1 2 -@,VALVULA BOLA COMPACTA HI 1 2 -@,DORIS IVONNE CASTILLO KANTER,0.1504
2,low_confidence,EXP-13.1,Mantencion Maquinaria,COMPRAS,valvula bola hi hi 1 taumm 060155000,VALVULA BOLA HI-HI 1 TAUMM 060155000 -@,VALVULA BOLA HI-HI 1 TAUMM 060155000 -@,DORIS IVONNE CASTILLO KANTER,0.1301
2,low_confidence,EXP-13.1,Mantencion Maquinaria,COMPRAS,valvula bola otra 1 hi hi taumm 060155002,VALVULA BOLA OTRA 1 HI-HI TAUMM 060155002 -@,VALVULA BOLA OTRA 1 HI-HI TAUMM 060155002 -@,DORIS IVONNE CASTILLO KANTER,0.1607
2,low_confidence,EXP-13.1,Mantencion Maquinaria,COMPRAS,valvula bola otra hi hi 2 taumm 060188002,VALVULA BOLA OTRA HI-HI 2 TAUMM 060188002 -@,VALVULA BOLA OTRA HI-HI 2 TAUMM 060188002 -@,DORIS IVONNE CASTILLO KANTER,0.1301
2,low_confidence,EXP-13.1,Mantencion Maquinaria,COMPRAS,vaso b 470cc,VASO B 470CC,UN 0000,ADMIN. DE SUPERMERCADOS HIPER LIMITADA,0.4001
2,low_confidence,EXP-13.2,Mantencion Motos,COMPRAS,dias moto potrero poncho,Dias moto potrero poncho,,CONSTRUCCIONES Y PRESTACIÓN DE SERVICIOS VICENTE DIOCARES E.I.R.L.,0.4283
2,low_confidence,EXP-13.2,Mantencion Motos,COMPRAS,kit rep motor hidr 50 80 315 460cc,KIT REP. MOTOR HIDR. 50/80/315/460CC,KIT REP. MOTOR HIDR. 50/80/315/460CC,GALLAGHER CHILE SPA,0.3894
2,low_confidence,EXP-13.2,Mantencion Motos,COMPRAS,reparacion camioneta,REPARACION CAMIONETA,FORD,SERVIVUL SPA,0.506
2,low_confidence,EXP-13.2,Mantencion Motos,COMPRAS,reparacion neumatico,reparacion neumatico,cuadrimoto con 3 gp03,CARLOS IVAN MEZA HERMOSILLA,0.334
2,low_confidence,EXP-13.2,Mantencion Motos,COMPRAS,rodamiento rodillo motor bandeja rf 25mm,RODAMIENTO RODILLO MOTOR BANDEJA RF 25MM,RODAMIENTO RODILLO MOTOR BANDEJA RF 25MM,GALLAGHER CHILE SPA,0.3432
2,low_confidence,EXP-13.3,Mantencion Vehiculos,COMPRAS,ats mono go1200 gta,ATS MONO GO1200 GTA,ATS MONO PARA GO1200 GTA,BOBINADOS INDUSTRIALES LONCOMILLA SPA,0.3321
2,low_confidence,EXP-13.3,Mantencion Vehiculos,COMPRAS,auto polf grande p b,AUTO POLF GRANDE P-B,,SERVIGEN LTDA,0.5447
2,low_confidence,EXP-13.3,Mantencion Vehiculos,COMPRAS,cinta 1000k 6mt 35mm camio pes,CINTA 1000K 6MT 35MM CAMIO PES,,SODIMAC S.A.,0.3507
2,low_confidence,EXP-13.3,Mantencion Vehiculos,COMPRAS,repuesto,REPUESTO,,Kaufmann S.A. Vehículos Motorizados,0.3468
2,low_confidence,EXP-13.3,Mantencion Vehiculos,COMPRAS,ser montaje balanceo auto camioneta,SER-MONTAJE & BALANCEO AUTO/CAMIONETA,SER-MONTAJE & BALANCEO AUTO/CAMIONETA,AUTOMOTRIZ SALFA SUR LIMITADA,0.209
2,low_confidence,EXP-13.3,Mantencion Vehiculos,COMPRAS,servicios varios,SERVICIOS VARIOS,SERVICIOS VARIOS,Servicios Bergström Limitada,0.1343
2,low_confidence,EXP-14.1,Mantencion Caminos,COMPRAS,disp toalla interfol elevation,DISP TOALLA INTERFOL ELEVATION,,SODIMAC S.A.,0.3182
2,low_confidence,EXP-14.1,Mantencion Caminos,COMPRAS,mecanica,MECANICA,,COMERCIAL E INVERSIONES SERVICID LTDA.,0.3835
2,low_confidence,EXP-14.1,Mantencion Caminos,COMPRAS,peaje autopista central,Peaje Autopista Central,,SOC CONCESIONARIA AUTOPISTA CENTRAL S A,0.3621
2,low_confidence,EXP-14.1,Mantencion Caminos,COMPRAS,servicio grua,SERVICIO GRÚA,"Traslado Ford Ranger TYLD-93, Sector Pelleco - Taller Difor, Osorno",RENT A CAR Y GRUAS VIVE SPA,0.4855
2,low_confidence,EXP-14.1,Mantencion Caminos,COMPRAS,servicios,SERVICIOS,MAICILLO A ALCANTARILLAS YUTRECO,GEO PARTNER SPA,0.4293
2,low_confidence,EXP-14.1,Mantencion Caminos,COMPRAS,trabajo fuera taller,TRABAJO FUERA TALLER,,Kaufmann S.A. Vehículos Motorizados,0.2869
2,low_confidence,EXP-14.1,Mantencion Caminos,COMPRAS,trabajos en maestranza,TRABAJOS EN MAESTRANZA,TRABAJOS EN MAESTRANZA,GALLAGHER CHILE SPA,0.2349
2,low_confidence,EXP-14.1,Mantencion Caminos,COMPRAS,traslado de oficina easy la union destino la union materiales varios,traslado de oficina easy la union destino la union...materiales varios,,CRISTIAN MIGUEL MATAMALA NAVARRO,0.3887
2,low_confidence,EXP-14.2,Mantencion Cercos,COMPRAS,abrazadera cremallera 12 22 mm acero inox,ABRAZADERA CREMALLERA 12-22 MM ACERO INOX.,,SOCIEDAD COMERCIAL SERLAC CHILE S.A.,0.5191
2,low_confidence,EXP-14.2,Mantencion Cercos,COMPRAS,abrazadera manguera 1 2 p 13mm a 19mm ab 4 ab 6,ABRAZADERA MANGUERA 1/2 P 13MM A 19MM AB-4 AB-6 -@,ABRAZADERA MANGUERA 1/2 P 13MM A 19MM AB-4 AB-6 -@,DORIS IVONNE CASTILLO KANTER,0.5596
2,low_confidence,EXP-14.2,Mantencion Cercos,COMPRAS,abrazadera omega 25mm,ABRAZADERA OMEGA 25MM -@,ABRAZADERA OMEGA 25MM -@,DORIS IVONNE CASTILLO KANTER,0.4278
2,low_confidence,EXP-14.2,Mantencion Cercos,COMPRAS,abrazadera sebcor 1 1 2,"ABRAZADERA SEBCOR 1.1/2""","ABRAZADERA SEBCOR 1.1/2""",COMERCIAL HARCHA SPA,0.4406
2,low_confidence,EXP-14.2,Mantencion Cercos,COMPRAS,amarra blanca 700x8mm 50und cu,AMARRA BLANCA 700X8MM 50UND CU,,SODIMAC S.A.,0.6138
2,low_confidence,EXP-14.2,Mantencion Cercos,COMPRAS,camara 11 5 80 x 15 3,"CAMARA 11,5/80 X 15,3","CAMARA 11,5/80 X 15,3",COOPERATIVA AGRICOLA Y LECHERA DE LA UNION LTDA.,0.2993
2,low_confidence,EXP-14.2,Mantencion Cercos,COMPRAS,cinta legtail tape 25 mt rojo,CINTA LEGTAIL TAPE 25 MT ROJO -____,____,FEROSOR AGRICOLA S.A.,0.2586
2,low_confidence,EXP-14.2,Mantencion Cercos,COMPRAS,clavo corriente 3 x 10 kg,"CLAVO CORRIENTE 3"" X 10 (KG)",,COMERCIAL CLIMENT SPA,0.3494
2,low_confidence,EXP-14.2,Mantencion Cercos,COMPRAS,clavo corriente 4 x 8 kg oferta,"CLAVO CORRIENTE 4"" X 8 (KG) ""OFERTA""",,COMERCIAL CLIMENT SPA,0.3432
2,low_confidence,EXP-14.2,Mantencion Cercos,COMPRAS,dias galpon,Días galpon,,CONSTRUCCIONES Y PRESTACIÓN DE SERVICIOS VICENTE DIOCARES E.I.R.L.,0.6586
2,low_confidence,EXP-14.2,Mantencion Cercos,COMPRAS,heliflex liviana c anillo 4 100mm,"HELIFLEX LIVIANA C/ANILLO 4"" (100MM)",,COMERCIAL CLIMENT SPA,0.2713
2,low_confidence,EXP-14.2,Mantencion Cercos,COMPRAS,llave stillson 12 llpw1012 hammerbit,"LLAVE STILLSON 12"" LLPW1012 HAMMERBIT",,COMERCIAL CLIMENT SPA,0.2433
2,low_confidence,EXP-14.2,Mantencion Cercos,COMPRAS,malla acma c 92 c e 15x15 5 metros largo 2 60 alto,MALLA ACMA C-92 C E 15X15 5 METROS LARGO- 2 60 ALTO -@,MALLA ACMA C-92 C E 15X15 5 METROS LARGO- 2 60 ALTO -@,DORIS IVONNE CASTILLO KANTER,0.2675
2,low_confidence,EXP-14.2,Mantencion Cercos,COMPRAS,salida estanque cem 63 x 2,-SALIDA ESTANQUE CEM 63 X 2 -@,-SALIDA ESTANQUE CEM 63 X 2 -@,DORIS IVONNE CASTILLO KANTER,0.2358
2,low_confidence,EXP-14.2,Mantencion Cercos,COMPRAS,serap empaquetadura 160mm v vaciado,SERAP EMPAQUETADURA 160MM V.VACIADO,,SOCIEDAD COMERCIAL SERLAC CHILE S.A.,0.329
2,low_confidence,EXP-14.2,Mantencion Cercos,COMPRAS,smartside r8v 11 1mm 122x244cm,"SMARTSIDE R8V 11,1MM 122X244CM",,SODIMAC S.A.,0.263
2,low_confidence,EXP-14.2,Mantencion Cercos,COMPRAS,tauto broca 2 1 2 tornillo autoperf broca caja 100 un,TAUTO-BROCA 2 1 2 TORNILLO AUTOPERF BROCA CAJA 100 UN -@,TAUTO-BROCA 2 1 2 TORNILLO AUTOPERF BROCA CAJA 100 UN -@,DORIS IVONNE CASTILLO KANTER,0.3299
2,low_confidence,EXP-14.2,Mantencion Cercos,COMPRAS,terciado estr pino 18mm122x244,TERCIADO ESTR PINO 18MM122X244,,SODIMAC S.A.,0.4495
2,low_confidence,EXP-14.2,Mantencion Cercos,COMPRAS,tornillo volcanita zinc 6 x 2 100un,"TORNILLO VOLCANITA ZINC. 6 X 2"" (100UN)",,COMERCIAL CLIMENT SPA,0.6408
2,low_confidence,EXP-14.2,Mantencion Cercos,COMPRAS,union alambre correa lateral 0 95metros,UNION ALAMBRE CORREA LATERAL (0.95METROS),UNION ALAMBRE CORREA LATERAL (0.95METROS),GALLAGHER CHILE SPA,0.72
2,low_confidence,EXP-14.3,Mantencion Agua y Purines,COMPRAS,abrazadera crem 3 4 16 25,"ABRAZADERA CREM. 3/4"" (16-25)",,COMERCIAL CLIMENT SPA,0.3575
2,low_confidence,EXP-14.3,Mantencion Agua y Purines,COMPRAS,adaptador so hi p termofusion 20 x 1 2,ADAPTADOR SO HI P/TERMOFUSION 20 X 1/2,,COMERCIAL CLIMENT SPA,0.6129
2,low_confidence,EXP-14.3,Mantencion Agua y Purines,COMPRAS,brocha condor premium 5 8x4 cu,BROCHA CONDOR PREMIUM 5/8X4 CU,,SODIMAC S.A.,0.3458
2,low_confidence,EXP-14.3,Mantencion Agua y Purines,COMPRAS,brocha plana hela 3,"BROCHA PLANA - HELA 3""","BROCHA PLANA - HELA 3""",COMERCIAL HARCHA SPA,0.33
2,low_confidence,EXP-14.3,Mantencion Agua y Purines,COMPRAS,brocha plana hela 4,"BROCHA PLANA - HELA 4""","BROCHA PLANA - HELA 4""",COMERCIAL HARCHA SPA,0.3462
2,low_confidence,EXP-14.3,Mantencion Agua y Purines,COMPRAS,bushing galvanizado 1 x 3 4,"BUSHING GALVANIZADO 1 X 3/4""",,COMERCIAL CLIMENT SPA,0.3225
2,low_confidence,EXP-14.3,Mantencion Agua y Purines,COMPRAS,bushing galvanizado 3 4 x 1 2,"BUSHING GALVANIZADO 3/4 X 1/2""",,COMERCIAL CLIMENT SPA,0.3552
2,low_confidence,EXP-14.3,Mantencion Agua y Purines,COMPRAS,bushing plast bco hi he 1 1 2 x 1 1 4,"BUSHING PLAST.BCO.HI HE 1,1/2 X 1,1/4""",,COMERCIAL CLIMENT SPA,0.5965
2,low_confidence,EXP-14.3,Mantencion Agua y Purines,COMPRAS,bushing plast bco hi he 1 1 2 x 3 4,"BUSHING PLAST.BCO.HI HE 1,1/2 X 3/4""",,COMERCIAL CLIMENT SPA,0.614
2,low_confidence,EXP-14.3,Mantencion Agua y Purines,COMPRAS,bushing plast bco hi he 1 x 3 4,"BUSHING PLAST.BCO.HI HE 1 X 3/4""",,COMERCIAL CLIMENT SPA,0.6489
2,low_confidence,EXP-14.3,Mantencion Agua y Purines,COMPRAS,bushing plast bco hi he 2 x 1 1 2,"BUSHING PLAST.BCO.HI HE 2 X 1,1/2""",,COMERCIAL CLIMENT SPA,0.5389
2,low_confidence,EXP-14.3,Mantencion Agua y Purines,COMPRAS,codo pvc sanit gris 110mm x 90,CODO PVC-SANIT.GRIS 110MM X 90§,,COMERCIAL CLIMENT SPA,0.7412
2,low_confidence,EXP-14.3,Mantencion Agua y Purines,COMPRAS,collar arranque pvc p pvc 50 x 1,"COLLAR ARRANQUE PVC P/PVC 50 X 1""",,COMERCIAL CLIMENT SPA,0.6822
2,low_confidence,EXP-14.3,Mantencion Agua y Purines,COMPRAS,hdpe codo 25mm pn16,HDPE-CODO 25MM - PN16 -@,HDPE-CODO 25MM - PN16 -@,DORIS IVONNE CASTILLO KANTER,0.3277
2,low_confidence,EXP-14.3,Mantencion Agua y Purines,COMPRAS,hdpe copla compresion 63mm,HDPE-COPLA COMPRESION 63MM -@,HDPE-COPLA COMPRESION 63MM -@,DORIS IVONNE CASTILLO KANTER,0.2279
2,low_confidence,EXP-14.3,Mantencion Agua y Purines,COMPRAS,hdpe terminal he 40mmx1 1 4,HDPE-TERMINAL HE 40MMX1 1 4 -@,HDPE-TERMINAL HE 40MMX1 1 4 -@,DORIS IVONNE CASTILLO KANTER,0.2142
2,low_confidence,EXP-14.3,Mantencion Agua y Purines,COMPRAS,hdpe terminal hi compresion 50mm x 1 1 2,HDPE-TERMINAL HI COMPRESION 50MM X 1 1/2 -@,HDPE-TERMINAL HI COMPRESION 50MM X 1 1/2 -@,DORIS IVONNE CASTILLO KANTER,0.3554
2,low_confidence,EXP-14.3,Mantencion Agua y Purines,COMPRAS,lima 5 5 mm 7 32,LIMA 5 5 MM 7 32,LIMA 5 5 MM 7 32,INVERSIONES DEL RANCO LIMITADA,0.2347
2,low_confidence,EXP-14.3,Mantencion Agua y Purines,COMPRAS,mold pino gp18 guar rod13x43x3,MOLD PINO GP18 GUAR ROD13X43X3,,SODIMAC S.A.,0.2093
2,low_confidence,EXP-14.3,Mantencion Agua y Purines,COMPRAS,mt x tira pvc sanitario gris 40mm oferta,"* MT.X TIRA PVC-SANITARIO GRIS 40MM ""OFERTA""",,COMERCIAL CLIMENT SPA,0.4539
2,low_confidence,EXP-14.3,Mantencion Agua y Purines,COMPRAS,n tee registro 110 pvc sanitario hoffens,Ñ-TEE REGISTRO 110 PVC-SANITARIO HOFFENS -@,Ñ-TEE REGISTRO 110 PVC-SANITARIO HOFFENS -@,DORIS IVONNE CASTILLO KANTER,0.1067
2,low_confidence,EXP-14.3,Mantencion Agua y Purines,COMPRAS,pack bisagra 3 5x3 5 zn 3 un,"PACK BISAGRA 3,5X3,5 ZN 3 UN",,SODIMAC S.A.,0.4992
2,low_confidence,EXP-14.3,Mantencion Agua y Purines,COMPRAS,pl fibro 6mmx120x240 volcan pl,PL FIBRO 6MMX120X240 VOLCAN PL,,SODIMAC S.A.,0.4161
2,low_confidence,EXP-14.3,Mantencion Agua y Purines,COMPRAS,pl fibro b c 6mmx120x24 volcan,PL FIBRO B/C 6MMX120X24 VOLCAN,,SODIMAC S.A.,0.4126
2,low_confidence,EXP-14.3,Mantencion Agua y Purines,COMPRAS,polin impregnado 3 a 4 x 2 65,"POLIN IMPREGNADO 3"" A 4"" X 2.65 -____",____,FEROSOR AGRICOLA S.A.,0.3617
2,low_confidence,EXP-14.3,Mantencion Agua y Purines,COMPRAS,servicio tecnico,SERVICIO TÉCNICO,"LIMPIEZA DE POZO PROFUNDO MEDIAN TE INYECCIÓN DE AIRE COMPRIMIDO + REEMPLAZO DE PARTE HI. NUEVA ACOPLADA A MOTOR EXISTENTE, SEGÚN DETALLE EN PPTO. N° 36356 SONDAJE N° 1214 UBICACIÓN: FUNDO EL MAITEN - FUTRONO. SE ADJUNTA INF. TÉCNICO N° 28263.",SONDAJES PERFOMAQ SA,0.4604
2,low_confidence,EXP-14.3,Mantencion Agua y Purines,COMPRAS,silla plastica blanca milan,SILLA PLASTICA BLANCA MILAN,SILLA PLASTICA BLANCA MILAN,COMERCIAL HARCHA SPA,0.2633
2,low_confidence,EXP-14.3,Mantencion Agua y Purines,COMPRAS,tapon gorro plast bco hi 1 2,"TAPON GORRO PLAST.BCO.HI 1/2""",,COMERCIAL CLIMENT SPA,0.3789
2,low_confidence,EXP-14.3,Mantencion Agua y Purines,COMPRAS,tapon gorro plast bco hi 4,"TAPON GORRO PLAST.BCO.HI 4""",,COMERCIAL CLIMENT SPA,0.3419
2,low_confidence,EXP-14.3,Mantencion Agua y Purines,COMPRAS,teflon maestro 1 2,"TEFLON MAESTRO 1/2""",,COMERCIAL CLIMENT SPA,0.2671
2,low_confidence,EXP-14.3,Mantencion Agua y Purines,COMPRAS,teflon multiuso 3 4 alta densidad 50mt azul aquakit,TEFLON MULTIUSO 3 4 ALTA DENSIDAD 50MT AZUL AQUAKIT-@,TEFLON MULTIUSO 3 4 ALTA DENSIDAD 50MT AZUL AQUAKIT-@,DORIS IVONNE CASTILLO KANTER,0.2431
2,low_confidence,EXP-14.3,Mantencion Agua y Purines,COMPRAS,tub cuad neg 75 x 3 0 mm,TUB CUAD NEG 75 X 3.0 MM,TUB CUAD NEG 75 X 3.0 MM,Acenor Aceros Del Norte S.A.,0.3443
2,low_confidence,EXP-14.3,Mantencion Agua y Purines,COMPRAS,union plastica 1,"UNION PLASTICA 1""",,COMERCIAL CLIMENT SPA,0.7158
2,low_confidence,EXP-14.3,Mantencion Agua y Purines,COMPRAS,valvula acople rapido aspersor 3 4,"VALVULA ACOPLE RAPIDO ASPERSOR 3/4""",,COMERCIAL CLIMENT SPA,0.3554
2,low_confidence,EXP-14.3,Mantencion Agua y Purines,COMPRAS,valvula bola paso total pn25 de 1 genebre 302906,VALVULA BOLA PASO TOTAL PN25 DE 1 GENEBRE 302906 -@,VALVULA BOLA PASO TOTAL PN25 DE 1 GENEBRE 302906 -@,DORIS IVONNE CASTILLO KANTER,0.1418
2,low_confidence,EXP-14.3,Mantencion Agua y Purines,COMPRAS,valvula compresion he 32mm arangul,Válvula Compresión HE 32mm Arangül,,PUELCHE LOS RIOS SOCIEDAD POR ACCIONES,0.3288
2,low_confidence,EXP-14.3,Mantencion Agua y Purines,COMPRAS,valvula de bola hi itali 1 1 4,"VALVULA DE BOLA HI ITALI 1,1/4""",,COMERCIAL CLIMENT SPA,0.4006
2,low_confidence,EXP-14.3,Mantencion Agua y Purines,COMPRAS,valvula de bola hi itali 1 2 oferta,"* VALVULA DE BOLA HI ITALI 1/2"" *OFERTA*",,COMERCIAL CLIMENT SPA,0.3948
2,low_confidence,EXP-14.3,Mantencion Agua y Purines,COMPRAS,valvula de bola pp 63mm hi arangul,Válvula de Bola PP 63mm HI Arangül,,PUELCHE LOS RIOS SOCIEDAD POR ACCIONES,0.4024
2,low_confidence,EXP-14.4,Mantencion Instalaciones,COMPRAS,archivador oficio angosto burdeo auca,ARCHIVADOR OFICIO ANGOSTO BURDEO AUCA,,PROVEEDORES INTEGRALES DEL SUR S.A.,0.5728
2,low_confidence,EXP-14.4,Mantencion Instalaciones,COMPRAS,asistencia tecnica,Asistencia Tecnica,Reparación Sistema de Giro Sala Rotativa Informe N°105 - Cotiz. N°168,EMVI INGENIERÍA Y SOLUCIONES INDUSTRIALES SPA,0.1722
2,low_confidence,EXP-14.4,Mantencion Instalaciones,COMPRAS,ayuda en moro chico,Ayuda en Moro chico,,CONSTRUCCIONES Y PRESTACIÓN DE SERVICIOS VICENTE DIOCARES E.I.R.L.,0.5525
2,low_confidence,EXP-14.4,Mantencion Instalaciones,COMPRAS,caneria cobre m 1 2 agua,"CAñERIA COBRE ""M"" 1/2"" AGUA","CAÑERIA COBRE ""M"" 1/2"" AGUA",COMERCIAL HARCHA SPA,0.2373
2,low_confidence,EXP-14.4,Mantencion Instalaciones,COMPRAS,cerco nuevo 1hebra,cerco nuevo 1hebra,,CONSTRUCCIONES Y PRESTACIÓN DE SERVICIOS VICENTE DIOCARES E.I.R.L.,0.358
2,low_confidence,EXP-14.4,Mantencion Instalaciones,COMPRAS,desbrosar cerco maiten 3,Desbrosar cerco maiten 3,,CONSTRUCCIONES Y PRESTACIÓN DE SERVICIOS VICENTE DIOCARES E.I.R.L.,0.3952
2,low_confidence,EXP-14.4,Mantencion Instalaciones,COMPRAS,lapiz pasta p med bic cristal azul,LAPIZ PASTA P.MED BIC CRISTAL AZUL,,PROVEEDORES INTEGRALES DEL SUR S.A.,0.2281
2,low_confidence,EXP-14.4,Mantencion Instalaciones,COMPRAS,lena,leña,,CONSTRUCCIONES Y PRESTACIÓN DE SERVICIOS VICENTE DIOCARES E.I.R.L.,0.5032
2,low_confidence,EXP-14.4,Mantencion Instalaciones,COMPRAS,lomo archiv adhesivo ancho blanco adetec,LOMO ARCHIV.ADHESIVO ANCHO BLANCO ADETEC,,PROVEEDORES INTEGRALES DEL SUR S.A.,0.4202
2,low_confidence,EXP-14.4,Mantencion Instalaciones,COMPRAS,pintura piscina sipalac gris humo 1gl,PINTURA PISCINA SIPALAC GRIS HUMO 1GL,20 Descuento Pintu $ 16796,EASY RETAIL S.A.,0.3039
2,low_confidence,EXP-14.4,Mantencion Instalaciones,COMPRAS,plumon pizarra rojo p redonda artel mp 70 d,PLUMON PIZARRA ROJO P.REDONDA ARTEL MP 70-D,,PROVEEDORES INTEGRALES DEL SUR S.A.,0.2707
2,low_confidence,EXP-14.4,Mantencion Instalaciones,COMPRAS,rep cerco potrero maiten,Rep Cerco Potrero Maiten,,CONSTRUCCIONES Y PRESTACIÓN DE SERVICIOS VICENTE DIOCARES E.I.R.L.,0.5557
2,low_confidence,EXP-14.4,Mantencion Instalaciones,COMPRAS,repuestos,REPUESTOS,,COMERCIAL E INVERSIONES SERVICID LTDA.,0.236
2,low_confidence,EXP-14.4,Mantencion Instalaciones,COMPRAS,repuestos utilizados,REPUESTOS UTILIZADOS,REPUESTOS UTILIZADOS,Dercomaq S.P.A.,0.2648
2,low_confidence,EXP-14.4,Mantencion Instalaciones,COMPRAS,servicios prestados,Servicios prestados,,CONSTRUCCIONES Y PRESTACIÓN DE SERVICIOS VICENTE DIOCARES E.I.R.L.,0.3557
2,low_confidence,EXP-15.3,Fletes,COMPRAS,servicios,SERVICIOS,FLETE MAICILLO,GEO PARTNER SPA,0.614
2,low_confidence,EXP-15.3,Fletes,COMPRAS,traslado de terneras,Traslado de terneras,de El Maitén a Bramadero,JUAN ANGEL ANIBAL VERGARA OBANDO,0.3992
2,low_confidence,EXP-15.3,Fletes,COMPRAS,traslado de terneros,Traslado de terneros,de Raíces a Bramadero,JUAN ANGEL ANIBAL VERGARA OBANDO,0.3868
2,low_confidence,EXP-15.3,Fletes,COMPRAS,traslado de tractor,Traslado de Tractor,John Deere desde sector Nontuela hasta taller Toroyo Osorno.,SOCIEDAD DE TRANSPORTES Y SERVICIOS MECÁNICOS MAY LIMITADA,0.3903
2,low_confidence,EXP-15.3,Fletes,COMPRAS,traslado de vacas desde,Traslado de vacas desde,El Maitén a Feria Paillaco,JUAN ANGEL ANIBAL VERGARA OBANDO,0.3909
2,low_confidence,EXP-15.3,Fletes,COMPRAS,viaje 32 vacas,VIAJE 32 VACAS,De Vista Hermosa a El Maitén,RAFAEL ANDRES BERTIN DELGADO,0.2918
2,low_confidence,EXP-15.3,Fletes,COMPRAS,viaje 50 vaquillas,VIAJE 50 VAQUILLAS,Bramadero a Yutreco,RAFAEL ANDRES BERTIN DELGADO,0.466
2,low_confidence,EXP-15.3,Fletes,COMPRAS,viaje vaquillas,VIAJE VAQUILLAS,Fdo. Bramadero a El Maitén,ORLANDO BERTIN SANDOVAL,0.4363
2,low_confidence,EXP-15.5,Servicios Agricolas,COMPRAS,asesoria y trabajos tineo,Asesoria y Trabajos Tineo,,HSV SPA,0.3161
2,low_confidence,EXP-15.5,Servicios Agricolas,COMPRAS,fertilizacion tineo,FERTILIZACION TINEO,,PRESTACIONES DE SERVICIOS AGRICOLAS EL SIERVO LIMITADA,0.3661
2,low_confidence,EXP-15.5,Servicios Agricolas,COMPRAS,otros insumos trabajo maestranza,OTROS INSUMOS - Trabajo maestranza,OTROS INSUMOS - Trabajo maestranza,GALLAGHER CHILE SPA,0.1639
2,low_confidence,EXP-16.1,Ropa y Herramientas de Trabajo,COMPRAS,aq tapa derecha aquapluv tigre,AQ-TAPA DERECHA AQUAPLUV TIGRE -@,AQ-TAPA DERECHA AQUAPLUV TIGRE -@,DORIS IVONNE CASTILLO KANTER,0.1777
2,low_confidence,EXP-16.2,Otros Gastos Campo,COMPRAS,abrazadera termofusion autolock 20mm,ABRAZADERA TERMOFUSION AUTOLOCK 20MM,,COMERCIAL CLIMENT SPA,0.4295
2,low_confidence,EXP-16.2,Otros Gastos Campo,COMPRAS,ap tapon bebederos,AP TAPON BEBEDEROS -____,____,FEROSOR AGRICOLA S.A.,0.1636
2,low_confidence,EXP-16.2,Otros Gastos Campo,COMPRAS,barra piso rf13,BARRA PISO RF13,BARRA PISO RF13,GALLAGHER CHILE SPA,0.2081
2,low_confidence,EXP-16.2,Otros Gastos Campo,COMPRAS,basura maxi sacos rotos,Basura Maxi Sacos rotos,,GESTIÓN AMBIENTAL ECOGEST SPA,0.3406
2,low_confidence,EXP-16.2,Otros Gastos Campo,COMPRAS,botellon 20 litros,Botellón 20 litros,,PURIFICADORA DE AGUA ALEJANDRO SALAZAR RIVERA E.I.R.L.,0.4
2,low_confidence,EXP-16.2,Otros Gastos Campo,COMPRAS,carpeta pigmentada cart brillante buho azul oscur,CARPETA PIGMENTADA CART. BRILLANTE BUHO AZUL OSCUR,,PROVEEDORES INTEGRALES DEL SUR S.A.,0.3587
2,low_confidence,EXP-16.2,Otros Gastos Campo,COMPRAS,cubo de ripio lavado,CUBO DE RIPIO LAVADO,,VIMAR SPA,0.2086
2,low_confidence,EXP-16.2,Otros Gastos Campo,COMPRAS,encimera mgbs 312a 2 quemadores de gas tebisa,ENCIMERA MGBS-312A 2 QUEMADORES DE GAS TEBISA,ENCIMERA MGBS-312A 2 QUEMADORES DE GAS TEBISA,COMERCIAL HARCHA SPA,0.4512
2,low_confidence,EXP-16.2,Otros Gastos Campo,COMPRAS,jarra 2 lt plastica,JARRA 2 LT. PLASTICA,,MIRTHA LEONOR CASTILLO KANTER,0.2757
2,low_confidence,EXP-16.2,Otros Gastos Campo,COMPRAS,pila energizer alcalina dx2 cu,PILA ENERGIZER ALCALINA DX2 CU,,SODIMAC S.A.,0.4041
2,low_confidence,EXP-16.2,Otros Gastos Campo,COMPRAS,remaches inserto goma band lateral rf,REMACHES INSERTO GOMA BAND. LATERAL RF,REMACHES INSERTO GOMA BAND. LATERAL RF,GALLAGHER CHILE SPA,0.3698
2,low_confidence,EXP-16.2,Otros Gastos Campo,COMPRAS,rodamiento,RODAMIENTO,,ENTRE RIEGOS DEL SUR SPA,0.219
2,low_confidence,EXP-16.2,Otros Gastos Campo,COMPRAS,servicio de retiro,Servicio de retiro,y disposicion de residuos plasticos.,SOCIEDAD COMERCIAL VITACYCLE LIMITADA,0.3562
2,low_confidence,EXP-16.2,Otros Gastos Campo,COMPRAS,sika 3 bidon x 4 litros,SIKA 3 - BIDON X 4 LITROS -@,SIKA 3 - BIDON X 4 LITROS -@,DORIS IVONNE CASTILLO KANTER,0.4654
2,low_confidence,EXP-16.2,Otros Gastos Campo,COMPRAS,sleep basics magnesio bisglicinato pack 3 meses,Sleep Basics - Magnesio Bisglicinato Pack 3 Meses,,MercadoLibre Chile LTDA,0.2211
2,low_confidence,EXP-16.2,Otros Gastos Campo,COMPRAS,tiza carbonato calcio 1kgs mohican,TIZA CARBONATO CALCIO 1KGS MOHICAN -@,TIZA CARBONATO CALCIO 1KGS MOHICAN -@,DORIS IVONNE CASTILLO KANTER,0.2954
2,low_confidence,EXP-16.2,Otros Gastos Campo,COMPRAS,tuerca mariposa aluminio hi 2,"TUERCA MARIPOSA ALUMINIO HI 2""",,COMERCIAL CLIMENT SPA,0.2234
2,low_confidence,EXP-16.2,Otros Gastos Campo,COMPRAS,union amer termofusion so so 20mm,UNION AMER TERMOFUSION SO SO 20MM,,COMERCIAL CLIMENT SPA,0.3703
2,low_confidence,EXP-2.2,Medicamentos Mastitis,COMPRAS,clostribac 9p x 50 dosis,CLOSTRIBAC 9P x 50 DOSIS -____,____,FEROSOR AGRICOLA S.A.,0.5398
2,low_confidence,EXP-2.2,Medicamentos Mastitis,COMPRAS,filtro combustible 6,%FILTRO COMBUSTIBLE (6),,SURAC,0.1579
2,low_confidence,EXP-2.2,Medicamentos Mastitis,COMPRAS,pintura spray fil azul azul,PINTURA SPRAY FIL AZUL -_AZUL___,_AZUL___,FEROSOR AGRICOLA S.A.,0.4769
2,low_confidence,EXP-2.4,Sales Minerales,COMPRAS,abastero arg v porc kg,ABASTERO ARG V PORC KG,,CENCOSUD RETAIL S.A.,0.1712
2,low_confidence,EXP-2.4,Sales Minerales,COMPRAS,adhesivo vinilit 240cc secado lento,ADHESIVO VINILIT 240CC.SECADO LENTO,,COMERCIAL CLIMENT SPA,0.4509
2,low_confidence,EXP-2.4,Sales Minerales,COMPRAS,cinta cristal 18 x 30 mt sellocinta,CINTA CRISTAL 18 X 30 MT SELLOCINTA,,PROVEEDORES INTEGRALES DEL SUR S.A.,0.3973
2,low_confidence,EXP-2.4,Sales Minerales,COMPRAS,clavo cte 4 2 5kg cun029,"CLAVO CTE 4 2,5KG CUN029",,SODIMAC S.A.,0.305
2,low_confidence,EXP-2.4,Sales Minerales,COMPRAS,clavo cte 4 bolsa 1kg cun06c,CLAVO CTE 4 BOLSA 1KG CUN06C,,SODIMAC S.A.,0.1577
2,low_confidence,EXP-2.4,Sales Minerales,COMPRAS,clavo cte 6 x5 bol 2 5 kg cun,CLAVO CTE.6 X5 BOL 2.5 KG. CUN,,SODIMAC S.A.,0.2715
2,low_confidence,EXP-2.4,Sales Minerales,COMPRAS,clips isofit metal 28 mm pta redonda 100 uds,CLIPS ISOFIT METAL 28 MM PTA.REDONDA 100 UDS,,PROVEEDORES INTEGRALES DEL SUR S.A.,0.3957
2,low_confidence,EXP-2.4,Sales Minerales,COMPRAS,generador monofasico go1200 gta 12kva kolvok,GENERADOR MONOFASICO GO1200 GTA 12KVA KOLVOK,,BOBINADOS INDUSTRIALES LONCOMILLA SPA,0.3072
2,low_confidence,EXP-2.4,Sales Minerales,COMPRAS,huachalomo nacional v jumbo kg porc,HUACHALOMO NACIONAL V JUMBO KG PORC,,CENCOSUD RETAIL S.A.,0.1956
2,low_confidence,EXP-2.4,Sales Minerales,COMPRAS,neumatico 14 9 24 8 telas,NEUMATICO 14.9-24 / 8 TELAS,"|NEUMATICO 14.9 X 24 OZKA KNK 50, 14 PR",Tattersall AgroInsumos S.A.,0.4273
2,low_confidence,EXP-2.4,Sales Minerales,COMPRAS,valvula compta ital c hilo 2,"VALVULA COMPTA.ITAL.C/HILO 2""",,COMERCIAL CLIMENT SPA,0.2733
2,low_confidence,EXP-2.5,Otros Medicamentos,COMPRAS,yodocap x 1 l,YODOCAP X 1 L,YODOCAP X 1 L,COOPERATIVA AGRICOLA Y LECHERA DE LA UNION LTDA.,0.3327
2,low_confidence,EXP-4.2,Bolos Silo,COMPRAS,bolos chapilcahuin,BOLOS CHAPILCAHUIN,Pago por bolos total 75 bolos,SERVICIOS AGRICOLAS CORPAL SPA,0.5963
2,low_confidence,EXP-4.2,Bolos Silo,COMPRAS,bolos maiten,Bolos maitén,,HECTOR ADRIAN VALENZUELA PAREDES,0.4893
2,low_confidence,EXP-4.2,Bolos Silo,COMPRAS,bolos yutreco,BOLOS YUTRECO,Total bolos 120 bolos en 19H: 6 bolos por ha valor ha : 135.000,SERVICIOS AGRICOLAS CORPAL SPA,0.5084
2,low_confidence,EXP-4.2,Bolos Silo,COMPRAS,traslado bolos corte alto,TRASLADO BOLOS CORTE ALTO,Distancia 112km viaje dos vueltas camión con carro,SERVICIOS AGRICOLAS CORPAL SPA,0.4496
2,low_confidence,EXP-4.2,Bolos Silo,COMPRAS,valvula de bola pvc hilo s union 50mm 1 1 2,"VALVULA DE BOLA PVC-HILO S/UNION 50MM = 1,1/2""",,COMERCIAL CLIMENT SPA,0.1662
2,low_confidence,EXP-7.0,AGROQUIMICOS,COMPRAS,clavo de 5kg,CLAVO DE 5KG -@,CLAVO DE 5KG -@,DORIS IVONNE CASTILLO KANTER,0.1907
2,low_confidence,EXP-7.0,AGROQUIMICOS,COMPRAS,e coli en agua,E. COLI EN AGUA,,COOPERATIVA AGRICOLA Y DE SERVICIOS LTDA,0.1115
2,low_confidence,EXP-7.0,AGROQUIMICOS,COMPRAS,ibr ige,IBR IgE,,COOPERATIVA AGRICOLA Y DE SERVICIOS LTDA,0.3833
2,low_confidence,EXP-7.0,AGROQUIMICOS,COMPRAS,manzana roja frutalan malla kg,MANZANA ROJA FRUTALAN MALLA KG,,COMERCIAL AMAR HNOS. Y CIA. LTDA,0.2892
2,low_confidence,EXP-7.0,AGROQUIMICOS,COMPRAS,reactivo cmt g2 g2 dairy care chile 1 lt,REACTIVO CMT G2 -G2 DAIRY CARE CHILE_ 1 LT.___,G2 DAIRY CARE CHILE_ 1 LT.___,FEROSOR AGRICOLA S.A.,0.3446
2,low_confidence,EXP-7.0,AGROQUIMICOS,COMPRAS,roundup controlmax 15 k,ROUNDUP CONTROLMAX 15 K,^ ! Cuota Vencimiento Monto ! Cuota Vencimiento Monto ! Cuota Vencimiento Monto ! ^ !==============================!==============================!==============================! ^ ! CU01 23-10-2025 906.225 ! CU02 22-11-2025 906.225 ! CU03 22-12-2025 906.225 ! ^ ! CU04 21-01-2026 906.225 ! CU05 20-02-2026 906.225 ! CU06 22-03-2026 906.225 ! ^ ! CU07 21-04-2026 906.545,COAGRA S.A.,0.2737
2,low_confidence,EXP-7.0,AGROQUIMICOS,COMPRAS,servicio emergencia lh,SERVICIO EMERGENCIA LH,,HGS DAIRY SOLUTIONS SPA,0.6028
2,low_confidence,EXP-7.0,AGROQUIMICOS,COMPRAS,sulfato cobre 1 kg,SULFATO COBRE 1 KG. -____,____,FEROSOR AGRICOLA S.A.,0.1795
2,low_confidence,EXP-7.0,AGROQUIMICOS,COMPRAS,triton frut,TRITON FRUT,UN 0003,ADMIN. DE SUPERMERCADOS HIPER LIMITADA,0.2881
2,low_confidence,EXP-7.0,AGROQUIMICOS,COMPRAS,vivefort x 3 amp,VIVEFORT X 3 AMP. -____,____,FEROSOR AGRICOLA S.A.,0.6432
2,low_confidence,EXP-7.0,AGROQUIMICOS,COMPRAS,xr xl utto fluid x 18 9l,"XR XL UTTO FLUID X 18,9L",,COMPAÑÍA AGROPECUARIA COPEVAL S.A.,0.4815
2,low_confidence,EXP-9.1,Energia Electrica Riego,COMPRAS,ajuste para facilitar el pago en efectivo mes actual,"Ajuste para facilitar el pago en efectivo, mes actual",,Sociedad Austral de Electricidad SA,0.421
2,low_confidence,EXP-9.1,Energia Electrica Riego,COMPRAS,ajuste para facilitar el pago en efectivo mes anterior,"Ajuste para facilitar el pago en efectivo, mes anterior",,Sociedad Austral de Electricidad SA,0.3781
2,low_confidence,EXP-9.2,Otros Gastos Riego,COMPRAS,mantencion motor del,Mantención motor del,riego 1,SANDRA PAULINA VALLADARES RIOS,0.6269
2,low_confidence,EXP-9.2,Otros Gastos Riego,COMPRAS,pl terminal hi 1 1 4 plansa,PL-TERMINAL HI 1 1 4 PLANSA -@,PL-TERMINAL HI 1 1 4 PLANSA -@,DORIS IVONNE CASTILLO KANTER,0.3546
2,low_confidence,EXP-9.2,Otros Gastos Riego,COMPRAS,tira tubo colector 200 mm x 6mts,TIRA TUBO COLECTOR 200 MM X 6MTS -@,TIRA TUBO COLECTOR 200 MM X 6MTS -@,DORIS IVONNE CASTILLO KANTER,0.2403
2,unfamiliar_for_predicted_class,ADM-1.4,Movilizacion,COMPRAS,gastos de cobranzas,Gastos de Cobranzas,,Sociedad Concesionaria Vespucio Norte Express S.A.,0.7895
2,unfamiliar_for_predicted_class,ADM-1.6,Utiles y gastos de oficina.,COMPRAS,nectar naran,NECTAR NARAN,UN 0000@@Lleve N x $#D#244,ADMIN. DE SUPERMERCADOS HIPER LIMITADA,0.7627
2,unfamiliar_for_predicted_class,EXP-10.1,Mantencion Sala,COMPRAS,hora tecnica,HORA TECNICA,,HGS DAIRY SOLUTIONS SPA,0.7618
2,unfamiliar_for_predicted_class,EXP-10.1,Mantencion Sala,COMPRAS,spray deslizante,SPRAY DESLIZANTE,,HGS DAIRY SOLUTIONS SPA,0.7682
2,unfamiliar_for_predicted_class,EXP-11.3,Petroleo,COMPRAS,aramco proforce diesel a,Aramco ProForce Diesel A,"Aramco ProForce Diesel A@@Fecha 12/12/2025 Base 1.50 UTM/m3; 104,313; Variable 0 UTM/m3; 32,587",Esmax Distribucion SpA,0.7762
2,unfamiliar_for_predicted_class,EXP-13.3,Mantencion Vehiculos,COMPRAS,cambio filtro aire,cambio filtro aire,cambio filtro petroleo cambio filtro aceite cambio filtro polen cambio aceite motor cambio bieletas rev frenos delanteros rev frenos traseros rev tren delantero cambio ampolletas ford ranger,SERVIMEC SPA,0.8509
2,unfamiliar_for_predicted_class,EXP-13.3,Mantencion Vehiculos,COMPRAS,s md10 primera mantencion,S-MD10 PRIMERA MANTENCION,A@S-MD10 PRIMERA MANTENCION,DIFOR CHILE S.A.,0.9421
2,unfamiliar_for_predicted_class,EXP-13.3,Mantencion Vehiculos,COMPRAS,s md50 quinta mantencion,S-MD50 QUINTA MANTENCION,A@S-MD50 QUINTA MANTENCION,DIFOR CHILE S.A.,0.8994
2,unfamiliar_for_predicted_class,EXP-13.3,Mantencion Vehiculos,COMPRAS,s md60 sexta mantencion,S-MD60 SEXTA MANTENCION,A@S-MD60 SEXTA MANTENCION,DIFOR CHILE S.A.,0.9198
2,unfamiliar_for_predicted_class,EXP-13.3,Mantencion Vehiculos,COMPRAS,s md70 servicio de 70000 km,S-MD70 SERVICIO DE 70000 KM.,A@S-MD70 SERVICIO DE 70000 KM.,DIFOR CHILE S.A.,0.9245
2,unfamiliar_for_predicted_class,EXP-14.1,Mantencion Caminos,COMPRAS,traslado de rodillo desde,TRASLADO DE RODILLO DESDE,FUTRONO HASTA FUNDO EL MAITEN 08/07/2025,TRANSPORTES PINILLA SPA,0.7836
2,unfamiliar_for_predicted_class,EXP-14.3,Mantencion Agua y Purines,COMPRAS,cabo madera pvc 120cm cun03,CABO MADERA PVC 120CM CUN03,,SODIMAC S.A.,0.7747
2,unfamiliar_for_predicted_class,EXP-14.3,Mantencion Agua y Purines,COMPRAS,terminal he plastico 1,"TERMINAL HE PLASTICO 1""",,COMERCIAL CLIMENT SPA,0.8261
2,unfamiliar_for_predicted_class,EXP-14.3,Mantencion Agua y Purines,COMPRAS,terminal he plastico 1 1 2,"TERMINAL HE PLASTICO 1,1/2""",,COMERCIAL CLIMENT SPA,0.7905
2,unfamiliar_for_predicted_class,EXP-14.3,Mantencion Agua y Purines,COMPRAS,terminal he plastico 1 1 4,"TERMINAL HE PLASTICO 1,1/4""",,COMERCIAL CLIMENT SPA,0.7877
2,unfamiliar_for_predicted_class,EXP-14.4,Mantencion Instalaciones,COMPRAS,instalacion,INSTALACION,ELETRICA BODEGA,ALBERTO JESUS LARA GUZMAN,0.9467
2,unfamiliar_for_predicted_class,EXP-14.4,Mantencion Instalaciones,COMPRAS,servicio mo construccion,SERVICIO MO CONSTRUCCION,,ERWIN RAMIRO AGUILEF PINUER,0.9422
2,unfamiliar_for_predicted_class,EXP-15.5,Servicios Agricolas,COMPRAS,asesoria huerto tineo,Asesoria Huerto Tineo,,HSV SPA,0.8431
2,unknown_sales_item,ING-0.3,VENTA VAQUILLAS,VENTAS,venta camioneta,VENTA CAMIONETA,MARCA: FORD TIPO: CAMIONETA MODELO F150 LARIAT SPORT 4X4 AUT AÃO: 2017 COLOR: GRIS METALICO NÂ° MOTOR: HFB01978 CHASSIS: 1FTEW1EF6HFB01978 COMBUSTIBLE: GASOLINA PATENTE: JSFK23,ANTILLANCA SPA,0.4388
2,unknown_sales_item,ING-0.4,VENTA TERNEROS,VENTAS,venta de activo fijo,VENTA DE ACTIVO FIJO,ESTANQUE DELAVAL 16.000 LTS USADO,ANTILLANCA SPA,0.6517
2,weak_class,EXP-1.1,Otros Gastos RRHH,COMPRAS,abrazadera con perno 60mm 63mm,ABRAZADERA CON PERNO 60MM-63MM -@,ABRAZADERA CON PERNO 60MM-63MM -@,DORIS IVONNE CASTILLO KANTER,0.3869
2,weak_class,EXP-1.1,Otros Gastos RRHH,COMPRAS,aq soporte canal aquapluv tigre,AQ-SOPORTE CANAL AQUAPLUV TIGRE -@,AQ-SOPORTE CANAL AQUAPLUV TIGRE -@,DORIS IVONNE CASTILLO KANTER,0.1432
2,weak_class,EXP-1.1,Otros Gastos RRHH,COMPRAS,aq tee bajada aquapluv tigre,AQ-TEE BAJADA AQUAPLUV TIGRE -@,AQ-TEE BAJADA AQUAPLUV TIGRE -@,DORIS IVONNE CASTILLO KANTER,0.1526
2,weak_class,EXP-1.1,Otros Gastos RRHH,COMPRAS,baston lector xrs2i tru test sf3,BASTON LECTOR XRS2I TRU-TEST (SF3),,COMPAÑÍA AGROPECUARIA COPEVAL S.A.,0.1522
2,weak_class,EXP-1.1,Otros Gastos RRHH,COMPRAS,bolsa,BOLSA,UN 0000,ADMIN. DE SUPERMERCADOS HIPER LIMITADA,0.5565
2,weak_class,EXP-1.1,Otros Gastos RRHH,COMPRAS,bolsa papel cencosud yapak 100gr,BOLSA PAPEL CENCOSUD YAPAK 100GR,,CENCOSUD RETAIL S.A.,0.2536
2,weak_class,EXP-1.1,Otros Gastos RRHH,COMPRAS,bushing reduccion he hi 1 x 1 2,-BUSHING REDUCCION HE-HI 1 X 1 2 -@,-BUSHING REDUCCION HE-HI 1 X 1 2 -@,DORIS IVONNE CASTILLO KANTER,0.2345
2,weak_class,EXP-1.1,Otros Gastos RRHH,COMPRAS,byod shop prorated subscription,BYOD shop prorated subscription,BYOD shop prorated subscription,STARLINK CHILE SPA,0.2619
2,weak_class,EXP-1.1,Otros Gastos RRHH,COMPRAS,cafe nescafe tradicion 170 gr,CAFE NESCAFE TRADICION 170 GR,,CENCOSUD RETAIL S.A.,0.703
2,weak_class,EXP-1.1,Otros Gastos RRHH,COMPRAS,codo hi hi 3 4,-CODO HI-HI 3 4 -@,-CODO HI-HI 3 4 -@,DORIS IVONNE CASTILLO KANTER,0.3196
2,weak_class,EXP-1.1,Otros Gastos RRHH,COMPRAS,colacion mayo,colacion mayo,,ALEX PATRICIO CARRILLO VERA,0.1582
2,weak_class,EXP-1.1,Otros Gastos RRHH,COMPRAS,curso tecnicas de control y prevencion de cojeras en vacas lecheras,Curso Técnicas De Control Y Prevención De Cojeras En Vacas Lecheras,,Fundación de Instrucción Agrícola Adolfo Matthei,0.8514
2,weak_class,EXP-1.1,Otros Gastos RRHH,COMPRAS,guardapolvo rodon de 2 pulgadas ancho,GUARDAPOLVO RODON DE 2 PULGADAS ANCHO -@,GUARDAPOLVO RODON DE 2 PULGADAS ANCHO -@,DORIS IVONNE CASTILLO KANTER,0.4053
2,weak_class,EXP-1.1,Otros Gastos RRHH,COMPRAS,guardapolvo rodon especial 3 x 3 4 espesor,GUARDAPOLVO RODON ESPECIAL 3 X 3 4 ESPESOR -@,GUARDAPOLVO RODON ESPECIAL 3 X 3 4 ESPESOR -@,DORIS IVONNE CASTILLO KANTER,0.4225
2,weak_class,EXP-1.1,Otros Gastos RRHH,COMPRAS,insumos,INSUMOS,INSUMOS,Dercomaq S.P.A.,0.3041
2,weak_class,EXP-1.1,Otros Gastos RRHH,COMPRAS,juego de fitting para sanitario kb ab107 fas,JUEGO DE FITTING PARA SANITARIO KB-AB107 FAS-@,JUEGO DE FITTING PARA SANITARIO KB-AB107 FAS-@,DORIS IVONNE CASTILLO KANTER,0.3004
2,weak_class,EXP-1.1,Otros Gastos RRHH,COMPRAS,kit regulador flexible providus bolsa trad,KIT REGULADOR + FLEXIBLE PROVIDUS BOLSA TRAD -@,KIT REGULADOR + FLEXIBLE PROVIDUS BOLSA TRAD -@,DORIS IVONNE CASTILLO KANTER,0.3539
2,weak_class,EXP-1.1,Otros Gastos RRHH,COMPRAS,lavaparabrisas copec,LAVAPARABRISAS COPEC,LAVAPARABRISAS COPEC,DANIEL VILLAR Y CIA LTDA,0.206
2,weak_class,EXP-1.1,Otros Gastos RRHH,COMPRAS,llave bola jardin 1 2 h full manilla roja,LLAVE BOLA JARDIN 1 2 H-FULL MANILLA ROJA -@,LLAVE BOLA JARDIN 1 2 H-FULL MANILLA ROJA -@,DORIS IVONNE CASTILLO KANTER,0.1975
2,weak_class,EXP-1.1,Otros Gastos RRHH,COMPRAS,niple he he 2,-NIPLE HE-HE 2 -@,-NIPLE HE-HE 2 -@,DORIS IVONNE CASTILLO KANTER,0.3014
2,weak_class,EXP-1.1,Otros Gastos RRHH,COMPRAS,nirs ensilaje pradera forraje,NIRS ENSILAJE PRADERA FORRAJE,,COOPERATIVA AGRICOLA Y DE SERVICIOS LTDA,0.2252
2,weak_class,EXP-1.1,Otros Gastos RRHH,COMPRAS,nombre item 1,Nombre ítem 1,,SOCIEDAD PANEBRA E HIJOS SPA,0.2324
2,weak_class,EXP-1.1,Otros Gastos RRHH,COMPRAS,pco perno coche 5 16 x 1,PCO PERNO COCHE 5 16 X 1 -@,PCO PERNO COCHE 5 16 X 1 -@,DORIS IVONNE CASTILLO KANTER,0.3168
2,weak_class,EXP-1.1,Otros Gastos RRHH,COMPRAS,queso gauda,QUESO GAUDA,UN 0001,ADMIN. DE SUPERMERCADOS HIPER LIMITADA,0.2353
2,weak_class,EXP-1.1,Otros Gastos RRHH,COMPRAS,sifon lavaplatos loa hoffens s curva,SIFON LAVAPLATOS LOA HOFFENS S/CURVA -@,SIFON LAVAPLATOS LOA HOFFENS S/CURVA -@,DORIS IVONNE CASTILLO KANTER,0.402
2,weak_class,EXP-1.1,Otros Gastos RRHH,COMPRAS,sifon lavatorio regio 1 1 4 x 40mm hoffens 20018,SIFON LAVATORIO REGIO 1 1 4 X 40MM HOFFENS 20018 -@,SIFON LAVATORIO REGIO 1 1 4 X 40MM HOFFENS 20018 -@,DORIS IVONNE CASTILLO KANTER,0.1963
2,weak_class,EXP-1.1,Otros Gastos RRHH,COMPRAS,silla comedor lotta pack x2 ecocuero cafe diseno industrial,Silla Comedor Lotta Pack X2 Ecocuero Cafe Diseno Industrial,,MercadoLibre Chile LTDA,0.2498
2,weak_class,EXP-1.1,Otros Gastos RRHH,COMPRAS,sixpack cola,SIXPACK COLA,UN 0001,ADMIN. DE SUPERMERCADOS HIPER LIMITADA,0.1776
2,weak_class,EXP-1.1,Otros Gastos RRHH,COMPRAS,te ceylan,TE CEYLAN,UN 0000,ADMIN. DE SUPERMERCADOS HIPER LIMITADA,0.1456
2,weak_class,EXP-1.1,Otros Gastos RRHH,COMPRAS,valvula bola paso 3 4 h full,VALVULA BOLA PASO 3 4 H-FULL -@,VALVULA BOLA PASO 3 4 H-FULL -@,DORIS IVONNE CASTILLO KANTER,0.1555
2,weak_class,EXP-10.2,Diping,COMPRAS,vacas,vacas,,AGRICOLA Y GANADERA EMERALD LIMITADA,0.8965
2,weak_class,EXP-10.4,Otros Gastos Lecheria,COMPRAS,aceite bombas rpl 1 l omega fluid m220,ACEITE BOMBAS RPL 1 L.OMEGA FLUID M220,,GEA Farm Technologies Osorno Ltda.,0.4819
2,weak_class,EXP-10.4,Otros Gastos Lecheria,COMPRAS,aceite hidraulico 4 7 lt iso 150,ACEITE HIDRAULICO 4.7 LT ISO 150,,GEA Farm Technologies Osorno Ltda.,0.4396
2,weak_class,EXP-10.4,Otros Gastos Lecheria,COMPRAS,aceite hidraulico nuto h32 19l,ACEITE HIDRAULICO NUTO H32 19L.,,GEA Farm Technologies Osorno Ltda.,0.3818
2,weak_class,EXP-10.4,Otros Gastos Lecheria,COMPRAS,alicate picoloro boca curva 12 uyustools all612,ALICATE PICOLORO BOCA CURVA 12 UYUSTOOLS ALL612 -@,ALICATE PICOLORO BOCA CURVA 12 UYUSTOOLS ALL612 -@,DORIS IVONNE CASTILLO KANTER,0.1495
2,weak_class,EXP-10.4,Otros Gastos Lecheria,COMPRAS,juego pezoneras colector 300,JUEGO PEZONERAS COLECTOR 300,,GEA Farm Technologies Osorno Ltda.,0.6616
2,weak_class,EXP-10.4,Otros Gastos Lecheria,COMPRAS,kit ser 1500h metatron mb sin kick off,KIT SER 1500H METATRON MB SIN KICK OFF,,GEA Farm Technologies Osorno Ltda.,0.726
2,weak_class,EXP-10.4,Otros Gastos Lecheria,COMPRAS,leche entera colun 200 cc pack x 6,LECHE ENTERA COLUN 200 CC PACK x 6,,CENCOSUD RETAIL S.A.,0.3168
2,weak_class,EXP-10.4,Otros Gastos Lecheria,COMPRAS,limpieza de fosos,Limpieza de fosos,,DERIVA SPA,0.1972
2,weak_class,EXP-10.4,Otros Gastos Lecheria,COMPRAS,limpieza silo 33 t,Limpieza silo 33 T,,MANTENCION INDUSTRIAL DEL SUR LIMITADA,0.6547
2,weak_class,EXP-10.4,Otros Gastos Lecheria,COMPRAS,lobe blast 4 75 lt detergente bomba cl,"LOBE BLAST 4,75 LT (DETERGENTE BOMBA CL)",,GEA Farm Technologies Osorno Ltda.,0.4519
2,weak_class,EXP-10.4,Otros Gastos Lecheria,COMPRAS,selector abb 2 posiciones 1na c2ss2 10b 10 compacto,SELECTOR ABB 2 POSICIONES 1NA C2SS2-10B-10 COMPACTO,,GEA Farm Technologies Osorno Ltda.,0.5055
2,weak_class,EXP-11.1,Electricidad Lecheria,COMPRAS,administracion del servicio,Administración del Servicio,,Sociedad Austral de Electricidad SA,0.7936
2,weak_class,EXP-11.1,Electricidad Lecheria,COMPRAS,cargo por servicio publico,Cargo por Servicio Público,,Sociedad Austral de Electricidad SA,0.5874
2,weak_class,EXP-11.2,Electricidad Casas e Instalaciones,COMPRAS,reparacion casa maiten,Reparación casa Maitén,,MAGDIEL AMALEC MONTECINOS SAN MARTIN,0.4691
2,weak_class,EXP-11.5,Gas,COMPRAS,balon gas 190 grs bercatti,BALON GAS 190 GRS BERCATTI -@,BALON GAS 190 GRS BERCATTI -@,DORIS IVONNE CASTILLO KANTER,0.9202
2,weak_class,EXP-11.5,Gas,COMPRAS,balon gas desechable 190 gr providus,BALON GAS DESECHABLE 190 GR PROVIDUS -@,BALON GAS DESECHABLE 190 GR PROVIDUS -@,DORIS IVONNE CASTILLO KANTER,0.8692
2,weak_class,EXP-11.5,Gas,COMPRAS,gas cola2 5l,GAS COLA2.5L,UN 0001,ADMIN. DE SUPERMERCADOS HIPER LIMITADA,0.8787
2,weak_class,EXP-11.5,Gas,COMPRAS,regulador de gas baja presion prov,REGULADOR DE GAS BAJA PRESION PROV -@,REGULADOR DE GAS BAJA PRESION PROV -@,DORIS IVONNE CASTILLO KANTER,0.6753
2,weak_class,EXP-11.5,Gas,COMPRAS,soplete gas pg400m providus technic,SOPLETE GAS PG400M PROVIDUS TECHNIC -@,SOPLETE GAS PG400M PROVIDUS TECHNIC -@,DORIS IVONNE CASTILLO KANTER,0.9265
2,weak_class,EXP-15.2,Servicios Veterinarios,COMPRAS,podologia clinica bovina,PODOLOGÍA CLÍNICA BOVINA,Servicio realizado 15 abril 2025 por Roberto Molina,MOLINA MANNS SPA,0.9226
2,weak_class,EXP-15.2,Servicios Veterinarios,COMPRAS,podologia correctiva,PODOLOGIA CORRECTIVA,8 MAYO: 16 VACAS 9 MAYO: 17 VACAS 15 MAYO: 23 VACAS 21 MAYO: 30 VACAS *SERVICIOS REALIZADOS POR ROBERTO MOLINA,MOLINA MANNS SPA,0.9273
2,weak_class,EXP-4.3,Bolos Heno,COMPRAS,bols roll 50x70 30lt 10u bca,BOLS ROLL 50X70 30LT 10U BCA,,SODIMAC S.A.,0.4362
2,weak_class,EXP-4.3,Bolos Heno,COMPRAS,bols roll 50x70 30lt 10u ngra,BOLS ROLL 50X70 30LT 10U NGRA,,SODIMAC S.A.,0.4091
2,weak_class,EXP-4.3,Bolos Heno,COMPRAS,confeccion bolos,CONFECCION BOLOS,,AGRÍCOLA J-S-E LIMITADA,0.5489
2,weak_class,EXP-4.3,Bolos Heno,COMPRAS,confeccion bolos pelleco,CONFECCION BOLOS PELLECO,,AGRÍCOLA J-S-E LIMITADA,0.6684
2,weak_class,EXP-4.3,Bolos Heno,COMPRAS,film para bolo winpack 750mm x 1500mt blanco,FILM PARA BOLO WINPACK 750MM X 1500MT BLANCO,ROLLO 1500 MT|,Tattersall AgroInsumos S.A.,0.7848
2,weak_class,EXP-4.3,Bolos Heno,COMPRAS,fundo raices,FUNDO RAICES,CONFECCION BOLOS. TOTAL BOLOS 50 EN 15 HA 3.3 BOLOS POR HA. VALOR HA 120.000 VALOR BOLO 12.000 SIN INSUMOS,SERVICIOS AGRICOLAS CORPAL SPA,0.5356
2,weak_class,EXP-5.1,Concentrado Vacas,COMPRAS,mipro pastoreo,Mipro Pastoreo,//FUNDO MAITEN G/6986 y 6999,SANO - NUTRICION ANIMAL MODERNA SPA,0.6882
2,weak_class,EXP-5.2,Concentrado Crianza,COMPRAS,concentrado ternero 1 standard ferosor 25kg sin sal pbf,CONCENTRADO TERNERO 1 STANDARD -Ferosor_25kg_Sin Sal_PBF_,Ferosor_25kg_Sin Sal_PBF_,FEROSOR AGRICOLA S.A.,0.7754
2,weak_class,EXP-5.3,Concentrado Otros Animales,COMPRAS,espuma niveladora piso flotante 10m,ESPUMA NIVELADORA PISO FLOTANTE-10M -@,ESPUMA NIVELADORA PISO FLOTANTE-10M -@,DORIS IVONNE CASTILLO KANTER,0.5429
2,weak_class,EXP-5.3,Concentrado Otros Animales,COMPRAS,pf salero p novillos c cubierta,PF SALERO P/NOVILLOS C/CUBIERTA -____,____,FEROSOR AGRICOLA S.A.,0.4489
2,weak_class,EXP-5.3,Concentrado Otros Animales,COMPRAS,piso vinilico spc oak tree 5 5mm 2 665 m2,PISO VINILICO SPC OAK TREE 5.5MM 2.665 M2 -@,PISO VINILICO SPC OAK TREE 5.5MM 2.665 M2 -@,DORIS IVONNE CASTILLO KANTER,0.7813
2,weak_class,EXP-6.1,Fosforo,COMPRAS,rep neum r15 5 carro,REP. NEUM.R15.5 CARRO,FORRAJERO,VULCANIZACIÓN NONTUELÁ SPA,0.1157
2,weak_class,EXP-6.3,Cal,COMPRAS,cal pintacal 25kg soprocal,CAL PINTACAL 25KG SOPROCAL,,SOCIEDAD COMERCIAL TUCHIE JADURI LIMITAD,0.9676
2,weak_class,EXP-6.3,Cal,COMPRAS,correa entrega lateral rf,CORREA ENTREGA LATERAL RF,CORREA ENTREGA LATERAL RF,GALLAGHER CHILE SPA,0.187
2,weak_class,EXP-8.2,Pradera Rotacion Corta,COMPRAS,plato gamer,PLATO GAMER,UN 0000,ADMIN. DE SUPERMERCADOS HIPER LIMITADA,0.1105
2,weak_class,EXP-8.3,Repoblamiento,COMPRAS,rodillo hela chiporro 9 pelo largo,RODILLO HELA CHIPORRO 9 PELO LARGO -@,RODILLO HELA CHIPORRO 9 PELO LARGO -@,DORIS IVONNE CASTILLO KANTER,0.2247
2,weak_class,EXP-8.3,Repoblamiento,COMPRAS,siembra,SIEMBRA,,PRESTACIONES DE SERVICIOS AGRICOLAS EL SIERVO LIMITADA,0.2298
1,ambiguous_vehicle_vs_machinery_inspection,EXP-13.3,Mantencion Vehiculos,COMPRAS,revision tecnica automovil particular camioneta gftr73,- Revision Tecnica Automovil particular camioneta GFTR73,,REVISIONES LOS LAGOS LTDA.,0.8847
1,ambiguous_vehicle_vs_machinery_inspection,EXP-13.3,Mantencion Vehiculos,COMPRAS,revision tecnica automovil particular camioneta pksr82,- Revision Tecnica Automovil particular camioneta PKSR82,,REVISIONES LOS LAGOS LTDA.,0.9085
1,ambiguous_vehicle_vs_machinery_inspection,EXP-13.3,Mantencion Vehiculos,COMPRAS,revision tecnica automovil particular camioneta psss88,- Revision Tecnica Automovil particular camioneta PSSS88,,REVISIONES LOS LAGOS LTDA.,0.96
1,ambiguous_vehicle_vs_machinery_inspection,EXP-13.3,Mantencion Vehiculos,COMPRAS,revision tecnica automovil particular camioneta tbfk28,- Revision Tecnica Automovil particular camioneta TBFK28,,REVISIONES LOS LAGOS LTDA.,0.8791
1,ambiguous_vehicle_vs_machinery_inspection,EXP-13.3,Mantencion Vehiculos,COMPRAS,revision tecnica carros de arrastre yit178,- Revision Tecnica Carros de arrastre YIT178,,REVISIONES LOS LAGOS LTDA.,0.659
1,ambiguous_vehicle_vs_machinery_inspection,EXP-13.3,Mantencion Vehiculos,COMPRAS,revision tecnica maquinaria automotriz tyky54,- Revision Tecnica Maquinaria automotriz TYKY54,,REVISIONES LOS LAGOS LTDA.,0.6163
1,ambiguous_vehicle_vs_machinery_inspection,EXP-13.3,Mantencion Vehiculos,COMPRAS,revision tecnica maquinaria automotriz tzsk58,- Revision Tecnica Maquinaria automotriz TZSK58,,REVISIONES LOS LAGOS LTDA.,0.8652
1,ambiguous_vehicle_vs_machinery_inspection,EXP-13.3,Mantencion Vehiculos,COMPRAS,revision tecnica maquinaria automotriz vpsj99,- Revision Tecnica Maquinaria automotriz VPSJ99,,REVISIONES LOS LAGOS LTDA.,0.6584
1,ambiguous_vehicle_vs_machinery_inspection,EXP-15.3,Fletes,COMPRAS,flete,Flete,"Trasladode Tractor desde Fundo Las Raices, Rio Bueno a Osorno a la Planta de Revision Tecnica ida y vuelta",ARIEL ENRIQUE BELLO GARCIA,0.9626
1,client_examples_conflict_with_glove_taxonomy,ADM-1.6,Utiles y gastos de oficina.,COMPRAS,insumo taller guantes buzos etc,INSUMO TALLER GUANTES BUZOS ETC,,SOCIEDAD TOROYO LTDA,0.198
1,client_examples_conflict_with_glove_taxonomy,EXP-10.1,Mantencion Sala,COMPRAS,guantes cab,GUANTES CAB,,RICARDO FRANCISCO WULFF MULLER,0.2068
1,client_examples_conflict_with_glove_taxonomy,EXP-10.1,Mantencion Sala,COMPRAS,guantes ecologicos pequeno,GUANTES ECOLOGICOS PEQUENO,,EASY RETAIL S.A.,0.4493
1,client_examples_conflict_with_glove_taxonomy,EXP-16.1,Ropa y Herramientas de Trabajo,COMPRAS,cr guante trabajo femme t xs,CR GUANTE TRABAJO FEMME T XS,,SODIMAC S.A.,0.7678
1,client_examples_conflict_with_glove_taxonomy,EXP-16.1,Ropa y Herramientas de Trabajo,COMPRAS,guante cabritilla puno corto,GUANTE CABRITILLA PUNO CORTO,,SODIMAC S.A.,0.8973
1,client_examples_conflict_with_glove_taxonomy,EXP-16.1,Ropa y Herramientas de Trabajo,COMPRAS,guante cr am f epp,GUANTE CR AM/F EPP,,EASY RETAIL S.A.,0.7659
1,client_examples_conflict_with_glove_taxonomy,EXP-16.1,Ropa y Herramientas de Trabajo,COMPRAS,guante exe bauker femme morado,GUANTE EXE BAUKER FEMME MORADO,,SODIMAC S.A.,0.7558
1,client_examples_conflict_with_glove_taxonomy,EXP-16.1,Ropa y Herramientas de Trabajo,COMPRAS,guante nylon poliuretano 9,GUANTE NYLON POLIURETANO 9 -@,GUANTE NYLON POLIURETANO 9 -@,DORIS IVONNE CASTILLO KANTER,0.9201
1,client_examples_conflict_with_glove_taxonomy,EXP-16.1,Ropa y Herramientas de Trabajo,COMPRAS,guante ordena nitrilo soflo bio largo talla xl caja 100u,Guante Ordeña Nitrilo Soflo Bio Largo Talla XL (Caja 100u),,SOCIEDAD COMERCIAL SOFLO SPA,0.7429
1,client_examples_conflict_with_glove_taxonomy,EXP-16.1,Ropa y Herramientas de Trabajo,COMPRAS,guantes nitrilo shoof caja 100 un shoof talla m,GUANTES NITRILO SHOOF CAJA 100 UN -SHOOF_TALLA M___,SHOOF_TALLA M___,FEROSOR AGRICOLA S.A.,0.3693
1,client_examples_conflict_with_glove_taxonomy,EXP-16.1,Ropa y Herramientas de Trabajo,COMPRAS,guantes nitrilo shoof caja 100 un shoof talla s,GUANTES NITRILO SHOOF CAJA 100 UN -SHOOF_TALLA S___,SHOOF_TALLA S___,FEROSOR AGRICOLA S.A.,0.3442
1,client_examples_conflict_with_glove_taxonomy,EXP-16.1,Ropa y Herramientas de Trabajo,COMPRAS,pack guante cabritilla p c 10u,PACK GUANTE CABRITILLA P/C 10U,,SODIMAC S.A.,0.8703
1,client_examples_conflict_with_glove_taxonomy,EXP-2.6,Otros Gastos Salud Animal,COMPRAS,guantes nitrilo shoof caja 100 un shoof talla l,GUANTES NITRILO SHOOF CAJA 100 UN -SHOOF_TALLA L___,SHOOF_TALLA L___,FEROSOR AGRICOLA S.A.,0.3341
1,client_examples_conflict_with_glove_taxonomy,EXP-2.6,Otros Gastos Salud Animal,COMPRAS,guantes shoof largo xl nitr azul caja 100 un,GUANTES SHOOF LARGO (XL) NITR.AZUL CAJA 100 UN -____,____,FEROSOR AGRICOLA S.A.,0.3823
1,electricity_requires_exact_meter_or_lookup,ADM-1.2,Comunicaciones e Internet,COMPRAS,serv de inst internet,Serv. de Inst. Internet,"Venta de equipos (UPS, Switch, Alargador eléctrico) y Servicio de Instalación/Configuración de StarLink en Fundo Raíces",SERVICIOS Y SOLUCIONES LINKEDTIC SPA,0.9376
1,electricity_requires_exact_meter_or_lookup,EXP-1.1,Otros Gastos RRHH,COMPRAS,cambio tablero,cambio tablero,se compra y remplaza tablero electrico de estanque en carro para leche de terneros. se instalo tablero metalico con automatico de fuerza y control y diferencial.,SERVICIOS INTEGRALES EDUARDO GUERRERO SPA,0.2421
1,electricity_requires_exact_meter_or_lookup,EXP-11.1,Electricidad Lecheria,COMPRAS,,.,SERVICIO URGENCIAS ELECTRICAS/REPARACION MATRIZ/CAMBIO VALVULA PIE K-LINE,COOPERATIVA AGRICOLA Y DE SERVICIOS LTDA,0.4414
1,electricity_requires_exact_meter_or_lookup,EXP-11.1,Electricidad Lecheria,COMPRAS,reparacion electrica,Reparación Eléctrica,Tractor Diagnosticar falla del alternador Cambiar alternador nuevo,ELECTROSOL ENCENDIDOS SPA,0.4862
1,electricity_requires_exact_meter_or_lookup,EXP-11.1,Electricidad Lecheria,COMPRAS,servicio electricos fundo yutreco,Servicio electricos fundo yutreco,,COOPERATIVA AGRICOLA Y DE SERVICIOS LTDA,0.4598
1,electricity_requires_exact_meter_or_lookup,EXP-11.2,Electricidad Casas e Instalaciones,COMPRAS,instalacion electrica,Instalacion electrica,Instalacion de conmutadores para 3 casas y construccion de linea electrica desde generador a tableros proyectados.,A&C ELECTRICIDAD LIMITADA,0.5997
1,electricity_requires_exact_meter_or_lookup,EXP-14.2,Mantencion Cercos,COMPRAS,alargador electrico naranjo 1o mts stanford 5077b,ALARGADOR ELECTRICO NARANJO 1O MTS STANFORD 5077B -@,ALARGADOR ELECTRICO NARANJO 1O MTS STANFORD 5077B -@,DORIS IVONNE CASTILLO KANTER,0.2499
1,electricity_requires_exact_meter_or_lookup,EXP-14.2,Mantencion Cercos,COMPRAS,alargador electrico naranjo 20 mts stanford 5077b,ALARGADOR ELECTRICO NARANJO 20 MTS STANFORD 5077B -@,ALARGADOR ELECTRICO NARANJO 20 MTS STANFORD 5077B -@,DORIS IVONNE CASTILLO KANTER,0.4786
1,electricity_requires_exact_meter_or_lookup,EXP-14.2,Mantencion Cercos,COMPRAS,cordon electrico 5 vias x 6 mm,CORDON ELECTRICO 5 VIAS X 6 MM,,SOCIEDAD COMERCIAL SERLAC CHILE S.A.,0.8119
1,electricity_requires_exact_meter_or_lookup,EXP-14.4,Mantencion Instalaciones,COMPRAS,instalacion electrica,INSTALACION ELECTRICA,BODEGA,ALBERTO JESUS LARA GUZMAN,0.6772
1,electricity_requires_exact_meter_or_lookup,EXP-14.4,Mantencion Instalaciones,COMPRAS,tecnico electrico,TECNICO ELECTRICO,TECNICO ELECTRICO,HIDROTATTERSALL S.A.,0.5514
1,electricity_requires_exact_meter_or_lookup,EXP-16.2,Otros Gastos Campo,COMPRAS,termo electrico 50 lts splendid,TERMO ELECTRICO 50 LTS. SPLENDID,,COMERCIAL CLIMENT SPA,0.2071
1,electricity_requires_exact_meter_or_lookup,EXP-6.5,Otros Fertilizantes,COMPRAS,fdo pelleco,fdo pelleco,"extracción de equipo sumergible 2hp 380v para su reemplazo por motor nuevo, mejoramiento de tablero eléctrico, cambio de contactores.",HECTOR IGNACIO PUSCHEL RUPAILAF,0.1891
1,electricity_requires_exact_meter_or_lookup,EXP-9.1,Energia Electrica Riego,COMPRAS,instalacion electrica,Instalacion electrica,Saldo de instalacion electrica de iluminacion y enchufes en galpon y taller,A&C ELECTRICIDAD LIMITADA,0.4327
1,electricity_requires_exact_meter_or_lookup,EXP-9.1,Energia Electrica Riego,COMPRAS,subsidio electrico ley n21 667 4 6,Subsidio eléctrico Ley N°21.667(4/6),,Sociedad Austral de Electricidad SA,0.5725
1,electricity_requires_exact_meter_or_lookup,EXP-9.1,Energia Electrica Riego,COMPRAS,subsidio electrico ley n21 667 5 6,Subsidio eléctrico Ley N°21.667(5/6),,Sociedad Austral de Electricidad SA,0.5824
1,electricity_requires_exact_meter_or_lookup,EXP-9.1,Energia Electrica Riego,COMPRAS,tala de alamo en linea,Tala de alamo en linea,electrica,CONSTRUCCIÓN Y ASESORÍAS FORESTALES VOLCÁN PUNTIAGUDO LIMITADA,0.3905
1,generic_item_name_requires_review,ADM-1.2,Comunicaciones e Internet,COMPRAS,item,Item,FILTRO TRANSMISION ** Oferta **,SALINAS Y FABRES S.A.,0.2968
1,generic_item_name_requires_review,EXP-13.1,Mantencion Maquinaria,COMPRAS,servicio,SERVICIO,MANTENCION GRUPO ELECTROGENO,BETHEL ELECTROMECANICA SPA,0.3718
1,generic_item_name_requires_review,EXP-14.1,Mantencion Caminos,COMPRAS,mano de obra,Mano de obra,,Automotriz Servimaq SPA,0.3375
1,generic_item_name_requires_review,EXP-14.1,Mantencion Caminos,COMPRAS,servicio,Servicio,Traslado Futrono el Lloly Agua Negra a Rio Bueno con regreso.,TRANSPORTES BRAULIO ERARDO SAN MARTÍN HENRÍQUEZ E.I.R.L.,0.4993
1,generic_item_name_requires_review,EXP-14.4,Mantencion Instalaciones,COMPRAS,item,Item,FOCO DE ADVERTENCIA CABINA,SALINAS Y FABRES S.A.,0.1308
1,generic_item_name_requires_review,EXP-15.3,Fletes,COMPRAS,traslado,traslado,traslado de terneros desde fundo raíces ubicado en rio bueno hacia fundo bramadero,ANDRES ALONSO PRIETO SEGUEL,0.8585
1,generic_item_name_requires_review,EXP-2.4,Sales Minerales,COMPRAS,item,Item,"TRACTOR DE JARDÍN JOHN DEERE~MODELO S140 DE 22 HP DE POTENCIA.~PLATAFORMA DE CORTE DE 122 CM DE ANCHO DE EDGE#.~TRANSMISIÓN HIDROESTÁTICA.~ACTIVACIÓN DE LA UNIDAD ELÉCTRICA, ORIGEN USA.~COMBUSTIBLE BENCINERO.~NUEVO Y SIN USO, COLOR VERDE, AÑO COMERCIAL 2025,~P.B.V. 212 KG.~Chasis 1GXS140AHRR300463~Motor 2403188751072~CDO Nº~FACTURA POR USD $3.900 + IVA. TC $1.012,36",SALINAS Y FABRES S.A.,0.2054
1,generic_item_name_requires_review,EXP-4.2,Bolos Silo,COMPRAS,item,Item,"PINZA PARA BOLOS, PARA INSTALAR EN CARGADOR FRONTAL, 2~CILINDROS HIDRÁULICOS, CAPACIDAD DE LEVANTE 1.000 KILOS,~SISTEMA DE ENGANCHE TIPO EURO, PESO 190 KILOS, MARCA~ARGNANI E MONTI, ORIGEN ITALIA, NUEVA SIN USO, AÑO~COMERCIAL 2025, COLOR NEGRO~Chasis AR-P003~Motor~CDO Nº~FACTURA POR 3.200.00 EUR + IVA TC 1.052.91.",SALINAS Y FABRES S.A.,0.2199
1,generic_item_name_requires_review,EXP-6.5,Otros Fertilizantes,COMPRAS,item,Item,SERVICIOS~ REPARACION CULATA 6405,SALINAS Y FABRES S.A.,0.2516
1,generic_item_name_requires_review,EXP-9.2,Otros Gastos Riego,COMPRAS,item,Item,TY26679 PLUS 50II 15W40 5GAL ** Oferta **,SALINAS Y FABRES S.A.,0.279
1,irrigation_context_conflicts_with_prediction,ADM-1.5,Colacion y Alojamiento,COMPRAS,,.,Servicios revision y puesta en marcha fertiriego y cambio reloj horario,COOPERATIVA AGRICOLA Y DE SERVICIOS LTDA,0.0958
1,irrigation_context_conflicts_with_prediction,ADM-1.6,Utiles y gastos de oficina.,COMPRAS,marcacion de cuadrantes,Marcacion de Cuadrantes,"segun proyecto de Riego Cooprinsem. Yutreco, Osorno.",TOPOGRAFIA SATELITAL INGENIERIA SPA,0.2813
1,irrigation_context_conflicts_with_prediction,ADM-1.6,Utiles y gastos de oficina.,COMPRAS,rollo irripod iplex 40 mm 100mts,ROLLO IRRIPOD IPLEX 40 MM (100MTS),ROLLO IRRIPOD IPLEX 40 MM (100MTS),HIDROTATTERSALL S.A.,0.305
1,irrigation_context_conflicts_with_prediction,EXP-1.1,Otros Gastos RRHH,COMPRAS,cambiar correa motor del,Cambiar correa motor del,riego 1,SANDRA PAULINA VALLADARES RIOS,0.1594
1,irrigation_context_conflicts_with_prediction,EXP-11.1,Electricidad Lecheria,COMPRAS,electrico,electrico,Reposicion de cables de fuerza de sistema de riego.,A&C ELECTRICIDAD LIMITADA,0.3731
1,irrigation_context_conflicts_with_prediction,EXP-14.1,Mantencion Caminos,COMPRAS,arreglo rueda del pibote,Arreglo rueda del pibote,,SANDRA PAULINA VALLADARES RIOS,0.1901
1,irrigation_context_conflicts_with_prediction,EXP-14.3,Mantencion Agua y Purines,COMPRAS,adhesivo pvc riego 20mm 140mm secado rapido vinilit,ADHESIVO PVC RIEGO 20MM - 140MM SECADO RAPIDO VINILIT-@,ADHESIVO PVC RIEGO 20MM - 140MM SECADO RAPIDO VINILIT-@,DORIS IVONNE CASTILLO KANTER,0.7454
1,irrigation_context_conflicts_with_prediction,EXP-15.5,Servicios Agricolas,COMPRAS,riego de purines,RIEGO DE PURINES,APLICACION DE PURINES EN PRADERA 21 CARRADAS 231.000 LTS,SERVICIOS AGRICOLAS CORPAL SPA,0.8874
1,irrigation_context_conflicts_with_prediction,EXP-15.5,Servicios Agricolas,COMPRAS,riego purines en praderas,RIEGO PURINES EN PRADERAS,39 carradas de purines de 11.000 lts c/u 429.000 lts,SERVICIOS AGRICOLAS CORPAL SPA,0.939
1,irrigation_context_conflicts_with_prediction,EXP-5.3,Concentrado Otros Animales,COMPRAS,limpia pies griego igenar 45x75,LIMPIA PIES GRIEGO IGENAR 45X75,LIMPIA PIES GRIEGO IGENAR 45X75,COMERCIAL HARCHA SPA,0.2006
1,irrigation_context_conflicts_with_prediction,EXP-6.3,Cal,COMPRAS,riego cal praderas 30 ton,RIEGO CAL PRADERAS 30 TON,APLICACION MAS CARGUIO,SERVICIOS AGRICOLAS CORPAL SPA,0.9467
1,irrigation_context_conflicts_with_prediction,EXP-6.5,Otros Fertilizantes,COMPRAS,pelleco fertilizante,PELLECO FERTILIZANTE,RIEGO FERTILIZANTE VITRAMAG 150 K/HA,SERVICIOS AGRICOLAS CORPAL SPA,0.9166
1,irrigation_context_conflicts_with_prediction,EXP-6.5,Otros Fertilizantes,COMPRAS,yutreco fertilizante,YUTRECO FERTILIZANTE,RIEGO FERTILIZANTE UREA S-MART BLUE 50 K/HA,SERVICIOS AGRICOLAS CORPAL SPA,0.6352
1,irrigation_context_conflicts_with_prediction,EXP-7.0,AGROQUIMICOS,COMPRAS,r n pibote riego r 24,R.N.PIBOTE RIEGO R 24,,VULCANIZACIÓN NONTUELÁ SPA,0.1947
1,item_name_carries_no_classifiable_text,EXP-15.2,Servicios Veterinarios,COMPRAS,mg ca pi 86513 86623,Mg Ca Pi 86513 86623,,LABORATORIOS Y SERVICIOS VETERINARIOS VALDIVIA LTDA,0.1841
1,item_name_carries_no_classifiable_text,EXP-2.2,Medicamentos Mastitis,COMPRAS,s w,S.W.,,PINTURAS BARENDS SpA,0.4013
1,item_name_carries_no_classifiable_text,EXP-2.4,Sales Minerales,COMPRAS,mg ca pi 86630,Mg Ca Pi 86630,,LABORATORIOS Y SERVICIOS VETERINARIOS VALDIVIA LTDA,0.1521
1,item_name_carries_no_classifiable_text,EXP-7.0,AGROQUIMICOS,COMPRAS,wd 40 458ml 52022,WD-40 458ML 52022,,COMERCIAL CLIMENT SPA,0.3634
1,item_name_carries_no_classifiable_text,EXP-9.2,Otros Gastos Riego,COMPRAS,na cl k 86632,Na CL K 86632,,LABORATORIOS Y SERVICIOS VETERINARIOS VALDIVIA LTDA,0.2232
1,liquidacion_dte43_requires_client_category,ADM-1.6,Utiles y gastos de oficina.,COMPRAS,ternero,TERNERO,PARD/ NEGR/ P CA,Tattersall Ganado S.A.,0.1972
1,liquidacion_dte43_requires_client_category,ADM-1.6,Utiles y gastos de oficina.,COMPRAS,vaca gorda,VACA GORDA,NEGR/8 EXPO,Tattersall Ganado S.A.,0.122
1,liquidacion_dte43_requires_client_category,EXP-1.1,Otros Gastos RRHH,COMPRAS,007 vaca s export cab jer sm cab,007 VACA(S) EXPORT. CAB JER SM CAB,25-3|25,FERIA GANADEROS OSORNO S.A.,0.1495
1,liquidacion_dte43_requires_client_category,EXP-1.1,Otros Gastos RRHH,COMPRAS,vaquilla gorda,VAQUILLA GORDA,NEG-EXPO-2D,Tattersall Ganado S.A.,0.194
1,liquidacion_dte43_requires_client_category,EXP-10.1,Mantencion Sala,COMPRAS,002 vaca s export cab h lomo,002 VACA(S) EXPORT. CAB H LOMO,23-2|23,FERIA GANADEROS OSORNO S.A.,0.2282
1,liquidacion_dte43_requires_client_category,EXP-10.1,Mantencion Sala,COMPRAS,002 vacuno s s g cab n,002 VACUNO(S) S/G CAB N,25-4|25,FERIA GANADEROS OSORNO S.A.,0.1873
1,liquidacion_dte43_requires_client_category,EXP-10.1,Mantencion Sala,COMPRAS,ternera,TERNERA,PARD/NG/ RAB,Tattersall Ganado S.A.,0.2454
1,liquidacion_dte43_requires_client_category,EXP-10.1,Mantencion Sala,COMPRAS,vaquilla engorda,VAQUILLA ENGORDA,NEGR-2D-EXP-H-LM,Tattersall Ganado S.A.,0.1843
1,liquidacion_dte43_requires_client_category,EXP-13.1,Mantencion Maquinaria,COMPRAS,004 vaq s eng cab neg lomo,004 VAQ.(S) ENG. CAB NEG - LOMO,39-1|39,FERIA GANADEROS OSORNO S.A.,0.2722
1,liquidacion_dte43_requires_client_category,EXP-13.1,Mantencion Maquinaria,COMPRAS,007 vaq s export cab cla lomo,007 VAQ(S) EXPORT. CAB CLA . LOMO,28-11|28,FERIA GANADEROS OSORNO S.A.,0.1178
1,liquidacion_dte43_requires_client_category,EXP-13.1,Mantencion Maquinaria,COMPRAS,021 torete s,021 TORETE(S),1-3|1,FERIA GANADEROS OSORNO S.A.,0.1565
1,liquidacion_dte43_requires_client_category,EXP-14.1,Mantencion Caminos,COMPRAS,001 vaca s export cab 19,001 VACA(S) EXPORT. CAB 19,23-3|23,FERIA GANADEROS OSORNO S.A.,0.1932
1,liquidacion_dte43_requires_client_category,EXP-14.1,Mantencion Caminos,COMPRAS,001 vaca s export cab 20,001 VACA(S) EXPORT. CAB 20,23-4|23,FERIA GANADEROS OSORNO S.A.,0.1743
1,liquidacion_dte43_requires_client_category,EXP-14.1,Mantencion Caminos,COMPRAS,002 vaca s export jer c anca,002 VACA(S) EXPORT. JER C ANCA,25-5|25,FERIA GANADEROS OSORNO S.A.,0.2474
1,liquidacion_dte43_requires_client_category,EXP-14.1,Mantencion Caminos,COMPRAS,002 vaca s export neg lomo,002 VACA(S) EXPORT. NEG % LOMO,24-9|24,FERIA GANADEROS OSORNO S.A.,0.1607
1,liquidacion_dte43_requires_client_category,EXP-14.1,Mantencion Caminos,COMPRAS,003 vaca s export bay 3 lomo,003 VACA(S) EXPORT. BAY 3 LOMO,24-4|24,FERIA GANADEROS OSORNO S.A.,0.1936
1,liquidacion_dte43_requires_client_category,EXP-14.1,Mantencion Caminos,COMPRAS,003 vaca s export cab lomo,003 VACA(S) EXPORT. CAB . LOMO,23-1|23,FERIA GANADEROS OSORNO S.A.,0.2021
1,liquidacion_dte43_requires_client_category,EXP-14.1,Mantencion Caminos,COMPRAS,003 vaca s export jer lomo,003 VACA(S) EXPORT. JER /\ LOMO,25-6|25,FERIA GANADEROS OSORNO S.A.,0.2948
1,liquidacion_dte43_requires_client_category,EXP-14.1,Mantencion Caminos,COMPRAS,003 vaca s export jer o lomo,003 VACA(S) EXPORT. JER O LOMO,23-2|23,FERIA GANADEROS OSORNO S.A.,0.2743
1,liquidacion_dte43_requires_client_category,EXP-14.1,Mantencion Caminos,COMPRAS,004 vaca s export cab anca,004 VACA(S) EXPORT. CAB / ANCA,24-3|24,FERIA GANADEROS OSORNO S.A.,0.1971
1,liquidacion_dte43_requires_client_category,EXP-14.1,Mantencion Caminos,COMPRAS,005 vaca s export jers lomo,005 VACA(S) EXPORT. JERS . LOMO,24-8|24,FERIA GANADEROS OSORNO S.A.,0.1721
1,liquidacion_dte43_requires_client_category,EXP-14.1,Mantencion Caminos,COMPRAS,005 vaca s export jersey neg lomo,005 VACA(S) EXPORT. JERSEY NEG . LOMO,43-7|43,FERIA GANADEROS OSORNO S.A.,0.1982
1,liquidacion_dte43_requires_client_category,EXP-14.1,Mantencion Caminos,COMPRAS,007 vaca s export jers sm jers,007 VACA(S) EXPORT. JERS SM JERS,58-2|58,FERIA GANADEROS OSORNO S.A.,0.1538
1,liquidacion_dte43_requires_client_category,EXP-14.1,Mantencion Caminos,COMPRAS,007 vaq s export jers cab anca,007 VAQ(S) EXPORT. JERS CAB / ANCA,18-8|18,FERIA GANADEROS OSORNO S.A.,0.1069
1,liquidacion_dte43_requires_client_category,EXP-14.1,Mantencion Caminos,COMPRAS,008 vaca s export cab jer lomo,008 VACA(S) EXPORT. CAB JER . LOMO,25-4|25,FERIA GANADEROS OSORNO S.A.,0.236
1,liquidacion_dte43_requires_client_category,EXP-2.1,Terapias Secado,COMPRAS,001 vacuno s s g jer ll,001 VACUNO(S) S/G JER LL,36-3|36,FERIA GANADEROS OSORNO S.A.,0.2
1,liquidacion_dte43_requires_client_category,EXP-2.1,Terapias Secado,COMPRAS,002 vaca s export jer s,002 VACA(S) EXPORT. JER S,23-1|23,FERIA GANADEROS OSORNO S.A.,0.2713
1,liquidacion_dte43_requires_client_category,EXP-2.1,Terapias Secado,COMPRAS,008 vaq s export jer neg anca,008 VAQ(S) EXPORT. JER NEG / ANCA,46-1|46,FERIA GANADEROS OSORNO S.A.,0.2907
1,liquidacion_dte43_requires_client_category,EXP-2.3,Vacunas,COMPRAS,001 vac s carn export neg 39,001 VAC(S) CARN. EXPORT. NEG 39,24-7|24,FERIA GANADEROS OSORNO S.A.,0.4723
1,liquidacion_dte43_requires_client_category,EXP-2.3,Vacunas,COMPRAS,002 vac s carn export jer b,002 VAC(S) CARN. EXPORT. JER B,36-2|36,FERIA GANADEROS OSORNO S.A.,0.5229
1,liquidacion_dte43_requires_client_category,EXP-2.3,Vacunas,COMPRAS,003 vac s carn export jer cab anca,003 VAC(S) CARN. EXPORT. JER CAB / ANCA,25-5|25,FERIA GANADEROS OSORNO S.A.,0.6301
1,liquidacion_dte43_requires_client_category,EXP-2.3,Vacunas,COMPRAS,005 vac s carn export cab jers lomo,005 VAC(S) CARN. EXPORT. CAB JERS . LOMO,24-4|24,FERIA GANADEROS OSORNO S.A.,0.6221
1,liquidacion_dte43_requires_client_category,EXP-2.3,Vacunas,COMPRAS,007 vac s carn export jers sm jer,007 VAC(S) CARN. EXPORT. JERS SM JER,24-5|24,FERIA GANADEROS OSORNO S.A.,0.4843
1,liquidacion_dte43_requires_client_category,EXP-7.0,AGROQUIMICOS,COMPRAS,002 vaq s export cab t,002 VAQ(S) EXPORT. CAB T,17-2|17,FERIA GANADEROS OSORNO S.A.,0.2466
1,liquidacion_dte43_requires_client_category,EXP-7.0,AGROQUIMICOS,COMPRAS,002 vaq s export jers lomo,002 VAQ(S) EXPORT. JERS /\/\ LOMO,28-14|28,FERIA GANADEROS OSORNO S.A.,0.1742
1,liquidacion_dte43_requires_client_category,EXP-7.0,AGROQUIMICOS,COMPRAS,003 vaq s export cab x anca,003 VAQ(S) EXPORT. CAB X ANCA,17-3|17,FERIA GANADEROS OSORNO S.A.,0.2792
1,liquidacion_dte43_requires_client_category,EXP-7.0,AGROQUIMICOS,COMPRAS,004 vaq s export cab gol lomo,004 VAQ(S) EXPORT. CAB GOL .. LOMO,46-2|46,FERIA GANADEROS OSORNO S.A.,0.1844
1,liquidacion_dte43_requires_client_category,EXP-7.0,AGROQUIMICOS,COMPRAS,006 vaq s export cab lomo,006 VAQ(S) EXPORT. CAB . LOMO,18-7|18,FERIA GANADEROS OSORNO S.A.,0.1851
1,liquidacion_dte43_requires_client_category,EXP-7.0,AGROQUIMICOS,COMPRAS,006 vaq s export cab sm cab,006 VAQ(S) EXPORT. CAB SM CAB,28-10|28,FERIA GANADEROS OSORNO S.A.,0.2054
1,liquidacion_dte43_requires_client_category,EXP-7.0,AGROQUIMICOS,COMPRAS,008 vaq s export jers sm jers,008 VAQ(S) EXPORT. JERS SM JERS,11-1|11,FERIA GANADEROS OSORNO S.A.,0.2715
1,liquidacion_dte43_requires_client_category,EXP-7.0,AGROQUIMICOS,COMPRAS,048 vaq s gorda,048 VAQ.(S) GORDA,1-2|1,FERIA GANADEROS OSORNO S.A.,0.402
1,low_confidence,ADM-1.10,Otros Servicios y Asesorias,COMPRAS,asesoria sistemas gestion,Asesoria Sistemas Gestion,,OREGON CONSULTING SPA,0.142
1,low_confidence,ADM-1.2,Comunicaciones e Internet,COMPRAS,amp h7 12v 55w vision ph,AMP H7 12V 55W VISION PH,118479,SOC. COMERC. DE REPUESTOS S.P.A.,0.2655
1,low_confidence,ADM-1.2,Comunicaciones e Internet,COMPRAS,camara,Cámara...,SUMINISTRO Y MONTAJE DE CAMARAS SOLAR WIFI,MARIO NICOLAS SANCHEZ SANTANA,0.4612
1,low_confidence,ADM-1.2,Comunicaciones e Internet,COMPRAS,cargo fijo bam,Cargo Fijo BAM,2025-03-30++56974729073,Telefónica Móviles Chile S.A.,0.7365
1,low_confidence,ADM-1.2,Comunicaciones e Internet,COMPRAS,catalina transmision desparramador 5,CATALINA TRANSMISION DESPARRAMADOR (5),CATALINA TRANSMISION DESPARRAMADOR (5),GALLAGHER CHILE SPA,0.2391
1,low_confidence,ADM-1.2,Comunicaciones e Internet,COMPRAS,cercos raices,CERCOS RAICES,2397mtrs x300,CONSTRUCTORA DSL SPA,0.4841
1,low_confidence,ADM-1.2,Comunicaciones e Internet,COMPRAS,cuchara vc,CUCHARA VC,UN 0000,ADMIN. DE SUPERMERCADOS HIPER LIMITADA,0.1745
1,low_confidence,ADM-1.2,Comunicaciones e Internet,COMPRAS,despacho web,DESPACHO WEB,REGIONES ESTIMADO DE 1-5 DIAS HABILES SIGUIENTES AL DIA DE TU COMPRA ZONAS EXTREMAS DE 3-7 HABILES,COMERCIAL V A M OFFICES SUPPLIES LIMITADA,0.6206
1,low_confidence,ADM-1.2,Comunicaciones e Internet,COMPRAS,dif de provision nacional op 614266,DIF. DE PROVISION NACIONAL OP 614266,DIF. DE PROVISION NACIONAL OP 614266,Santander - Chile,0.2152
1,low_confidence,ADM-1.2,Comunicaciones e Internet,COMPRAS,elastico 8mmx60cm 4 pcs uyustools ela04u,ELASTICO 8MMX60CM 4 PCS UYUSTOOLS ELA04U -@,ELASTICO 8MMX60CM 4 PCS UYUSTOOLS ELA04U -@,DORIS IVONNE CASTILLO KANTER,0.3123
1,low_confidence,ADM-1.2,Comunicaciones e Internet,COMPRAS,fabricacion cerco raices,FABRICACIÓN CERCO RAICES,(5320 MT),CONSTRUCTORA DSL SPA,0.6384
1,low_confidence,ADM-1.2,Comunicaciones e Internet,COMPRAS,instal config equipos,Instal+Config Equipos,Servicio de Instalación y Configuración de Equipos StarLink y Antena Ubiquiti para Fundo Yutreco,SERVICIOS Y SOLUCIONES LINKEDTIC SPA,0.4819
1,low_confidence,ADM-1.2,Comunicaciones e Internet,COMPRAS,kit standardv,KIT STANDARDV,,FALABELLA RETAIL S.A.,0.2055
1,low_confidence,ADM-1.2,Comunicaciones e Internet,COMPRAS,lente max visions cubrelente claro,LENTE MAX VISIONS CUBRELENTE CLARO,,FERRETERIA HESS Y BUSCHMANN SPA,0.1919
1,low_confidence,ADM-1.2,Comunicaciones e Internet,COMPRAS,mantencion de cerco,MANTENCION DE CERCO,EL MAITEN Y TINEO,CONSTRUCTORA DSL SPA,0.5704
1,low_confidence,ADM-1.2,Comunicaciones e Internet,COMPRAS,mouse hp 200 wireless gris,Mouse HP 200 Wireless Gris,,PERSONAL COMPUTER FACTORY S.A.,0.4947
1,low_confidence,ADM-1.2,Comunicaciones e Internet,COMPRAS,multifuncional tinta continua pixma g3110 wifi,Multifuncional Tinta Continua Pixma G3110 WiFi,,PERSONAL COMPUTER FACTORY S.A.,0.6132
1,low_confidence,ADM-1.2,Comunicaciones e Internet,COMPRAS,multifuncional tinta continua pixma g3170 wifi,Multifuncional Tinta Continua Pixma G3170 WiFi,,PERSONAL COMPUTER FACTORY S.A.,0.5997
1,low_confidence,ADM-1.2,Comunicaciones e Internet,COMPRAS,provision e instalacion,PROVISION E INSTALACION,"PROVISION E INSTALCION MODULO WIFI GATOR , FUNDO YUTRECO",SOCIEDAD DE INVERSIONES MVM SPA,0.6245
1,low_confidence,ADM-1.2,Comunicaciones e Internet,COMPRAS,radio usb bt app aw 3269 cun06,RADIO USB BT APP AW 3269 CUN06,,SODIMAC S.A.,0.2733
1,low_confidence,ADM-1.2,Comunicaciones e Internet,COMPRAS,reparacion red mergencia,reparacion red mergencia,circuitos desconocidos . instalacion de camaras y conexion habilitacion de nergia . compra de materiales,ELECTRIDOM SPA,0.3293
1,low_confidence,ADM-1.2,Comunicaciones e Internet,COMPRAS,revision y soporte,Revision y soporte,"Telefonos moviles Felipe Anguita G., Maria Ines Hermosilla E.",NETSKY SPA,0.1834
1,low_confidence,ADM-1.2,Comunicaciones e Internet,COMPRAS,servicio soporte remoto,Servicio soporte remoto,Segun Informe de Trabajos y Soporte Remoto Antillanca S.A. del 30-11-2023 al 04-02-2025,NETSKY SPA,0.2735
1,low_confidence,ADM-1.2,Comunicaciones e Internet,COMPRAS,servicios,Servicios,"De Web Hosting, 4gb De Espacio Total, Cuentas De Correos Ilimitadas, Transferencia Ilimitada periodo 06-08-2024 al 06-08-2026",NETSKY SPA,0.4816
1,low_confidence,ADM-1.2,Comunicaciones e Internet,COMPRAS,servicios mantencion,SERVICIOS MANTENCION,"CERCOS, CORRALES Y OTROS",CONSTRUCTORA DSL SPA,0.3034
1,low_confidence,ADM-1.2,Comunicaciones e Internet,COMPRAS,set ducha telef mango cromo 3 ll 102 fas,SET DUCHA TELEF. MANGO CROMO 3 LL-102 FAS -@,SET DUCHA TELEF. MANGO CROMO 3 LL-102 FAS -@,DORIS IVONNE CASTILLO KANTER,0.6404
1,low_confidence,ADM-1.2,Comunicaciones e Internet,COMPRAS,smart tv led 50 un50cu7090 uhd 4k 2024,"Smart TV LED 50"" UN50CU7090 UHD 4K 2024",,PERSONAL COMPUTER FACTORY S.A.,0.458
1,low_confidence,ADM-1.2,Comunicaciones e Internet,COMPRAS,switch 5b tlink,Switch 5b TLink,,SERVICIOS Y SOLUCIONES LINKEDTIC SPA,0.4541
1,low_confidence,ADM-1.2,Comunicaciones e Internet,COMPRAS,tarjeta pci express startech 2 port,TARJETA PCI Express StarTech 2 Port,,COOPERATIVA AGRICOLA Y DE SERVICIOS LTDA,0.2723
1,low_confidence,ADM-1.2,Comunicaciones e Internet,COMPRAS,teles full 450 mm zincada retail zincada dap,TELES. FULL 450 MM ZINCADA RETAIL ! ZINCADA ! DAP,SISTEMAS TELES. FULL 450 MM ZINCADA RETAIL ! ZINCADA ! DAP,DAP DUCASSE DISEÑO LTDA.,0.1978
1,low_confidence,ADM-1.2,Comunicaciones e Internet,COMPRAS,televisor smart tv 65 4k ut7300,"TELEVISOR SMART TV 65"" 4K UT7300 +",,CENCOSUD RETAIL S.A.,0.7132
1,low_confidence,ADM-1.2,Comunicaciones e Internet,COMPRAS,tvnc tornillo volcanita negro 2 1 2 cj 100un,TVNC TORNILLO VOLCANITA NEGRO 2 1 2 CJ 100UN -@,TVNC TORNILLO VOLCANITA NEGRO 2 1 2 CJ 100UN -@,DORIS IVONNE CASTILLO KANTER,0.3107
1,low_confidence,ADM-1.2,Comunicaciones e Internet,COMPRAS,tvzc tornillo volcanita zinc 1 1 4 cj 100un,TVZC TORNILLO VOLCANITA ZINC 1 1 4 CJ 100UN -@,TVZC TORNILLO VOLCANITA ZINC 1 1 4 CJ 100UN -@,DORIS IVONNE CASTILLO KANTER,0.5815
1,low_confidence,ADM-1.4,Movilizacion,COMPRAS,arreglo asiento tractor,Arreglo asiento tractor,del Bramadero,SANDRA PAULINA VALLADARES RIOS,0.4096
1,low_confidence,ADM-1.4,Movilizacion,COMPRAS,cambiar presostato,CAMBIAR PRESOSTATO,,WALDEMAR ORLANDO VARGAS CARDENAS,0.175
1,low_confidence,ADM-1.4,Movilizacion,COMPRAS,carga incompleta,CARGA INCOMPLETA,,TRANSPORTES JORGE ALEJANDRO MARTÌNEZ GUZMÀN E.I.R.L.,0.1642
1,low_confidence,ADM-1.4,Movilizacion,COMPRAS,chequeo y mantecion chore time,CHEQUEO Y MANTECION CHORE TIME,,COOPERATIVA AGRICOLA Y DE SERVICIOS LTDA,0.3036
1,low_confidence,ADM-1.4,Movilizacion,COMPRAS,fardos paja de trigo,Fardos Paja de Trigo,"Según Guía Despacho 576, 577, 578 Fundo El Maitén",SERVICIOS AGRICOLAS OSORNO SPA,0.6422
1,low_confidence,ADM-1.4,Movilizacion,COMPRAS,gastos cobranza,GASTOS_COBRANZA,,SOCIEDAD CONCESIONARIA RUTA 5 CHILLAN-COLLIPULLI S.A.,0.3473
1,low_confidence,ADM-1.4,Movilizacion,COMPRAS,gastos gestion cobranzas,Gastos Gestión Cobranzas,,Sociedad Concesionaria Costanera Norte S.A.,0.6614
1,low_confidence,ADM-1.4,Movilizacion,COMPRAS,gastos operacionales,Gastos Operacionales,Segun Cotiz. N°195 Informe N°112,EMVI INGENIERÍA Y SOLUCIONES INDUSTRIALES SPA,0.236
1,low_confidence,ADM-1.4,Movilizacion,COMPRAS,imto,IMTO,IMTO,Procarne Comercial S.A.,0.175
1,low_confidence,ADM-1.4,Movilizacion,COMPRAS,peajes interurbanos tag del periodo,Peajes Interurbanos TAG del Período,,"RUTA DEL MAIPO SOCIEDAD CONCESIONARIA, S.A.",0.3059
1,low_confidence,ADM-1.4,Movilizacion,COMPRAS,presupuesto 2320 2025,PRESUPUESTO 2320/2025,"CONEXIONADO NUEVA BOMBA ACHIQUE PURINES, SALA DE ORDEÑO, FUNDO EL MAITEN",ROBERTO RENÉ RODRIGUEZ ARANCIBIA MONTAJES ELECTRICOS E INDUSTRIALES.,0.2675
1,low_confidence,ADM-1.4,Movilizacion,COMPRAS,presupuesto n 2287 2024,PRESUPUESTO N° 2287/2024,"SUMINISTRO Y MONTAJE CANALIZACIONES Y CABLEADO TABLERO DE TRANSFERENCIA GENERADOR OFICINAS , FUNDO EL MAITEN",ROBERTO RENÉ RODRIGUEZ ARANCIBIA MONTAJES ELECTRICOS E INDUSTRIALES.,0.2431
1,low_confidence,ADM-1.4,Movilizacion,COMPRAS,rendicion gastos viaje consultores,Rendición gastos viaje consultores,"Rendición gastos proyecto ""Diagnóstico y road map para modelamiento ejecutivos familiares como equipo de alto desempeño"" RFP 2404_008 Consultores: Paula Arias -Maite Astete - Gonzalo Jiménez",ASESORIAS PROTEUS DISRUPTION LIMITADA,0.2685
1,low_confidence,ADM-1.4,Movilizacion,COMPRAS,servicios,SERVICIOS,RETIRO DE PURINES,GEO PARTNER SPA,0.1876
1,low_confidence,ADM-1.5,Colacion y Alojamiento,COMPRAS,01 12 2025 tiquet restaurante 5085110 restaurant bidasoa,01/12/2025 - Tiquet Restaurante - 5085110 - Restaurant Bidasoa,,SOC HOTELERA BIDASOA SPA,0.4066
1,low_confidence,ADM-1.5,Colacion y Alojamiento,COMPRAS,01 12 2025 tiquet restaurante propina 5085110 restaurant bidasoa,01/12/2025 - Tiquet Restaurante Propina - 5085110 - Restaurant Bidasoa,,SOC HOTELERA BIDASOA SPA,0.4051
1,low_confidence,ADM-1.5,Colacion y Alojamiento,COMPRAS,10 01 2026 tiquet restaurante 5108520 restaurant bidasoa,10/01/2026 - Tiquet Restaurante - 5108520 - Restaurant Bidasoa,,SOC HOTELERA BIDASOA SPA,0.4172
1,low_confidence,ADM-1.5,Colacion y Alojamiento,COMPRAS,10 01 2026 tiquet restaurante 5108585 restaurant bidasoa,10/01/2026 - Tiquet Restaurante - 5108585 - Restaurant Bidasoa,,SOC HOTELERA BIDASOA SPA,0.4093
1,low_confidence,ADM-1.5,Colacion y Alojamiento,COMPRAS,10 01 2026 tiquet restaurante propina 5108520 restaurant bidasoa,10/01/2026 - Tiquet Restaurante Propina - 5108520 - Restaurant Bidasoa,,SOC HOTELERA BIDASOA SPA,0.3997
1,low_confidence,ADM-1.5,Colacion y Alojamiento,COMPRAS,10 01 2026 tiquet restaurante propina 5108585 restaurant bidasoa,10/01/2026 - Tiquet Restaurante Propina - 5108585 - Restaurant Bidasoa,,SOC HOTELERA BIDASOA SPA,0.4016
1,low_confidence,ADM-1.5,Colacion y Alojamiento,COMPRAS,11 01 2026 tiquet restaurante 5109548 restaurant bidasoa,11/01/2026 - Tiquet Restaurante - 5109548 - Restaurant Bidasoa,,SOC HOTELERA BIDASOA SPA,0.4231
1,low_confidence,ADM-1.5,Colacion y Alojamiento,COMPRAS,11 01 2026 tiquet restaurante propina 5109548 restaurant bidasoa,11/01/2026 - Tiquet Restaurante Propina - 5109548 - Restaurant Bidasoa,,SOC HOTELERA BIDASOA SPA,0.4071
1,low_confidence,ADM-1.5,Colacion y Alojamiento,COMPRAS,13 12 2025 tiquet restaurante 5092386 restaurant bidasoa,13/12/2025 - Tiquet Restaurante - 5092386 - Restaurant Bidasoa,,SOC HOTELERA BIDASOA SPA,0.3929
1,low_confidence,ADM-1.5,Colacion y Alojamiento,COMPRAS,13 12 2025 tiquet restaurante propina 5092386 restaurant bidasoa,13/12/2025 - Tiquet Restaurante Propina - 5092386 - Restaurant Bidasoa,,SOC HOTELERA BIDASOA SPA,0.3922
1,low_confidence,ADM-1.5,Colacion y Alojamiento,COMPRAS,21 10 2025 tiquet restaurante 5061563 restaurant bidasoa,21/10/2025 - Tiquet Restaurante - 5061563 - Restaurant Bidasoa,,SOC HOTELERA BIDASOA SPA,0.4295
1,low_confidence,ADM-1.5,Colacion y Alojamiento,COMPRAS,21 10 2025 tiquet restaurante propina 5061563 restaurant bidasoa,21/10/2025 - Tiquet Restaurante Propina - 5061563 - Restaurant Bidasoa,,SOC HOTELERA BIDASOA SPA,0.4267
1,low_confidence,ADM-1.5,Colacion y Alojamiento,COMPRAS,alojamiento lodgin 3,Alojamiento / Lodgin (3),,Inmobiliaria y Hotelera Pettra S.A,0.3583
1,low_confidence,ADM-1.5,Colacion y Alojamiento,COMPRAS,consumo,CONSUMO,,GASTRONOMIA ACHORATE SPA,0.2246
1,low_confidence,ADM-1.5,Colacion y Alojamiento,COMPRAS,costillar chileno cuisine co kg,COSTILLAR CHILENO CUISINE CO KG,,CENCOSUD RETAIL S.A.,0.1862
1,low_confidence,ADM-1.5,Colacion y Alojamiento,COMPRAS,habitacion 01 12 2025 02 12 2025 512 1 alojamiento,Habitación - 01/12/2025 - 02/12/2025 - 512 - 1 - Alojamiento,,SOC HOTELERA BIDASOA SPA,0.2627
1,low_confidence,ADM-1.5,Colacion y Alojamiento,COMPRAS,habitacion 09 01 2026 12 01 2026 301 1 alojamiento,Habitación - 09/01/2026 - 12/01/2026 - 301 - 1 - Alojamiento,,SOC HOTELERA BIDASOA SPA,0.2454
1,low_confidence,ADM-1.5,Colacion y Alojamiento,COMPRAS,habitacion 13 12 2025 15 12 2025 508 1 alojamiento,Habitación - 13/12/2025 - 15/12/2025 - 508 - 1 - Alojamiento,,SOC HOTELERA BIDASOA SPA,0.2575
1,low_confidence,ADM-1.5,Colacion y Alojamiento,COMPRAS,habitacion 20 10 2025 21 10 2025 601 1 alojamiento,Habitación - 20/10/2025 - 21/10/2025 - 601 - 1 - Alojamiento,,SOC HOTELERA BIDASOA SPA,0.262
1,low_confidence,ADM-1.5,Colacion y Alojamiento,COMPRAS,habitacion 21 10 2025 23 10 2025 408 1 alojamiento,Habitación - 21/10/2025 - 23/10/2025 - 408 - 1 - Alojamiento,,SOC HOTELERA BIDASOA SPA,0.2713
1,low_confidence,ADM-1.5,Colacion y Alojamiento,COMPRAS,masa delantera estriada arreador,MASA DELANTERA ESTRIADA ARREADOR,MASA DELANTERA ESTRIADA ARREADOR,GALLAGHER CHILE SPA,0.3318
1,low_confidence,ADM-1.5,Colacion y Alojamiento,COMPRAS,room service 1,Room Service ( 1),,Hotelera MDS Chillán S.A.,0.6839
1,low_confidence,ADM-1.5,Colacion y Alojamiento,COMPRAS,rooms 1,Rooms ( 1),,Hotelera MDS Chillán S.A.,0.5237
1,low_confidence,ADM-1.5,Colacion y Alojamiento,COMPRAS,servicios de alojamiento,SERVICIOS DE ALOJAMIENTO,RESERVA ID 103631 HAB 109 - TPL Hotel Diego de Almagro Los Angeles DESDE 01-10-2025 A 02-10-2025 CRISTIAN ANGUITA YV,COMERCIAL MAIFA LTDA.,0.6619
1,low_confidence,ADM-1.6,Utiles y gastos de oficina.,COMPRAS,,.,Suministro y montaje de 3 cámaras solares,MARIO NICOLAS SANCHEZ SANTANA,0.2636
1,low_confidence,ADM-1.6,Utiles y gastos de oficina.,COMPRAS,10380 caja p herramientas negra 20 truper,10380 CAJA P HERRAMIENTAS NEGRA 20 TRUPER -@,10380 CAJA P HERRAMIENTAS NEGRA 20 TRUPER -@,DORIS IVONNE CASTILLO KANTER,0.1583
1,low_confidence,ADM-1.6,Utiles y gastos de oficina.,COMPRAS,211648 walkease pegamento 10x2ml dispensador c u,211648 Walkease Pegamento 10x2ml dispensador - C/U,Walkease Pegamento 10x2ml dispensador - C/U,Comercial Shoof International Chile Ltda,0.3652
1,low_confidence,ADM-1.6,Utiles y gastos de oficina.,COMPRAS,212095 walkease bloques s rojo pqt x10 c u,212095 Walkease Bloques S Rojo pqt.X10 - C/U,Walkease Bloques S Rojo pqt.X10 - C/U,Comercial Shoof International Chile Ltda,0.2722
1,low_confidence,ADM-1.6,Utiles y gastos de oficina.,COMPRAS,3 ventanas de bano,3 Ventanas de baño,,FABRICACIONES WINSUR SPA,0.3533
1,low_confidence,ADM-1.6,Utiles y gastos de oficina.,COMPRAS,44024 bandola d ac c seg 3 8 x 3 1 2,44024 BANDOLA D AC. C SEG. 3 8 X 3 1/2 -@,44024 BANDOLA D AC. C SEG. 3 8 X 3 1/2 -@,DORIS IVONNE CASTILLO KANTER,0.3476
1,low_confidence,ADM-1.6,Utiles y gastos de oficina.,COMPRAS,abastero nacional v jumbo kg,ABASTERO NACIONAL V JUMBO KG,,CENCOSUD RETAIL S.A.,0.1533
1,low_confidence,ADM-1.6,Utiles y gastos de oficina.,COMPRAS,abraz alta presion 86 91mm cu,ABRAZ. ALTA PRESION 86-91MM CU,,SODIMAC S.A.,0.4039
1,low_confidence,ADM-1.6,Utiles y gastos de oficina.,COMPRAS,abrazadera,ABRAZADERA,ALTA PRESION IP 62-67,COMERCIAL TCS SPA,0.3113
1,low_confidence,ADM-1.6,Utiles y gastos de oficina.,COMPRAS,abrazadera alta presion 92mm 97mm,ABRAZADERA ALTA PRESION 92MM-97MM -@,ABRAZADERA ALTA PRESION 92MM-97MM -@,DORIS IVONNE CASTILLO KANTER,0.4604
1,low_confidence,ADM-1.6,Utiles y gastos de oficina.,COMPRAS,accesorios led soporte ecotek pgw070 25,"ACCESORIOS LED SOPORTE ECOTEK PGW070 25""",,CENCOSUD RETAIL S.A.,0.3966
1,low_confidence,ADM-1.6,Utiles y gastos de oficina.,COMPRAS,aceite vege,ACEITE VEGE,UN 0000,ADMIN. DE SUPERMERCADOS HIPER LIMITADA,0.2319
1,low_confidence,ADM-1.6,Utiles y gastos de oficina.,COMPRAS,acople hembra elevador 35 mm rf9 11 13 16 19 21,ACOPLE HEMBRA ELEVADOR 35 MM RF9/11/13/16/19/21,ACOPLE HEMBRA ELEVADOR 35 MM RF9/11/13/16/19/21,GALLAGHER CHILE SPA,0.3491
1,low_confidence,ADM-1.6,Utiles y gastos de oficina.,COMPRAS,acople macho elevador 1 1 4 rf 9 11 13 16 19 21,"ACOPLE MACHO ELEVADOR 1 1/4"" RF 9/11/13/16/19/21","ACOPLE MACHO ELEVADOR 1 1/4"" RF 9/11/13/16/19/21",GALLAGHER CHILE SPA,0.318
1,low_confidence,ADM-1.6,Utiles y gastos de oficina.,COMPRAS,acople rapido c stop 3 4 bronce,ACOPLE RAPIDO C/STOP 3/4 BRONCE,,EASY RETAIL S.A.,0.348
1,low_confidence,ADM-1.6,Utiles y gastos de oficina.,COMPRAS,acrizinc w base blanca sipa gl,ACRIZINC W BASE BLANCA - SIPA GL,ACRIZINC W BASE BLANCA - SIPA GL,COMERCIAL HARCHA SPA,0.2037
1,low_confidence,ADM-1.6,Utiles y gastos de oficina.,COMPRAS,alcayata plana f f 6 negra dsn,ALCAYATA PLANA F.F.6 NEGRA DSN,,SODIMAC S.A.,0.2018
1,low_confidence,ADM-1.6,Utiles y gastos de oficina.,COMPRAS,alicate picoloro deluxe 10 uyustools,"ALICATE PICOLORO DELUXE 10"" UYUSTOOLS",,COMERCIAL CLIMENT SPA,0.1801
1,low_confidence,ADM-1.6,Utiles y gastos de oficina.,COMPRAS,alicate universal de 8 ac 6101110 smartools,ALICATE UNIVERSAL DE 8 AC 6101110 SMARTOOLS -@,ALICATE UNIVERSAL DE 8 AC 6101110 SMARTOOLS -@,DORIS IVONNE CASTILLO KANTER,0.2449
1,low_confidence,ADM-1.6,Utiles y gastos de oficina.,COMPRAS,ampolleta dicroica led g9 ac220v 5w 3500k,AMPOLLETA DICROICA LED G9 AC220V 5W 3500K-@,AMPOLLETA DICROICA LED G9 AC220V 5W 3500K-@,DORIS IVONNE CASTILLO KANTER,0.3978
1,low_confidence,ADM-1.6,Utiles y gastos de oficina.,COMPRAS,ampolleta led 15w 3000k r e27 megabright 16857,AMPOLLETA LED 15W 3000K R-E27 MEGABRIGHT 16857 -@,AMPOLLETA LED 15W 3000K R-E27 MEGABRIGHT 16857 -@,DORIS IVONNE CASTILLO KANTER,0.2226
1,low_confidence,ADM-1.6,Utiles y gastos de oficina.,COMPRAS,ampolleta led clasica l fria 6500k vkb 11 5w,"AMPOLLETA LED CLASICA L/FRIA 6500K VKB 11,5W","AMPOLLETA LED CLASICA L/FRIA 6500K VKB 11,5W",COMERCIAL HARCHA SPA,0.4178
1,low_confidence,ADM-1.6,Utiles y gastos de oficina.,COMPRAS,ampolleta led vel 3 5w 25w e14,AMPOLLETA LED VEL 3.5W-25W E14,,SODIMAC S.A.,0.3725
1,low_confidence,ADM-1.6,Utiles y gastos de oficina.,COMPRAS,antigrasa gatillo,ANTIGRASA GATILLO,UN 0000@@Lleve N x $#D#1.790,ADMIN. DE SUPERMERCADOS HIPER LIMITADA,0.7412
1,low_confidence,ADM-1.6,Utiles y gastos de oficina.,COMPRAS,antillanca,antillanca,,SILVOAGROPECUARIO YERKO VERA CAMPOS EMPRESA INDIVIDUAL DE RESPONSABILI,0.2349
1,low_confidence,ADM-1.6,Utiles y gastos de oficina.,COMPRAS,ara 24x350,ARA 24X350,UN 0000,ADMIN. DE SUPERMERCADOS HIPER LIMITADA,0.3291
1,low_confidence,ADM-1.6,Utiles y gastos de oficina.,COMPRAS,arco de sierra 12 total tht54166,ARCO DE SIERRA 12 TOTAL THT54166 -@,ARCO DE SIERRA 12 TOTAL THT54166 -@,DORIS IVONNE CASTILLO KANTER,0.2101
1,low_confidence,ADM-1.6,Utiles y gastos de oficina.,COMPRAS,argolla acero 6 x 40mm,ARGOLLA ACERO 6 X 40MM -@,ARGOLLA ACERO 6 X 40MM -@,DORIS IVONNE CASTILLO KANTER,0.2037
1,low_confidence,ADM-1.6,Utiles y gastos de oficina.,COMPRAS,aspen natural 8mm prk507 aquaprotec,ASPEN NATURAL 8MM - (PRK507) AQUAPROTEC,ASPEN NATURAL 8MM - (PRK507) AQUAPROTEC,Comercial K SpA,0.2468
1,low_confidence,ADM-1.6,Utiles y gastos de oficina.,COMPRAS,auditoria,AUDITORIA,Auditoría de mantención para los predios El Maitén y Yutreco en el Estándar de Sustentabilidad.,ASESORIAS E INVERSIONES A Y G SPA,0.2139
1,low_confidence,ADM-1.6,Utiles y gastos de oficina.,COMPRAS,azucar iansa 900grs bolsa 900 gr,AZUCAR IANSA 900GRS BOLSA 900 GR,,COMERCIAL AMAR HERMANOS Y COMPANIA LIMITADA,0.2563
1,low_confidence,ADM-1.6,Utiles y gastos de oficina.,COMPRAS,b b aseo sup,B.B ASEO SUP,UN 0000,ADMIN. DE SUPERMERCADOS HIPER LIMITADA,0.135
1,low_confidence,ADM-1.6,Utiles y gastos de oficina.,COMPRAS,b basura 50x70 bio,B. BASURA 50X70 BIO,UN 0000,ADMIN. DE SUPERMERCADOS HIPER LIMITADA,0.1312
1,low_confidence,ADM-1.6,Utiles y gastos de oficina.,COMPRAS,balanza colgante 50 kg c resorte bar50,BALANZA COLGANTE 50 KG C RESORTE BAR50 -@,BALANZA COLGANTE 50 KG C RESORTE BAR50 -@,DORIS IVONNE CASTILLO KANTER,0.2702
1,low_confidence,ADM-1.6,Utiles y gastos de oficina.,COMPRAS,barniz marino natural tricolor gl,BARNIZ MARINO NATURAL - TRICOLOR GL,BARNIZ MARINO NATURAL - TRICOLOR GL,COMERCIAL HARCHA SPA,0.2228
1,low_confidence,ADM-1.6,Utiles y gastos de oficina.,COMPRAS,basurero con pedal 30lts chilemat,BASURERO CON PEDAL 30LTS - CHILEMAT,BASURERO CON PEDAL 30LTS - CHILEMAT,COMERCIAL HARCHA SPA,0.1478
1,low_confidence,ADM-1.6,Utiles y gastos de oficina.,COMPRAS,basurero con pedal 60lts chilemat,BASURERO CON PEDAL 60LTS- CHILEMAT,BASURERO CON PEDAL 60LTS- CHILEMAT,COMERCIAL HARCHA SPA,0.1665
1,low_confidence,ADM-1.6,Utiles y gastos de oficina.,COMPRAS,basurero eco azu rj ama vde 30,BASURERO ECO AZU-RJ-AMA-VDE 30,,SODIMAC S.A.,0.2504
1,low_confidence,ADM-1.6,Utiles y gastos de oficina.,COMPRAS,bateria hp original,BATERIA HP ORIGINAL,,COOPERATIVA AGRICOLA Y DE SERVICIOS LTDA,0.5232
1,low_confidence,ADM-1.6,Utiles y gastos de oficina.,COMPRAS,bisagra lioi 38 1 1 2,"BISAGRA LIOI # 38 1.1/2""","BISAGRA LIOI # 38 1.1/2""",COMERCIAL HARCHA SPA,0.198
1,low_confidence,ADM-1.6,Utiles y gastos de oficina.,COMPRAS,bisagra lock thru 275x20,BISAGRA LOCK THRU 275X20,BISAGRA LOCK THRU 275X20,GALLAGHER CHILE SPA,0.284
1,low_confidence,ADM-1.6,Utiles y gastos de oficina.,COMPRAS,bisagra profesional acero inox 3x3x2mm 2unid inoxcrom,BISAGRA PROFESIONAL ACERO INOX. 3X3X2MM 2UNID INOXCROM-@,BISAGRA PROFESIONAL ACERO INOX. 3X3X2MM 2UNID INOXCROM-@,DORIS IVONNE CASTILLO KANTER,0.2827
1,low_confidence,ADM-1.6,Utiles y gastos de oficina.,COMPRAS,bitritchoc,BITRITCHOC,UN 0003,ADMIN. DE SUPERMERCADOS HIPER LIMITADA,0.1623
1,low_confidence,ADM-1.6,Utiles y gastos de oficina.,COMPRAS,bitritvai,BITRITVAI,UN 0003,ADMIN. DE SUPERMERCADOS HIPER LIMITADA,0.1041
1,low_confidence,ADM-1.6,Utiles y gastos de oficina.,COMPRAS,bolsa basura,BOLSA BASURA,UN 0000@@Precio Antes Ahora#D#630,ADMIN. DE SUPERMERCADOS HIPER LIMITADA,0.2178
1,low_confidence,ADM-1.6,Utiles y gastos de oficina.,COMPRAS,bolsa basura 50x70 superior 10 un,BOLSA BASURA 50X70 SUPERIOR 10 UN,10.0 x 1 UN $810 Bruto/$680.6 Neto,RENDIC HERMANOS S.A.,0.6597
1,low_confidence,ADM-1.6,Utiles y gastos de oficina.,COMPRAS,bolsa basura biodeg 80x110 virutex 10 un,BOLSA BASURA BIODEG 80X110 VIRUTEX 10 UN,2.0 x 1 UN $1840 Bruto/$1546.0 Neto,RENDIC HERMANOS S.A.,0.639
1,low_confidence,ADM-1.6,Utiles y gastos de oficina.,COMPRAS,bolsa basura rollo 80x120 10u homecare,BOLSA BASURA ROLLO 80X120 10U HOMECARE,,CENCOSUD RETAIL S.A.,0.1989
1,low_confidence,ADM-1.6,Utiles y gastos de oficina.,COMPRAS,bolsa basura rollo superior 70x90 10un,BOLSA BASURA ROLLO SUPERIOR 70X90 10UN,,EASY RETAIL S.A.,0.2476
1,low_confidence,ADM-1.6,Utiles y gastos de oficina.,COMPRAS,bolsa basura rollo superior 80x110 10un,BOLSA BASURA ROLLO SUPERIOR 80X110 10UN,,EASY RETAIL S.A.,0.2403
1,low_confidence,ADM-1.6,Utiles y gastos de oficina.,COMPRAS,bolsa camiseta superior 50x65x10,BOLSA CAMISETA SUPERIOR 50X65X10,,EASY RETAIL S.A.,0.2363
1,low_confidence,ADM-1.6,Utiles y gastos de oficina.,COMPRAS,bolsa de aseo superior 110 x 120,BOLSA DE ASEO SUPERIOR 110 X 120,,DOÑA SOFIA SPA,0.316
1,low_confidence,ADM-1.6,Utiles y gastos de oficina.,COMPRAS,bolsa de papel c manilla trenzada merkat,BOLSA DE PAPEL C MANILLA TRENZADA MERKAT,1.0 x 1 UN $300 Bruto/$252.0 Neto,RENDIC HERMANOS S.A.,0.6652
1,low_confidence,ADM-1.6,Utiles y gastos de oficina.,COMPRAS,bolsa reutilizable algodon grande,BOLSA REUTILIZABLE ALGODON GRANDE,1.0 x 1 UN $1730 Bruto/$1454.0 Neto,RENDIC HERMANOS S.A.,0.6599
1,low_confidence,ADM-1.6,Utiles y gastos de oficina.,COMPRAS,bolsa reutilizable algodon grande dkora,BOLSA REUTILIZABLE ALGODON GRANDE DKORA,1.0 x 1 UN $1890 Bruto/$1588.0 Neto,RENDIC HERMANOS S.A.,0.6776
1,low_confidence,ADM-1.6,Utiles y gastos de oficina.,COMPRAS,bolsa reutilizable algodon pequena dkora,BOLSA REUTILIZABLE ALGODON PEQUENA DKORA,1.0 x 1 UN $1090 Bruto/$916.0 Neto,RENDIC HERMANOS S.A.,0.6386
1,low_confidence,ADM-1.6,Utiles y gastos de oficina.,COMPRAS,bolsa reutilizable pla mediana unimarc,BOLSA REUTILIZABLE PLA MEDIANA UNIMARC,1.0 x 1 UN $1090 Bruto/$916.0 Neto,RENDIC HERMANOS S.A.,0.6728
1,low_confidence,ADM-1.6,Utiles y gastos de oficina.,COMPRAS,bolsas de basura cierre facil 50x70 cm virutex rollo paquete 20 und,BOLSAS DE BASURA CIERRE FÁCIL 50X70 CM VIRUTEX ROLLO PAQUETE 20 UND,,COMERCIAL AMAR HERMANOS Y COMPANIA LIMITADA,0.2705
1,low_confidence,ADM-1.6,Utiles y gastos de oficina.,COMPRAS,botin de agua mujer sustentable chelsea ko caranca verde musgo 37,Botin De Agua Mujer Sustentable Chelsea Ko - Caranca Verde Musgo 37,,MercadoLibre Chile LTDA,0.5066
1,low_confidence,ADM-1.6,Utiles y gastos de oficina.,COMPRAS,botin de agua mujer sustentable chelsea ko caranca verde musgo 39,Botin De Agua Mujer Sustentable Chelsea Ko - Caranca Verde Musgo 39,,MercadoLibre Chile LTDA,0.5099
1,low_confidence,ADM-1.6,Utiles y gastos de oficina.,COMPRAS,brocha 2 silver 1000008b,BROCHA 2 SILVER 1000008B,30 Descuento Broch $ 1347,EASY RETAIL S.A.,0.7411
1,low_confidence,ADM-1.6,Utiles y gastos de oficina.,COMPRAS,brocha sem pro 1 5 pulg,BROCHA SEM PRO 1.5 PULG,20 Descuento Acces $ 598,EASY RETAIL S.A.,0.6382
1,low_confidence,ADM-1.6,Utiles y gastos de oficina.,COMPRAS,buje corto cem pvc presion 25 x 20 mm,BUJE CORTO CEM PVC PRESION 25 X 20 MM,BUJE CORTO CEM PVC PRESION 25 X 20 MM,COMERCIAL HARCHA SPA,0.325
1,low_confidence,ADM-1.6,Utiles y gastos de oficina.,COMPRAS,cable line x tipo c a tipo c 1 0m blanco,Cable Line X Tipo C a Tipo C 1.0m Blanco,,PERSONAL COMPUTER FACTORY S.A.,0.4198
1,low_confidence,ADM-1.6,Utiles y gastos de oficina.,COMPRAS,cable utp cat6 conectores rj45 3mts negro,Cable UTP Cat6 + Conectores RJ45 - 3mts Negro,,PERSONAL COMPUTER FACTORY S.A.,0.4323
1,low_confidence,ADM-1.6,Utiles y gastos de oficina.,COMPRAS,caja herramientas 17 pulg 120319 plastica hanbon,CAJA HERRAMIENTAS 17 PULG 120319 PLASTICA HANBON -@,CAJA HERRAMIENTAS 17 PULG 120319 PLASTICA HANBON -@,DORIS IVONNE CASTILLO KANTER,0.2
1,low_confidence,ADM-1.6,Utiles y gastos de oficina.,COMPRAS,calculadora 12 digitos mx 12b casio tem111,CALCULADORA 12 DIGITOS MX-12B CASIO TEM111,CALCULADORA 12 DIGITOS MX-12B CASIO TEM111,KARIM KLETT DIEZ,0.2958
1,low_confidence,ADM-1.6,Utiles y gastos de oficina.,COMPRAS,calculadora casio hl 815l we,CALCULADORA CASIO HL-815L-WE,,DATA CROM COMPUTACION LIMITADA,0.1926
1,low_confidence,ADM-1.6,Utiles y gastos de oficina.,COMPRAS,calefactor a lena limit 360 bosca cert,CALEFACTOR A LEÑA LIMIT 360 BOSCA CERT,CALEFACTOR A LEÑA LIMIT 360 BOSCA CERT,COOPERATIVA AGRICOLA Y LECHERA DE LA UNION LTDA.,0.2103
1,low_confidence,ADM-1.6,Utiles y gastos de oficina.,COMPRAS,calefont splendid 10 lts ionizado 600052683f,CALEFONT SPLENDID 10 LTS. IONIZADO (600052683F),,COMERCIAL CLIMENT SPA,0.3309
1,low_confidence,ADM-1.6,Utiles y gastos de oficina.,COMPRAS,candado 30mm linea s 157130 poli,CANDADO 30MM LINEA S 157130 POLI -@,CANDADO 30MM LINEA S 157130 POLI -@,DORIS IVONNE CASTILLO KANTER,0.3664
1,low_confidence,ADM-1.6,Utiles y gastos de oficina.,COMPRAS,candado tradicional s 50 br bt poli,CANDADO TRADICIONAL S-50 BR BT POLI -@,CANDADO TRADICIONAL S-50 BR BT POLI -@,DORIS IVONNE CASTILLO KANTER,0.2372
1,low_confidence,ADM-1.6,Utiles y gastos de oficina.,COMPRAS,candado tradicional s 60 br bt poli,CANDADO TRADICIONAL S-60 BR BT POLI -@,CANDADO TRADICIONAL S-60 BR BT POLI -@,DORIS IVONNE CASTILLO KANTER,0.251
1,low_confidence,ADM-1.6,Utiles y gastos de oficina.,COMPRAS,cargador de pared dual usb c 30w blanco gyrux,Cargador de Pared Dual USB +C 30W Blanco Gyrux,,PERSONAL COMPUTER FACTORY S.A.,0.3929
1,low_confidence,ADM-1.6,Utiles y gastos de oficina.,COMPRAS,cert pino cepillado 1x8 3 2m,"CERT PINO CEPILLADO 1X8 3,2M",,SODIMAC S.A.,0.3699
1,low_confidence,ADM-1.6,Utiles y gastos de oficina.,COMPRAS,cerveza cero alcohol cristal 350 cc lata g 0 0,"CERVEZA CERO ALCOHOL CRISTAL 350 CC LATA G 0,0",2.0 x 1 DIS $5690 Bruto/$4410.5 Neto,RENDIC HERMANOS S.A.,0.6047
1,low_confidence,ADM-1.6,Utiles y gastos de oficina.,COMPRAS,cerveza heineken x12 5 0g pak 350cc,CERVEZA HEINEKEN X12 5.0G PAK 350CC,JUMBO OFERTAS $ 12000,CENCOSUD RETAIL S.A.,0.6497
1,low_confidence,ADM-1.6,Utiles y gastos de oficina.,COMPRAS,ciboulette estuche 20 gr,CIBOULETTE ESTUCHE 20 GR,1.0 x 1 UN $750 Bruto/$630.0 Neto,RENDIC HERMANOS S.A.,0.3945
1,low_confidence,ADM-1.6,Utiles y gastos de oficina.,COMPRAS,cif bano biodegradable dp 450ml,CIF BANO BIODEGRADABLE DP 450ML,,COMERCIAL AMAR HNOS. Y CIA. LTDA,0.2016
1,low_confidence,ADM-1.6,Utiles y gastos de oficina.,COMPRAS,cif cr multiuso orig,CIF CR MULTIUSO ORIG,UN 0000,ADMIN. DE SUPERMERCADOS HIPER LIMITADA,0.2002
1,low_confidence,ADM-1.6,Utiles y gastos de oficina.,COMPRAS,cif org 500,CIF ORG 500,UN 0000@@Precio Antes Ahora#D#370,ADMIN. DE SUPERMERCADOS HIPER LIMITADA,0.3566
1,low_confidence,ADM-1.6,Utiles y gastos de oficina.,COMPRAS,cinta enmascarar 24mm x 30 mt ecosa,CINTA ENMASCARAR 24MM X 30 MT ECOSA -@,CINTA ENMASCARAR 24MM X 30 MT ECOSA -@,DORIS IVONNE CASTILLO KANTER,0.2841
1,low_confidence,ADM-1.6,Utiles y gastos de oficina.,COMPRAS,cinta p ductos 50 8 mm x 10mts cdu 10x 12586 truper,CINTA P DUCTOS 50 8 MM X 10MTS CDU-10X 12586 TRUPER -@,CINTA P DUCTOS 50 8 MM X 10MTS CDU-10X 12586 TRUPER -@,DORIS IVONNE CASTILLO KANTER,0.2462
1,low_confidence,ADM-1.6,Utiles y gastos de oficina.,COMPRAS,clavo corriente 3 bolsa 1kg,"CLAVO CORRIENTE 3"" BOLSA (1KG)",,COMERCIAL CLIMENT SPA,0.1504
1,low_confidence,ADM-1.6,Utiles y gastos de oficina.,COMPRAS,clavo corriente 4 bolsa 1kg oferta,"CLAVO CORRIENTE 4"" BOLSA (1KG) ""OFERTA""",,COMERCIAL CLIMENT SPA,0.1492
1,low_confidence,ADM-1.6,Utiles y gastos de oficina.,COMPRAS,clips metalicos 50 mm cliphol003 jm jm111,CLIPS METALICOS 50 MM CLIPHOL003 JM JM111,CLIPS METALICOS 50 MM CLIPHOL003 JM JM111,KARIM KLETT DIEZ,0.4686
1,low_confidence,ADM-1.6,Utiles y gastos de oficina.,COMPRAS,cloro clorin,CLORO CLORIN,UN 0000,ADMIN. DE SUPERMERCADOS HIPER LIMITADA,0.1945
1,low_confidence,ADM-1.6,Utiles y gastos de oficina.,COMPRAS,cloro tradicional,CLORO TRADICIONAL,UN 0000,ADMIN. DE SUPERMERCADOS HIPER LIMITADA,0.3677
1,low_confidence,ADM-1.6,Utiles y gastos de oficina.,COMPRAS,cloro tradicional clorinda 4 lt,CLORO TRADICIONAL CLORINDA 4 LT,2.0 x 1 UN $4450 Bruto/$3739.5 Neto,RENDIC HERMANOS S.A.,0.5289
1,low_confidence,ADM-1.6,Utiles y gastos de oficina.,COMPRAS,coca cola desechable 1 lt,COCA COLA DESECHABLE 1 LT,2.0 x 1 UN $1590 Bruto/$1160.0 Neto,RENDIC HERMANOS S.A.,0.6556
1,low_confidence,ADM-1.6,Utiles y gastos de oficina.,COMPRAS,coca cola desechable 3 lt,COCA COLA DESECHABLE 3 LT,2.0 x 1 UN $3150 Bruto/$2299.5 Neto,RENDIC HERMANOS S.A.,0.624
1,low_confidence,ADM-1.6,Utiles y gastos de oficina.,COMPRAS,coca cola sin azucar desechable 3 lt,COCA COLA SIN AZUCAR DESECHABLE 3 LT,4.0 x 1 UN $3150 Bruto/$2442.25 Neto,RENDIC HERMANOS S.A.,0.5027
1,low_confidence,ADM-1.6,Utiles y gastos de oficina.,COMPRAS,codo cem pvc presion 90o 20 mm,CODO CEM PVC PRESION 90º 20 MM,CODO CEM PVC PRESION 90º 20 MM,COMERCIAL HARCHA SPA,0.2864
1,low_confidence,ADM-1.6,Utiles y gastos de oficina.,COMPRAS,codo cem pvc presion 90o 25 mm,CODO CEM PVC PRESION 90º 25 MM,CODO CEM PVC PRESION 90º 25 MM,COMERCIAL HARCHA SPA,0.2881
1,low_confidence,ADM-1.6,Utiles y gastos de oficina.,COMPRAS,codo cobre 90o 1 2 so so,CODO COBRE 90O 1/2 SO/SO....,,SODIMAC S.A.,0.3391
1,low_confidence,ADM-1.6,Utiles y gastos de oficina.,COMPRAS,codo compresion 32mm arangul,Codo Compresión 32mm Arangül,,PUELCHE LOS RIOS SOCIEDAD POR ACCIONES,0.2453
1,low_confidence,ADM-1.6,Utiles y gastos de oficina.,COMPRAS,codo hembra hembra arena p25 vinilit 45o,CODO HEMBRA/HEMBRA ARENA P25 - VINILIT 45º,CODO HEMBRA/HEMBRA ARENA P25 - VINILIT 45º,COMERCIAL HARCHA SPA,0.2835
1,low_confidence,ADM-1.6,Utiles y gastos de oficina.,COMPRAS,codo hembra hembra arena p25 vinilit 87 5o,CODO HEMBRA/HEMBRA ARENA P25 -VINILIT 87.5º,CODO HEMBRA/HEMBRA ARENA P25 -VINILIT 87.5º,COMERCIAL HARCHA SPA,0.2784
1,low_confidence,ADM-1.6,Utiles y gastos de oficina.,COMPRAS,codo plansa 1 2 hoffens,"CODO PLANSA 1/2"" - HOFFENS","CODO PLANSA 1/2"" - HOFFENS",COMERCIAL HARCHA SPA,0.2297
1,low_confidence,ADM-1.6,Utiles y gastos de oficina.,COMPRAS,codo plansa hi 1 2 hoffens,"CODO PLANSA HI 1/2"" - HOFFENS","CODO PLANSA HI 1/2"" - HOFFENS",COMERCIAL HARCHA SPA,0.2477
1,low_confidence,ADM-1.6,Utiles y gastos de oficina.,COMPRAS,collarin arranque c refuerzo 63 x 3 4 arangul,"Collarín Arranque c/Refuerzo 63 x 3/4"" Arangül",,PUELCHE LOS RIOS SOCIEDAD POR ACCIONES,0.2764
1,low_confidence,ADM-1.6,Utiles y gastos de oficina.,COMPRAS,collarin polipropileno 50 mm x 1,COLLARIN POLIPROPILENO 50 MM X 1 -@,COLLARIN POLIPROPILENO 50 MM X 1 -@,DORIS IVONNE CASTILLO KANTER,0.2385
1,low_confidence,ADM-1.6,Utiles y gastos de oficina.,COMPRAS,collarin polipropileno 50mm x 3 4,COLLARIN POLIPROPILENO 50MM X 3 4 -@,COLLARIN POLIPROPILENO 50MM X 3 4 -@,DORIS IVONNE CASTILLO KANTER,0.1997
1,low_confidence,ADM-1.6,Utiles y gastos de oficina.,COMPRAS,collarin polipropileno 63mm x 1,COLLARIN POLIPROPILENO 63MM X 1 -@,COLLARIN POLIPROPILENO 63MM X 1 -@,DORIS IVONNE CASTILLO KANTER,0.2045
1,low_confidence,ADM-1.6,Utiles y gastos de oficina.,COMPRAS,combinacion lavaplatos tipo v bogen negro mate 20bo1,COMBINACION LAVAPLATOS TIPO V BOGEN NEGRO MATE (20BO1,,COMERCIAL CLIMENT SPA,0.2104
1,low_confidence,ADM-1.6,Utiles y gastos de oficina.,COMPRAS,conector rapido 1 2 c stop rehau 268133300,CONECTOR RAPIDO 1/2 C/STOP REHAU (268133300),,COMERCIAL CLIMENT SPA,0.2726
1,low_confidence,ADM-1.6,Utiles y gastos de oficina.,COMPRAS,conexion de serv seg guia ar 64621 pv 114402 00 pd 0 00 forma de pago 04 cuota,CONEXION DE SERV SEG GUIA AR 64621 PV$114402.00 PD 0.00%. FORMA DE PAGO 04 CUOTA,S DE $34.035.- CON PRIMER VCTO. PARA EL 28/DIC/2025 CARGO A CTA.2820-1,COOP RURAL ELECTRICA RIO BUENO LIMITADA,0.4832
1,low_confidence,ADM-1.6,Utiles y gastos de oficina.,COMPRAS,confec 01 mang hidra 1 47 4 r1 5 44 0 mt,CONFEC 01 MANG HIDRA 1&#47;4 R1 5&#44;0 MT,,SERGIO GUILLERMO LOEBEL PUSCHEL,0.3442
1,low_confidence,ADM-1.6,Utiles y gastos de oficina.,COMPRAS,conogel aroma fresh lavan 212g,CONOGEL AROMA FRESH-LAVAN 212G,,SODIMAC S.A.,0.2345
1,low_confidence,ADM-1.6,Utiles y gastos de oficina.,COMPRAS,contenedor de 40 pies,Contenedor de 40 pies,habilitado,SOCIEDAD INVERSIONES SERCO SPA,0.2884
1,low_confidence,ADM-1.6,Utiles y gastos de oficina.,COMPRAS,copla compresion 63mm arangul,Copla Compresión 63mm Arangül,,SERVICIOS PUELCHE SPA,0.1606
1,low_confidence,ADM-1.6,Utiles y gastos de oficina.,COMPRAS,copla reduccion hi hi 1 x 3 4,-COPLA REDUCCION HI-HI 1 X 3/4 -@,-COPLA REDUCCION HI-HI 1 X 3/4 -@,DORIS IVONNE CASTILLO KANTER,0.2227
1,low_confidence,ADM-1.6,Utiles y gastos de oficina.,COMPRAS,corrector liquido t lapiz 7 ml liquid paper,CORRECTOR LIQUIDO T. LAPIZ 7 ML LIQUID PAPER,,PROVEEDORES INTEGRALES DEL SUR S.A.,0.1692
1,low_confidence,ADM-1.6,Utiles y gastos de oficina.,COMPRAS,cortina bano microfibra 180 x 180 decoexpress,CORTINA BANO MICROFIBRA 180 X 180 DECOEXPRESS,,COMERCIAL CLIMENT SPA,0.2117
1,low_confidence,ADM-1.6,Utiles y gastos de oficina.,COMPRAS,crece anual,CRECE ANUAL,20% DCTO PARTNER PROMOTOR NIVEL ENTRANTE - OREGON CONSULTING,CHIPAX SPA,0.1446
1,low_confidence,ADM-1.6,Utiles y gastos de oficina.,COMPRAS,criollita,CRIOLLITA,UN 0002,ADMIN. DE SUPERMERCADOS HIPER LIMITADA,0.1611
1,low_confidence,ADM-1.6,Utiles y gastos de oficina.,COMPRAS,cuerda sujeta carga 2t x4m uyustools cu2t4m,CUERDA SUJETA CARGA 2T X4M UYUSTOOLS CU2T4M -@,CUERDA SUJETA CARGA 2T X4M UYUSTOOLS CU2T4M -@,DORIS IVONNE CASTILLO KANTER,0.2297
1,low_confidence,ADM-1.6,Utiles y gastos de oficina.,COMPRAS,desconexion de serv seg guia ar 63251 pv 130388 00 pd 0 00 forma de pago 04 cu,DESCONEXION DE SERV SEG GUIA AR 63251 PV$130388.00 PD 0.00%. FORMA DE PAGO 04 CU,OTAS DE $38.791.- CON PRIMER VCTO. PARA EL 28/MAY/2025 CARGO A CTA.2820-1,COOP RURAL ELECTRICA RIO BUENO LIMITADA,0.2286
1,low_confidence,ADM-1.6,Utiles y gastos de oficina.,COMPRAS,despacho,Despacho,Despacho,EDGE SpA,0.3017
1,low_confidence,ADM-1.6,Utiles y gastos de oficina.,COMPRAS,destacador pastel x 12 und sharpie note,DESTACADOR PASTEL X 12 UND SHARPIE NOTE,,PROVEEDORES INTEGRALES DEL SUR S.A.,0.1709
1,low_confidence,ADM-1.6,Utiles y gastos de oficina.,COMPRAS,destornillador phillips ph2x150mm smart tools 6102085,DESTORNILLADOR PHILLIPS PH2x150MM SMART TOOLS 6102085-@,DESTORNILLADOR PHILLIPS PH2x150MM SMART TOOLS 6102085-@,DORIS IVONNE CASTILLO KANTER,0.2957
1,low_confidence,ADM-1.6,Utiles y gastos de oficina.,COMPRAS,det liq forte dp fuzol 2 7 lt,DET LIQ FORTE DP FUZOL 2.7 LT,2.0 x 1 UN $8190 Bruto/$6882.5 Neto,RENDIC HERMANOS S.A.,0.4015
1,low_confidence,ADM-1.6,Utiles y gastos de oficina.,COMPRAS,devolucion de prima cuota 5,DEVOLUCION DE PRIMA CUOTA 5,300440510,REALE CHILE SEGUROS GENERALES S.A.,0.082
1,low_confidence,ADM-1.6,Utiles y gastos de oficina.,COMPRAS,devolucion de prima cuota 9,DEVOLUCION DE PRIMA CUOTA 9,300440510,REALE CHILE SEGUROS GENERALES S.A.,0.0784
1,low_confidence,ADM-1.6,Utiles y gastos de oficina.,COMPRAS,discos wc,DISCOS WC,UN 0000@@Precio Antes Ahora#D#538,ADMIN. DE SUPERMERCADOS HIPER LIMITADA,0.1374
1,low_confidence,ADM-1.6,Utiles y gastos de oficina.,COMPRAS,dispensador ideal transparente,DISPENSADOR IDEAL TRANSPARENTE,,SODIMAC S.A.,0.4366
1,low_confidence,ADM-1.6,Utiles y gastos de oficina.,COMPRAS,dispensador usb,Dispensador USB,Fundo Yutreco,PURIFICADORA DE AGUA ALEJANDRO SALAZAR RIVERA E.I.R.L.,0.4611
1,low_confidence,ADM-1.6,Utiles y gastos de oficina.,COMPRAS,empaquet caucho natural 3 16 c t 4 8 mm x 1 00 mt,EMPAQUET. CAUCHO NATURAL 3/16 C/T 4.8 MM X 1.00 MT,EMPAQUET. CAUCHO NATURAL 3/16 C/T 4.8 MM X 1.00 MT,Comercial y Distribuidora Gomac Ltda,0.3464
1,low_confidence,ADM-1.6,Utiles y gastos de oficina.,COMPRAS,empaquet caucho natural 3 8 c t 9 5 mm x 1 00 mt,EMPAQUET. CAUCHO NATURAL 3/8 C/T 9.5 MM X 1.00 MT,EMPAQUET. CAUCHO NATURAL 3/8 C/T 9.5 MM X 1.00 MT,Comercial y Distribuidora Gomac Ltda,0.3731
1,low_confidence,ADM-1.6,Utiles y gastos de oficina.,COMPRAS,empaquetadura tapa tarro interpuls,EMPAQUETADURA TAPA TARRO INTERPULS,,SOCIEDAD COMERCIAL SERLAC CHILE S.A.,0.2839
1,low_confidence,ADM-1.6,Utiles y gastos de oficina.,COMPRAS,enchufe hembra 16a 250v negro 50 300,ENCHUFE HEMBRA 16A 250V NEGRO (50-300)-@,ENCHUFE HEMBRA 16A 250V NEGRO (50-300)-@,DORIS IVONNE CASTILLO KANTER,0.4459
1,low_confidence,ADM-1.6,Utiles y gastos de oficina.,COMPRAS,enchufe hembra volante 16a 2p t 220v ip4,ENCHUFE HEMBRA VOLANTE 16A 2P+T 220V IP4 -@,ENCHUFE HEMBRA VOLANTE 16A 2P+T 220V IP4 -@,DORIS IVONNE CASTILLO KANTER,0.3536
1,low_confidence,ADM-1.6,Utiles y gastos de oficina.,COMPRAS,enchufe schuko 250v 10a stanford certifi,ENCHUFE SCHUKO 250V 10A STANFORD CERTIFI -@,ENCHUFE SCHUKO 250V 10A STANFORD CERTIFI -@,DORIS IVONNE CASTILLO KANTER,0.4207
1,low_confidence,ADM-1.6,Utiles y gastos de oficina.,COMPRAS,enganche para tubo tractor con pasador hipower,ENGANCHE PARA TUBO TRACTOR CON PASADOR HIPOWER -@,ENGANCHE PARA TUBO TRACTOR CON PASADOR HIPOWER -@,DORIS IVONNE CASTILLO KANTER,0.2243
1,low_confidence,ADM-1.6,Utiles y gastos de oficina.,COMPRAS,esmalte al agua copper 960 toque creativo galon panor,ESMALTE AL AGUA COPPER 960 TOQUE CREATIVO GALON PANOR -@,ESMALTE AL AGUA COPPER 960 TOQUE CREATIVO GALON PANOR -@,DORIS IVONNE CASTILLO KANTER,0.2032
1,low_confidence,ADM-1.6,Utiles y gastos de oficina.,COMPRAS,esmalte al agua lp semibrillo bcobasexgl,ESMALTE AL AGUA LP SEMIBRILLO BCOBASEXGL,40 Descuento TC To $ 11997,EASY RETAIL S.A.,0.6119
1,low_confidence,ADM-1.6,Utiles y gastos de oficina.,COMPRAS,esmalte al agua semibrillo blanco 1gl,ESMALTE AL AGUA SEMIBRILLO BLANCO 1GL,40 Descuento TC To $ 11997,EASY RETAIL S.A.,0.6644
1,low_confidence,ADM-1.6,Utiles y gastos de oficina.,COMPRAS,esmalte sintetico pajarito blanco 1 4gl,ESMALTE SINTETICO PAJARITO BLANCO 1/4GL,,EASY RETAIL S.A.,0.2053
1,low_confidence,ADM-1.6,Utiles y gastos de oficina.,COMPRAS,espada 18 rollo 0 325 con un 6 0 descuento,ESPADA 18 ROLLO 0 325 CON UN 6 0 DESCUENTO,ESPADA 18 ROLLO 0 325,INVERSIONES DEL RANCO LIMITADA,0.3355
1,low_confidence,ADM-1.6,Utiles y gastos de oficina.,COMPRAS,esponja aca,ESPONJA ACA,UN 0000,ADMIN. DE SUPERMERCADOS HIPER LIMITADA,0.1367
1,low_confidence,ADM-1.6,Utiles y gastos de oficina.,COMPRAS,esponja inox platinu,ESPONJA INOX PLATINU,UN 0000,ADMIN. DE SUPERMERCADOS HIPER LIMITADA,0.3162
1,low_confidence,ADM-1.6,Utiles y gastos de oficina.,COMPRAS,esponja parrilla,ESPONJA PARRILLA,,EASY RETAIL S.A.,0.239
1,low_confidence,ADM-1.6,Utiles y gastos de oficina.,COMPRAS,fabricacion ejes maestranza,FABRICACION EJES (MAESTRANZA),FABRICACION EJES (MAESTRANZA),GALLAGHER CHILE SPA,0.1299
1,low_confidence,ADM-1.6,Utiles y gastos de oficina.,COMPRAS,fanta naranja full sugar 3 lt pet,FANTA NARANJA FULL SUGAR 3 LT PET,1.0 x 1 UN $3150 Bruto/$2300.0 Neto,RENDIC HERMANOS S.A.,0.5957
1,low_confidence,ADM-1.6,Utiles y gastos de oficina.,COMPRAS,flex ac inox 1 2x1 2 hi hi 40cmmateu,FLEX AC INOX-1 2X1 2-HI-HI-40CMMATEU -@,FLEX AC INOX-1 2X1 2-HI-HI-40CMMATEU -@,DORIS IVONNE CASTILLO KANTER,0.2119
1,low_confidence,ADM-1.6,Utiles y gastos de oficina.,COMPRAS,foco led patente,foco led patente,,MIGUEL ANGEL ARRIAGADA INAYADO,0.4269
1,low_confidence,ADM-1.6,Utiles y gastos de oficina.,COMPRAS,frague acrilico cafe oscuro sika c710 300ml,FRAGUE ACRILICO CAFE OSCURO SIKA C710 300ML -@,FRAGUE ACRILICO CAFE OSCURO SIKA C710 300ML -@,DORIS IVONNE CASTILLO KANTER,0.2312
1,low_confidence,ADM-1.6,Utiles y gastos de oficina.,COMPRAS,funda espada 16 18 con un 6 0 descuento,FUNDA ESPADA 16 -18 CON UN 6 0 DESCUENTO,FUNDA ESPADA 16 -18,INVERSIONES DEL RANCO LIMITADA,0.3975
1,low_confidence,ADM-1.6,Utiles y gastos de oficina.,COMPRAS,fundas asiento,FUNDAS ASIENTO,,COMERCIALIZADORA DE REPUESTOS ALEJANDRA XIMENA MUÑOZ BALTRA E.I.R.L.,0.195
1,low_confidence,ADM-1.6,Utiles y gastos de oficina.,COMPRAS,gall d ar nuestra cocina 110g endulzada,"GALL D AR NUESTRA COCINA 110G, ENDULZADA",1.0 x 1 UN $1650 Bruto/$1387.0 Neto,RENDIC HERMANOS S.A.,0.7336
1,low_confidence,ADM-1.6,Utiles y gastos de oficina.,COMPRAS,gall vain re,GALL VAIN RE,UN 0003@@Precio Antes Ahora#D#420,ADMIN. DE SUPERMERCADOS HIPER LIMITADA,0.4168
1,low_confidence,ADM-1.6,Utiles y gastos de oficina.,COMPRAS,galleta bipack triton chocolate 2x95g,GALLETA BIPACK TRITON CHOCOLATE 2X95G,,CENCOSUD RETAIL S.A.,0.4848
1,low_confidence,ADM-1.6,Utiles y gastos de oficina.,COMPRAS,galleta choc,GALLETA CHOC,UN 0003,ADMIN. DE SUPERMERCADOS HIPER LIMITADA,0.7175
1,low_confidence,ADM-1.6,Utiles y gastos de oficina.,COMPRAS,galleta delicias durazno manjar bolsa 220 gr,GALLETA DELICIAS DURAZNO MANJAR BOLSA 220 GR,,COMERCIAL AMAR HERMANOS Y COMPANIA LIMITADA,0.6437
1,low_confidence,ADM-1.6,Utiles y gastos de oficina.,COMPRAS,galleta donuts costa naranja biter 100 g,GALLETA DONUTS COSTA NARANJA BITER 100 G,,CENCOSUD RETAIL S.A.,0.7266
1,low_confidence,ADM-1.6,Utiles y gastos de oficina.,COMPRAS,galleta fiesta costa limon 140gr,GALLETA FIESTA COSTA LIMON 140GR,,CENCOSUD RETAIL S.A.,0.7067
1,low_confidence,ADM-1.6,Utiles y gastos de oficina.,COMPRAS,galleta fiesta costa mantequilla 140 g,GALLETA FIESTA COSTA MANTEQUILLA 140 G,,CENCOSUD RETAIL S.A.,0.5956
1,low_confidence,ADM-1.6,Utiles y gastos de oficina.,COMPRAS,galleta gretel costa yoghurt frut 85 g,GALLETA GRETEL COSTA YOGHURT FRUT 85 G,,CENCOSUD RETAIL S.A.,0.6937
1,low_confidence,ADM-1.6,Utiles y gastos de oficina.,COMPRAS,galleta limon costa paquete 140 gr,GALLETA LIMÓN COSTA PAQUETE 140 GR,,COMERCIAL AMAR HERMANOS Y COMPANIA LIMITADA,0.7393
1,low_confidence,ADM-1.6,Utiles y gastos de oficina.,COMPRAS,galleta mant,GALLETA MANT,UN 0003,ADMIN. DE SUPERMERCADOS HIPER LIMITADA,0.733
1,low_confidence,ADM-1.6,Utiles y gastos de oficina.,COMPRAS,galleta mantequilla costa paquete 140 gr,GALLETA MANTEQUILLA COSTA PAQUETE 140 GR,,COMERCIAL AMAR HERMANOS Y COMPANIA LIMITADA,0.6438
1,low_confidence,ADM-1.6,Utiles y gastos de oficina.,COMPRAS,galleta mckay coco 120 grs,GALLETA MCKAY COCO 120 GRS,,COMERCIAL AMAR HNOS. Y CIA. LTDA,0.5311
1,low_confidence,ADM-1.6,Utiles y gastos de oficina.,COMPRAS,galleta oreo rollo selena gomez 30x108g,GALLETA OREO ROLLO SELENA GOMEZ 30X108G,,CENCOSUD RETAIL S.A.,0.5586
1,low_confidence,ADM-1.6,Utiles y gastos de oficina.,COMPRAS,galleta sconer 250 grs,GALLETA SCONER 250 GRS.,,COMERCIAL AMAR HNOS. Y CIA. LTDA,0.648
1,low_confidence,ADM-1.6,Utiles y gastos de oficina.,COMPRAS,galleta taureg coco costa paquete 120 gr,GALLETA TAUREG COCO COSTA PAQUETE 120 GR,,COMERCIAL AMAR HERMANOS Y COMPANIA LIMITADA,0.717
1,low_confidence,ADM-1.6,Utiles y gastos de oficina.,COMPRAS,galleta triton naranja 116gr,GALLETA TRITON NARANJA 116GR,,CENCOSUD RETAIL S.A.,0.6019
1,low_confidence,ADM-1.6,Utiles y gastos de oficina.,COMPRAS,galleta triton naranja 116grs,GALLETA TRITON NARANJA 116GRS,,COMERCIAL AMAR HNOS. Y CIA. LTDA,0.4683
1,low_confidence,ADM-1.6,Utiles y gastos de oficina.,COMPRAS,galleta triton naranja 126g,GALLETA TRITON NARANJA 126G,,COMERCIAL AMAR HNOS. Y CIA. LTDA,0.4624
1,low_confidence,ADM-1.6,Utiles y gastos de oficina.,COMPRAS,galleta triton naranja bolsa 116 gr,GALLETA TRITON NARANJA BOLSA 116 GR,,COMERCIAL AMAR HERMANOS Y COMPANIA LIMITADA,0.5793
1,low_confidence,ADM-1.6,Utiles y gastos de oficina.,COMPRAS,galleta triton vainilla 116gr,GALLETA TRITON VAINILLA 116GR,,CENCOSUD RETAIL S.A.,0.6208
1,low_confidence,ADM-1.6,Utiles y gastos de oficina.,COMPRAS,galleta triton vainilla 126 grs,GALLETA TRITON VAINILLA 126 GRS,,COMERCIAL AMAR HNOS. Y CIA. LTDA,0.5036
1,low_confidence,ADM-1.6,Utiles y gastos de oficina.,COMPRAS,galleta triton vainilla bolsa 116 gr,GALLETA TRITON VAINILLA BOLSA 116 GR,,COMERCIAL AMAR HERMANOS Y COMPANIA LIMITADA,0.5831
1,low_confidence,ADM-1.6,Utiles y gastos de oficina.,COMPRAS,galleta triton vainilla pack 3x116gr,GALLETA TRITON VAINILLA PACK 3X116GR,,CENCOSUD RETAIL S.A.,0.4174
1,low_confidence,ADM-1.6,Utiles y gastos de oficina.,COMPRAS,galleta tuareg costa 120 g,GALLETA TUAREG COSTA 120 G,,CENCOSUD RETAIL S.A.,0.6981
1,low_confidence,ADM-1.6,Utiles y gastos de oficina.,COMPRAS,galleta wafers chocolate cuisine co 150g,GALLETA WAFERS CHOCOLATE CUISINE CO 150G,JUMBO OFERTA $ 590,CENCOSUD RETAIL S.A.,0.6114
1,low_confidence,ADM-1.6,Utiles y gastos de oficina.,COMPRAS,galletas avena chote nutrabien 175 gr,GALLETAS AVENA CHOTE NUTRABIEN 175 GR,1.0 x 1 UN $2490 Bruto/$2092.0 Neto,RENDIC HERMANOS S.A.,0.7414
1,low_confidence,ADM-1.6,Utiles y gastos de oficina.,COMPRAS,galletas avena pasas nutrabien 175 gr,GALLETAS AVENA PASAS NUTRABIEN 175 GR,1.0 x 1 UN $2490 Bruto/$2092.0 Neto,RENDIC HERMANOS S.A.,0.7493
1,low_confidence,ADM-1.6,Utiles y gastos de oficina.,COMPRAS,galletas delicias pan de pascua,GALLETAS DELICIAS PAN DE PASCUA,,CENCOSUD RETAIL S.A.,0.2674
1,low_confidence,ADM-1.6,Utiles y gastos de oficina.,COMPRAS,galletas scones bizcocho arcor bolsa 900 gr,GALLETAS SCONES BIZCOCHO ARCOR BOLSA 900 GR,,COMERCIAL AMAR HERMANOS Y COMPANIA LIMITADA,0.4823
1,low_confidence,ADM-1.6,Utiles y gastos de oficina.,COMPRAS,galleton quaker avena chispas choc 40 gr,GALLETON QUAKER AVENA CHISPAS CHOC 40 GR,,CENCOSUD RETAIL S.A.,0.2669
1,low_confidence,ADM-1.6,Utiles y gastos de oficina.,COMPRAS,gancho fijacion tradicional arena p25 vinilit,GANCHO FIJACION TRADICIONAL ARENA P25 - VINILIT,GANCHO FIJACION TRADICIONAL ARENA P25 - VINILIT,COMERCIAL HARCHA SPA,0.3879
1,low_confidence,ADM-1.6,Utiles y gastos de oficina.,COMPRAS,generador monofasico go1200 gta 12kva kolvok,GENERADOR MONOFASICO GO1200 GTA 12KVA KOLVOK,¡¡ DESCUENTO ESPECIAL !! CLIENTE : FELIPE ANGUITA .,BOBINADOS INDUSTRIALES LONCOMILLA SPA,0.1555
1,low_confidence,ADM-1.6,Utiles y gastos de oficina.,COMPRAS,golilla presion acero 3 8,"GOLILLA PRESION ACERO 3/8""","GOLILLA PRESION ACERO 3/8""",COMERCIAL HARCHA SPA,0.3258
1,low_confidence,ADM-1.6,Utiles y gastos de oficina.,COMPRAS,gorro de lana con forro,GORRO DE LANA CON FORRO,DE POLAR ( 25 AZULES Y 25 NEGROS ) PAGADO POR TRANSFERENCIA,SMRCHILE LIMITADA,0.2224
1,low_confidence,ADM-1.6,Utiles y gastos de oficina.,COMPRAS,grillete para cable 1 2,GRILLETE PARA CABLE 1 2 -@,GRILLETE PARA CABLE 1 2 -@,DORIS IVONNE CASTILLO KANTER,0.2459
1,low_confidence,ADM-1.6,Utiles y gastos de oficina.,COMPRAS,insumos generales,Insumos Generales,,EMVI INGENIERÍA Y SOLUCIONES INDUSTRIALES SPA,0.169
1,low_confidence,ADM-1.6,Utiles y gastos de oficina.,COMPRAS,item manual,Item Manual,,SABOR DE DOS MUNDOS SPA,0.304
1,low_confidence,ADM-1.6,Utiles y gastos de oficina.,COMPRAS,jab dermo dp simonds 750ml avena,"JAB DERMO DP SIMONDS 750ML, AVENA",3.0 x 1 UN $2170 Bruto/$1823.6667 Neto,RENDIC HERMANOS S.A.,0.7338
1,low_confidence,ADM-1.6,Utiles y gastos de oficina.,COMPRAS,jab hygienic,JAB HYGIENIC,UN 0000,ADMIN. DE SUPERMERCADOS HIPER LIMITADA,0.574
1,low_confidence,ADM-1.6,Utiles y gastos de oficina.,COMPRAS,jab violetas silves,JAB VIOLETAS SILVES,UN 0000,ADMIN. DE SUPERMERCADOS HIPER LIMITADA,0.3616
1,low_confidence,ADM-1.6,Utiles y gastos de oficina.,COMPRAS,jabon hygien,JABON HYGIEN,UN 0000,ADMIN. DE SUPERMERCADOS HIPER LIMITADA,0.3672
1,low_confidence,ADM-1.6,Utiles y gastos de oficina.,COMPRAS,jabon liq humectante dp elite 700 ml,JABON LIQ HUMECTANTE DP ELITE 700 ML,5.0 x 1 UN $2890 Bruto/$2428.6 Neto,RENDIC HERMANOS S.A.,0.7443
1,low_confidence,ADM-1.6,Utiles y gastos de oficina.,COMPRAS,juego ducha eurospray cromo duschy,JUEGO DUCHA EUROSPRAY CROMO - DUSCHY,JUEGO DUCHA EUROSPRAY CROMO - DUSCHY,COMERCIAL HARCHA SPA,0.2906
1,low_confidence,ADM-1.6,Utiles y gastos de oficina.,COMPRAS,jugo andina frutilla light pet 1 5l,JUGO ANDINA FRUTILLA LIGHT PET 1.5L,JUMBO OFERTAS $ 345,CENCOSUD RETAIL S.A.,0.6831
1,low_confidence,ADM-1.6,Utiles y gastos de oficina.,COMPRAS,ketchup,KETCHUP,UN 0002,ADMIN. DE SUPERMERCADOS HIPER LIMITADA,0.1641
1,low_confidence,ADM-1.6,Utiles y gastos de oficina.,COMPRAS,kilos paja de trigo,KILOS PAJA DE TRIGO,CANTIDAD: 39 MAXIFARDOS ACOPLADO: JF-2403,AGRICOLA LAS LOMAS LIMITADA,0.2639
1,low_confidence,ADM-1.6,Utiles y gastos de oficina.,COMPRAS,kit accesorio bano taumm economico 30701602,KIT ACCESORIO BAÑO TAUMM ECONOMICO 30701602,KIT ACCESORIO BAÑO TAUMM ECONOMICO 30701602,COMERCIAL HARCHA SPA,0.4417
1,low_confidence,ADM-1.6,Utiles y gastos de oficina.,COMPRAS,kit azadas de alambre,Kit Azadas de Alambre,Deshierbe,Bima Chile Spa,0.1622
1,low_confidence,ADM-1.6,Utiles y gastos de oficina.,COMPRAS,kit cepillo sopapo,KIT CEPILLO SOPAPO,UN 0000,ADMIN. DE SUPERMERCADOS HIPER LIMITADA,0.4773
1,low_confidence,ADM-1.6,Utiles y gastos de oficina.,COMPRAS,kit estano 50 pasta soldar sercogas,KIT ESTAÑO 50% + PASTA SOLDAR SERCOGAS -@,KIT ESTAÑO 50% + PASTA SOLDAR SERCOGAS -@,DORIS IVONNE CASTILLO KANTER,0.1527
1,low_confidence,ADM-1.6,Utiles y gastos de oficina.,COMPRAS,kit fraguador esponja cun16ca,KIT FRAGUADOR+ ESPONJA CUN16CA,,SODIMAC S.A.,0.2282
1,low_confidence,ADM-1.6,Utiles y gastos de oficina.,COMPRAS,kit llave angular 1 2 con flexible acero inox 25cm hoffens,KIT LLAVE ANGULAR 1 2 CON FLEXIBLE ACERO INOX 25CM HOFFENS-@,KIT LLAVE ANGULAR 1 2 CON FLEXIBLE ACERO INOX 25CM HOFFENS-@,DORIS IVONNE CASTILLO KANTER,0.2162
1,low_confidence,ADM-1.6,Utiles y gastos de oficina.,COMPRAS,kit microtubo 12mm c conectores y salida hi de 12,Kit Microtubo 12mm c/Conectores y Salida HI de ½ .,,PUELCHE LOS RIOS SOCIEDAD POR ACCIONES,0.3193
1,low_confidence,ADM-1.6,Utiles y gastos de oficina.,COMPRAS,lamina hidrogel telefono hd tpu oneday,LAMINA HIDROGEL TELÉFONO HD TPU ONEDAY,,Mery y Compañia Limitada,0.4114
1,low_confidence,ADM-1.6,Utiles y gastos de oficina.,COMPRAS,lana vidrio 50mm chica 14 4m2,LANA VIDRIO 50MM-CHICA- (14 4M2) -@,LANA VIDRIO 50MM-CHICA- (14 4M2) -@,DORIS IVONNE CASTILLO KANTER,0.2028
1,low_confidence,ADM-1.6,Utiles y gastos de oficina.,COMPRAS,lays ond 200,LAYS OND 200,UN 0000@@Precio Antes Ahora#D#571,ADMIN. DE SUPERMERCADOS HIPER LIMITADA,0.4605
1,low_confidence,ADM-1.6,Utiles y gastos de oficina.,COMPRAS,limp liq antigras ult pow dp fuzol 750ml,LIMP LIQ ANTIGRAS ULT POW DP FUZOL 750ML,3.0 x 1 UN $1590 Bruto/$1336.0 Neto,RENDIC HERMANOS S.A.,0.4663
1,low_confidence,ADM-1.6,Utiles y gastos de oficina.,COMPRAS,limp poett 1 8 lt lavanda,"LIMP POETT 1.8 LT, LAVANDA",1.0 x 1 UN $3290 Bruto/$2765.0 Neto,RENDIC HERMANOS S.A.,0.3968
1,low_confidence,ADM-1.6,Utiles y gastos de oficina.,COMPRAS,limpiador liquido poett 4 lt lavanda,"LIMPIADOR LIQUIDO POETT 4 LT, LAVANDA",3.0 x 1 UN $7390 Bruto/$6210.0 Neto,RENDIC HERMANOS S.A.,0.6848
1,low_confidence,ADM-1.6,Utiles y gastos de oficina.,COMPRAS,limpiavidrios expt cif vidrios botella 500 ml,LIMPIAVIDRIOS EXPT CIF VIDRIOS BOTELLA 500 ML,,COMERCIAL AMAR HERMANOS Y COMPANIA LIMITADA,0.3871
1,low_confidence,ADM-1.6,Utiles y gastos de oficina.,COMPRAS,llave paso soldar 1 2 bronce aquakit llpa12,LLAVE PASO SOLDAR 1 2 BRONCE AQUAKIT LLPA12 -@,LLAVE PASO SOLDAR 1 2 BRONCE AQUAKIT LLPA12 -@,DORIS IVONNE CASTILLO KANTER,0.2257
1,low_confidence,ADM-1.6,Utiles y gastos de oficina.,COMPRAS,longaniza pa,LONGANIZA PA,UN 0002,ADMIN. DE SUPERMERCADOS HIPER LIMITADA,0.5047
1,low_confidence,ADM-1.6,Utiles y gastos de oficina.,COMPRAS,macet inyect gris mcd 45,MACET INYECT GRIS MCD 45,MACET INYECT GRIS MCD 45,Mallas Protekta Limitada,0.2732
1,low_confidence,ADM-1.6,Utiles y gastos de oficina.,COMPRAS,magdalena chip chocolate pulmahue un,MAGDALENA CHIP CHOCOLATE PULMAHUE UN,1.0 x 1 UN $2750 Bruto/$2311.0 Neto,RENDIC HERMANOS S.A.,0.4123
1,low_confidence,ADM-1.6,Utiles y gastos de oficina.,COMPRAS,malla gal 3g 3 8mm 1 85x5 0 mt,MALLA GAL 3G 3.8MM 1.85x5.0 Mt,MALLA GAL 3G 3.8MM 1.85x5.0 Mt,Acenor Aceros Del Norte S.A.,0.4159
1,low_confidence,ADM-1.6,Utiles y gastos de oficina.,COMPRAS,mang mallaflex 1 4 fitt,MANG. MALLAFLEX 1/4 FITT,MANG. MALLAFLEX 1/4 FITT,Comercial y Distribuidora Gomac Ltda,0.2339
1,low_confidence,ADM-1.6,Utiles y gastos de oficina.,COMPRAS,manga palpacion roja soflo vpro 945mm,Manga Palpación Roja Soflo VPRO 945mm,,SOCIEDAD COMERCIAL SOFLO SPA,0.4419
1,low_confidence,ADM-1.6,Utiles y gastos de oficina.,COMPRAS,mango azadon,MANGO AZADON,,SOCIEDAD AGUAS BUENAS SPA,0.3597
1,low_confidence,ADM-1.6,Utiles y gastos de oficina.,COMPRAS,mani sin sal marco polo 150gr,MANI SIN SAL MARCO POLO 150GR,OFERTA SEMANAL $ 369,CENCOSUD RETAIL S.A.,0.5703
1,low_confidence,ADM-1.6,Utiles y gastos de oficina.,COMPRAS,mantequilla pan colun 125 gr,MANTEQUILLA PAN COLUN 125 GR,1.0 x 1 UN $1740 Bruto/$1462.0 Neto,RENDIC HERMANOS S.A.,0.6453
1,low_confidence,ADM-1.6,Utiles y gastos de oficina.,COMPRAS,marco puerta 30 x 110,MARCO PUERTA 30 X 110 -@,MARCO PUERTA 30 X 110 -@,DORIS IVONNE CASTILLO KANTER,0.2175
1,low_confidence,ADM-1.6,Utiles y gastos de oficina.,COMPRAS,marco puerta 5 pulg 30 x 138,MARCO PUERTA 5 PULG 30 X 138 -@,MARCO PUERTA 5 PULG 30 X 138 -@,DORIS IVONNE CASTILLO KANTER,0.2136
1,low_confidence,ADM-1.6,Utiles y gastos de oficina.,COMPRAS,marshmallow malva choc ambrosoli 196 gr,MARSHMALLOW MALVA CHOC AMBROSOLI 196 GR,4.0 x 1 UN $1150 Bruto/$966.5 Neto,RENDIC HERMANOS S.A.,0.7464
1,low_confidence,ADM-1.6,Utiles y gastos de oficina.,COMPRAS,mas pina,MAS PINA,UN 0000,ADMIN. DE SUPERMERCADOS HIPER LIMITADA,0.0691
1,low_confidence,ADM-1.6,Utiles y gastos de oficina.,COMPRAS,may deli 650,MAY DELI 650,UN 0000,ADMIN. DE SUPERMERCADOS HIPER LIMITADA,0.225
1,low_confidence,ADM-1.6,Utiles y gastos de oficina.,COMPRAS,mayi6 kit manguera jardin verde c acces 1 2 x 20mts dvp,MAYI6 KIT MANGUERA JARDIN VERDE C ACCES 1/2 X 20MTS DVP -@,MAYI6 KIT MANGUERA JARDIN VERDE C ACCES 1/2 X 20MTS DVP -@,DORIS IVONNE CASTILLO KANTER,0.2638
1,low_confidence,ADM-1.6,Utiles y gastos de oficina.,COMPRAS,mix frutisa 70 gr tropical,"MIX FRUTISA 70 GR, TROPICAL",4.0 x 1 UN $1590 Bruto/$1336.25 Neto,RENDIC HERMANOS S.A.,0.6652
1,low_confidence,ADM-1.6,Utiles y gastos de oficina.,COMPRAS,mix frutisa 70 gr vita,"MIX FRUTISA 70 GR, VITA",4.0 x 1 UN $1590 Bruto/$1336.25 Neto,RENDIC HERMANOS S.A.,0.4681
1,low_confidence,ADM-1.6,Utiles y gastos de oficina.,COMPRAS,n abrazadera sanitaria omega 40mm,Ñ-ABRAZADERA SANITARIA OMEGA 40MM -@,Ñ-ABRAZADERA SANITARIA OMEGA 40MM -@,DORIS IVONNE CASTILLO KANTER,0.1451
1,low_confidence,ADM-1.6,Utiles y gastos de oficina.,COMPRAS,n codo sanitario gris 75mm,Ñ-CODO SANITARIO GRIS 75MM -@,Ñ-CODO SANITARIO GRIS 75MM -@,DORIS IVONNE CASTILLO KANTER,0.1854
1,low_confidence,ADM-1.6,Utiles y gastos de oficina.,COMPRAS,n curva sanitaria gris 75 x 45,Ñ-CURVA SANITARIA GRIS 75 X 45 -@,Ñ-CURVA SANITARIA GRIS 75 X 45 -@,DORIS IVONNE CASTILLO KANTER,0.2425
1,low_confidence,ADM-1.6,Utiles y gastos de oficina.,COMPRAS,n y sanitaria gris 40 x 40,Ñ-Y SANITARIA GRIS 40 X 40 -@,Ñ-Y SANITARIA GRIS 40 X 40 -@,DORIS IVONNE CASTILLO KANTER,0.1909
1,low_confidence,ADM-1.6,Utiles y gastos de oficina.,COMPRAS,neb linterna frontal 150 headlamp 150 lumenes,NEB LINTERNA FRONTAL 150 HEADLAMP 150 LUMENES,NEB LINTERNA FRONTAL 150 HEADLAMP 150 LUMENES,SOCIEDAD TURISTICA SOUTH AND DESERT LIMITADA,0.3535
1,low_confidence,ADM-1.6,Utiles y gastos de oficina.,COMPRAS,neb linterna slim mini 250 lumenes,NEB LINTERNA SLIM MINI 250 LUMENES,NEB LINTERNA SLIM MINI 250 LUMENES,SOCIEDAD TURISTICA SOUTH AND DESERT LIMITADA,0.3527
1,low_confidence,ADM-1.6,Utiles y gastos de oficina.,COMPRAS,nectar andina pet 1 5 lt naranja light,"NECTAR ANDINA PET 1.5 LT, NARANJA LIGHT",1.0 x 1 UN $1690 Bruto/$1421.0 Neto,RENDIC HERMANOS S.A.,0.7386
1,low_confidence,ADM-1.6,Utiles y gastos de oficina.,COMPRAS,nectar nar l,NECTAR NAR/L,UN 0000@@Lleve N x $#D#244,ADMIN. DE SUPERMERCADOS HIPER LIMITADA,0.701
1,low_confidence,ADM-1.6,Utiles y gastos de oficina.,COMPRAS,nectar watt s nja manz pet 1 5lt,NECTAR WATT S NJA MANZ PET 1.5LT,JUMBO OFERTA $ 490,CENCOSUD RETAIL S.A.,0.5735
1,low_confidence,ADM-1.6,Utiles y gastos de oficina.,COMPRAS,nectar watt s tutti kiwi des 1 5lt,NECTAR WATT S TUTTI KIWI DES 1.5LT,JUMBO OFERTA $ 490,CENCOSUD RETAIL S.A.,0.6545
1,low_confidence,ADM-1.6,Utiles y gastos de oficina.,COMPRAS,nectar watts 0 mango 1 5lt,NECTAR WATTS 0 MANGO 1.5LT,JUMBO OFERTA $ 490,CENCOSUD RETAIL S.A.,0.7217
1,low_confidence,ADM-1.6,Utiles y gastos de oficina.,COMPRAS,nectar watts bot des 1 5 lt dur light,NECTAR WATTS BOT DES 1.5 LT DUR LIGHT,JUMBO OFERTA $ 490,CENCOSUD RETAIL S.A.,0.5975
1,low_confidence,ADM-1.6,Utiles y gastos de oficina.,COMPRAS,nectar watts nar platano pet 1 5lt,NECTAR WATTS NAR PLATANO PET 1.5LT,JUMBO OFERTA $ 490,CENCOSUD RETAIL S.A.,0.6762
1,low_confidence,ADM-1.6,Utiles y gastos de oficina.,COMPRAS,nescafe instantaneo tradicion 170 gr,NESCAFE INSTANTANEO TRADICION 170 GR,3.0 x 1 UN $7750 Bruto/$6513.0 Neto,RENDIC HERMANOS S.A.,0.467
1,low_confidence,ADM-1.6,Utiles y gastos de oficina.,COMPRAS,nescafe instantaneo tradicion dj 170 gr,NESCAFE INSTANTANEO TRADICION DJ 170 GR,1.0 x 1 UN $7750 Bruto/$6513.0 Neto,RENDIC HERMANOS S.A.,0.5675
1,low_confidence,ADM-1.6,Utiles y gastos de oficina.,COMPRAS,neu pirelli 14 9 24tt tm95 8pr,NEU-PIRELLI-14.9-24TT TM95 8PR,NEU-PIRELLI-14.9-24TT TM95 8PR,AUTOMOTRIZ SALFA SUR LIMITADA,0.3111
1,low_confidence,ADM-1.6,Utiles y gastos de oficina.,COMPRAS,nitrofix ntx n21 5 l,NITROFIX NTX N21% 5 L,^ ! Cuota Vencimiento Monto ! Cuota Vencimiento Monto ! Cuota Vencimiento Monto ! ^ !==============================!==============================!==============================! ^ ! CU01 17-10-2025 225.531 ! CU02 16-11-2025 225.531 ! CU03 16-12-2025 225.537,COAGRA S.A.,0.0834
1,low_confidence,ADM-1.6,Utiles y gastos de oficina.,COMPRAS,nudo cable,NUDO CABLE,,LOS MAGNIFICOS SPA,0.3558
1,low_confidence,ADM-1.6,Utiles y gastos de oficina.,COMPRAS,osb 15 1mm borde sin color 1 22 x 2 44 mts,"OSB 15,1MM BORDE SIN COLOR 1.22 X 2.44 MTS -@","OSB 15,1MM BORDE SIN COLOR 1.22 X 2.44 MTS -@",DORIS IVONNE CASTILLO KANTER,0.2023
1,low_confidence,ADM-1.6,Utiles y gastos de oficina.,COMPRAS,pack3 triton,PACK3 TRITON,UN 0003,ADMIN. DE SUPERMERCADOS HIPER LIMITADA,0.3186
1,low_confidence,ADM-1.6,Utiles y gastos de oficina.,COMPRAS,pan hallulla prosepan kg,PAN HALLULLA PROSEPAN KG,0.508 x 1 KG $2191 Bruto/$1840.5512 Neto,RENDIC HERMANOS S.A.,0.7306
1,low_confidence,ADM-1.6,Utiles y gastos de oficina.,COMPRAS,pan molde ideal cero cero blanco 580g,PAN MOLDE IDEAL CERO CERO BLANCO 580G,JUMBO OFERTA $ 1080,CENCOSUD RETAIL S.A.,0.4758
1,low_confidence,ADM-1.6,Utiles y gastos de oficina.,COMPRAS,pan pita blanco prosepan kg,PAN PITA BLANCO PROSEPAN KG,0.438 x 1 KG $2890 Bruto/$2429.2237 Neto,RENDIC HERMANOS S.A.,0.5747
1,low_confidence,ADM-1.6,Utiles y gastos de oficina.,COMPRAS,pano esponja x6 fibro,PANO ESPONJA X6 FIBRO,,EASY RETAIL S.A.,0.1739
1,low_confidence,ADM-1.6,Utiles y gastos de oficina.,COMPRAS,papas fritas nativa sal de mar buka 150g,PAPAS FRITAS NATIVA SAL DE MAR BUKA 150G,,CENCOSUD RETAIL S.A.,0.3257
1,low_confidence,ADM-1.6,Utiles y gastos de oficina.,COMPRAS,papel doble h 40mx18,PAPEL DOBLE H 40MX18,UN 0000,ADMIN. DE SUPERMERCADOS HIPER LIMITADA,0.4797
1,low_confidence,ADM-1.6,Utiles y gastos de oficina.,COMPRAS,papel equalit carta,PAPEL EQUALIT CARTA,PAPEL EQUALIT CARTA,CENTRO DE COPIADO DIGITAL SPA,0.6669
1,low_confidence,ADM-1.6,Utiles y gastos de oficina.,COMPRAS,papel fotoc carta 75 gr chamex 500 hj,PAPEL FOTOC. CARTA 75 GR CHAMEX 500 HJ,,PROVEEDORES INTEGRALES DEL SUR S.A.,0.362
1,low_confidence,ADM-1.6,Utiles y gastos de oficina.,COMPRAS,papel fotoc carta 75 gr executive,PAPEL FOTOC. CARTA 75 GR EXECUTIVE,,PROVEEDORES INTEGRALES DEL SUR S.A.,0.4232
1,low_confidence,ADM-1.6,Utiles y gastos de oficina.,COMPRAS,papel higienico scott protect 8un 65mt,PAPEL HIGIENICO SCOTT PROTECT 8UN 65MT,,CENCOSUD RETAIL S.A.,0.3661
1,low_confidence,ADM-1.6,Utiles y gastos de oficina.,COMPRAS,par bisagra 180 con 2 alas abiertas art 1 70809,PAR BISAGRA 180 CON 2 ALAS ABIERTAS ART 1 70809 -@,PAR BISAGRA 180 CON 2 ALAS ABIERTAS ART 1 70809 -@,DORIS IVONNE CASTILLO KANTER,0.189
1,low_confidence,ADM-1.6,Utiles y gastos de oficina.,COMPRAS,pasta prem cockt daily 250 ave pimenton,"PASTA PREM COCKT DAILY 250, AVE PIMENTON",1.0 x 1 UN $3290 Bruto/$2764.0 Neto,RENDIC HERMANOS S.A.,0.6611
1,low_confidence,ADM-1.6,Utiles y gastos de oficina.,COMPRAS,perf esqui ext 120x2500x0 5mm,"PERF. ESQUI EXT 120X2500X0,5MM",,SODIMAC S.A.,0.3517
1,low_confidence,ADM-1.6,Utiles y gastos de oficina.,COMPRAS,perlon trenzado 12mm 15 87 mt x kg real,PERLON TRENZADO 12MM (15.87 MT X KG REAL) -@,PERLON TRENZADO 12MM (15.87 MT X KG REAL) -@,DORIS IVONNE CASTILLO KANTER,0.1858
1,low_confidence,ADM-1.6,Utiles y gastos de oficina.,COMPRAS,perlon trenzado 14mm 9 75 mt x kg real,PERLON TRENZADO 14MM (9.75 MT X KG REAL -@,PERLON TRENZADO 14MM (9.75 MT X KG REAL -@,DORIS IVONNE CASTILLO KANTER,0.251
1,low_confidence,ADM-1.6,Utiles y gastos de oficina.,COMPRAS,ph fav 4x50,PH FAV 4X50,UN 0000@@Precio Antes Ahora#D#1.681,ADMIN. DE SUPERMERCADOS HIPER LIMITADA,0.1813
1,low_confidence,ADM-1.6,Utiles y gastos de oficina.,COMPRAS,pilar acma 15 x 15 x 3 metros,PILAR ACMA 15 X 15 X 3 METROS -@,PILAR ACMA 15 X 15 X 3 METROS -@,DORIS IVONNE CASTILLO KANTER,0.4077
1,low_confidence,ADM-1.6,Utiles y gastos de oficina.,COMPRAS,pilas alcalina d blister 2 un duracell,PILAS ALCALINA D BLISTER 2 UN DURACELL,,COMERCIAL CLIMENT SPA,0.2841
1,low_confidence,ADM-1.6,Utiles y gastos de oficina.,COMPRAS,piloto led rojo 1p riel din e219 c 115 250 vac 2cca703401r0001,PILOTO LED ROJO 1P RIEL DIN E219-C 115-250 VAC 2CCA703401R0001,,ELECTROCOM S.A.,0.1868
1,low_confidence,ADM-1.6,Utiles y gastos de oficina.,COMPRAS,pinito hielo,PINITO HIELO,UN 0000,ADMIN. DE SUPERMERCADOS HIPER LIMITADA,0.1899
1,low_confidence,ADM-1.6,Utiles y gastos de oficina.,COMPRAS,pino cepillado seco 1 x 6 x 3 20 mts,PINO CEPILLADO SECO 1 X 6 X 3 20 MTS -@,PINO CEPILLADO SECO 1 X 6 X 3 20 MTS -@,DORIS IVONNE CASTILLO KANTER,0.2335
1,low_confidence,ADM-1.6,Utiles y gastos de oficina.,COMPRAS,pino cepillado seco 2 x 2 x 3 20 mts,PINO CEPILLADO SECO 2 X 2 X 3 20 MTS -@,PINO CEPILLADO SECO 2 X 2 X 3 20 MTS -@,DORIS IVONNE CASTILLO KANTER,0.2281
1,low_confidence,ADM-1.6,Utiles y gastos de oficina.,COMPRAS,piola nylon p desmalezadora htr5 105 2 7 mm,"PIOLA NYLON P/DESMALEZADORA HTR5-105 (2,7 MM)","PIOLA NYLON P/DESMALEZADORA HTR5-105 (2,7 MM)",COMERCIAL HARCHA SPA,0.1969
1,low_confidence,ADM-1.6,Utiles y gastos de oficina.,COMPRAS,policarbonato alveolar 1 05 x 2 90 mts,POLICARBONATO ALVEOLAR 1 05 X 2.90 MTS -@,POLICARBONATO ALVEOLAR 1 05 X 2.90 MTS -@,DORIS IVONNE CASTILLO KANTER,0.266
1,low_confidence,ADM-1.6,Utiles y gastos de oficina.,COMPRAS,policarbonato ondulado 0 81x2 00 mts,POLICARBONATO ONDULADO 0 81X2.00 MTS -@,POLICARBONATO ONDULADO 0 81X2.00 MTS -@,DORIS IVONNE CASTILLO KANTER,0.1724
1,low_confidence,ADM-1.6,Utiles y gastos de oficina.,COMPRAS,policarbonato perfil h 4 6 clear x 2 90 mt leker,"POLICARBONATO PERFIL H 4-6 CLEAR X 2,90 MT LEKER -@","POLICARBONATO PERFIL H 4-6 CLEAR X 2,90 MT LEKER -@",DORIS IVONNE CASTILLO KANTER,0.3359
1,low_confidence,ADM-1.6,Utiles y gastos de oficina.,COMPRAS,precide y vencewed,PRECIDE Y VENCEWED -,MAITEN,PRESTACIONES DE SERVICIOS AGRICOLAS EL SIERVO LIMITADA,0.3275
1,low_confidence,ADM-1.6,Utiles y gastos de oficina.,COMPRAS,prensa estopa 5 47 16 quot por metro,PRENSA ESTOPA 5&#47;16&quot; POR METRO,,ENTRE RIEGOS DEL SUR SPA,0.2821
1,low_confidence,ADM-1.6,Utiles y gastos de oficina.,COMPRAS,preside y vencewed,PRESIDE Y VENCEWED -,TINEO,PRESTACIONES DE SERVICIOS AGRICOLAS EL SIERVO LIMITADA,0.3285
1,low_confidence,ADM-1.6,Utiles y gastos de oficina.,COMPRAS,presostato italtecnica pma 12 3 12bar 220v,PRESOSTATO ITALTECNICA PMA/12 3-12BAR 220V -@,PRESOSTATO ITALTECNICA PMA/12 3-12BAR 220V -@,DORIS IVONNE CASTILLO KANTER,0.4605
1,low_confidence,ADM-1.6,Utiles y gastos de oficina.,COMPRAS,presupuesto n 2291 2025,PRESUPUESTO N° 2291/2025,REPARACION ALUMBRADO POZO SALA DE ORDEÑO FUNDO RAICES,ROBERTO RENÉ RODRIGUEZ ARANCIBIA MONTAJES ELECTRICOS E INDUSTRIALES.,0.2705
1,low_confidence,ADM-1.6,Utiles y gastos de oficina.,COMPRAS,presupuesto n 2302 2025,PRESUPUESTO N° 2302/2025,"MANTENIMIENTO PREVENTIVO SALA DE ORDEÑO, FUNDO RAICES",ROBERTO RENÉ RODRIGUEZ ARANCIBIA MONTAJES ELECTRICOS E INDUSTRIALES.,0.2807
1,low_confidence,ADM-1.6,Utiles y gastos de oficina.,COMPRAS,presupuesto n 2309 2025,PRESUPUESTO N° 2309/2025,"MONTAJE Y CONEXIONADO NUEVO TABLERO DE TRANSFERENCIA GENERADOR SALA DE ORDEÑA , FUNDO RAICES",ROBERTO RENÉ RODRIGUEZ ARANCIBIA MONTAJES ELECTRICOS E INDUSTRIALES.,0.3161
1,low_confidence,ADM-1.6,Utiles y gastos de oficina.,COMPRAS,presupuesto n 2337 2026,PRESUPUESTO N° 2337/2026,"REVISION GENERADOR SALA DE ORDEÑO , FUNDO EL MAITEN",ROBERTO RENÉ RODRIGUEZ ARANCIBIA MONTAJES ELECTRICOS E INDUSTRIALES.,0.1854
1,low_confidence,ADM-1.6,Utiles y gastos de oficina.,COMPRAS,puerta pino radiata sup recto 0 80,PUERTA PINO RADIATA SUP RECTO 0 80 -@,PUERTA PINO RADIATA SUP RECTO 0 80 -@,DORIS IVONNE CASTILLO KANTER,0.2289
1,low_confidence,ADM-1.6,Utiles y gastos de oficina.,COMPRAS,queso chanco laminado quillayes 100 gr,QUESO CHANCO LAMINADO QUILLAYES 100 GR,1.0 x 1 UN $1590 Bruto/$1336.0 Neto,RENDIC HERMANOS S.A.,0.6132
1,low_confidence,ADM-1.6,Utiles y gastos de oficina.,COMPRAS,queso gauda colun ranco lam 250gr,QUESO GAUDA COLUN RANCO LAM. 250GR,,CENCOSUD RETAIL S.A.,0.2135
1,low_confidence,ADM-1.6,Utiles y gastos de oficina.,COMPRAS,queso gauda colun ranco lam 500 gr,QUESO GAUDA COLUN RANCO LAM 500 GR,,CENCOSUD RETAIL S.A.,0.2061
1,low_confidence,ADM-1.6,Utiles y gastos de oficina.,COMPRAS,rec limp liq bano cif 900 ml,REC LIMP LIQ BANO CIF 900 ML,3.0 x 1 UN $2990 Bruto/$2512.6667 Neto,RENDIC HERMANOS S.A.,0.4241
1,low_confidence,ADM-1.6,Utiles y gastos de oficina.,COMPRAS,recuperacion saneamientos decomisos,RECUPERACION SANEAMIENTOS DECOMISOS,,Tattersall Ganado S.A.,0.1736
1,low_confidence,ADM-1.6,Utiles y gastos de oficina.,COMPRAS,renta gener inso 4t220v 3kw hd,RENTA GENER INSO 4T220V 3KW-HD,,SODIMAC S.A.,0.1749
1,low_confidence,ADM-1.6,Utiles y gastos de oficina.,COMPRAS,repuesto malla 1 1 2 2 pulg 120 mesh azud respue,REPUESTO MALLA 1 1/2 - 2 PULG - 120 MESH AZUD RESPUE -@,REPUESTO MALLA 1 1/2 - 2 PULG - 120 MESH AZUD RESPUE -@,DORIS IVONNE CASTILLO KANTER,0.1477
1,low_confidence,ADM-1.6,Utiles y gastos de oficina.,COMPRAS,repuesto para difusor manz can,REPUESTO PARA DIFUSOR MANZ/CAN,,SODIMAC S.A.,0.2323
1,low_confidence,ADM-1.6,Utiles y gastos de oficina.,COMPRAS,resma termolaminar gbc carta 100 und 229x292mm,RESMA TERMOLAMINAR GBC CARTA 100 UND 229X292MM,RESMA TERMOLAMINAR GBC CARTA 100 UND 229X292MM,LEONEL IVAN OJEDA VASQUEZ COMERCIALIZACION DE ARTICULOS DE ESCRITORIO Y OFICINA E I R L,0.3429
1,low_confidence,ADM-1.6,Utiles y gastos de oficina.,COMPRAS,rodillo combo 9 x 3 8 silver 1000034r,RODILLO/COMBO 9 X 3/8 SILVER 1000034R,40 Descuento Rodil $ 3396,EASY RETAIL S.A.,0.4907
1,low_confidence,ADM-1.6,Utiles y gastos de oficina.,COMPRAS,rodillo termofusionado fibra 20 mm 18 cm,RODILLO TERMOFUSIONADO FIBRA 20 MM 18 CM,15 Descuento Rodil $ 899,EASY RETAIL S.A.,0.3357
1,low_confidence,ADM-1.6,Utiles y gastos de oficina.,COMPRAS,rollitos ace,ROLLITOS ACE,UN 0000,ADMIN. DE SUPERMERCADOS HIPER LIMITADA,0.2071
1,low_confidence,ADM-1.6,Utiles y gastos de oficina.,COMPRAS,sal lobos bolsa 1 kg fina mesa,"SAL LOBOS BOLSA 1 KG, FINA MESA",1.0 x 1 UN $480 Bruto/$403.0 Neto,RENDIC HERMANOS S.A.,0.2971
1,low_confidence,ADM-1.6,Utiles y gastos de oficina.,COMPRAS,sal parrille,SAL PARRILLE,UN 0000,ADMIN. DE SUPERMERCADOS HIPER LIMITADA,0.3464
1,low_confidence,ADM-1.6,Utiles y gastos de oficina.,COMPRAS,salchicha sin piel,SALCHICHA SIN PIEL,,FRIGORIFICO DE OSORNO S.A.,0.1293
1,low_confidence,ADM-1.6,Utiles y gastos de oficina.,COMPRAS,secaplato,SECAPLATO,UN 0000,ADMIN. DE SUPERMERCADOS HIPER LIMITADA,0.2558
1,low_confidence,ADM-1.6,Utiles y gastos de oficina.,COMPRAS,sellador chrisco soudal acrilico blanco pintable 300 ml,SELLADOR CHRISCO/SOUDAL ACRILICO BLANCO PINTABLE 300 ML,SELLADOR CHRISCO/SOUDAL ACRILICO BLANCO PINTABLE 300 ML,COMERCIAL HARCHA SPA,0.363
1,low_confidence,ADM-1.6,Utiles y gastos de oficina.,COMPRAS,sellador sikaflex 11fc gris 300 ml,SELLADOR SIKAFLEX 11FC GRIS 300 ML -@,SELLADOR SIKAFLEX 11FC GRIS 300 ML -@,DORIS IVONNE CASTILLO KANTER,0.4458
1,low_confidence,ADM-1.6,Utiles y gastos de oficina.,COMPRAS,sellador sikaflex 11fc negro purform 300 ml,SELLADOR SIKAFLEX-11FC NEGRO PURFORM 300 ML -@,SELLADOR SIKAFLEX-11FC NEGRO PURFORM 300 ML -@,DORIS IVONNE CASTILLO KANTER,0.5151
1,low_confidence,ADM-1.6,Utiles y gastos de oficina.,COMPRAS,separador carta opaco,SEPARADOR CARTA OPACO,,DATA CROM COMPUTACION LIMITADA,0.2429
1,low_confidence,ADM-1.6,Utiles y gastos de oficina.,COMPRAS,ser montaje agricola otr delanteros,SER-MONTAJE AGRICOLA & OTR DELANTEROS,SER-MONTAJE AGRICOLA & OTR DELANTEROS,AUTOMOTRIZ SALFA SUR LIMITADA,0.3146
1,low_confidence,ADM-1.6,Utiles y gastos de oficina.,COMPRAS,serap kit de tuberia amarillo detergente,SERAP KIT DE TUBERIA AMARILLO DETERGENTE,,SOCIEDAD COMERCIAL SERLAC CHILE S.A.,0.2956
1,low_confidence,ADM-1.6,Utiles y gastos de oficina.,COMPRAS,serap kit de tuberia rojo detergente acido,SERAP KIT DE TUBERIA ROJO DETERGENTE ACIDO,,SOCIEDAD COMERCIAL SERLAC CHILE S.A.,0.2296
1,low_confidence,ADM-1.6,Utiles y gastos de oficina.,COMPRAS,serv cocktail,SERV. COCKTAIL,UN 0000,ADMIN. DE SUPERMERCADOS HIPER LIMITADA,0.2635
1,low_confidence,ADM-1.6,Utiles y gastos de oficina.,COMPRAS,serv elite,SERV. ELITE,UN 0000,ADMIN. DE SUPERMERCADOS HIPER LIMITADA,0.5408
1,low_confidence,ADM-1.6,Utiles y gastos de oficina.,COMPRAS,servicio de,Servicio de,Venta e Instalación de papel Mural,DECORSWEET SPA,0.6496
1,low_confidence,ADM-1.6,Utiles y gastos de oficina.,COMPRAS,servicio de carga,SERVICIO DE CARGA,ORD 4.268.103 2/01/2026 30.700,TRANSPORTES CRUZ DEL SUR LIMITADA,0.289
1,low_confidence,ADM-1.6,Utiles y gastos de oficina.,COMPRAS,servicio tecnico,SERVICIO TÉCNICO,"REVISIÓN EQUIPO SUMERGIBLE 3HP/380V, CLIENTE INFORMA FALLA EN CONTACTOR. UBICACIÓN: FUNDO RAICES, CRUCERO - RIO BUENO. SE ADJUNTA: INFORME TECNICO N° 27636 INFORME TECNICO N° 27700",SONDAJES PERFOMAQ SA,0.2086
1,low_confidence,ADM-1.6,Utiles y gastos de oficina.,COMPRAS,servilleta nova clasica coctel 150un,SERVILLETA NOVA CLASICA COCTEL 150UN,,CENCOSUD RETAIL S.A.,0.3653
1,low_confidence,ADM-1.6,Utiles y gastos de oficina.,COMPRAS,set 5 panos multi micr 30x40,SET 5 PANOS MULTI MICR 30X40,,SODIMAC S.A.,0.2649
1,low_confidence,ADM-1.6,Utiles y gastos de oficina.,COMPRAS,set cubiertos dkora 24 un,SET CUBIERTOS DKORA 24 UN,1.0 x 1 UN $10390 Bruto/$8732.0 Neto,RENDIC HERMANOS S.A.,0.4851
1,low_confidence,ADM-1.6,Utiles y gastos de oficina.,COMPRAS,setx2 lint led recarg c sensor,SETX2 LINT LED RECARG C/SENSOR,,SODIMAC S.A.,0.3636
1,low_confidence,ADM-1.6,Utiles y gastos de oficina.,COMPRAS,sifon loa s c entrada 1 1 2 y 1 1 4 hoffens,SIFON LOA S/C ENTRADA 1 1/2 Y 1 1/4 - HOFFENS,SIFON LOA S/C ENTRADA 1 1/2 Y 1 1/4 - HOFFENS,COMERCIAL HARCHA SPA,0.1311
1,low_confidence,ADM-1.6,Utiles y gastos de oficina.,COMPRAS,sifon loa s r entr 11 2 11 4,SIFON LOA S/R ENTR 11/2 - 11/4,,SODIMAC S.A.,0.2419
1,low_confidence,ADM-1.6,Utiles y gastos de oficina.,COMPRAS,silicona acrilica pintable ultra blanco lanco,SILICONA ACRILICA PINTABLE ULTRA BLANCO LANCO -@,SILICONA ACRILICA PINTABLE ULTRA BLANCO LANCO -@,DORIS IVONNE CASTILLO KANTER,0.2778
1,low_confidence,ADM-1.6,Utiles y gastos de oficina.,COMPRAS,silicona alta temperatura roja afix 280 ml,SILICONA ALTA TEMPERATURA ROJA AFIX 280 ML -@,SILICONA ALTA TEMPERATURA ROJA AFIX 280 ML -@,DORIS IVONNE CASTILLO KANTER,0.357
1,low_confidence,ADM-1.6,Utiles y gastos de oficina.,COMPRAS,siltop espuma de poliuretano 500ml,SILTOP ESPUMA DE POLIURETANO 500ML -@,SILTOP ESPUMA DE POLIURETANO 500ML -@,DORIS IVONNE CASTILLO KANTER,0.352
1,low_confidence,ADM-1.6,Utiles y gastos de oficina.,COMPRAS,sobre saco oficio kraft 25x36 70gr x 50 un,SOBRE SACO OFICIO KRAFT 25X36 70GR X 50 UN,,PROVEEDORES INTEGRALES DEL SUR S.A.,0.1629
1,low_confidence,ADM-1.6,Utiles y gastos de oficina.,COMPRAS,soldadura 50 x 3 0mm dia solido 500gr sn50 copppercol,SOLDADURA 50% X 3.0MM DIA SOLIDO 500GR SN50 COPPPERCOL -@,SOLDADURA 50% X 3.0MM DIA SOLIDO 500GR SN50 COPPPERCOL -@,DORIS IVONNE CASTILLO KANTER,0.3443
1,low_confidence,ADM-1.6,Utiles y gastos de oficina.,COMPRAS,soldadura con revest arg,SOLDADURA CON REVEST. ARG.,,SOCIEDAD COMERCIAL SERLAC CHILE S.A.,0.1923
1,low_confidence,ADM-1.6,Utiles y gastos de oficina.,COMPRAS,soldadura plata,SOLDADURA PLATA,,SOCIEDAD COMERCIAL SERLAC CHILE S.A.,0.198
1,low_confidence,ADM-1.6,Utiles y gastos de oficina.,COMPRAS,super 8 mini 20x7 gr,SUPER 8 MINI 20X7 GR,2.0 x 1 UN $2940 Bruto/$2470.5 Neto,RENDIC HERMANOS S.A.,0.6463
1,low_confidence,ADM-1.6,Utiles y gastos de oficina.,COMPRAS,tapa canaleta universal arena p25 vinilit,TAPA CANALETA UNIVERSAL ARENA P25 - VINILIT,TAPA CANALETA UNIVERSAL ARENA P25 - VINILIT,COMERCIAL HARCHA SPA,0.3918
1,low_confidence,ADM-1.6,Utiles y gastos de oficina.,COMPRAS,tapa tarro plastica 3 salidas sin junta in,TAPA TARRO PLASTICA 3 SALIDAS SIN JUNTA (IN),,SOCIEDAD COMERCIAL SERLAC CHILE S.A.,0.3578
1,low_confidence,ADM-1.6,Utiles y gastos de oficina.,COMPRAS,tapa tuberia sanit gris 110mm,TAPA TUBERIA SANIT.GRIS 110MM.,,COMERCIAL CLIMENT SPA,0.2491
1,low_confidence,ADM-1.6,Utiles y gastos de oficina.,COMPRAS,tapon compresion 32mm arangul,Tapón Compresión 32mm Arangül,,PUELCHE LOS RIOS SOCIEDAD POR ACCIONES,0.1891
1,low_confidence,ADM-1.6,Utiles y gastos de oficina.,COMPRAS,tauto fina 1 1 2 tornillo autoperf fina caja 100 un,TAUTO-FINA 1 1 2 TORNILLO AUTOPERF FINA CAJA 100 UN -@,TAUTO-FINA 1 1 2 TORNILLO AUTOPERF FINA CAJA 100 UN -@,DORIS IVONNE CASTILLO KANTER,0.2947
1,low_confidence,ADM-1.6,Utiles y gastos de oficina.,COMPRAS,te ceylan negro supremo premium 50bls,TE CEYLAN NEGRO SUPREMO PREMIUM 50BLS,,CENCOSUD RETAIL S.A.,0.1879
1,low_confidence,ADM-1.6,Utiles y gastos de oficina.,COMPRAS,te special impra 100 un,TE SPECIAL IMPRA 100 UN,1.0 x 1 UN $5490 Bruto/$4613.0 Neto,RENDIC HERMANOS S.A.,0.692
1,low_confidence,ADM-1.6,Utiles y gastos de oficina.,COMPRAS,tee cem pvc presion 25 mm,TEE CEM PVC PRESION 25 MM,TEE CEM PVC PRESION 25 MM,COMERCIAL HARCHA SPA,0.2436
1,low_confidence,ADM-1.6,Utiles y gastos de oficina.,COMPRAS,teflon maestro 1 2 agua 10 mt rojo aquakit,TEFLON MAESTRO 1 2 AGUA 10 MT ROJO AQUAKIT -@,TEFLON MAESTRO 1 2 AGUA 10 MT ROJO AQUAKIT -@,DORIS IVONNE CASTILLO KANTER,0.2262
1,low_confidence,ADM-1.6,Utiles y gastos de oficina.,COMPRAS,ti107 chuzo 1 x 1 75 truper bap 175e 19963,TI107-CHUZO 1 X 1 75 TRUPER BAP-175E 19963 -@,TI107-CHUZO 1 X 1 75 TRUPER BAP-175E 19963 -@,DORIS IVONNE CASTILLO KANTER,0.2239
1,low_confidence,ADM-1.6,Utiles y gastos de oficina.,COMPRAS,tierra rojo primera bolsa 1kg,TIERRA ROJO PRIMERA BOLSA 1KG.,,SODIMAC S.A.,0.2184
1,low_confidence,ADM-1.6,Utiles y gastos de oficina.,COMPRAS,tinta canon gi 11c cyan,TINTA CANON GI-11C CYAN,TINTA CANON GI-11C CYAN,CENTRO DE COPIADO DIGITAL SPA,0.3832
1,low_confidence,ADM-1.6,Utiles y gastos de oficina.,COMPRAS,tinta canon gi 11c yellow,TINTA CANON GI-11C YELLOW,TINTA CANON GI-11C YELLOW,CENTRO DE COPIADO DIGITAL SPA,0.4364
1,low_confidence,ADM-1.6,Utiles y gastos de oficina.,COMPRAS,tinta canon gi 11m magenta,TINTA CANON GI-11M MAGENTA,TINTA CANON GI-11M MAGENTA,CENTRO DE COPIADO DIGITAL SPA,0.3962
1,low_confidence,ADM-1.6,Utiles y gastos de oficina.,COMPRAS,tinta canon gi 11pgbk black,TINTA CANON GI-11PGBK BLACK,TINTA CANON GI-11PGBK BLACK,CENTRO DE COPIADO DIGITAL SPA,0.4281
1,low_confidence,ADM-1.6,Utiles y gastos de oficina.,COMPRAS,tira angulo laminado 20x 3mm,TIRA ANGULO LAMINADO 20X 3MM -@,TIRA ANGULO LAMINADO 20X 3MM -@,DORIS IVONNE CASTILLO KANTER,0.2206
1,low_confidence,ADM-1.6,Utiles y gastos de oficina.,COMPRAS,tira canal 200 x 50 x 2 mm,TIRA CANAL 200 X 50 X 2 MM -@,TIRA CANAL 200 X 50 X 2 MM -@,DORIS IVONNE CASTILLO KANTER,0.5849
1,low_confidence,ADM-1.6,Utiles y gastos de oficina.,COMPRAS,tira perfil cuadrado 100 x 100 x 3,TIRA PERFIL CUADRADO 100 X 100 X 3 -@,TIRA PERFIL CUADRADO 100 X 100 X 3 -@,DORIS IVONNE CASTILLO KANTER,0.324
1,low_confidence,ADM-1.6,Utiles y gastos de oficina.,COMPRAS,tira perfil cuadrado 50 x 50 x 3,TIRA PERFIL CUADRADO 50 X 50 X 3 -@,TIRA PERFIL CUADRADO 50 X 50 X 3 -@,DORIS IVONNE CASTILLO KANTER,0.2972
1,low_confidence,ADM-1.6,Utiles y gastos de oficina.,COMPRAS,tira perfil cuadrado 75 x 75 x 3,TIRA PERFIL CUADRADO 75 X 75 X 3 -@,TIRA PERFIL CUADRADO 75 X 75 X 3 -@,DORIS IVONNE CASTILLO KANTER,0.3305
1,low_confidence,ADM-1.6,Utiles y gastos de oficina.,COMPRAS,tira perfil rectangular 70x30x 3mm,TIRA PERFIL RECTANGULAR 70X30X 3MM -@,TIRA PERFIL RECTANGULAR 70X30X 3MM -@,DORIS IVONNE CASTILLO KANTER,0.3428
1,low_confidence,ADM-1.6,Utiles y gastos de oficina.,COMPRAS,tira pletina 100 x 5mm,TIRA PLETINA 100 X 5MM -@,TIRA PLETINA 100 X 5MM -@,DORIS IVONNE CASTILLO KANTER,0.2558
1,low_confidence,ADM-1.6,Utiles y gastos de oficina.,COMPRAS,tira pletina 50x 3mm,TIRA PLETINA 50X 3MM -@,TIRA PLETINA 50X 3MM -@,DORIS IVONNE CASTILLO KANTER,0.2281
1,low_confidence,ADM-1.6,Utiles y gastos de oficina.,COMPRAS,tira pletina 75x 5mm,TIRA PLETINA 75X 5MM -@,TIRA PLETINA 75X 5MM -@,DORIS IVONNE CASTILLO KANTER,0.2275
1,low_confidence,ADM-1.6,Utiles y gastos de oficina.,COMPRAS,toalla papel dh,TOALLA PAPEL DH,TOALLA HOME CARE D $ 2400,EASY RETAIL S.A.,0.3487
1,low_confidence,ADM-1.6,Utiles y gastos de oficina.,COMPRAS,toallita desinf expert clorox 50 un,TOALLITA DESINF EXPERT CLOROX 50 UN,1.0 x 1 UN $2890 Bruto/$2429.0 Neto,RENDIC HERMANOS S.A.,0.6022
1,low_confidence,ADM-1.6,Utiles y gastos de oficina.,COMPRAS,tor ms360 46 66 fs160 15 m5x20,TOR MS360-46-66 FS160 15 M5X20,TOR MS360-46-66 FS160 15 M5X20,INVERSIONES DEL RANCO SPA,0.3397
1,low_confidence,ADM-1.6,Utiles y gastos de oficina.,COMPRAS,tordon y nitvo maiten,TORDON Y NITVO - MAITEN,,PRESTACIONES DE SERVICIOS AGRICOLAS EL SIERVO LIMITADA,0.1805
1,low_confidence,ADM-1.6,Utiles y gastos de oficina.,COMPRAS,tordon y zero maiten,TORDON Y ZERO - MAITEN,,PRESTACIONES DE SERVICIOS AGRICOLAS EL SIERVO LIMITADA,0.2258
1,low_confidence,ADM-1.6,Utiles y gastos de oficina.,COMPRAS,triple gris promo canasto hal,TRIPLE GRIS PROMO CANASTO HAL,,SODIMAC S.A.,0.2885
1,low_confidence,ADM-1.6,Utiles y gastos de oficina.,COMPRAS,triton naran,TRITON NARAN,UN 0000,ADMIN. DE SUPERMERCADOS HIPER LIMITADA,0.1461
1,low_confidence,ADM-1.6,Utiles y gastos de oficina.,COMPRAS,tubo led 16w 6500k 1200mm 1600lm phillips 929003087611,TUBO LED 16W 6500K 1200MM 1600LM PHILLIPS 929003087611,,ELECTROCOM S.A.,0.3961
1,low_confidence,ADM-1.6,Utiles y gastos de oficina.,COMPRAS,tubo led 18w frio 6500k vidrio,TUBO LED 18W FRIO 6500K VIDRIO,TUBO LED 18W FRIO 6500K VIDRIO,FERRETERIA BULNES SPA,0.3566
1,low_confidence,ADM-1.6,Utiles y gastos de oficina.,COMPRAS,tuttiaran,TUTTIARAN,UN 0000@@Lleve N x $#D#387,ADMIN. DE SUPERMERCADOS HIPER LIMITADA,0.343
1,low_confidence,ADM-1.6,Utiles y gastos de oficina.,COMPRAS,valvula de inflado 11gb71d cun,VALVULA DE INFLADO 11GB71D CUN,,SODIMAC S.A.,0.1469
1,low_confidence,ADM-1.6,Utiles y gastos de oficina.,COMPRAS,vasoroj,VASOROJ,UN 0000,ADMIN. DE SUPERMERCADOS EXPRESS LIMITADA,0.2937
1,low_confidence,ADM-1.6,Utiles y gastos de oficina.,COMPRAS,wipes 75un,WIPES 75UN,UN 0000,ADMIN. DE SUPERMERCADOS HIPER LIMITADA,0.2531
1,low_confidence,ADM-1.6,Utiles y gastos de oficina.,COMPRAS,yoghurt sin azucar soprole 120g natural,"YOGHURT SIN AZUCAR SOPROLE 120G, NATURAL",4.0 x 1 UN $340 Bruto/$285.5 Neto,RENDIC HERMANOS S.A.,0.5558
1,low_confidence,ADM-1.6,Utiles y gastos de oficina.,COMPRAS,z caleco 3x2 5mm,Z-CALECO 3X2 5MM -@,Z-CALECO 3X2 5MM -@,DORIS IVONNE CASTILLO KANTER,0.2285
1,low_confidence,ADM-1.7,Otros Gastos Administracion,COMPRAS,270 recaudacion por renovacion casillas,270 RECAUDACION POR RENOVACION CASILLAS,,EMPRESAS DE CORREOS DE CHILE,0.5368
1,low_confidence,ADM-1.7,Otros Gastos Administracion,COMPRAS,comision administracion siniestro op 23221 2,COMISION ADMINISTRACION SINIESTRO OP.23221-2,,BANCO BICE,0.6675
1,low_confidence,ADM-1.7,Otros Gastos Administracion,COMPRAS,courier,COURIER,10000158,CHILEXPRESS S.A.,0.3719
1,low_confidence,ADM-1.7,Otros Gastos Administracion,COMPRAS,diferencia tipo de cambio,DIFERENCIA TIPO DE CAMBIO,,BANCO BICE,0.1724
1,low_confidence,ADM-1.7,Otros Gastos Administracion,COMPRAS,interes mayor plazo,INTERES MAYOR PLAZO,,COMPAÑÍA AGROPECUARIA COPEVAL S.A.,0.5058
1,low_confidence,ADM-1.7,Otros Gastos Administracion,COMPRAS,interes por mora,Interés por Mora,,Sociedad Concesionaria Vespucio Norte Express S.A.,0.5908
1,low_confidence,ADM-1.7,Otros Gastos Administracion,COMPRAS,orden de pago recibida nro documento 40928632,Orden de Pago Recibida (Nro. Documento: 40928632 ),,BANCO BICE,0.3354
1,low_confidence,ADM-1.7,Otros Gastos Administracion,COMPRAS,pago diferencia tipo de cambio op 34589 0,PAGO DIFERENCIA TIPO DE CAMBIO OP 34589-0,,BANCO BICE,0.2515
1,low_confidence,ADM-1.7,Otros Gastos Administracion,COMPRAS,pago parcial de la renta de arrendamiento no2 del contrato no34853 1,Pago parcial de la renta de arrendamiento Nº2 del contrato Nº34853-1,,BANCO BICE,0.6757
1,low_confidence,ADM-1.7,Otros Gastos Administracion,COMPRAS,pago parcial de la renta de arrendamiento no20 del contrato no34853 1,Pago parcial de la renta de arrendamiento Nº20 del contrato Nº34853-1,,BANCO BICE,0.6816
1,low_confidence,ADM-1.7,Otros Gastos Administracion,COMPRAS,pago parcial de la renta de arrendamiento no3 del contrato no34431 1,Pago parcial de la renta de arrendamiento Nº3 del contrato Nº34431-1,,BANCO BICE,0.6844
1,low_confidence,ADM-1.7,Otros Gastos Administracion,COMPRAS,pago vencido de renta de arrendamiento no8 del contrato no32799 1,Pago Vencido de renta de Arrendamiento Nº8 del contrato Nº32799-1,,BANCO BICE,0.7479
1,low_confidence,ADM-1.7,Otros Gastos Administracion,COMPRAS,pago vencido de renta de arrendamiento no8 del contrato no34853 1,Pago Vencido de renta de Arrendamiento Nº8 del contrato Nº34853-1,,BANCO BICE,0.7476
1,low_confidence,ADM-1.7,Otros Gastos Administracion,COMPRAS,paquete express am,PAQUETE EXPRESS AM,,EMPRESAS DE CORREOS DE CHILE,0.4516
1,low_confidence,ADM-1.7,Otros Gastos Administracion,COMPRAS,renovacion casilla cl 98,Renovación Casilla CL 98,,EMPRESAS DE CORREOS DE CHILE,0.3135
1,low_confidence,ADM-1.8,Asesoria Contable,COMPRAS,anula documento de referencia,Anula documento de referencia,,BANCO BICE,0.2898
1,low_confidence,ADM-2.1,Seguros Vehiculos,COMPRAS,insumo,INSUMO,,Kaufmann S.A. Vehículos Motorizados,0.2507
1,low_confidence,ADM-2.1,Seguros Vehiculos,COMPRAS,prepago total del contrato no32799 1,Prepago Total del contrato Nº32799-1,Inscripción : TPHJ.26-6 Tipo Vehículo : TRACTOR Año : 2024 Marca : JOHN DEERE Modelo : 6115J Nro. Motor : J04045B734554 Nro. Chasis : 1BM6115JCRD601743 Color : VERDE Combustible : DIESEL,BANCO BICE,0.4165
1,low_confidence,EXP-10.1,Mantencion Sala,COMPRAS,20 anticipo material nacional,20% ANTICIPO MATERIAL NACIONAL,,HGS DAIRY SOLUTIONS SPA,0.2454
1,low_confidence,EXP-10.1,Mantencion Sala,COMPRAS,aceite bomba vacio cl 1lt,ACEITE BOMBA VACIO CL 1LT,,HGS DAIRY SOLUTIONS SPA,0.4525
1,low_confidence,EXP-10.1,Mantencion Sala,COMPRAS,aerofotogrametria,Aerofotogrametria,"Predios El Maiten, Tineo y Bramadero",SOCIEDAD DE SERVICIOS INTEGRALES SICAV SPA,0.4207
1,low_confidence,EXP-10.1,Mantencion Sala,COMPRAS,arreglo caneria en,ARREGLO CAÑERIA EN,LECHERIA,SERVICIOS DE MANTENCIÓN DOMICILIARIA NONTUELA SPA,0.1737
1,low_confidence,EXP-10.1,Mantencion Sala,COMPRAS,asistencia tecnica,Asistencia Tecnica,Reparación Linea de leche - Ternerera Según Cotización N°165 Informe Técnico N° 102,EMVI INGENIERÍA Y SOLUCIONES INDUSTRIALES SPA,0.4316
1,low_confidence,EXP-10.1,Mantencion Sala,COMPRAS,ast ggt gldh 86630,AST GGT GLDH 86630,,LABORATORIOS Y SERVICIOS VETERINARIOS VALDIVIA LTDA,0.4186
1,low_confidence,EXP-10.1,Mantencion Sala,COMPRAS,base despiche 50 mm,BASE DESPICHE 50 MM.,,GEA Farm Technologies Osorno Ltda.,0.6388
1,low_confidence,EXP-10.1,Mantencion Sala,COMPRAS,basurero tapa vaiven gris 15l,BASURERO TAPA VAIVEN GRIS 15L,,SODIMAC S.A.,0.3267
1,low_confidence,EXP-10.1,Mantencion Sala,COMPRAS,bhb 86684,BHB 86684,,LABORATORIOS Y SERVICIOS VETERINARIOS VALDIVIA LTDA,0.2201
1,low_confidence,EXP-10.1,Mantencion Sala,COMPRAS,bodega lecheria maiten,Bodega lecheria Maitén,,MAGDIEL AMALEC MONTECINOS SAN MARTIN,0.5614
1,low_confidence,EXP-10.1,Mantencion Sala,COMPRAS,bomba dosificadora grande,BOMBA DOSIFICADORA GRANDE,,HGS DAIRY SOLUTIONS SPA,0.4303
1,low_confidence,EXP-10.1,Mantencion Sala,COMPRAS,bomba fly con manguera,BOMBA FLY CON MANGUERA,,INGENIERIA Y CONSTRUCCION ELIMAQ LIMITADA,0.2102
1,low_confidence,EXP-10.1,Mantencion Sala,COMPRAS,bomba sumergible de drenaje wdx15 2hp krafter,BOMBA SUMERGIBLE DE DRENAJE WDX15 2HP KRAFTER -@,BOMBA SUMERGIBLE DE DRENAJE WDX15 2HP KRAFTER -@,DORIS IVONNE CASTILLO KANTER,0.1313
1,low_confidence,EXP-10.1,Mantencion Sala,COMPRAS,bomba sumergible dreno gx 50 2110 380 volt 1 1 kw 2800 rpm,"BOMBA SUMERGIBLE ( DRENO GX 50-2110 ) 380 VOLT 1, 1 KW 2800 RPM","Mantención y Reparacion Revisión de equipo, barnizado estator, cambio de rodamientos, sello MG1 - silicio-silicio, cambio cable 4 líneas (5mts) aceite cámara de sello, limpieza - pintura. Fecha ingreso: 01/04/25",BOBINADOS INDUSTRIALES LONCOMILLA SPA,0.2073
1,low_confidence,EXP-10.1,Mantencion Sala,COMPRAS,bovino entrana v mini vacio origen pieza,BOVINO - Entraña V Mini Vacío Origen - Pieza,BOVINO - Entraña V Mini Vacío Origen - Pieza,Procarne Comercial S.A.,0.2107
1,low_confidence,EXP-10.1,Mantencion Sala,COMPRAS,brocha exelsior profesional 5 8x3,BROCHA EXELSIOR PROFESIONAL 5/8X3,,EASY RETAIL S.A.,0.2039
1,low_confidence,EXP-10.1,Mantencion Sala,COMPRAS,brocha hela 1 2 x3 c gris mango madera,BROCHA HELA 1 2 X3 C GRIS MANGO MADERA -@,BROCHA HELA 1 2 X3 C GRIS MANGO MADERA -@,DORIS IVONNE CASTILLO KANTER,0.1716
1,low_confidence,EXP-10.1,Mantencion Sala,COMPRAS,broches plasticos,BROCHES PLASTICOS,,COMERCIALIZADORA DE REPUESTOS ALEJANDRA XIMENA MUÑOZ BALTRA E.I.R.L.,0.4093
1,low_confidence,EXP-10.1,Mantencion Sala,COMPRAS,cable cordon flexible 3x0 75 mm,"CABLE CORDON FLEXIBLE 3X0,75 MM",,GEA Farm Technologies Osorno Ltda.,0.6956
1,low_confidence,EXP-10.1,Mantencion Sala,COMPRAS,cable de datos dp netb verde 2x1 2x0 50 s,CABLE DE DATOS DP NETB VERDE 2X1/2X0.50+S,,GEA Farm Technologies Osorno Ltda.,0.7006
1,low_confidence,EXP-10.1,Mantencion Sala,COMPRAS,caja estanca 175x110x70,CAJA ESTANCA 175X110X70,,GEA Farm Technologies Osorno Ltda.,0.623
1,low_confidence,EXP-10.1,Mantencion Sala,COMPRAS,canastillo bomba vulcano premium,CANASTILLO BOMBA VULCANO PREMIUM,,HSC SISTEMAS HIDRICOS SPA,0.5018
1,low_confidence,EXP-10.1,Mantencion Sala,COMPRAS,candado odis 340 2 llaves,CANDADO ODIS 340 2 LLAVES,CANDADO ODIS 340 2 LLAVES,COMERCIAL HARCHA SPA,0.1936
1,low_confidence,EXP-10.1,Mantencion Sala,COMPRAS,carcasa ducha trampa 22lts,CARCASA DUCHA TRAMPA 22LTS.,,GEA Farm Technologies Osorno Ltda.,0.4296
1,low_confidence,EXP-10.1,Mantencion Sala,COMPRAS,carro de terneros k438 marca kea,Carro de terneros k438 marca kea,Usado en el estado que se encuentra,AGRICOLA Y GANADERA EMERALD LIMITADA,0.1569
1,low_confidence,EXP-10.1,Mantencion Sala,COMPRAS,casquillo de quita y pon n3 10pcs,CASQUILLO DE QUITA Y PON N3(10pcs),,GEA Farm Technologies Osorno Ltda.,0.4969
1,low_confidence,EXP-10.1,Mantencion Sala,COMPRAS,castana caju millantue salada 80 grs,CASTAÑA CAJÚ MILLANTUE SALADA 80 GRS,,COMERCIAL AMAR HNOS. Y CIA. LTDA,0.1659
1,low_confidence,EXP-10.1,Mantencion Sala,COMPRAS,cerr tub 4044bs ba,CERR.TUB.4044BS BA,,EASY RETAIL S.A.,0.2255
1,low_confidence,EXP-10.1,Mantencion Sala,COMPRAS,chorizo parrillero,CHORIZO PARRILLERO,,FRIGORIFICO DE OSORNO S.A.,0.127
1,low_confidence,EXP-10.1,Mantencion Sala,COMPRAS,cierre fox 12 mm,CIERRE FOX 12 MM.,,GEA Farm Technologies Osorno Ltda.,0.4791
1,low_confidence,EXP-10.1,Mantencion Sala,COMPRAS,cinta adhesiva transparante,CINTA ADHESIVA TRANSPARANTE,,LOS MAGNIFICOS SPA,0.1844
1,low_confidence,EXP-10.1,Mantencion Sala,COMPRAS,clip de sujecion d12 x t1 sst,CLIP DE SUJECION D12 X T1 SST,,GEA Farm Technologies Osorno Ltda.,0.49
1,low_confidence,EXP-10.1,Mantencion Sala,COMPRAS,clorinda cloro tradicional 4 kilos,CLORINDA CLORO TRADICIONAL 4 KILOS,,EASY RETAIL S.A.,0.3074
1,low_confidence,EXP-10.1,Mantencion Sala,COMPRAS,codo goma 50 40 12,CODO GOMA 50*40*12,,GEA Farm Technologies Osorno Ltda.,0.4965
1,low_confidence,EXP-10.1,Mantencion Sala,COMPRAS,collarin arranque 32 x 1 2 edr,"Collarín Arranque 32 x 1/2"" EDR",,PUELCHE LOS RIOS SOCIEDAD POR ACCIONES,0.1662
1,low_confidence,EXP-10.1,Mantencion Sala,COMPRAS,collarin arranque 63 x 1 arangul,"Collarín Arranque 63 x 1"" Arangül",,PUELCHE LOS RIOS SOCIEDAD POR ACCIONES,0.2147
1,low_confidence,EXP-10.1,Mantencion Sala,COMPRAS,conexion ducha trampa 22 l,CONEXION DUCHA TRAMPA 22 L.,,GEA Farm Technologies Osorno Ltda.,0.5127
1,low_confidence,EXP-10.1,Mantencion Sala,COMPRAS,contactor bomba leche 220 volt,CONTACTOR BOMBA LECHE 220 VOLT.,,GEA Farm Technologies Osorno Ltda.,0.4385
1,low_confidence,EXP-10.1,Mantencion Sala,COMPRAS,copla de goma 40 mm,COPLA DE GOMA 40 MM.,,GEA Farm Technologies Osorno Ltda.,0.4798
1,low_confidence,EXP-10.1,Mantencion Sala,COMPRAS,corchetera mediana 20 hj negra maped,CORCHETERA MEDIANA 20 HJ NEGRA MAPED,,PROVEEDORES INTEGRALES DEL SUR S.A.,0.1602
1,low_confidence,EXP-10.1,Mantencion Sala,COMPRAS,correa 3vx 530,CORREA 3VX-530,,GEA Farm Technologies Osorno Ltda.,0.5772
1,low_confidence,EXP-10.1,Mantencion Sala,COMPRAS,correa bx 62,CORREA BX-62,,GEA Farm Technologies Osorno Ltda.,0.5391
1,low_confidence,EXP-10.1,Mantencion Sala,COMPRAS,corta pelo s,Corta Pelo S,,FALABELLA RETAIL S.A.,0.2887
1,low_confidence,EXP-10.1,Mantencion Sala,COMPRAS,cuaderno univ e d 100 hj m7 torre clasico liso,CUADERNO UNIV. E/D 100 HJ M7 TORRE CLASICO LISO,,PROVEEDORES INTEGRALES DEL SUR S.A.,0.2145
1,low_confidence,EXP-10.1,Mantencion Sala,COMPRAS,cuota 1 4 material nacional,"CUOTA 1-4, MATERIAL NACIONAL",,HGS DAIRY SOLUTIONS SPA,0.327
1,low_confidence,EXP-10.1,Mantencion Sala,COMPRAS,curso operador motos,CURSO OPERADOR MOTOS,,SERVICIOS TECNICOS DE CAPACITACION VICTOR HERMINIO MIRANDA HERNANDEZ E,0.3281
1,low_confidence,EXP-10.1,Mantencion Sala,COMPRAS,curva de goma 50 mm,CURVA DE GOMA 50 MM,,GEA Farm Technologies Osorno Ltda.,0.6406
1,low_confidence,EXP-10.1,Mantencion Sala,COMPRAS,devolucion de prima cuota 8,DEVOLUCION DE PRIMA CUOTA 8,300440510,REALE CHILE SEGUROS GENERALES S.A.,0.0849
1,low_confidence,EXP-10.1,Mantencion Sala,COMPRAS,diario,DIARIO,,Ainilebu SPA,0.4827
1,low_confidence,EXP-10.1,Mantencion Sala,COMPRAS,diluyente duco invierno 1lt qu,DILUYENTE DUCO INVIERNO 1LT QU,,SODIMAC S.A.,0.2268
1,low_confidence,EXP-10.1,Mantencion Sala,COMPRAS,disco centraje valvula de mando easy star,DISCO CENTRAJE VALVULA DE MANDO/EASY STAR,,GEA Farm Technologies Osorno Ltda.,0.4193
1,low_confidence,EXP-10.1,Mantencion Sala,COMPRAS,ducha lavado trampa 22 lt 67 lt,DUCHA LAVADO TRAMPA 22 LT /67 LT,,GEA Farm Technologies Osorno Ltda.,0.6839
1,low_confidence,EXP-10.1,Mantencion Sala,COMPRAS,dv naranja,DV NARANJA,UN 0000,ADMIN. DE SUPERMERCADOS HIPER LIMITADA,0.303
1,low_confidence,EXP-10.1,Mantencion Sala,COMPRAS,electrovalvula inyector de aire 3 2 way 230v,"ELECTROVALVULA INYECTOR DE AIRE 3/2-WAY, 230V",,GEA Farm Technologies Osorno Ltda.,0.4491
1,low_confidence,EXP-10.1,Mantencion Sala,COMPRAS,empanadas,Empanadas,,DULAC FUTRONO SPA,0.2532
1,low_confidence,EXP-10.1,Mantencion Sala,COMPRAS,enchufe carro,ENCHUFE CARRO,TRANSFORMADOR AMERICANO A EUROPEO,MULTIMOTOS OSORNO SPA,0.3072
1,low_confidence,EXP-10.1,Mantencion Sala,COMPRAS,enchufe trip plan 2p t 10a mfl,ENCHUFE TRIP PLAN 2P+T 10A MFL,,SODIMAC S.A.,0.2121
1,low_confidence,EXP-10.1,Mantencion Sala,COMPRAS,enganche maxus t60,ENGANCHE MAXUS T60,,ONE GARAGE SPA,0.1828
1,low_confidence,EXP-10.1,Mantencion Sala,COMPRAS,enganche tipo horquilla 2x2 incluye pasador 1,"ENGANCHE TIPO HORQUILLA 2x2 incluye pasador 1""",,ARRIAGADA COMPANY SPA,0.2346
1,low_confidence,EXP-10.1,Mantencion Sala,COMPRAS,esmalte agua const bl base blanca gl,ESMALTE AGUA CONST BL/BASE BLANCA GL,,EASY RETAIL S.A.,0.3487
1,low_confidence,EXP-10.1,Mantencion Sala,COMPRAS,espumador de leche 4 en 1 negro simplit,Espumador De Leche 4 En 1 Negro Simplit,,MercadoLibre Chile LTDA,0.4915
1,low_confidence,EXP-10.1,Mantencion Sala,COMPRAS,extension horquilla coloso 2x2x33,EXTENSION HORQUILLA COLOSO 2X2X33,,SOCIEDAD AUTOMOTRIZ TODOESCAPE LIMITADA,0.3724
1,low_confidence,EXP-10.1,Mantencion Sala,COMPRAS,ferrul 3 8,FERRUL 3/8,,GEA Farm Technologies Osorno Ltda.,0.6691
1,low_confidence,EXP-10.1,Mantencion Sala,COMPRAS,fhpb0304 brocha 4,"FHPB0304 BROCHA 4""",FIXT#216,FERRETERIAS WEITZLER SOCIEDAD ANONIMA,0.3092
1,low_confidence,EXP-10.1,Mantencion Sala,COMPRAS,filtro alta presion hidraulico ar,FILTRO ALTA PRESION HIDRAULICO AR,,GEA Farm Technologies Osorno Ltda.,0.4507
1,low_confidence,EXP-10.1,Mantencion Sala,COMPRAS,filtro combustible wk 52 1,FILTRO COMBUSTIBLE WK-52/1,,REPUESTOS BHC SPA,0.3549
1,low_confidence,EXP-10.1,Mantencion Sala,COMPRAS,filtro combustible wk 850 3,FILTRO COMBUSTIBLE WK-850/3,,REPUESTOS BHC SPA,0.3163
1,low_confidence,EXP-10.1,Mantencion Sala,COMPRAS,filtro de aire completo 75x22x16xd7,"FILTRO DE AIRE, COMPLETO 75x22x16xD7",,GEA Farm Technologies Osorno Ltda.,0.6649
1,low_confidence,EXP-10.1,Mantencion Sala,COMPRAS,filtro de combustible,FILTRO DE COMBUSTIBLE,,SOCIEDAD TOROYO LTDA,0.2252
1,low_confidence,EXP-10.1,Mantencion Sala,COMPRAS,filtro de espuma 180 15 disco airjet,FILTRO DE ESPUMA 180*15 DISCO AIRJET,,GEA Farm Technologies Osorno Ltda.,0.6983
1,low_confidence,EXP-10.1,Mantencion Sala,COMPRAS,filtro hidraulico cr40an,FILTRO HIDRAULICO CR40AN,,GEA Farm Technologies Osorno Ltda.,0.5893
1,low_confidence,EXP-10.1,Mantencion Sala,COMPRAS,filtro leche 60 mm 455 370 un,FILTRO LECHE 60 MM * 455 - 370 UN,,HGS DAIRY SOLUTIONS SPA,0.4472
1,low_confidence,EXP-10.1,Mantencion Sala,COMPRAS,filtro pulsador autop stimop simple,FILTRO PULSADOR AUTOP/STIMOP/SIMPLE,,GEA Farm Technologies Osorno Ltda.,0.687
1,low_confidence,EXP-10.1,Mantencion Sala,COMPRAS,fiting pvc,FITING PVC,,GEA Farm Technologies Osorno Ltda.,0.4897
1,low_confidence,EXP-10.1,Mantencion Sala,COMPRAS,fitting bronce,FITTING BRONCE,,LOS MAGNIFICOS SPA,0.2193
1,low_confidence,EXP-10.1,Mantencion Sala,COMPRAS,fjx 6 8 terminal recto espiga para manga 3 8,FJX 6-8 TERMINAL RECTO ESPIGA PARA MANGA 3/8,,GEA Farm Technologies Osorno Ltda.,0.6491
1,low_confidence,EXP-10.1,Mantencion Sala,COMPRAS,fjx90 6 8 terminal curvo espiga para manga 3 8,FJX90 6-8 TERMINAL CURVO ESPIGA PARA MANGA 3/8,,GEA Farm Technologies Osorno Ltda.,0.6228
1,low_confidence,EXP-10.1,Mantencion Sala,COMPRAS,flotador sensor bba leche,FLOTADOR SENSOR BBA.LECHE,,GEA Farm Technologies Osorno Ltda.,0.4802
1,low_confidence,EXP-10.1,Mantencion Sala,COMPRAS,fogon simple 40 x 40,FOGON SIMPLE 40 X 40 -@,FOGON SIMPLE 40 X 40 -@,DORIS IVONNE CASTILLO KANTER,0.1977
1,low_confidence,EXP-10.1,Mantencion Sala,COMPRAS,grasa alto impacto sig 3000,GRASA ALTO IMPACTO SIG 3000,,SOCIEDAD COMERCIAL SERLAC CHILE S.A.,0.2205
1,low_confidence,EXP-10.1,Mantencion Sala,COMPRAS,gretel pie de limon 85grs,GRETEL PIE DE LIMON 85GRS,,COMERCIAL AMAR HNOS. Y CIA. LTDA,0.2574
1,low_confidence,EXP-10.1,Mantencion Sala,COMPRAS,guardamotor abb 2 5 4 a ms116,GUARDAMOTOR ABB 2.5-4 A MS116,,GEA Farm Technologies Osorno Ltda.,0.5116
1,low_confidence,EXP-10.1,Mantencion Sala,COMPRAS,guarnicion de goma cilindro nuevo,GUARNICION DE GOMA CILINDRO NUEVO,,GEA Farm Technologies Osorno Ltda.,0.4182
1,low_confidence,EXP-10.1,Mantencion Sala,COMPRAS,guia para piola,GUIA PARA PIOLA,,GEA Farm Technologies Osorno Ltda.,0.7205
1,low_confidence,EXP-10.1,Mantencion Sala,COMPRAS,haida 185r14c ntco carro,HAIDA 185R14C NTCO CARRO,TERNERO,SERVIVUL SPA,0.2996
1,low_confidence,EXP-10.1,Mantencion Sala,COMPRAS,hdpe tee compresion 50 mm,HDPE-TEE COMPRESION 50 MM -@,HDPE-TEE COMPRESION 50 MM -@,DORIS IVONNE CASTILLO KANTER,0.2288
1,low_confidence,EXP-10.1,Mantencion Sala,COMPRAS,hemograma 86683,HEMOGRAMA 86683,,LABORATORIOS Y SERVICIOS VETERINARIOS VALDIVIA LTDA,0.2022
1,low_confidence,EXP-10.1,Mantencion Sala,COMPRAS,hervidor 2lt,HERVIDOR 2LT,UN 0000@@Precio Antes Ahora#D#4.202,ADMIN. DE SUPERMERCADOS HIPER LIMITADA,0.1237
1,low_confidence,EXP-10.1,Mantencion Sala,COMPRAS,hora tecnica,HORA TECNICA,,COMERCIAL SERVIFEED SPA,0.3889
1,low_confidence,EXP-10.1,Mantencion Sala,COMPRAS,horometro,HOROMETRO,,GEA Farm Technologies Osorno Ltda.,0.4718
1,low_confidence,EXP-10.1,Mantencion Sala,COMPRAS,horsch joker 7 5 m,HORSCH JOKER 7.5 M,HORSCH JOKER 7.5 M,Servicios Bergström Limitada,0.2591
1,low_confidence,EXP-10.1,Mantencion Sala,COMPRAS,humberto el valiente,HUMBERTO EL VALIENTE,,Ainilebu SPA,0.3176
1,low_confidence,EXP-10.1,Mantencion Sala,COMPRAS,jabon familand jalea real und 500 ml,JABON FAMILAND JALEA REAL UND 500 ML,,COMERCIAL AMAR HERMANOS Y COMPANIA LIMITADA,0.2282
1,low_confidence,EXP-10.1,Mantencion Sala,COMPRAS,jabon liq le sancy hygienic 750ml,JABON LIQ LE SANCY HYGIENIC 750ML,,CENCOSUD RETAIL S.A.,0.1517
1,low_confidence,EXP-10.1,Mantencion Sala,COMPRAS,jabon liq simonds,JABON LIQ. SIMONDS,,CENCOSUD RETAIL S.A.,0.142
1,low_confidence,EXP-10.1,Mantencion Sala,COMPRAS,judy moody y stink el hueso de los deseo,JUDY MOODY Y STINK EL HUESO DE LOS DESEO,,Ainilebu SPA,0.1558
1,low_confidence,EXP-10.1,Mantencion Sala,COMPRAS,juego dados hm hls002 52pcs,JUEGO DADOS HM HLS002 52PCS -@,JUEGO DADOS HM HLS002 52PCS -@,DORIS IVONNE CASTILLO KANTER,0.1908
1,low_confidence,EXP-10.1,Mantencion Sala,COMPRAS,juego de servicio gestion de leche c var,-Juego de servicio - Gestion de leche (C)var.,,GEA Farm Technologies Osorno Ltda.,0.7378
1,low_confidence,EXP-10.1,Mantencion Sala,COMPRAS,juego de servicio gestion de leche c var apex control valve,"JUEGO DE SERVICIO-GESTION DE LECHE(C)VAR.,APEX CONTROL VALVE",,GEA Farm Technologies Osorno Ltda.,0.6768
1,low_confidence,EXP-10.1,Mantencion Sala,COMPRAS,juego de servicio gestion de leche c var visoflow sensor,JUEGO DE SERVICIO-GESTION DE LECHE C(VAR)VISOFLOW SENSOR,,GEA Farm Technologies Osorno Ltda.,0.6576
1,low_confidence,EXP-10.1,Mantencion Sala,COMPRAS,juego de servicio gestion de leche ce var metatron w,"JUEGO DE SERVICIO-GESTION DE LECHE CE VAR.,METATRON W",,GEA Farm Technologies Osorno Ltda.,0.6842
1,low_confidence,EXP-10.1,Mantencion Sala,COMPRAS,juego de servicio kit bomba leche 1 5 kw,JUEGO DE SERVICIO KIT BOMBA LECHE 1.5 KW,,GEA Farm Technologies Osorno Ltda.,0.5212
1,low_confidence,EXP-10.1,Mantencion Sala,COMPRAS,juego de servicio transporte de leche c var receiver cover,JUEGO DE SERVICIO-TRANSPORTE DE LECHE(C) VAR RECEIVER COVER,,GEA Farm Technologies Osorno Ltda.,0.7032
1,low_confidence,EXP-10.1,Mantencion Sala,COMPRAS,juego de servicio transporte de leche c var sanitary trap 22,JUEGO DE SERVICIO-TRANSPORTE DE LECHE(C) VAR SANITARY TRAP 22,,GEA Farm Technologies Osorno Ltda.,0.7045
1,low_confidence,EXP-10.1,Mantencion Sala,COMPRAS,juego de servicio vacio c var commander 1 5 k 3000 hrs,JUEGO DE SERVICIO-VACIO(C) VAR COMMANDER 1.5 K 3000 HRS,,GEA Farm Technologies Osorno Ltda.,0.6421
1,low_confidence,EXP-10.1,Mantencion Sala,COMPRAS,juego filtros de aire vacurex,JUEGO FILTROS DE AIRE VACUREX,,GEA Farm Technologies Osorno Ltda.,0.5089
1,low_confidence,EXP-10.1,Mantencion Sala,COMPRAS,juego mirillas colector 300 cc,JUEGO MIRILLAS COLECTOR 300 CC,,HGS DAIRY SOLUTIONS SPA,0.3628
1,low_confidence,EXP-10.1,Mantencion Sala,COMPRAS,juego pezoneras colector 300,JUEGO PEZONERAS COLECTOR 300,,HGS DAIRY SOLUTIONS SPA,0.4818
1,low_confidence,EXP-10.1,Mantencion Sala,COMPRAS,junta anular 15x22x3,JUNTA ANULAR 15x22x3,,GEA Farm Technologies Osorno Ltda.,0.6079
1,low_confidence,EXP-10.1,Mantencion Sala,COMPRAS,junta perfilada p deposito vacio 30,JUNTA PERFILADA P/DEPOSITO VACIO 30,,GEA Farm Technologies Osorno Ltda.,0.566
1,low_confidence,EXP-10.1,Mantencion Sala,COMPRAS,junta torica de codo icip,JUNTA TORICA DE CODO ICIP,,GEA Farm Technologies Osorno Ltda.,0.4447
1,low_confidence,EXP-10.1,Mantencion Sala,COMPRAS,junta unidad final ar,JUNTA UNIDAD FINAL AR,,GEA Farm Technologies Osorno Ltda.,0.5898
1,low_confidence,EXP-10.1,Mantencion Sala,COMPRAS,junta vaso metatron,JUNTA VASO METATRON,,GEA Farm Technologies Osorno Ltda.,0.5896
1,low_confidence,EXP-10.1,Mantencion Sala,COMPRAS,kilometraje,Kilometraje,,ELECTROSOL ENCENDIDOS SPA,0.4082
1,low_confidence,EXP-10.1,Mantencion Sala,COMPRAS,kilometraje visita terreno considera 3 idas a terreno,KILOMETRAJE VISITA TERRENO (Considera 3 idas a terreno),KILOMETRAJE VISITA TERRENO (Considera 3 idas a terreno),GALLAGHER CHILE SPA,0.2591
1,low_confidence,EXP-10.1,Mantencion Sala,COMPRAS,kilometraje visita terreno considera visita tecnica a 2 predios,KILOMETRAJE VISITA TERRENO (considera visita técnica a 2 predios),KILOMETRAJE VISITA TERRENO (considera visita técnica a 2 predios),GALLAGHER CHILE SPA,0.2454
1,low_confidence,EXP-10.1,Mantencion Sala,COMPRAS,kilometros,Kilómetros,,WALTER ERNESTO MATAMALA MANCILLA,0.3847
1,low_confidence,EXP-10.1,Mantencion Sala,COMPRAS,kilometros por dia,KILOMETROS POR DIA,,DAVID ISAIAS MARDONES YANEZ,0.2367
1,low_confidence,EXP-10.1,Mantencion Sala,COMPRAS,kit de servicio manejo de la leche var easystart,KIT DE SERVICIO-MANEJO DE LA LECHE VAR.EasyStart,,GEA Farm Technologies Osorno Ltda.,0.676
1,low_confidence,EXP-10.1,Mantencion Sala,COMPRAS,kit pulsador 4500 h stimopuls autopuls apex,"KIT PULSADOR/4500 H, STIMOPULS/AUTOPULS APEX",,GEA Farm Technologies Osorno Ltda.,0.5676
1,low_confidence,EXP-10.1,Mantencion Sala,COMPRAS,kit ser 1500h val aut purga 50 mm,KIT SER 1500H VAL AUT PURGA 50 MM,,GEA Farm Technologies Osorno Ltda.,0.5773
1,low_confidence,EXP-10.1,Mantencion Sala,COMPRAS,kit ser 1500h valvula aut de purga 40 mm,KIT SER 1500H VALVULA AUT. DE PURGA 40 MM.,,GEA Farm Technologies Osorno Ltda.,0.6554
1,low_confidence,EXP-10.1,Mantencion Sala,COMPRAS,kit servicio valvula solenoide danfoss 3 4 modelo ev220b 20 epdm 1000753,KIT SERVICIO VALVULA SOLENOIDE DANFOSS 3/4 MODELO EV220B 20 EPDM (1000753),,GEA Farm Technologies Osorno Ltda.,0.6376
1,low_confidence,EXP-10.1,Mantencion Sala,COMPRAS,km y traslado peajes,KM Y TRASLADO PEAJES,,SOCIEDAD TOROYO LTDA,0.3616
1,low_confidence,EXP-10.1,Mantencion Sala,COMPRAS,kuky fram,KUKY FRAM,UN 0000,ADMIN. DE SUPERMERCADOS HIPER LIMITADA,0.1518
1,low_confidence,EXP-10.1,Mantencion Sala,COMPRAS,laminadora enmicadora termica cortador de papel 300 micas,Laminadora Enmicadora Termica Cortador De Papel+300 Micas,,MercadoLibre Chile LTDA,0.1839
1,low_confidence,EXP-10.1,Mantencion Sala,COMPRAS,lavaparabrisas copec,LAVAPARABRISAS COPEC,LAVAPARABRISAS COPEC,COMERCIAL NAVEA LIMITADA,0.322
1,low_confidence,EXP-10.1,Mantencion Sala,COMPRAS,leche entera soprole uht 200ml pack x 6,LECHE ENTERA SOPROLE UHT 200ML PACK x 6,,CENCOSUD RETAIL S.A.,0.3434
1,low_confidence,EXP-10.1,Mantencion Sala,COMPRAS,leche l vida,LECHE L/VIDA,UN 0000,ADMIN. DE SUPERMERCADOS HIPER LIMITADA,0.5226
1,low_confidence,EXP-10.1,Mantencion Sala,COMPRAS,leche natural uht colun 200 ml,LECHE NATURAL UHT COLUN 200 ML,4.0 x 1 UN $660 Bruto/$554.5 Neto,RENDIC HERMANOS S.A.,0.3196
1,low_confidence,EXP-10.1,Mantencion Sala,COMPRAS,lente sky 3000 gray estandar,LENTE SKY 3000 GRAY ESTÁNDAR,,COMERCIALIZADORA DE ART DE PROTECCION Y SEGURIDAD INDUSTRIAL MANQUEHUE LIMITADA,0.2047
1,low_confidence,EXP-10.1,Mantencion Sala,COMPRAS,leuc elisa ind 87534,LEUC ELISA IND 87534,,LABORATORIOS Y SERVICIOS VETERINARIOS VALDIVIA LTDA,0.1924
1,low_confidence,EXP-10.1,Mantencion Sala,COMPRAS,limp desinf nanocobr lavan 4l,LIMP DESINF NANOCOBR LAVAN 4L,,SODIMAC S.A.,0.2525
1,low_confidence,EXP-10.1,Mantencion Sala,COMPRAS,llave paso 1 2 he hi cun11cp,LLAVE PASO 1/2 HE/HI.. CUN11Cp,,SODIMAC S.A.,0.235
1,low_confidence,EXP-10.1,Mantencion Sala,COMPRAS,lonas fundo yutreco,LONAS FUNDO YUTRECO,,YOAM MARCELO ORTIZ GUTIERREZ,0.1898
1,low_confidence,EXP-10.1,Mantencion Sala,COMPRAS,longaniza schwencke granel,LONGANIZA SCHWENCKE GRANEL,,CENCOSUD RETAIL S.A.,0.3218
1,low_confidence,EXP-10.1,Mantencion Sala,COMPRAS,mag 3 leche,MAG 3 LECHE,UN 0002,ADMIN. DE SUPERMERCADOS HIPER LIMITADA,0.6271
1,low_confidence,EXP-10.1,Mantencion Sala,COMPRAS,malla mosquitera 0 90 blanca,MALLA MOSQUITERA 0 90 BLANCA -@,MALLA MOSQUITERA 0 90 BLANCA -@,DORIS IVONNE CASTILLO KANTER,0.23
1,low_confidence,EXP-10.1,Mantencion Sala,COMPRAS,mandarina clementina malla 1 kg,MANDARINA CLEMENTINA MALLA 1 KG,,COMERCIAL AMAR HERMANOS Y COMPANIA LIMITADA,0.2528
1,low_confidence,EXP-10.1,Mantencion Sala,COMPRAS,manga 8 5 mm x mt,MANGA 8.5 MM X MT,,GEA Farm Technologies Osorno Ltda.,0.7101
1,low_confidence,EXP-10.1,Mantencion Sala,COMPRAS,manga espiral 40 mm mt,MANGA ESPIRAL 40 MM. (MT),,GEA Farm Technologies Osorno Ltda.,0.6617
1,low_confidence,EXP-10.1,Mantencion Sala,COMPRAS,mani evercrsip s sal 140grs,MANI EVERCRSIP S/SAL 140GRS,,COMERCIAL AMAR HNOS. Y CIA. LTDA,0.1812
1,low_confidence,EXP-10.1,Mantencion Sala,COMPRAS,manometro glicerina 0 6 bar,Manometro Glicerina 0-6 Bar,,PUELCHE LOS RIOS SOCIEDAD POR ACCIONES,0.181
1,low_confidence,EXP-10.1,Mantencion Sala,COMPRAS,mantencion bba purines,mantencion bba purines,,HYK MANTENIMIENTO MAKINARÍA AGRÍCOLA SPA,0.262
1,low_confidence,EXP-10.1,Mantencion Sala,COMPRAS,mantencion carro wuilians,mantencion carro wuilians,,HYK MANTENIMIENTO MAKINARÍA AGRÍCOLA SPA,0.4749
1,low_confidence,EXP-10.1,Mantencion Sala,COMPRAS,mantencion carro wulians,mantencion carro wulians,,HYK MANTENIMIENTO MAKINARÍA AGRÍCOLA SPA,0.4931
1,low_confidence,EXP-10.1,Mantencion Sala,COMPRAS,mantencion corrales,Mantención corrales,manga y bodega tineo,MAGDIEL AMALEC MONTECINOS SAN MARTIN,0.443
1,low_confidence,EXP-10.1,Mantencion Sala,COMPRAS,mantencion motor de bomba grunfos 380 volt 2 2 2800 rpm,"MANTENCION MOTOR DE BOMBA - GRUNFOS 380 VOLT 2,2 2800 rpm",,GEA Farm Technologies Osorno Ltda.,0.7462
1,low_confidence,EXP-10.1,Mantencion Sala,COMPRAS,mantencion y reparacioin,MANTENCION Y REPARACIOIN,"TRACTOR, SEGUN OT 751",MULTIMOTOS OSORNO SPA,0.3277
1,low_confidence,EXP-10.1,Mantencion Sala,COMPRAS,mantencion y reparacion,MANTENCION Y REPARACION,SE ADJUNTA DETALLE,JOHN MARCELO CARRILLO SOLDAN,0.2371
1,low_confidence,EXP-10.1,Mantencion Sala,COMPRAS,mantenion y reparacion,MANTENION Y REPARACION,"MANTENCION MOTOS RAICES SEGUN OT N° 496, 497-",MULTIMOTOS OSORNO SPA,0.433
1,low_confidence,EXP-10.1,Mantencion Sala,COMPRAS,material nacional,MATERIAL NACIONAL,,GEA Farm Technologies Osorno Ltda.,0.3706
1,low_confidence,EXP-10.1,Mantencion Sala,COMPRAS,memoria hpx 8gb 3200mhz ddr4,MEMORIA HPX 8GB 3200MHZ DDR4,,COOPERATIVA AGRICOLA Y DE SERVICIOS LTDA,0.1702
1,low_confidence,EXP-10.1,Mantencion Sala,COMPRAS,minwax deckstain wb satinado roble oscuro 3 785 l,"MINWAX DECKSTAIN WB SATINADO ROBLE OSCURO 3,785 L",,SHERWIN WILLIAMS CHILE S A,0.194
1,low_confidence,EXP-10.1,Mantencion Sala,COMPRAS,monomando lavaplato omega plus c jota mcpop fas,MONOMANDO LAVAPLATO OMEGA PLUS C/JOTA MCPOP FAS,,COMERCIAL CLIMENT SPA,0.1748
1,low_confidence,EXP-10.1,Mantencion Sala,COMPRAS,monomando lavatorio austin 20as5003400 plumber,MONOMANDO LAVATORIO AUSTIN (20AS5003400) PLUMBER,,COMERCIAL CLIMENT SPA,0.2657
1,low_confidence,EXP-10.1,Mantencion Sala,COMPRAS,mopa microfibra fibro con mango,MOPA MICROFIBRA FIBRO CON MANGO,,EASY RETAIL S.A.,0.3069
1,low_confidence,EXP-10.1,Mantencion Sala,COMPRAS,mopa virutex algodon absorb extra grande,MOPA VIRUTEX ALGODON ABSORB EXTRA GRANDE,,CENCOSUD RETAIL S.A.,0.2879
1,low_confidence,EXP-10.1,Mantencion Sala,COMPRAS,mostaza 500g,MOSTAZA 500G,UN 0000@@Precio Antes Ahora#D#84,ADMIN. DE SUPERMERCADOS HIPER LIMITADA,0.2413
1,low_confidence,EXP-10.1,Mantencion Sala,COMPRAS,motobomba daishin scr 80hx 3 5 5hp oferta,"MOTOBOMBA DAISHIN SCR.80HX 3"" 5.5HP""OFERTA""",,COMERCIAL CLIMENT SPA,0.291
1,low_confidence,EXP-10.1,Mantencion Sala,COMPRAS,movilizacion de equipos de ordena,MOVILIZACION DE EQUIPOS DE ORDEÑA,,SOCIEDAD COMERCIAL SERLAC CHILE S.A.,0.5101
1,low_confidence,EXP-10.1,Mantencion Sala,COMPRAS,msd cepillado 1x 4 x 3 20 mt,"MSD CEPILLADO 1X 4"" X 3,20 MT","MSD CEPILLADO 1X 4"" X 3,20 MT",COMERCIAL HARCHA SPA,0.209
1,low_confidence,EXP-10.1,Mantencion Sala,COMPRAS,msd cepillado 1x8 x 3 20 mt,"MSD CEPILLADO 1X8"" X 3,20 MT","MSD CEPILLADO 1X8"" X 3,20 MT",COMERCIAL HARCHA SPA,0.2117
1,low_confidence,EXP-10.1,Mantencion Sala,COMPRAS,nescafe tradicion 2 x 170 grs,NESCAFE TRADICION 2 X 170 GRS.,,COMERCIAL AMAR HNOS. Y CIA. LTDA,0.1926
1,low_confidence,EXP-10.1,Mantencion Sala,COMPRAS,neu kumho 245 75 r16 mt51 120 116q 10pr vt tl,NEU-KUMHO-245/75 R16 MT51 120/116Q 10PR VT TL,NEU-KUMHO-245/75 R16 MT51 120/116Q 10PR VT TL,AUTOMOTRIZ SALFA SUR LIMITADA,0.249
1,low_confidence,EXP-10.1,Mantencion Sala,COMPRAS,neu kumho 275 60 r20 at51 102t vt,NEU-KUMHO-275/60 R20 AT51 102T VT,NEU-KUMHO-275/60 R20 AT51 102T VT,AUTOMOTRIZ SALFA SUR LIMITADA,0.2322
1,low_confidence,EXP-10.1,Mantencion Sala,COMPRAS,nina torbellina 2,NINA TORBELLINA 2,,Ainilebu SPA,0.2219
1,low_confidence,EXP-10.1,Mantencion Sala,COMPRAS,niple base pulsador,NIPLE BASE PULSADOR,,GEA Farm Technologies Osorno Ltda.,0.6319
1,low_confidence,EXP-10.1,Mantencion Sala,COMPRAS,niple hexagono galvanizado 1,"NIPLE HEXAGONO GALVANIZADO 1""",,COMERCIAL CLIMENT SPA,0.2946
1,low_confidence,EXP-10.1,Mantencion Sala,COMPRAS,niple hexagono galvanizado 1 1 2,"NIPLE HEXAGONO GALVANIZADO 1,1/2""",,COMERCIAL CLIMENT SPA,0.2408
1,low_confidence,EXP-10.1,Mantencion Sala,COMPRAS,nota adhe torre 2 en 1 banderitas 6 colores,NOTA ADHE TORRE 2 EN 1 BANDERITAS 6 COLORES,,PROVEEDORES INTEGRALES DEL SUR S.A.,0.2431
1,low_confidence,EXP-10.1,Mantencion Sala,COMPRAS,oring racor 50 mm,ORING RACOR 50 MM.,,GEA Farm Technologies Osorno Ltda.,0.6033
1,low_confidence,EXP-10.1,Mantencion Sala,COMPRAS,oring racor 70 mm,ORING RACOR 70 MM,,GEA Farm Technologies Osorno Ltda.,0.6478
1,low_confidence,EXP-10.1,Mantencion Sala,COMPRAS,oring tapa cilindro puerta,ORING TAPA CILINDRO PUERTA,,GEA Farm Technologies Osorno Ltda.,0.5895
1,low_confidence,EXP-10.1,Mantencion Sala,COMPRAS,pago extensiones liberty op 17896,Pago extensiones Liberty OP 17896,,BANCO BICE,0.3241
1,low_confidence,EXP-10.1,Mantencion Sala,COMPRAS,pan ideal blanco 580grs,PAN IDEAL BLANCO 580GRS,,COMERCIAL AMAR HNOS. Y CIA. LTDA,0.201
1,low_confidence,EXP-10.1,Mantencion Sala,COMPRAS,pasas terra corinto 80grs,PASAS TERRA CORINTO 80GRS,,COMERCIAL AMAR HNOS. Y CIA. LTDA,0.5404
1,low_confidence,EXP-10.1,Mantencion Sala,COMPRAS,pastilla estanque lysoform in tank 3un,PASTILLA ESTANQUE LYSOFORM IN TANK 3UN,,EASY RETAIL S.A.,0.2768
1,low_confidence,EXP-10.1,Mantencion Sala,COMPRAS,perol acero inox 30 lt,PEROL ACERO INOX.30 LT,,MIRTHA LEONOR CASTILLO KANTER,0.1298
1,low_confidence,EXP-10.1,Mantencion Sala,COMPRAS,plum beamblade 17 trico,PLUM BEAMBLADE 17'''' TRICO,498281,SOC. COMERC. DE REPUESTOS S.P.A.,0.1766
1,low_confidence,EXP-10.1,Mantencion Sala,COMPRAS,plum beamblade 22 trico,PLUM BEAMBLADE 22'''' TRICO,498294,SOC. COMERC. DE REPUESTOS S.P.A.,0.1705
1,low_confidence,EXP-10.1,Mantencion Sala,COMPRAS,pm grooved rod 250mm,PM-Grooved Rod-250mm,PM-Grooved Rod-250mm,GALLAGHER CHILE SPA,0.2271
1,low_confidence,EXP-10.1,Mantencion Sala,COMPRAS,pulsalube m food grade service pack grease amp battery amp cover,PULSALUBE M FOOD GRADE SERVICE PACK (GREASE &amp;BATTERY&amp;COVER),,GEA Farm Technologies Osorno Ltda.,0.3465
1,low_confidence,EXP-10.1,Mantencion Sala,COMPRAS,ratita marita,RATITA MARITA,,Ainilebu SPA,0.3345
1,low_confidence,EXP-10.1,Mantencion Sala,COMPRAS,refractometro brix 0 32,REFRACTOMETRO BRIX 0 - 32 %,,COOPERATIVA AGRICOLA Y DE SERVICIOS LTDA,0.0923
1,low_confidence,EXP-10.1,Mantencion Sala,COMPRAS,regla para medir nitrogeno ln2 stick,REGLA PARA MEDIR NITROGENO LN2 Stick,,ABS CHILE LIMITADA,0.275
1,low_confidence,EXP-10.1,Mantencion Sala,COMPRAS,reparacion bombas elevacion,REPARACION BOMBAS ELEVACION,,SOCIEDAD TOROYO LTDA,0.1274
1,low_confidence,EXP-10.1,Mantencion Sala,COMPRAS,reparacion easy star,REPARACION EASY STAR,,GEA Farm Technologies Osorno Ltda.,0.5914
1,low_confidence,EXP-10.1,Mantencion Sala,COMPRAS,reparacion equipo,REPARACION EQUIPO,MOTOBOMBA 4x4,INGENIERIA Y CONSTRUCCION ELIMAQ LIMITADA,0.2503
1,low_confidence,EXP-10.1,Mantencion Sala,COMPRAS,resorte valvula apex,RESORTE VALVULA APEX,,GEA Farm Technologies Osorno Ltda.,0.6498
1,low_confidence,EXP-10.1,Mantencion Sala,COMPRAS,retorno 37 vacas,RETORNO 37 VACAS,Yutreco a Bramadero,RAFAEL ANDRES BERTIN DELGADO,0.2209
1,low_confidence,EXP-10.1,Mantencion Sala,COMPRAS,retroescavadora,Retroescavadora,"instalación de bornes,cambio de cable bornes",SANDRA PAULINA VALLADARES RIOS,0.2672
1,low_confidence,EXP-10.1,Mantencion Sala,COMPRAS,revolvedor purin weg 380 volt 4 kw 1445 rpm,REVOLVEDOR PURIN- WEG 380 VOLT 4 KW 1445 RPM,"Mantención y Reparacion MOTOR: Rebobinado estator, cambio de rodamientos, ventilador, limpieza. Trabajo tornería: Encamisado tapa lado ventilador. REDUCTOR: Cambio de rodamientos (x4) rodamientos especial-polin, retenes, limpieza. AGITADOR: Cambio rodamientos ( 208 x2) retenes. Fecha ingreso: 18/03/25",BOBINADOS INDUSTRIALES LONCOMILLA SPA,0.2572
1,low_confidence,EXP-10.1,Mantencion Sala,COMPRAS,sal yodada l,SAL YODADA L,UN 0000,ADMIN. DE SUPERMERCADOS HIPER LIMITADA,0.2757
1,low_confidence,EXP-10.1,Mantencion Sala,COMPRAS,segun ot 192,SEGUN OT 192,,MULTIMOTOS OSORNO SPA,0.1696
1,low_confidence,EXP-10.1,Mantencion Sala,COMPRAS,segun ot 193,SEGUN OT 193,,MULTIMOTOS OSORNO SPA,0.1991
1,low_confidence,EXP-10.1,Mantencion Sala,COMPRAS,segun ot 215,SEGUN OT 215,,MULTIMOTOS OSORNO SPA,0.2423
1,low_confidence,EXP-10.1,Mantencion Sala,COMPRAS,segun ot 304,SEGUN OT 304,,MULTIMOTOS OSORNO SPA,0.239
1,low_confidence,EXP-10.1,Mantencion Sala,COMPRAS,segun ot 442,SEGUN OT 442,REPARACION LUCES TRX 420,MULTIMOTOS OSORNO SPA,0.3017
1,low_confidence,EXP-10.1,Mantencion Sala,COMPRAS,segyn ot 199,SEGYN OT 199,,MULTIMOTOS OSORNO SPA,0.3397
1,low_confidence,EXP-10.1,Mantencion Sala,COMPRAS,sensor visoflow,SENSOR VISOFLOW,,GEA Farm Technologies Osorno Ltda.,0.6749
1,low_confidence,EXP-10.1,Mantencion Sala,COMPRAS,serap manguera bomba peristaltica rainbow,SERAP MANGUERA BOMBA PERISTALTICA RAINBOW,,SOCIEDAD COMERCIAL SERLAC CHILE S.A.,0.1993
1,low_confidence,EXP-10.1,Mantencion Sala,COMPRAS,serap manguera raufilam 1 2 alta presion,SERAP MANGUERA RAUFILAM 1/2 ALTA PRESION,,SOCIEDAD COMERCIAL SERLAC CHILE S.A.,0.1716
1,low_confidence,EXP-10.1,Mantencion Sala,COMPRAS,servicio emergencia fv,SERVICIO EMERGENCIA FV,,GEA Farm Technologies Osorno Ltda.,0.4211
1,low_confidence,EXP-10.1,Mantencion Sala,COMPRAS,servicio emergencia sa,SERVICIO EMERGENCIA SA,,GEA Farm Technologies Osorno Ltda.,0.3879
1,low_confidence,EXP-10.1,Mantencion Sala,COMPRAS,servicio picadora,Servicio Picadora,,BENEDICTO NOLBERTO GUTIERREZ RIVERA,0.2364
1,low_confidence,EXP-10.1,Mantencion Sala,COMPRAS,servicio tornero armado bomba,SERVICIO TORNERO ARMADO BOMBA,,HGS DAIRY SOLUTIONS SPA,0.5533
1,low_confidence,EXP-10.1,Mantencion Sala,COMPRAS,set elastico mosqueton,SET ELASTICO MOSQUETON,121264,SOC. COMERC. DE REPUESTOS S.P.A.,0.2897
1,low_confidence,EXP-10.1,Mantencion Sala,COMPRAS,sistema intercambiable neversink,Sistema intercambiable NEVERSINK,Deshierbe,Bima Chile Spa,0.2576
1,low_confidence,EXP-10.1,Mantencion Sala,COMPRAS,soporte cojinete bba 46 rov 46 f33k100 47 3l pos 46 13 45 17 45 18,SOPORTE COJINETE BBA&#46; ROV&#46; F33K100&#47;3L POS&#46; 13&#45;17&#45;18,,ENTRE RIEGOS DEL SUR SPA,0.1732
1,low_confidence,EXP-10.1,Mantencion Sala,COMPRAS,soporte para filtro 40 mm,SOPORTE PARA FILTRO 40 MM.,,GEA Farm Technologies Osorno Ltda.,0.6573
1,low_confidence,EXP-10.1,Mantencion Sala,COMPRAS,stink el increible nino menguante,STINK. EL INCREÍBLE NIÑO MENGUANTE,,Ainilebu SPA,0.2427
1,low_confidence,EXP-10.1,Mantencion Sala,COMPRAS,stink y la marcha zombi a la medianoche,STINK Y LA MARCHA ZOMBI A LA MEDIANOCHE,,Ainilebu SPA,0.2543
1,low_confidence,EXP-10.1,Mantencion Sala,COMPRAS,tamiz de succion hidraulico 3 4,TAMIZ DE SUCCION HIDRAULICO 3/4,,GEA Farm Technologies Osorno Ltda.,0.6004
1,low_confidence,EXP-10.1,Mantencion Sala,COMPRAS,tapa cilindro elevador frontal,TAPA CILINDRO ELEVADOR FRONTAL,,GEA Farm Technologies Osorno Ltda.,0.5732
1,low_confidence,EXP-10.1,Mantencion Sala,COMPRAS,tapa de valv descarga cierre purga,TAPA DE VALV.DESCARGA/CIERRE/PURGA,,GEA Farm Technologies Osorno Ltda.,0.5748
1,low_confidence,EXP-10.1,Mantencion Sala,COMPRAS,tarjeta bomba de leche,TARJETA BOMBA DE LECHE,,GEA Farm Technologies Osorno Ltda.,0.6177
1,low_confidence,EXP-10.1,Mantencion Sala,COMPRAS,tarjeta metatron 12 apex,TARJETA METATRON 12 APEX,,HGS DAIRY SOLUTIONS SPA,0.4611
1,low_confidence,EXP-10.1,Mantencion Sala,COMPRAS,tee cem 63 mm,-TEE CEM 63 MM -@,-TEE CEM 63 MM -@,DORIS IVONNE CASTILLO KANTER,0.1838
1,low_confidence,EXP-10.1,Mantencion Sala,COMPRAS,tee galvanizada 1,"TEE GALVANIZADA 1""",,COMERCIAL CLIMENT SPA,0.2706
1,low_confidence,EXP-10.1,Mantencion Sala,COMPRAS,tee hdpe 50mm,TEE HDPE 50MM,,COMERCIAL CLIMENT SPA,0.2902
1,low_confidence,EXP-10.1,Mantencion Sala,COMPRAS,tee so hi 1 2,"TEE SO HI 1/2""",,COMERCIAL CLIMENT SPA,0.4316
1,low_confidence,EXP-10.1,Mantencion Sala,COMPRAS,tenaza corta pezuna soflo,Tenaza Corta Pezuña - Soflo,,SOCIEDAD COMERCIAL SOFLO SPA,0.2449
1,low_confidence,EXP-10.1,Mantencion Sala,COMPRAS,terminal hi 1,TERMINAL HI 1,HOFF#205,FERRETERIAS WEITZLER SOCIEDAD ANONIMA,0.6985
1,low_confidence,EXP-10.1,Mantencion Sala,COMPRAS,test turbidez 86820,Test Turbidez 86820,,LABORATORIOS Y SERVICIOS VETERINARIOS VALDIVIA LTDA,0.2582
1,low_confidence,EXP-10.1,Mantencion Sala,COMPRAS,toalla de papel nova ultra 70 m,TOALLA DE PAPEL NOVA ULTRA 70 M,,CENCOSUD RETAIL S.A.,0.2051
1,low_confidence,EXP-10.1,Mantencion Sala,COMPRAS,trasvasijador parafina duk cun,TRASVASIJADOR PARAFINA DUK CUN,,SODIMAC S.A.,0.2313
1,low_confidence,EXP-10.1,Mantencion Sala,COMPRAS,triton vain,TRITON VAIN,UN 0003,ADMIN. DE SUPERMERCADOS HIPER LIMITADA,0.1578
1,low_confidence,EXP-10.1,Mantencion Sala,COMPRAS,tubuladora para mangas 1 2 inch barb x bard p1200,TUBULADORA PARA MANGAS 1/2 INCH BARB X BARD (P1200),,GEA Farm Technologies Osorno Ltda.,0.5986
1,low_confidence,EXP-10.1,Mantencion Sala,COMPRAS,uht entera base,UHT ENTERA BASE,,COOPERATIVA AGRICOLA Y LECHERA DE LA UNION LTDA.,0.0937
1,low_confidence,EXP-10.1,Mantencion Sala,COMPRAS,una sonrisa relucente,UNA SONRISA RELUCENTE,,Ainilebu SPA,0.3175
1,low_confidence,EXP-10.1,Mantencion Sala,COMPRAS,union plansa 1 1 4 hoffens,"UNION PLANSA 1 1/4""- HOFFENS","UNION PLANSA 1 1/4""- HOFFENS",COMERCIAL HARCHA SPA,0.215
1,low_confidence,EXP-10.1,Mantencion Sala,COMPRAS,union plansa 1 2 hoffens,"UNION PLANSA 1/2"" - HOFFENS","UNION PLANSA 1/2"" - HOFFENS",COMERCIAL HARCHA SPA,0.1915
1,low_confidence,EXP-10.1,Mantencion Sala,COMPRAS,valvula reguladora de presion 1 hi edr,"Válvula Reguladora de Presión 1"" Hi EDR",,PUELCHE LOS RIOS SOCIEDAD POR ACCIONES,0.1316
1,low_confidence,EXP-10.1,Mantencion Sala,COMPRAS,vaquillas,VAQUILLAS,,MARS AGRICOLA SPA,0.1596
1,low_confidence,EXP-10.1,Mantencion Sala,COMPRAS,visita tecnica,Visita Tecnica,"Revisiòn Caldera Kiturami mixta, Casa Administrativa. Fundo el Maiten.",MASTER THERMIC SPA,0.2329
1,low_confidence,EXP-10.1,Mantencion Sala,COMPRAS,wurth limpia vidrios,Wurth limpia vidrios,,JS NEUMÁTICOS SPA,0.4081
1,low_confidence,EXP-10.3,Detergentes e higenizantes,COMPRAS,20 anticipo ixpress 50 puestos icr,20% ANTICIPO IXPRESS 50 PUESTOS-ICR,,HGS DAIRY SOLUTIONS SPA,0.3467
1,low_confidence,EXP-10.3,Detergentes e higenizantes,COMPRAS,clavo cte 3 2 5kg cun02cc,"CLAVO CTE 3 2,5KG CUN02CC",,SODIMAC S.A.,0.3772
1,low_confidence,EXP-10.3,Detergentes e higenizantes,COMPRAS,clavo cte 4 2 5kg cun02cc,"CLAVO CTE 4 2,5KG CUN02CC",,SODIMAC S.A.,0.2729
1,low_confidence,EXP-10.3,Detergentes e higenizantes,COMPRAS,cloro clorinda 4kg,CLORO CLORINDA 4KG,,CENCOSUD RETAIL S.A.,0.4018
1,low_confidence,EXP-10.3,Detergentes e higenizantes,COMPRAS,duplalim x 5 lt 5lt,DUPLALIM X 5 LT. -__5LT__,__5LT__,FEROSOR AGRICOLA S.A.,0.5267
1,low_confidence,EXP-10.3,Detergentes e higenizantes,COMPRAS,excede 200 x 100 ml pfizer,EXCEDE 200 x 100 ML (PFIZER) -____,____,FEROSOR AGRICOLA S.A.,0.4344
1,low_confidence,EXP-10.3,Detergentes e higenizantes,COMPRAS,icr v2 pcb tested,ICR V2 PCB-TESTED,,GEA Farm Technologies Osorno Ltda.,0.2897
1,low_confidence,EXP-10.3,Detergentes e higenizantes,COMPRAS,limp cif expert vidrios y mult dp 900ml,LIMP.CIF EXPERT VIDRIOS Y MULT DP 900ML,,CENCOSUD RETAIL S.A.,0.1649
1,low_confidence,EXP-10.3,Detergentes e higenizantes,COMPRAS,moskimic forte 3 lt,MOSKIMIC FORTE - 3 LT,,COOPERATIVA AGRICOLA LECHERA STGO.,0.3891
1,low_confidence,EXP-10.3,Detergentes e higenizantes,COMPRAS,omo matic 13 7kg,OMO MATIC 13.7KG,OMO MATIC MULTIACC $ 2000,EASY RETAIL S.A.,0.4602
1,low_confidence,EXP-10.3,Detergentes e higenizantes,COMPRAS,pdq triton,PDQ TRITON,UN 0000,ADMIN. DE SUPERMERCADOS HIPER LIMITADA,0.2639
1,low_confidence,EXP-10.3,Detergentes e higenizantes,COMPRAS,ph fav 4x50,PH FAV 4X50,UN 0000,ADMIN. DE SUPERMERCADOS HIPER LIMITADA,0.1827
1,low_confidence,EXP-10.3,Detergentes e higenizantes,COMPRAS,punta 2 1 0kg cun06cn,"PUNTA 2 1,0KG CUN06Cn",,SODIMAC S.A.,0.2327
1,low_confidence,EXP-10.3,Detergentes e higenizantes,COMPRAS,zero anasac 1lt,ZERO -ANASAC_1LT___,ANASAC_1LT___,FEROSOR AGRICOLA S.A.,0.2431
1,low_confidence,EXP-11.3,Petroleo,COMPRAS,limp pisos flot todo en 1 virginia 900ml,LIMP PISOS FLOT TODO EN 1 VIRGINIA 900ML,2.0 x 1 UN $4990 Bruto/$4193.5 Neto,RENDIC HERMANOS S.A.,0.7283
1,low_confidence,EXP-11.4,Bencina,COMPRAS,bidon gasolina 20 lt,BIDON GASOLINA 20 LT,BIDON GASOLINA 20 LT,SOC DE TRANSPORTES STEUER HOLMGREN Y COM,0.7005
1,low_confidence,EXP-11.4,Bencina,COMPRAS,materiales gasfiteria,MATERIALES GASFITERIA,,ERWIN RAMIRO AGUILEF PINUER,0.4276
1,low_confidence,EXP-11.4,Bencina,COMPRAS,v power gasolina 97 octanos sp,V-POWER Gasolina 97 octanos sp,IE Base: 418.5060 - IE Variable: 68.1328,INVERSIONES ENEX S.A.,0.2139
1,low_confidence,EXP-12.1,Analisis Suelo y forraje,COMPRAS,analisis chilepackage,Análisis ChilePackage,Muestra hechas en el mes de octubre2025,ROCK RIVER LABORATORY LIMITADA,0.733
1,low_confidence,EXP-12.1,Analisis Suelo y forraje,COMPRAS,farol trasero rh kun,FAROL TRASERO RH KUN.,,ARIEL OMAR AZOCAR AGUAYO,0.2166
1,low_confidence,EXP-12.1,Analisis Suelo y forraje,COMPRAS,termometro digital suelo,TERMOMETRO DIGITAL SUELO -____,____,FEROSOR AGRICOLA S.A.,0.3792
1,low_confidence,EXP-12.1,Analisis Suelo y forraje,COMPRAS,traslado de madera,Traslado de madera,,JUAN ANGEL ANIBAL VERGARA OBANDO,0.1651
1,low_confidence,EXP-12.1,Analisis Suelo y forraje,COMPRAS,traslado de materiales,TRASLADO DE MATERIALES,,DAVID ISAIAS MARDONES YANEZ,0.2456
1,low_confidence,EXP-12.1,Analisis Suelo y forraje,COMPRAS,traslado toro,Traslado toro,"de Bramadero a El Maitén, 02/01/2025",JUAN ANGEL ANIBAL VERGARA OBANDO,0.3704
1,low_confidence,EXP-12.2,Analisis Animales,COMPRAS,gamma glutamil transferasa ggt suero,GAMMA GLUTAMIL TRANSFERASA (GGT) SUERO,,COOPERATIVA AGRICOLA Y DE SERVICIOS LTDA,0.4757
1,low_confidence,EXP-12.2,Analisis Animales,COMPRAS,glutamato deshidrogenasa gldh suero,GLUTAMATO DESHIDROGENASA (GLDH) SUERO,,COOPERATIVA AGRICOLA Y DE SERVICIOS LTDA,0.573
1,low_confidence,EXP-13.1,Mantencion Maquinaria,COMPRAS,0 009 4687 0 filtro petroleo,0.009.4687.0 FILTRO PETROLEO,,COMPAÑÍA AGROPECUARIA COPEVAL S.A.,0.2513
1,low_confidence,EXP-13.1,Mantencion Maquinaria,COMPRAS,0 044 1567 0 10 filtro,0.044.1567.0/10 FILTRO,,COMPAÑÍA AGROPECUARIA COPEVAL S.A.,0.3982
1,low_confidence,EXP-13.1,Mantencion Maquinaria,COMPRAS,0 900 0301 0 elemento filt ext,0.900.0301.0 ELEMENTO FILT EXT,,COMPAÑÍA AGROPECUARIA COPEVAL S.A.,0.6804
1,low_confidence,EXP-13.1,Mantencion Maquinaria,COMPRAS,080125017839 de scl hasta pai,080125017839 DE SCL HASTA PAI,,EMPRESA DE TRANSPORTES VARMONTT LIMITADA,0.3173
1,low_confidence,EXP-13.1,Mantencion Maquinaria,COMPRAS,15536 jgo 10 llaves allen truper,15536 JGO 10 LLAVES ALLEN TRUPER -@,15536 JGO 10 LLAVES ALLEN TRUPER -@,DORIS IVONNE CASTILLO KANTER,0.3939
1,low_confidence,EXP-13.1,Mantencion Maquinaria,COMPRAS,15778 8 refrigerador lrm 178dfiw,15778-8 REFRIGERADOR LRM 178DFIW,,COMERCIAL COOPREL S.A.,0.455
1,low_confidence,EXP-13.1,Mantencion Maquinaria,COMPRAS,2 4419 280 0 10 filtro hidr,2.4419.280.0/10 FILTRO HIDR.,,COMPAÑÍA AGROPECUARIA COPEVAL S.A.,0.4913
1,low_confidence,EXP-13.1,Mantencion Maquinaria,COMPRAS,2 4419 350 0 10 filtro hidr,2.4419.350.0/10 FILTRO HIDR.,,COMPAÑÍA AGROPECUARIA COPEVAL S.A.,0.5208
1,low_confidence,EXP-13.1,Mantencion Maquinaria,COMPRAS,275 55 r20,275/55 r20,Goodyear Wrangler at-adventure,JS NEUMÁTICOS SPA,0.4828
1,low_confidence,EXP-13.1,Mantencion Maquinaria,COMPRAS,28108 jgo brocas planas 6 pcs pretul,28108 JGO BROCAS PLANAS 6 PCS PRETUL -@,28108 JGO BROCAS PLANAS 6 PCS PRETUL -@,DORIS IVONNE CASTILLO KANTER,0.2336
1,low_confidence,EXP-13.1,Mantencion Maquinaria,COMPRAS,5bal 073 00031 balanceo hierro auto cta hasta aro 16,5BAL-073-00031 BALANCEO HIERRO AUTO - CTA HASTA ARO 16,,Industria Recuperadora De Neumaticos Sac,0.2399
1,low_confidence,EXP-13.1,Mantencion Maquinaria,COMPRAS,6cerv 0 0g 330cc,6CERV 0.0G 330CC,UN 0000,ADMIN. DE SUPERMERCADOS HIPER LIMITADA,0.3224
1,low_confidence,EXP-13.1,Mantencion Maquinaria,COMPRAS,6cerv 4 6g 355cc,6CERV 4.6G 355CC,UN 0000,ADMIN. DE SUPERMERCADOS HIPER LIMITADA,0.4701
1,low_confidence,EXP-13.1,Mantencion Maquinaria,COMPRAS,6vasos 240cc,6VASOS 240CC,UN 0000,ADMIN. DE SUPERMERCADOS HIPER LIMITADA,0.2403
1,low_confidence,EXP-13.1,Mantencion Maquinaria,COMPRAS,abrazadera 11 16,ABRAZADERA 11/16,,RICARDO FRANCISCO WULFF MULLER,0.2836
1,low_confidence,EXP-13.1,Mantencion Maquinaria,COMPRAS,abrazadera c perno t 508 52 57,ABRAZADERA C/PERNO T-508 (52-57),,COMERCIAL CLIMENT SPA,0.1645
1,low_confidence,EXP-13.1,Mantencion Maquinaria,COMPRAS,abrazadera manguera 1 2 p ab 4 ab 6,ABRAZADERA MANGUERA 1/2 P AB-4 AB-6 -@,ABRAZADERA MANGUERA 1/2 P AB-4 AB-6 -@,DORIS IVONNE CASTILLO KANTER,0.2567
1,low_confidence,EXP-13.1,Mantencion Maquinaria,COMPRAS,aca esponja x3,ACA ESPONJA X3,UN 0000@@Lleve N x $#D#580,ADMIN. DE SUPERMERCADOS HIPER LIMITADA,0.3735
1,low_confidence,EXP-13.1,Mantencion Maquinaria,COMPRAS,aceite,ACEITE,ACEITE,GALLAGHER CHILE SPA,0.2031
1,low_confidence,EXP-13.1,Mantencion Maquinaria,COMPRAS,aceite 2t mez 140 0 5l stihl,"ACEITE 2T MEZ 140 0,5L STIHL",,SODIMAC S.A.,0.581
1,low_confidence,EXP-13.1,Mantencion Maquinaria,COMPRAS,aceite 2t stihl x 1 lt,ACEITE 2T STIHL X 1 LT,,COOPERATIVA AGRICOLA Y LECHERA DE LA UNION LTDA.,0.6084
1,low_confidence,EXP-13.1,Mantencion Maquinaria,COMPRAS,aceite hid iso46 bld 19lts,ACEITE HID ISO46 BLD 19LTS,,Dercomaq S.P.A.,0.5939
1,low_confidence,EXP-13.1,Mantencion Maquinaria,COMPRAS,aceite mezcla 1000cc,ACEITE MEZCLA 1000CC,ACEITE MEZCLA 1000CC,LIDIA ANGELICA SANHUEZA FUENTES,0.4011
1,low_confidence,EXP-13.1,Mantencion Maquinaria,COMPRAS,aceite mezcla 50cc con un 6 0 descuento,ACEITE MEZCLA 50CC CON UN 6 0 DESCUENTO,ACEITE MEZCLA 50CC,INVERSIONES DEL RANCO LIMITADA,0.2554
1,low_confidence,EXP-13.1,Mantencion Maquinaria,COMPRAS,aceite mobil super 2000 fp x1 10w40 4 lts 4x4,ACEITE MOBIL SUPER 2000 FP X1 10W40 4 LTS (4X4),ACEITE MOBIL SUPER 2000 FP X1 10W40 4 LTS (4X4),COMERCIALIZADORA DE NEUMATICOS BACON LIMITADA,0.4848
1,low_confidence,EXP-13.1,Mantencion Maquinaria,COMPRAS,aceite sintetico sl 32 di,ACEITE SINTETICO SL-32 (DI),,SOCIEDAD COMERCIAL SERLAC CHILE S.A.,0.5511
1,low_confidence,EXP-13.1,Mantencion Maquinaria,COMPRAS,adaptador ford ranger 2024,ADAPTADOR FORD RANGER 2024,ADAPTADOR FORD RANGER 2024,CVD REMOLQUES SPA,0.3546
1,low_confidence,EXP-13.1,Mantencion Maquinaria,COMPRAS,adaptador macho 10 16a 2p t negro mec,ADAPTADOR MACHO 10/16A 2P+T NEGRO MEC -@,ADAPTADOR MACHO 10/16A 2P+T NEGRO MEC -@,DORIS IVONNE CASTILLO KANTER,0.2845
1,low_confidence,EXP-13.1,Mantencion Maquinaria,COMPRAS,adaptador macho 3 4 broce,ADAPTADOR MACHO 3/4 BROCE,,EASY RETAIL S.A.,0.2002
1,low_confidence,EXP-13.1,Mantencion Maquinaria,COMPRAS,agorex 60 1 lt 438537,AGOREX 60 1 LT 438537 -@,AGOREX 60 1 LT 438537 -@,DORIS IVONNE CASTILLO KANTER,0.3357
1,low_confidence,EXP-13.1,Mantencion Maquinaria,COMPRAS,aguarras 100 mineral passol lt,AGUARRAS 100% MINERAL PASSOL LT -@,AGUARRAS 100% MINERAL PASSOL LT -@,DORIS IVONNE CASTILLO KANTER,0.21
1,low_confidence,EXP-13.1,Mantencion Maquinaria,COMPRAS,aguarras mineral 1 lt cun10c,AGUARRAS MINERAL 1 LT. CUN10C,,SODIMAC S.A.,0.3229
1,low_confidence,EXP-13.1,Mantencion Maquinaria,COMPRAS,aguarras mineral 1 lt cun10cp,AGUARRAS MINERAL 1 LT. CUN10Cp,,SODIMAC S.A.,0.3255
1,low_confidence,EXP-13.1,Mantencion Maquinaria,COMPRAS,alcohol laurico etoxilado 7 moles 200lt,ALCOHOL LAURICO ETOXILADO 7 MOLES 200LT,,OREGON CHEM GROUP SPA,0.3623
1,low_confidence,EXP-13.1,Mantencion Maquinaria,COMPRAS,aldaba 3,ALDABA 3,ALDABA 3,DORIS IVONNE CASTILLO KANTER,0.1465
1,low_confidence,EXP-13.1,Mantencion Maquinaria,COMPRAS,aldaba galvanizada 3 1 2 uyustools adg035,ALDABA GALVANIZADA 3 1 2 UYUSTOOLS ADG035 -@,ALDABA GALVANIZADA 3 1 2 UYUSTOOLS ADG035 -@,DORIS IVONNE CASTILLO KANTER,0.226
1,low_confidence,EXP-13.1,Mantencion Maquinaria,COMPRAS,alicate punta 6 wokin 100206,ALICATE PUNTA 6 WOKIN 100206 -@,ALICATE PUNTA 6 WOKIN 100206 -@,DORIS IVONNE CASTILLO KANTER,0.2879
1,low_confidence,EXP-13.1,Mantencion Maquinaria,COMPRAS,alicate universal 7 uyustools alu7d15,ALICATE UNIVERSAL 7 UYUSTOOLS ALU7D15 -@,ALICATE UNIVERSAL 7 UYUSTOOLS ALU7D15 -@,DORIS IVONNE CASTILLO KANTER,0.2964
1,low_confidence,EXP-13.1,Mantencion Maquinaria,COMPRAS,alicate universal 8 wokin 101008,ALICATE UNIVERSAL 8 WOKIN 101008 -@,ALICATE UNIVERSAL 8 WOKIN 101008 -@,DORIS IVONNE CASTILLO KANTER,0.3934
1,low_confidence,EXP-13.1,Mantencion Maquinaria,COMPRAS,ampolleta 12v21 w5 2 cont pack 2un,AMPOLLETA. 12V21/W5 2 CONT. PACK 2UN,,EASY RETAIL S.A.,0.2756
1,low_confidence,EXP-13.1,Mantencion Maquinaria,COMPRAS,ampolleta h7,AMPOLLETA H7,,COMERCIALIZADORA DE REPUESTOS ALEJANDRA XIMENA MUÑOZ BALTRA E.I.R.L.,0.4
1,low_confidence,EXP-13.1,Mantencion Maquinaria,COMPRAS,automatico 10 amp 419838 legrand,AUTOMATICO 10 AMP 419838 LEGRAND -@,AUTOMATICO 10 AMP 419838 LEGRAND -@,DORIS IVONNE CASTILLO KANTER,0.4271
1,low_confidence,EXP-13.1,Mantencion Maquinaria,COMPRAS,bisagra 35mm semicurva star bis 98010,BISAGRA 35MM SEMICURVA STAR BIS 98010 -@,BISAGRA 35MM SEMICURVA STAR BIS 98010 -@,DORIS IVONNE CASTILLO KANTER,0.2166
1,low_confidence,EXP-13.1,Mantencion Maquinaria,COMPRAS,blue max 10 lts,BLUE MAX 10 LTS,BLUE MAX 10 LTS,COMERCIAL Y SERVICIOS VIGU LIMITADA,0.3166
1,low_confidence,EXP-13.1,Mantencion Maquinaria,COMPRAS,bm recuperador calor 450l marca boumatic s re,BM RECUPERADOR CALOR 450L MARCA BOUMATIC S/RE,,SOCIEDAD COMERCIAL SERLAC CHILE S.A.,0.4525
1,low_confidence,EXP-13.1,Mantencion Maquinaria,COMPRAS,bobina ms360 ms390,BOBINA MS360 MS390,BOBINA MS360 MS390,INVERSIONES DEL RANCO LIMITADA,0.2153
1,low_confidence,EXP-13.1,Mantencion Maquinaria,COMPRAS,broca sds plus 8x160 cun049,BROCA SDS PLUS 8X160 CUN049,,SODIMAC S.A.,0.3686
1,low_confidence,EXP-13.1,Mantencion Maquinaria,COMPRAS,bushing reduccion he hi 1 1 4 x 3 4,-BUSHING REDUCCION HE-HI 1 1 4 X 3 4 -@,-BUSHING REDUCCION HE-HI 1 1 4 X 3 4 -@,DORIS IVONNE CASTILLO KANTER,0.1635
1,low_confidence,EXP-13.1,Mantencion Maquinaria,COMPRAS,bushing reduccion he hi 2 x 1 1 2,-BUSHING REDUCCION HE-HI 2 X 1 1 2 -@,-BUSHING REDUCCION HE-HI 2 X 1 1 2 -@,DORIS IVONNE CASTILLO KANTER,0.2272
1,low_confidence,EXP-13.1,Mantencion Maquinaria,COMPRAS,cadena 0 325 1 6 r super,CADENA 0 325 1 6 R SUPER,CADENA 0 325 1 6 R SUPER,INVERSIONES DEL RANCO SPA,0.3698
1,low_confidence,EXP-13.1,Mantencion Maquinaria,COMPRAS,caj newrio g,CAJ NEWRIO G,UN 0000,ADMIN. DE SUPERMERCADOS HIPER LIMITADA,0.1928
1,low_confidence,EXP-13.1,Mantencion Maquinaria,COMPRAS,caja corriente negra hormigon 12 ent zama caja6,CAJA CORRIENTE NEGRA HORMIGON 12 ENT. ZAMA CAJA6,,ELECTROCOM S.A.,0.2308
1,low_confidence,EXP-13.1,Mantencion Maquinaria,COMPRAS,caja embutida lh 18 mod c tapa fume ip41 101016,CAJA EMBUTIDA LH 18 MOD. C/TAPA FUME IP41 101016,,ELECTROCOM S.A.,0.4191
1,low_confidence,EXP-13.1,Mantencion Maquinaria,COMPRAS,calefon 10 lts ionizado splendid,CALEFON 10 LTS IONIZADO SPLENDID -@,CALEFON 10 LTS IONIZADO SPLENDID -@,DORIS IVONNE CASTILLO KANTER,0.2538
1,low_confidence,EXP-13.1,Mantencion Maquinaria,COMPRAS,calefon 11lt gl ioniz master,CALEFON 11LT GL IONIZ MASTER,,SODIMAC S.A.,0.3949
1,low_confidence,EXP-13.1,Mantencion Maquinaria,COMPRAS,calefont junkers 10 lts ionizado 7736502088,CALEFONT JUNKERS 10 LTS. IONIZADO (7736502088),,COMERCIAL CLIMENT SPA,0.2888
1,low_confidence,EXP-13.1,Mantencion Maquinaria,COMPRAS,calefont junkers 7 lts ionizado 7736506599 oferta,CALEFONT JUNKERS 7 LTS. IONIZADO (7736506599) *OFERTA,,COMERCIAL CLIMENT SPA,0.2989
1,low_confidence,EXP-13.1,Mantencion Maquinaria,COMPRAS,calefont n2 reparacion,CALEFONT N°2 REPARACION,POR FUGA,JORGEN HORACIO VEGA AGUILA,0.2125
1,low_confidence,EXP-13.1,Mantencion Maquinaria,COMPRAS,cam camara 24 14 9 13 tr218a,CAM-CAMARA 24 14.9/13 TR218A,CAM-CAMARA 24 14.9/13 TR218A,AUTOMOTRIZ SALFA SUR LIMITADA,0.5657
1,low_confidence,EXP-13.1,Mantencion Maquinaria,COMPRAS,camara 11 5 80 15 3,"CAMARA 11.5-80-15,3",,IMPORTADORA ELADIO TAZBAZ AZAR LIMITADA,0.5771
1,low_confidence,EXP-13.1,Mantencion Maquinaria,COMPRAS,camara 400 60 15 5,"CAMARA 400-60-15,5",,IMPORTADORA ELADIO TAZBAZ AZAR LIMITADA,0.5479
1,low_confidence,EXP-13.1,Mantencion Maquinaria,COMPRAS,camara registro conduit 160x20 1160020,CAMARA REGISTRO CONDUIT 160X20 1160020,,ELECTROCOM S.A.,0.3552
1,low_confidence,EXP-13.1,Mantencion Maquinaria,COMPRAS,candado bronce endurecido 30mm blossom,CANDADO BRONCE ENDURECIDO 30MM BLOSSOM -@,CANDADO BRONCE ENDURECIDO 30MM BLOSSOM -@,DORIS IVONNE CASTILLO KANTER,0.2074
1,low_confidence,EXP-13.1,Mantencion Maquinaria,COMPRAS,candado odis b50x3 llaves ig,"CANDADO ODIS B50X3, LLAVES IG.",,SODIMAC S.A.,0.1867
1,low_confidence,EXP-13.1,Mantencion Maquinaria,COMPRAS,carbolineo 1gl cun029,CARBOLINEO 1GL CUN029,,SODIMAC S.A.,0.2245
1,low_confidence,EXP-13.1,Mantencion Maquinaria,COMPRAS,cargador de bateria cb 30s krafter,CARGADOR DE BATERIA CB-30S KRAFTER-@,CARGADOR DE BATERIA CB-30S KRAFTER-@,DORIS IVONNE CASTILLO KANTER,0.2781
1,low_confidence,EXP-13.1,Mantencion Maquinaria,COMPRAS,cargador de pared samsung tipo c rapido 25w negro,Cargador de Pared Samsung Tipo C Rápido (25W) Negro,,PERSONAL COMPUTER FACTORY S.A.,0.4052
1,low_confidence,EXP-13.1,Mantencion Maquinaria,COMPRAS,casco ghb,CASCO GHB,2L -1XL,SOCIEDAD IBACACHE-VINOLY LIMITADA,0.4196
1,low_confidence,EXP-13.1,Mantencion Maquinaria,COMPRAS,casco ghb 230 verde t l,CASCO GHB 230 Verde T L,,SOCIEDAD IBACACHE-VINOLY LIMITADA,0.3822
1,low_confidence,EXP-13.1,Mantencion Maquinaria,COMPRAS,casco ghb 230 verde t m,Casco GHB 230 Verde T M,,SOCIEDAD IBACACHE-VINOLY LIMITADA,0.2658
1,low_confidence,EXP-13.1,Mantencion Maquinaria,COMPRAS,casco ghb 230 verde t s,Casco GHB 230 Verde T S,,SOCIEDAD IBACACHE-VINOLY LIMITADA,0.2484
1,low_confidence,EXP-13.1,Mantencion Maquinaria,COMPRAS,casco ghb talla xl,CASCO GHB TALLA XL,,SOCIEDAD IBACACHE-VINOLY LIMITADA,0.2984
1,low_confidence,EXP-13.1,Mantencion Maquinaria,COMPRAS,cerco reparacion bosque q,cerco reparacion bosque q,,CONSTRUCCIONES Y PRESTACIÓN DE SERVICIOS VICENTE DIOCARES E.I.R.L.,0.3028
1,low_confidence,EXP-13.1,Mantencion Maquinaria,COMPRAS,cercos salas sur y norte,cercos salas sur y norte,,CONSTRUCCIONES Y PRESTACIÓN DE SERVICIOS VICENTE DIOCARES E.I.R.L.,0.2527
1,low_confidence,EXP-13.1,Mantencion Maquinaria,COMPRAS,cerr250 cerradura pomo negra dormitorio kutz,CERR250-CERRADURA POMO NEGRA DORMITORIO KUTZ -@,CERR250-CERRADURA POMO NEGRA DORMITORIO KUTZ -@,DORIS IVONNE CASTILLO KANTER,0.2061
1,low_confidence,EXP-13.1,Mantencion Maquinaria,COMPRAS,cerradura mueble d9 20 puerta cajon ni bo dgm,CERRADURA MUEBLE D9-20 PUERTA CAJON NI BO DGM -@,CERRADURA MUEBLE D9-20 PUERTA CAJON NI BO DGM -@,DORIS IVONNE CASTILLO KANTER,0.1468
1,low_confidence,EXP-13.1,Mantencion Maquinaria,COMPRAS,cerv corona 0 0 33,CERV CORONA 0.0 33,UN 0000,ADMIN. DE SUPERMERCADOS HIPER LIMITADA,0.0881
1,low_confidence,EXP-13.1,Mantencion Maquinaria,COMPRAS,chchps 180gr,CHCHPS 180GR,UN 0003,ADMIN. DE SUPERMERCADOS HIPER LIMITADA,0.3516
1,low_confidence,EXP-13.1,Mantencion Maquinaria,COMPRAS,cinta de goma de 25mm 1x 5 mts 2102032,CINTA DE GOMA DE 25MM 1X 5 MTS 2102032 -@,CINTA DE GOMA DE 25MM 1X 5 MTS 2102032 -@,DORIS IVONNE CASTILLO KANTER,0.3055
1,low_confidence,EXP-13.1,Mantencion Maquinaria,COMPRAS,cinta teflon agua 1 2 x 10mt rayun,CINTA TEFLON AGUA 1/2 X 10MT RAYUN -@,CINTA TEFLON AGUA 1/2 X 10MT RAYUN -@,DORIS IVONNE CASTILLO KANTER,0.1901
1,low_confidence,EXP-13.1,Mantencion Maquinaria,COMPRAS,cloro clorox 2 lt,CLORO CLOROX 2 LT,1.0 x 1 UN $2540 Bruto/$2134.0 Neto,RENDIC HERMANOS S.A.,0.3118
1,low_confidence,EXP-13.1,Mantencion Maquinaria,COMPRAS,cloro clorox no salpica 3 8 lt,CLORO CLOROX NO SALPICA 3.8 LT,,CENCOSUD RETAIL S.A.,0.2214
1,low_confidence,EXP-13.1,Mantencion Maquinaria,COMPRAS,coca cola 2l,COCA COLA 2L,UN 0001,ADMIN. DE SUPERMERCADOS HIPER LIMITADA,0.3588
1,low_confidence,EXP-13.1,Mantencion Maquinaria,COMPRAS,cocacola 591,COCACOLA 591,UN 0001,ADMIN. DE SUPERMERCADOS HIPER LIMITADA,0.3419
1,low_confidence,EXP-13.1,Mantencion Maquinaria,COMPRAS,cocina f 2808 t fensa coccu,COCINA F 2808 T FENSA COCCU,,SODIMAC S.A.,0.4129
1,low_confidence,EXP-13.1,Mantencion Maquinaria,COMPRAS,codo 75 mm cem,-CODO 75 MM CEM -@,-CODO 75 MM CEM -@,DORIS IVONNE CASTILLO KANTER,0.2902
1,low_confidence,EXP-13.1,Mantencion Maquinaria,COMPRAS,codo br 90o 1 2 so he 1un,CODO BR 90O 1/2 SO/HE 1UN...,,SODIMAC S.A.,0.2028
1,low_confidence,EXP-13.1,Mantencion Maquinaria,COMPRAS,codo hi cem 20 x 1 2,-CODO HI CEM 20 X 1 2 -@,-CODO HI CEM 20 X 1 2 -@,DORIS IVONNE CASTILLO KANTER,0.3714
1,low_confidence,EXP-13.1,Mantencion Maquinaria,COMPRAS,codo hi cem 32 x 1,-CODO HI CEM 32 X 1 -@,-CODO HI CEM 32 X 1 -@,DORIS IVONNE CASTILLO KANTER,0.2567
1,low_confidence,EXP-13.1,Mantencion Maquinaria,COMPRAS,conector 1 2 manguera plast nb1001 c s,CONECTOR 1 2 MANGUERA PLAST NB1001 C S -@,CONECTOR 1 2 MANGUERA PLAST NB1001 C S -@,DORIS IVONNE CASTILLO KANTER,0.417
1,low_confidence,EXP-13.1,Mantencion Maquinaria,COMPRAS,conector 1 2 manguera plast nb1002 s stop,CONECTOR 1 2 MANGUERA PLAST NB1002 S STOP -@,CONECTOR 1 2 MANGUERA PLAST NB1002 S STOP -@,DORIS IVONNE CASTILLO KANTER,0.3564
1,low_confidence,EXP-13.1,Mantencion Maquinaria,COMPRAS,conector 3 4 manguera plast nb1018,CONECTOR 3 4 MANGUERA PLAST NB1018 -@,CONECTOR 3 4 MANGUERA PLAST NB1018 -@,DORIS IVONNE CASTILLO KANTER,0.4399
1,low_confidence,EXP-13.1,Mantencion Maquinaria,COMPRAS,conector manguera 1 2 wokin 572101,CONECTOR MANGUERA 1 2 WOKIN 572101-@,CONECTOR MANGUERA 1 2 WOKIN 572101-@,DORIS IVONNE CASTILLO KANTER,0.2604
1,low_confidence,EXP-13.1,Mantencion Maquinaria,COMPRAS,conex hi manguera 1 nb1016,CONEX HI MANGUERA 1 NB1016 -@,CONEX HI MANGUERA 1 NB1016 -@,DORIS IVONNE CASTILLO KANTER,0.4518
1,low_confidence,EXP-13.1,Mantencion Maquinaria,COMPRAS,conf 01 mang hidra 1 quot r2,CONF 01 MANG HIDRA 1&quot; R2,,SERGIO GUILLERMO LOEBEL PUSCHEL,0.2245
1,low_confidence,EXP-13.1,Mantencion Maquinaria,COMPRAS,contenedor de filtro mediano 10 1x1 8 bar 193020,CONTENEDOR DE FILTRO MEDIANO 10 - 1x1 - 8 BAR 193020 -@,CONTENEDOR DE FILTRO MEDIANO 10 - 1x1 - 8 BAR 193020 -@,DORIS IVONNE CASTILLO KANTER,0.1924
1,low_confidence,EXP-13.1,Mantencion Maquinaria,COMPRAS,coolant copec 5l,"COOLANT COPEC, 5L","COOLANT COPEC, 5L",ALEJANDRO MARCELO DEL PRADO MONTORY,0.2131
1,low_confidence,EXP-13.1,Mantencion Maquinaria,COMPRAS,copias de llaves,copias de llaves,,JOEL LOBO BELLO,0.1429
1,low_confidence,EXP-13.1,Mantencion Maquinaria,COMPRAS,copla cem 20 mm,-COPLA CEM 20 MM -@,-COPLA CEM 20 MM -@,DORIS IVONNE CASTILLO KANTER,0.1997
1,low_confidence,EXP-13.1,Mantencion Maquinaria,COMPRAS,copla cem 63 mm,-COPLA CEM 63 MM -@,-COPLA CEM 63 MM -@,DORIS IVONNE CASTILLO KANTER,0.21
1,low_confidence,EXP-13.1,Mantencion Maquinaria,COMPRAS,corchetera metalica 30 hj acrt120007 kangaro adi111,CORCHETERA METALICA 30 HJ ACRT120007 KANGARO ADI111,CORCHETERA METALICA 30 HJ ACRT120007 KANGARO ADI111,KARIM KLETT DIEZ,0.3733
1,low_confidence,EXP-13.1,Mantencion Maquinaria,COMPRAS,cordel yute 12 mm 9 7 mts x kg real,CORDEL YUTE 12 MM (9.7 MTS X KG REAL) -@,CORDEL YUTE 12 MM (9.7 MTS X KG REAL) -@,DORIS IVONNE CASTILLO KANTER,0.2328
1,low_confidence,EXP-13.1,Mantencion Maquinaria,COMPRAS,correa b 120 optibelt,CORREA B-120 OPTIBELT,,COMERCIAL RODAPLUS SPA,0.4164
1,low_confidence,EXP-13.1,Mantencion Maquinaria,COMPRAS,correa b39,CORREA B39 -@,CORREA B39 -@,DORIS IVONNE CASTILLO KANTER,0.4694
1,low_confidence,EXP-13.1,Mantencion Maquinaria,COMPRAS,correa optibelt b 043,CORREA OPTIBELT B-043,,REPUESTOS BHC SPA,0.4303
1,low_confidence,EXP-13.1,Mantencion Maquinaria,COMPRAS,crt clase a2 tractor placa ljkl61,CRT Clase A2 Tractor Placa:LJKL61,,TUV Rheinland Andino S.A,0.431
1,low_confidence,EXP-13.1,Mantencion Maquinaria,COMPRAS,crt clase a2 tractor placa vfht86,CRT Clase A2 Tractor Placa:VFHT86,,TUV Rheinland Andino S.A,0.518
1,low_confidence,EXP-13.1,Mantencion Maquinaria,COMPRAS,crt clase b remolque o semiremolq,CRT Clase B Remolque o Semiremolq,,TUV Rheinland Andino S.A,0.3063
1,low_confidence,EXP-13.1,Mantencion Maquinaria,COMPRAS,ct 7900 lona sensor diafragma,CT 7900 LONA SENSOR (DIAFRAGMA),,COOPERATIVA AGRICOLA Y DE SERVICIOS LTDA,0.2665
1,low_confidence,EXP-13.1,Mantencion Maquinaria,COMPRAS,cuaderno univ e s 100 hj m7 colon liso basic,CUADERNO UNIV. E/S 100 HJ M7 COLON LISO BASIC,,PROVEEDORES INTEGRALES DEL SUR S.A.,0.195
1,low_confidence,EXP-13.1,Mantencion Maquinaria,COMPRAS,cubrejunta champagne 0 90mts rey,CUBREJUNTA CHAMPAGNE 0.90MTS REY -@,CUBREJUNTA CHAMPAGNE 0.90MTS REY -@,DORIS IVONNE CASTILLO KANTER,0.2929
1,low_confidence,EXP-13.1,Mantencion Maquinaria,COMPRAS,cuch der seg dcbm dis red,CUCH DER SEG DCBM DIS RED,1095333,SOC. COMERC. DE REPUESTOS S.P.A.,0.1534
1,low_confidence,EXP-13.1,Mantencion Maquinaria,COMPRAS,cuna traba catalina 10x8 30cm,CUÑA TRABA CATALINA 10X8 (30cm),CUÑA TRABA CATALINA 10X8 (30cm),GALLAGHER CHILE SPA,0.1925
1,low_confidence,EXP-13.1,Mantencion Maquinaria,COMPRAS,destorcedor 1 2,DESTORCEDOR 1 2,DESTORCEDOR 1 2,LOS MAGNIFICOS SPA,0.2683
1,low_confidence,EXP-13.1,Mantencion Maquinaria,COMPRAS,destornillador truper plano 1 4 x 6 1400,DESTORNILLADOR TRUPER PLANO 1 4 X 6 1400 -@,DESTORNILLADOR TRUPER PLANO 1 4 X 6 1400 -@,DORIS IVONNE CASTILLO KANTER,0.2312
1,low_confidence,EXP-13.1,Mantencion Maquinaria,COMPRAS,disco cort blue disk 4 1 2x1 0mm inox,DISCO CORT BLUE DISK 4 1/2x1.0mm Inox,DISCO CORT BLUE DISK 4 1/2x1.0mm Inox,Acenor Aceros Del Norte S.A.,0.435
1,low_confidence,EXP-13.1,Mantencion Maquinaria,COMPRAS,disco cort blue disk 7 x 1 6 mm inox,DISCO CORT BLUE DISK 7 x 1.6 mm Inox,DISCO CORT BLUE DISK 7 x 1.6 mm Inox,Acenor Aceros Del Norte S.A.,0.4237
1,low_confidence,EXP-13.1,Mantencion Maquinaria,COMPRAS,disco diamantado 115mm x 22 23mm d 36837 makita,"DISCO DIAMANTADO 115MM X 22,23MM D-36837 MAKITA",,COMERCIAL CLIMENT SPA,0.4199
1,low_confidence,EXP-13.1,Mantencion Maquinaria,COMPRAS,disco lamina smt 624 klingspor 40 115mm,DISCO LAMINA SMT 624 - KLINGSPOR #40 115MM,DISCO LAMINA SMT 624 - KLINGSPOR #40 115MM,COMERCIAL HARCHA SPA,0.3751
1,low_confidence,EXP-13.1,Mantencion Maquinaria,COMPRAS,disco lamina smt 624 klingspor 50 115mm,DISCO LAMINA SMT 624 - KLINGSPOR #50 115MM,DISCO LAMINA SMT 624 - KLINGSPOR #50 115MM,COMERCIAL HARCHA SPA,0.3682
1,low_confidence,EXP-13.1,Mantencion Maquinaria,COMPRAS,disco madera 7 14 x 180 x 24t uyustool dmd724,DISCO MADERA 7 14 X 180 X 24T UYUSTOOL DMD724 -@,DISCO MADERA 7 14 X 180 X 24T UYUSTOOL DMD724 -@,DORIS IVONNE CASTILLO KANTER,0.3367
1,low_confidence,EXP-13.1,Mantencion Maquinaria,COMPRAS,disco recorte dr borkert 4 cuchillas redondas,Disco recorte Dr Borkert 4 cuchillas redondas,,BORKERT Y COMPANIA LIMITADA,0.1637
1,low_confidence,EXP-13.1,Mantencion Maquinaria,COMPRAS,disco sierra circular uyustools dma412 12 x 40,"DISCO SIERRA CIRCULAR UYUSTOOLS DMA412 12"" X 40","DISCO SIERRA CIRCULAR UYUSTOOLS DMA412 12"" X 40",COMERCIAL HARCHA SPA,0.2524
1,low_confidence,EXP-13.1,Mantencion Maquinaria,COMPRAS,donuts bco c,DONUTS BCO C,UN 0003,ADMIN. DE SUPERMERCADOS HIPER LIMITADA,0.3628
1,low_confidence,EXP-13.1,Mantencion Maquinaria,COMPRAS,engrace,ENGRACE,ENGRACE,LIDIA ANGELICA SANHUEZA FUENTES,0.7438
1,low_confidence,EXP-13.1,Mantencion Maquinaria,COMPRAS,estanque agua estacion 5000 l wenco,ESTANQUE AGUA ESTACION. 5000 L WENCO,ESTANQUE AGUA ESTACION. 5000 L WENCO,COOPERATIVA AGRICOLA Y LECHERA DE LA UNION LTDA.,0.3544
1,low_confidence,EXP-13.1,Mantencion Maquinaria,COMPRAS,excavadora jcb,excavadora JCB,modificar anclajes para excavadora JCB a universal.,CAMILO EDUARDO CABEZA FERNANDEZ,0.2289
1,low_confidence,EXP-13.1,Mantencion Maquinaria,COMPRAS,extintor 2 k,extintor 2 k,,COMERCIAL NAHUM NAHUM JACOB Y OTROS LIMITADA,0.1924
1,low_confidence,EXP-13.1,Mantencion Maquinaria,COMPRAS,extintor certificado,EXTINTOR CERTIFICADO,"EXTINTOR NUEVO CO2 DE 5 KG AL 100% - D,S 44",COMERCIAL V&P LIMITADA,0.1901
1,low_confidence,EXP-13.1,Mantencion Maquinaria,COMPRAS,f 2679 10007 z farol trasero rh,F-2679-10007/Z FAROL TRASERO RH,,ANTONIO CASTILLO S.A.,0.7275
1,low_confidence,EXP-13.1,Mantencion Maquinaria,COMPRAS,f 9211 16500 g filtro de polen,F-9211-16500/G FILTRO DE POLEN,,ANTONIO CASTILLO S.A.,0.6212
1,low_confidence,EXP-13.1,Mantencion Maquinaria,COMPRAS,filtro aceite w 1022,FILTRO ACEITE W-1022,,REPUESTOS BHC SPA,0.2962
1,low_confidence,EXP-13.1,Mantencion Maquinaria,COMPRAS,g1 golilla plana 5 16,G1 GOLILLA PLANA 5 16 -@,G1 GOLILLA PLANA 5 16 -@,DORIS IVONNE CASTILLO KANTER,0.3899
1,low_confidence,EXP-13.1,Mantencion Maquinaria,COMPRAS,g1 golilla plana 9 16,G1 GOLILLA PLANA 9 16 -@,G1 GOLILLA PLANA 9 16 -@,DORIS IVONNE CASTILLO KANTER,0.3659
1,low_confidence,EXP-13.1,Mantencion Maquinaria,COMPRAS,garlon 4 3 79 l,"GARLON 4 3,79 L",,COAGRA S.A.,0.4718
1,low_confidence,EXP-13.1,Mantencion Maquinaria,COMPRAS,garlon 4e 3 79 lt,"GARLON 4E-3,79 LT.",GARLON 4E,COOPERATIVA AGRICOLA Y LECHERA DE LA UNION LTDA.,0.4075
1,low_confidence,EXP-13.1,Mantencion Maquinaria,COMPRAS,gg bushing galv 1 x 3 4,GG-BUSHING GALV 1 X 3 4 -@,GG-BUSHING GALV 1 X 3 4 -@,DORIS IVONNE CASTILLO KANTER,0.1442
1,low_confidence,EXP-13.1,Mantencion Maquinaria,COMPRAS,gg bushing galv 2 x 1,GG-BUSHING GALV 2 X 1 -@,GG-BUSHING GALV 2 X 1 -@,DORIS IVONNE CASTILLO KANTER,0.1594
1,low_confidence,EXP-13.1,Mantencion Maquinaria,COMPRAS,gg bushing galv 2 x 1 1 2,GG-BUSHING GALV 2 X 1 1 2 -@,GG-BUSHING GALV 2 X 1 1 2 -@,DORIS IVONNE CASTILLO KANTER,0.19
1,low_confidence,EXP-13.1,Mantencion Maquinaria,COMPRAS,gg bushing galv 3 x 2 1 2,GG-BUSHING GALV 3 X 2 1 2 -@,GG-BUSHING GALV 3 X 2 1 2 -@,DORIS IVONNE CASTILLO KANTER,0.1758
1,low_confidence,EXP-13.1,Mantencion Maquinaria,COMPRAS,gg codo galv 90 macho hembra 1,GG-CODO GALV 90 MACHO HEMBRA 1 -@,GG-CODO GALV 90 MACHO HEMBRA 1 -@,DORIS IVONNE CASTILLO KANTER,0.5032
1,low_confidence,EXP-13.1,Mantencion Maquinaria,COMPRAS,gg codo galv 90 macho macho 2 1 2,GG-CODO GALV 90 MACHO MACHO 2 1 2 -@,GG-CODO GALV 90 MACHO MACHO 2 1 2 -@,DORIS IVONNE CASTILLO KANTER,0.4555
1,low_confidence,EXP-13.1,Mantencion Maquinaria,COMPRAS,gg nipple he he galv 2 1 2,GG-NIPPLE HE-HE GALV 2 1 2 -@,GG-NIPPLE HE-HE GALV 2 1 2 -@,DORIS IVONNE CASTILLO KANTER,0.2888
1,low_confidence,EXP-13.1,Mantencion Maquinaria,COMPRAS,golilla 3 16,GOLILLA 3/16,,RICARDO FRANCISCO WULFF MULLER,0.2884
1,low_confidence,EXP-13.1,Mantencion Maquinaria,COMPRAS,goma miga s20 50100002 factis art111,GOMA MIGA S20 50100002 FACTIS ART111,GOMA MIGA S20 50100002 FACTIS ART111,KARIM KLETT DIEZ,0.4687
1,low_confidence,EXP-13.1,Mantencion Maquinaria,COMPRAS,gorro canon 5,GORRO CAÑON 5 -@,GORRO CAÑON 5 -@,DORIS IVONNE CASTILLO KANTER,0.2707
1,low_confidence,EXP-13.1,Mantencion Maquinaria,COMPRAS,gorro combustion acero inox 6 x10,GORRO COMBUSTION ACERO INOX 6 X10 -@,GORRO COMBUSTION ACERO INOX 6 X10 -@,DORIS IVONNE CASTILLO KANTER,0.2158
1,low_confidence,EXP-13.1,Mantencion Maquinaria,COMPRAS,guardamotor 6 10a 100ka gm14 reg ekoline,GUARDAMOTOR 6-10A 100KA GM14 REG EKOLINE -@,GUARDAMOTOR 6-10A 100KA GM14 REG EKOLINE -@,DORIS IVONNE CASTILLO KANTER,0.3198
1,low_confidence,EXP-13.1,Mantencion Maquinaria,COMPRAS,hembra bsp r 06 06,HEMBRA BSP R 06-06,HEMBRA BSP R 06-06,SOCIEDAD COMERCIAL HOFFMANN LTDA,0.4662
1,low_confidence,EXP-13.1,Mantencion Maquinaria,COMPRAS,hidrolavadora twp2700a,HIDROLAVADORA TWP2700A,"TOYAMA 7,5HP Serie Nro.52900125012018.-",CARLOS JOAQUIN CAMPOS GONZALEZ,0.2574
1,low_confidence,EXP-13.1,Mantencion Maquinaria,COMPRAS,higienico confort dh 40rll 22 mts,HIGIENICO CONFORT DH 40RLL 22 MTS,,COMERCIAL AMAR HNOS. Y CIA. LTDA,0.363
1,low_confidence,EXP-13.1,Mantencion Maquinaria,COMPRAS,higienico confort dh 8rll 40 mts,HIGIENICO CONFORT DH 8RLL 40 MTS,,COMERCIAL AMAR HNOS. Y CIA. LTDA,0.3219
1,low_confidence,EXP-13.1,Mantencion Maquinaria,COMPRAS,hoja s circ 10cte madera 60d,HOJA S CIRC 10CTE MADERA 60D,,SODIMAC S.A.,0.2456
1,low_confidence,EXP-13.1,Mantencion Maquinaria,COMPRAS,hormigon gn20 10 20 08,HORMIGON GN20(10)20-08,OBRA MULPULMO SEGÚN GUÍA DESPACHO N° 3813747,TRANSPORTES JORGE ALEJANDRO MARTÌNEZ GUZMÀN E.I.R.L.,0.3879
1,low_confidence,EXP-13.1,Mantencion Maquinaria,COMPRAS,hs mayo 670,HS MAYO 670,UN 0003,ADMIN. DE SUPERMERCADOS HIPER LIMITADA,0.3782
1,low_confidence,EXP-13.1,Mantencion Maquinaria,COMPRAS,humedox6 u,HUMEDOX6 U,UN 0000@@Precio Antes Ahora#D#1.336,ADMIN. DE SUPERMERCADOS HIPER LIMITADA,0.2878
1,low_confidence,EXP-13.1,Mantencion Maquinaria,COMPRAS,interruptor aut rx3 1p 10a 6ka c legrand 419838,INTERRUPTOR AUT. RX3 1P 10A 6KA C LEGRAND 419838,,ELECTROCOM S.A.,0.4724
1,low_confidence,EXP-13.1,Mantencion Maquinaria,COMPRAS,interruptor aut rx3 1p 16a 6ka c legrand 419840,INTERRUPTOR AUT. RX3 1P 16A 6KA C LEGRAND 419840,,ELECTROCOM S.A.,0.416
1,low_confidence,EXP-13.1,Mantencion Maquinaria,COMPRAS,interruptor aut rx3 1p n 25a 6ka c legrand 419853,INTERRUPTOR AUT. RX3 1P N 25A 6KA C LEGRAND 419853,,ELECTROCOM S.A.,0.3646
1,low_confidence,EXP-13.1,Mantencion Maquinaria,COMPRAS,jab sim avena 500m,JAB SIM AVENA 500M,,CENCOSUD RETAIL S.A.,0.2926
1,low_confidence,EXP-13.1,Mantencion Maquinaria,COMPRAS,jabon de mano 4 litros kw cun0,JABON DE MANO 4 LITROS KW CUN0,,SODIMAC S.A.,0.1896
1,low_confidence,EXP-13.1,Mantencion Maquinaria,COMPRAS,jabon liquido kadus miel dp 900ml,JABON LIQUIDO KADUS MIEL DP 900ML,,COMERCIAL AMAR HNOS. Y CIA. LTDA,0.1937
1,low_confidence,EXP-13.1,Mantencion Maquinaria,COMPRAS,jabon simonds dermocare jalea real dpk 750,JABON SIMONDS DERMOCARE JALEA REAL DPK 750,,COMERCIAL AMAR HNOS. Y CIA. LTDA,0.278
1,low_confidence,EXP-13.1,Mantencion Maquinaria,COMPRAS,jamon pierna cp la crianza 120g,JAMON PIERNA CP LA CRIANZA 120G,,CENCOSUD RETAIL S.A.,0.4774
1,low_confidence,EXP-13.1,Mantencion Maquinaria,COMPRAS,jarra 2 lts,JARRA 2 LTS.,,MIRTHA LEONOR CASTILLO KANTER,0.3689
1,low_confidence,EXP-13.1,Mantencion Maquinaria,COMPRAS,jgo mco pino 40x115x5 4 c b sp,"JGO MCO PINO 40X115X5,4 C/B SP",,SODIMAC S.A.,0.3123
1,low_confidence,EXP-13.1,Mantencion Maquinaria,COMPRAS,jgo mco pino 40x115x5 4 cun11c,"JGO MCO PINO 40X115X5,4 CUN11C",,SODIMAC S.A.,0.3119
1,low_confidence,EXP-13.1,Mantencion Maquinaria,COMPRAS,jgo pta cor 8pz 6 8 10 11 13 14 17 19mm black jack,JGO PTA/COR 8PZ 6-8-10-11-13-14-17-19MM BLACK JACK -@,JGO PTA/COR 8PZ 6-8-10-11-13-14-17-19MM BLACK JACK -@,DORIS IVONNE CASTILLO KANTER,0.2902
1,low_confidence,EXP-13.1,Mantencion Maquinaria,COMPRAS,lija madera grano 180,LIJA MADERA GRANO 180,LIJA MADERA GRANO 180,DORIS IVONNE CASTILLO KANTER,0.2458
1,low_confidence,EXP-13.1,Mantencion Maquinaria,COMPRAS,lija madera nexo 120,LIJA MADERA NEXO # 120,LIJA MADERA NEXO # 120,COMERCIAL HARCHA SPA,0.4009
1,low_confidence,EXP-13.1,Mantencion Maquinaria,COMPRAS,lima 3 16 0325,LIMA 3 16 0325,LIMA 3 16 0325,INVERSIONES DEL RANCO SPA,0.3052
1,low_confidence,EXP-13.1,Mantencion Maquinaria,COMPRAS,lima 3 16 0325 con un 6 0 descuento,LIMA 3 16 0325 CON UN 6 0 DESCUENTO,LIMA 3 16 0325,INVERSIONES DEL RANCO LIMITADA,0.3189
1,low_confidence,EXP-13.1,Mantencion Maquinaria,COMPRAS,limon import granel,LIMON IMPORT GRANEL,,CENCOSUD RETAIL S.A.,0.1252
1,low_confidence,EXP-13.1,Mantencion Maquinaria,COMPRAS,linterna tipo cintillo c elastica recargable irm 12608,LINTERNA TIPO CINTILLO C-ELASTICA RECARGABLE IRM-12608 -@,LINTERNA TIPO CINTILLO C-ELASTICA RECARGABLE IRM-12608 -@,DORIS IVONNE CASTILLO KANTER,0.2072
1,low_confidence,EXP-13.1,Mantencion Maquinaria,COMPRAS,llave alta a r standard fas lc2 1001,LLAVE ALTA A R STANDARD FAS LC2-1001 -@,LLAVE ALTA A R STANDARD FAS LC2-1001 -@,DORIS IVONNE CASTILLO KANTER,0.4067
1,low_confidence,EXP-13.1,Mantencion Maquinaria,COMPRAS,llave bola jardin lavadero 1 2 otra taumm 070200325,LLAVE BOLA JARDIN LAVADERO 1/2 OTRA TAUMM 070200325 -@,LLAVE BOLA JARDIN LAVADERO 1/2 OTRA TAUMM 070200325 -@,DORIS IVONNE CASTILLO KANTER,0.2302
1,low_confidence,EXP-13.1,Mantencion Maquinaria,COMPRAS,llave de bola 3 4 manilla roja hoffens 61246,LLAVE DE BOLA 3/4 MANILLA ROJA HOFFENS 61246 -@,LLAVE DE BOLA 3/4 MANILLA ROJA HOFFENS 61246 -@,DORIS IVONNE CASTILLO KANTER,0.1988
1,low_confidence,EXP-13.1,Mantencion Maquinaria,COMPRAS,llave de bola jardin 3 4 manilla roja h full,LLAVE DE BOLA JARDIN 3/4 MANILLA ROJA H-FULL -@,LLAVE DE BOLA JARDIN 3/4 MANILLA ROJA H-FULL -@,DORIS IVONNE CASTILLO KANTER,0.2333
1,low_confidence,EXP-13.1,Mantencion Maquinaria,COMPRAS,llave lavamanos 1001 aquakit j1001 unidad,LLAVE LAVAMANOS 1001 AQUAKIT J1001 UNIDAD -@,LLAVE LAVAMANOS 1001 AQUAKIT J1001 UNIDAD -@,DORIS IVONNE CASTILLO KANTER,0.3648
1,low_confidence,EXP-13.1,Mantencion Maquinaria,COMPRAS,llave stillson 14 truper 15838,LLAVE STILLSON 14 TRUPER 15838 -@,LLAVE STILLSON 14 TRUPER 15838 -@,DORIS IVONNE CASTILLO KANTER,0.3166
1,low_confidence,EXP-13.1,Mantencion Maquinaria,COMPRAS,llave stilson tolsen 18 10235,LLAVE STILSON TOLSEN 18 10235 -@,LLAVE STILSON TOLSEN 18 10235 -@,DORIS IVONNE CASTILLO KANTER,0.2452
1,low_confidence,EXP-13.1,Mantencion Maquinaria,COMPRAS,lomo archiv ancho of 10 un bla,LOMO ARCHIV ANCHO OF 10 UN BLA,LOMO ARCHIV ANCHO OF 10 UN BLA,ILOP S A,0.2909
1,low_confidence,EXP-13.1,Mantencion Maquinaria,COMPRAS,lustram gat lavanda dona gagy 500 ml,LUSTRAM GAT LAVANDA DONA GAGY 500 ML,,COMERCIAL AMAR HNOS. Y CIA. LTDA,0.244
1,low_confidence,EXP-13.1,Mantencion Maquinaria,COMPRAS,m3 aserrin,M3 Aserrín,,CHRISTIAN ALEJANDRO AGUILERA SANZANA,0.4757
1,low_confidence,EXP-13.1,Mantencion Maquinaria,COMPRAS,mango ducha telefono cromado 3 fun air safety tel 7 fas,MANGO DUCHA TELEFONO CROMADO 3 FUN AIR SAFETY TEL-7 FAS -@,MANGO DUCHA TELEFONO CROMADO 3 FUN AIR SAFETY TEL-7 FAS -@,DORIS IVONNE CASTILLO KANTER,0.4381
1,low_confidence,EXP-13.1,Mantencion Maquinaria,COMPRAS,manguera amarilla 1 5 mts c abrazaderas,MANGUERA AMARILLA 1.5 MTS. C/ ABRAZADERAS -@,MANGUERA AMARILLA 1.5 MTS. C/ ABRAZADERAS -@,DORIS IVONNE CASTILLO KANTER,0.4005
1,low_confidence,EXP-13.1,Mantencion Maquinaria,COMPRAS,manguera amarilla 3 mts c abrazaderas,MANGUERA AMARILLA 3 MTS. C/ ABRAZADERAS -@,MANGUERA AMARILLA 3 MTS. C/ ABRAZADERAS -@,DORIS IVONNE CASTILLO KANTER,0.4218
1,low_confidence,EXP-13.1,Mantencion Maquinaria,COMPRAS,manguera hid r17 06 3 8 balpac 3000 10 1s17 06,MANGUERA HID R17 06-3 8 BALPAC 3000 10 1S17 06,MANGUERA HID R17 06-3 8 BALPAC 3000 10 1S17 06,SOCIEDAD COMERCIAL HOFFMANN LTDA,0.3362
1,low_confidence,EXP-13.1,Mantencion Maquinaria,COMPRAS,manguera jardin goma raya verde ama 3 4,MANGUERA JARDIN GOMA RAYA VERDE AMA 3 4 -@,MANGUERA JARDIN GOMA RAYA VERDE AMA 3 4 -@,DORIS IVONNE CASTILLO KANTER,0.4031
1,low_confidence,EXP-13.1,Mantencion Maquinaria,COMPRAS,manguera jardin rayada economica 1 2,MANGUERA JARDIN RAYADA ECONOMICA 1 2 -@,MANGUERA JARDIN RAYADA ECONOMICA 1 2 -@,DORIS IVONNE CASTILLO KANTER,0.3212
1,low_confidence,EXP-13.1,Mantencion Maquinaria,COMPRAS,manguera pqs,MANGUERA PQS,,EXTINT0RES ALFA VALDIVIA SPA,0.0867
1,low_confidence,EXP-13.1,Mantencion Maquinaria,COMPRAS,mani evercrisp japones 100 grs,MANI EVERCRISP JAPONES 100 GRS,,COMERCIAL AMAR HNOS. Y CIA. LTDA,0.268
1,low_confidence,EXP-13.1,Mantencion Maquinaria,COMPRAS,mani marco polo c pasas 180 grs,MANI MARCO POLO C/PASAS 180 GRS,,COMERCIAL AMAR HNOS. Y CIA. LTDA,0.2354
1,low_confidence,EXP-13.1,Mantencion Maquinaria,COMPRAS,mani marco polo salado 380 grs,MANI MARCO POLO SALADO 380 GRS,,COMERCIAL AMAR HNOS. Y CIA. LTDA,0.2478
1,low_confidence,EXP-13.1,Mantencion Maquinaria,COMPRAS,mani millantue c miel 100 grs,MANI MILLANTUE C/MIEL 100 GRS,,COMERCIAL AMAR HNOS. Y CIA. LTDA,0.3253
1,low_confidence,EXP-13.1,Mantencion Maquinaria,COMPRAS,mani sal 380,MANI SAL 380,UN 0000,ADMIN. DE SUPERMERCADOS HIPER LIMITADA,0.2474
1,low_confidence,EXP-13.1,Mantencion Maquinaria,COMPRAS,mano de obra jose q,MANO DE OBRA JOSE Q,MANO DE OBRA JOSE Q,LIDIA ANGELICA SANHUEZA FUENTES,0.5689
1,low_confidence,EXP-13.1,Mantencion Maquinaria,COMPRAS,mano de obra marcelo,MANO DE OBRA MARCELO,MANO DE OBRA MARCELO,LIDIA ANGELICA SANHUEZA FUENTES,0.4841
1,low_confidence,EXP-13.1,Mantencion Maquinaria,COMPRAS,mano de obra red agua,MANO DE OBRA RED AGUA,CALIENTE,JORGEN HORACIO VEGA AGUILA,0.3888
1,low_confidence,EXP-13.1,Mantencion Maquinaria,COMPRAS,mano de obra retiro de bomba vieja e,MANO DE OBRA RETIRO DE BOMBA VIEJA E,,ENTRE RIEGOS DEL SUR SPA,0.2682
1,low_confidence,EXP-13.1,Mantencion Maquinaria,COMPRAS,mano de obra servicio tecnico giltrap en terreno,MANO DE OBRA SERVICIO TECNICO GILTRAP EN TERRENO,MANO DE OBRA SERVICIO TECNICO GILTRAP EN TERRENO,GALLAGHER CHILE SPA,0.3492
1,low_confidence,EXP-13.1,Mantencion Maquinaria,COMPRAS,mantencion trx 520,mantencion trx 520,,MULTIMOTOS OSORNO SPA,0.2756
1,low_confidence,EXP-13.1,Mantencion Maquinaria,COMPRAS,mantequilla,MANTEQUILLA,UN 0002,ADMIN. DE SUPERMERCADOS HIPER LIMITADA,0.2284
1,low_confidence,EXP-13.1,Mantencion Maquinaria,COMPRAS,manzana roja frutalan malla 1 kg,MANZANA ROJA FRUTALAN MALLA 1 KG,,COMERCIAL AMAR HERMANOS Y COMPANIA LIMITADA,0.2574
1,low_confidence,EXP-13.1,Mantencion Maquinaria,COMPRAS,memb reg carb ms210 250,MEMB REG CARB MS210 250,MEMB REG CARB MS210 250,LIDIA ANGELICA SANHUEZA FUENTES,0.5842
1,low_confidence,EXP-13.1,Mantencion Maquinaria,COMPRAS,midea microondas 20 lts mmp 20ncj9,MIDEA -MICROONDAS 20 LTS. MMP-20NCJ9,,COMERCIAL SOCOEPA SOCIEDAD ANONIMA,0.3954
1,low_confidence,EXP-13.1,Mantencion Maquinaria,COMPRAS,minas 0 5 hb ppl572hb pilot ime111,MINAS 0 5 HB PPL572HB PILOT IME111,MINAS 0 5 HB PPL572HB PILOT IME111,KARIM KLETT DIEZ,0.5904
1,low_confidence,EXP-13.1,Mantencion Maquinaria,COMPRAS,mobilube hd plus 80w90 galon,MOBILUBE HD PLUS 80W90 GALON,,GUSTAVO ALONSO VALENZUELA CORNEJO,0.352
1,low_confidence,EXP-13.1,Mantencion Maquinaria,COMPRAS,moldura pino gp20 guard13x68x3,MOLDURA PINO GP20 GUARD13X68X3,,SODIMAC S.A.,0.276
1,low_confidence,EXP-13.1,Mantencion Maquinaria,COMPRAS,montecarlo m blanco t xl,Montecarlo M Blanco T XL,,Comercial Mundo Transfer Ltda,0.2327
1,low_confidence,EXP-13.1,Mantencion Maquinaria,COMPRAS,mt18 martillo carpintero m fibra 16oz wokin,MT18-MARTILLO CARPINTERO M FIBRA 16OZ WOKIN -@,MT18-MARTILLO CARPINTERO M FIBRA 16OZ WOKIN -@,DORIS IVONNE CASTILLO KANTER,0.3086
1,low_confidence,EXP-13.1,Mantencion Maquinaria,COMPRAS,mt36 martillo profesional mango mad 16oz truper 16654,MT36-MARTILLO PROFESIONAL MANGO MAD 16OZ TRUPER 16654 -@,MT36-MARTILLO PROFESIONAL MANGO MAD 16OZ TRUPER 16654 -@,DORIS IVONNE CASTILLO KANTER,0.3976
1,low_confidence,EXP-13.1,Mantencion Maquinaria,COMPRAS,n1wz 2613300 da juego cubrealfombras c automatica,N1WZ-2613300-DA JUEGO CUBREALFOMBRAS C.AUTOMATICA,N1WZ-2613300-DA JUEGO CUBREALFOMBRAS C.AUTOMATICA,DIFOR CHILE S.A.,0.5521
1,low_confidence,EXP-13.1,Mantencion Maquinaria,COMPRAS,neu yokohama 265 60 r18 g015 110h th,NEU-YOKOHAMA-265/60 R18 G015 110H TH,NEU-YOKOHAMA-265/60 R18 G015 110H TH,AUTOMOTRIZ SALFA SUR LIMITADA,0.2734
1,low_confidence,EXP-13.1,Mantencion Maquinaria,COMPRAS,neum 420 85r24 armour r 1w,NEUM.420/85R24 ARMOUR R-1W -____,____,FEROSOR AGRICOLA S.A.,0.5623
1,low_confidence,EXP-13.1,Mantencion Maquinaria,COMPRAS,nova 14m x2,NOVA 14M X2,UN 0000,ADMIN. DE SUPERMERCADOS HIPER LIMITADA,0.2649
1,low_confidence,EXP-13.1,Mantencion Maquinaria,COMPRAS,o109 tn420 toner brother tn 420,O109-TN420 TONER BROTHER TN-420,,IMPORTADORA Y EXPORTADORA LASER IMAGING CHILE SPA,0.4866
1,low_confidence,EXP-13.1,Mantencion Maquinaria,COMPRAS,olla aluminiotorroja n20,OLLA ALUMINIOTORROJA N°20,,MIRTHA LEONOR CASTILLO KANTER,0.387
1,low_confidence,EXP-13.1,Mantencion Maquinaria,COMPRAS,pack bsgra l88 3 5x3 5 3uds,PACK BSGRA L88 3.5X3.5 3UDS.,,SODIMAC S.A.,0.3044
1,low_confidence,EXP-13.1,Mantencion Maquinaria,COMPRAS,perforador metalico 20 hj 0920005 hand dev111,PERFORADOR METALICO 20 HJ 0920005 HAND DEV111,PERFORADOR METALICO 20 HJ 0920005 HAND DEV111,KARIM KLETT DIEZ,0.3775
1,low_confidence,EXP-13.1,Mantencion Maquinaria,COMPRAS,pila aa blister x 2 duracell,PILA AA BLISTER X 2 DURACELL -@,PILA AA BLISTER X 2 DURACELL -@,DORIS IVONNE CASTILLO KANTER,0.1717
1,low_confidence,EXP-13.1,Mantencion Maquinaria,COMPRAS,placa 0 puesto c soporte blco aris 0600pa0579,PLACA 0 PUESTO C/SOPORTE BLCO ARIS 0600PA0579,,ELECTROCOM S.A.,0.2314
1,low_confidence,EXP-13.1,Mantencion Maquinaria,COMPRAS,plato 18 v,PLATO 18 V,UN 0000,ADMIN. DE SUPERMERCADOS HIPER LIMITADA,0.3788
1,low_confidence,EXP-13.1,Mantencion Maquinaria,COMPRAS,poleron victoria panama jack vpo 451 dama azul l,POLERON VICTORIA PANAMA JACK VPO 451 DAMA AZUL L,,COMERCIALIZADORA DE ART DE PROTECCION Y SEGURIDAD INDUSTRIAL MANQUEHUE LIMITADA,0.3132
1,low_confidence,EXP-13.1,Mantencion Maquinaria,COMPRAS,pomel 1 2 x 80 mm,POMEL 1/2 x 80 mm,POMEL 1/2 x 80 mm,Acenor Aceros Del Norte S.A.,0.1781
1,low_confidence,EXP-13.1,Mantencion Maquinaria,COMPRAS,pomel c golilla 1,"POMEL C/GOLILLA 1""","POMEL C/GOLILLA 1""",COMERCIAL HARCHA SPA,0.2075
1,low_confidence,EXP-13.1,Mantencion Maquinaria,COMPRAS,porta clips metal 0606002 hand dev111,PORTA CLIPS METAL 0606002 HAND DEV111,PORTA CLIPS METAL 0606002 HAND DEV111,KARIM KLETT DIEZ,0.2909
1,low_confidence,EXP-13.1,Mantencion Maquinaria,COMPRAS,portamina 0 5 tecnico h325b pilot ime111,PORTAMINA 0 5 TECNICO H325B PILOT IME111,PORTAMINA 0 5 TECNICO H325B PILOT IME111,KARIM KLETT DIEZ,0.3351
1,low_confidence,EXP-13.1,Mantencion Maquinaria,COMPRAS,presupuesto n 2310 2025,PRESUPUESTO N° 2310/2025,"SUMINISTRO Y MONTAJE ALUMBRADO TERNERERA, FUNDO YUTRECO",ROBERTO RENÉ RODRIGUEZ ARANCIBIA MONTAJES ELECTRICOS E INDUSTRIALES.,0.2783
1,low_confidence,EXP-13.1,Mantencion Maquinaria,COMPRAS,presupuesto n 2311 2025,PRESUPUESTO N° 2311/2025,"SUMINISTRO Y MONTAJE SALA DE LAVADO, CONTAINER HABITACION FUNDO YUTRECO",ROBERTO RENÉ RODRIGUEZ ARANCIBIA MONTAJES ELECTRICOS E INDUSTRIALES.,0.3757
1,low_confidence,EXP-13.1,Mantencion Maquinaria,COMPRAS,presupuesto n2318 2025,PRESUPUESTO N°2318/2025,"SUMINISTRO Y MONTAJE ALUMBRADO Y ENCHUFE OFICINA Y BODEGA TERNERERA, FUNDO YUTRECO",ROBERTO RENÉ RODRIGUEZ ARANCIBIA MONTAJES ELECTRICOS E INDUSTRIALES.,0.2671
1,low_confidence,EXP-13.1,Mantencion Maquinaria,COMPRAS,protector auditivo l 340 p casco 29db,PROTECTOR AUDITIVO L-340 P/CASCO 29DB,,COMERCIALIZADORA DE ART DE PROTECCION Y SEGURIDAD INDUSTRIAL MANQUEHUE LIMITADA,0.4323
1,low_confidence,EXP-13.1,Mantencion Maquinaria,COMPRAS,quema vega 1 maiten,QUEMA VEGA 1 - MAITEN,,PRESTACIONES DE SERVICIOS AGRICOLAS EL SIERVO LIMITADA,0.1271
1,low_confidence,EXP-13.1,Mantencion Maquinaria,COMPRAS,r6 245 kit conector ranger,R6-245 KIT CONECTOR RANGER,R6-245 KIT CONECTOR RANGER,DIFOR CHILE S.A.,0.3845
1,low_confidence,EXP-13.1,Mantencion Maquinaria,COMPRAS,regleta de conexion mgc 8 perf 6mm2 verde bccad008v,REGLETA DE CONEXION MGC 8 PERF. 6MM2 VERDE BCCAD008V,,ELECTROCOM S.A.,0.2511
1,low_confidence,EXP-13.1,Mantencion Maquinaria,COMPRAS,rep 4x4,Rep.4x4,Rev. tecnica Desconectar alarma,SERVIMEC SPA,0.2173
1,low_confidence,EXP-13.1,Mantencion Maquinaria,COMPRAS,reparacion neumatico r14,REPARACIÓN NEUMÁTICO R14,CARRO ARRASTRE,VULCANIZACIÓN NONTUELÁ SPA,0.2703
1,low_confidence,EXP-13.1,Mantencion Maquinaria,COMPRAS,ripio lavado,RIPIO LAVADO,T.30-10 MONTO 139.825,ARIDOS VICAT SUR SPA,0.1667
1,low_confidence,EXP-13.1,Mantencion Maquinaria,COMPRAS,roba corriente 150a,ROBA CORRIENTE 150A,120855,SOC. COMERC. DE REPUESTOS S.P.A.,0.2408
1,low_confidence,EXP-13.1,Mantencion Maquinaria,COMPRAS,roll cro pro,ROLL CRO PRO,UN 0003,ADMIN. DE SUPERMERCADOS HIPER LIMITADA,0.2444
1,low_confidence,EXP-13.1,Mantencion Maquinaria,COMPRAS,roller g 1 0 7 verde blg17g pilot ime111,ROLLER G-1 0 7 VERDE BLG17G PILOT IME111,ROLLER G-1 0 7 VERDE BLG17G PILOT IME111,KARIM KLETT DIEZ,0.4577
1,low_confidence,EXP-13.1,Mantencion Maquinaria,COMPRAS,sam mt 24 1920x1080 fhd 144hz hdmix2,SAM MT 24? 1920X1080 (FHD) 144HZ HDMIX2/,,COOPERATIVA AGRICOLA Y DE SERVICIOS LTDA,0.2624
1,low_confidence,EXP-13.1,Mantencion Maquinaria,COMPRAS,segun ot 103,SEGUN OT 103,,MULTIMOTOS OSORNO SPA,0.2209
1,low_confidence,EXP-13.1,Mantencion Maquinaria,COMPRAS,segun ot 104,SEGUN OT 104,,MULTIMOTOS OSORNO SPA,0.2638
1,low_confidence,EXP-13.1,Mantencion Maquinaria,COMPRAS,segun ot 106,SEGUN OT 106,,MULTIMOTOS OSORNO SPA,0.2472
1,low_confidence,EXP-13.1,Mantencion Maquinaria,COMPRAS,segun ot 107,SEGUN OT 107,,MULTIMOTOS OSORNO SPA,0.2529
1,low_confidence,EXP-13.1,Mantencion Maquinaria,COMPRAS,segun ot 108,SEGUN OT 108,,MULTIMOTOS OSORNO SPA,0.2408
1,low_confidence,EXP-13.1,Mantencion Maquinaria,COMPRAS,segun ot 173,SEGUN OT 173,,MULTIMOTOS OSORNO SPA,0.3006
1,low_confidence,EXP-13.1,Mantencion Maquinaria,COMPRAS,segun ot 174,SEGUN OT 174,,MULTIMOTOS OSORNO SPA,0.2938
1,low_confidence,EXP-13.1,Mantencion Maquinaria,COMPRAS,segun ot 175,SEGUN OT 175,,MULTIMOTOS OSORNO SPA,0.2721
1,low_confidence,EXP-13.1,Mantencion Maquinaria,COMPRAS,segun ot 181,SEGUN OT 181,,MULTIMOTOS OSORNO SPA,0.2867
1,low_confidence,EXP-13.1,Mantencion Maquinaria,COMPRAS,segun ot 227,SEGUN OT 227,,MULTIMOTOS OSORNO SPA,0.3301
1,low_confidence,EXP-13.1,Mantencion Maquinaria,COMPRAS,segun ot 228,SEGUN OT 228,,MULTIMOTOS OSORNO SPA,0.2531
1,low_confidence,EXP-13.1,Mantencion Maquinaria,COMPRAS,segun ot 237,SEGUN OT 237,,MULTIMOTOS OSORNO SPA,0.2788
1,low_confidence,EXP-13.1,Mantencion Maquinaria,COMPRAS,segun ot 238,SEGUN OT 238,,MULTIMOTOS OSORNO SPA,0.2242
1,low_confidence,EXP-13.1,Mantencion Maquinaria,COMPRAS,segun ot 239,SEGUN OT 239,,MULTIMOTOS OSORNO SPA,0.2945
1,low_confidence,EXP-13.1,Mantencion Maquinaria,COMPRAS,segun ot 240,SEGUN OT 240,,MULTIMOTOS OSORNO SPA,0.2029
1,low_confidence,EXP-13.1,Mantencion Maquinaria,COMPRAS,segun ot 241,SEGUN OT 241,,MULTIMOTOS OSORNO SPA,0.2907
1,low_confidence,EXP-13.1,Mantencion Maquinaria,COMPRAS,segun ot 305,SEGUN OT 305,,MULTIMOTOS OSORNO SPA,0.2849
1,low_confidence,EXP-13.1,Mantencion Maquinaria,COMPRAS,segun ot 365,SEGUN OT 365,TRX 520 YUTRECO,MULTIMOTOS OSORNO SPA,0.2463
1,low_confidence,EXP-13.1,Mantencion Maquinaria,COMPRAS,segun ot 462,SEGUN OT 462,MNATENCON TRX 520,MULTIMOTOS OSORNO SPA,0.2636
1,low_confidence,EXP-13.1,Mantencion Maquinaria,COMPRAS,segun ot 472,SEGUN OT 472,MANTENCION TRX 420 2,MULTIMOTOS OSORNO SPA,0.3045
1,low_confidence,EXP-13.1,Mantencion Maquinaria,COMPRAS,segun ot 82,SEGUN OT 82,,MULTIMOTOS OSORNO SPA,0.3746
1,low_confidence,EXP-13.1,Mantencion Maquinaria,COMPRAS,separador ceramica 3mm 200pcs tmk19205,SEPARADOR CERAMICA 3MM 200PCS TMK19205 -@,SEPARADOR CERAMICA 3MM 200PCS TMK19205 -@,DORIS IVONNE CASTILLO KANTER,0.3226
1,low_confidence,EXP-13.1,Mantencion Maquinaria,COMPRAS,servicio tecnico,SERVICIO TÉCNICO,"MEJORAS EN INSTALACIÓN DE SISTEMA DE BOMBEO SUMERGIBLE 5,5HP/380V, SEGÚN DETALLE EN PRESUPUESTO N° 36358. SONDAJE N° 2759 UBICACIÓN: FUNDO YUTRECO, SECTOR MULPULMO - OSORNO. SE ADJUNTA INF. TÉCNICO N° 28266 - 28267",SONDAJES PERFOMAQ SA,0.1909
1,low_confidence,EXP-13.1,Mantencion Maquinaria,COMPRAS,setcubie 18u,SETCUBIE 18U,UN 0000,ADMIN. DE SUPERMERCADOS HIPER LIMITADA,0.1471
1,low_confidence,EXP-13.1,Mantencion Maquinaria,COMPRAS,sprite 2 5l,SPRITE 2.5L,UN 0000,ADMIN. DE SUPERMERCADOS HIPER LIMITADA,0.2138
1,low_confidence,EXP-13.1,Mantencion Maquinaria,COMPRAS,ss01 oc102 despacho,SS01-OC102 DESPACHO,,IMPORTADORA Y EXPORTADORA LASER IMAGING CHILE SPA,0.1752
1,low_confidence,EXP-13.1,Mantencion Maquinaria,COMPRAS,stihl aceite cadena biodegradable 1lt,STIHL ACEITE CADENA BIODEGRADABLE 1LT,STIHL ACEITE CADENA BIODEGRADABLE 1LT,COMERCIAL COPIAPO LTDA,0.4885
1,low_confidence,EXP-13.1,Mantencion Maquinaria,COMPRAS,stihl aceite mezcla stihl 1lts,STIHL ACEITE MEZCLA STIHL 1LTS,STIHL ACEITE MEZCLA STIHL 1LTS,COMERCIAL COPIAPO LTDA,0.3123
1,low_confidence,EXP-13.1,Mantencion Maquinaria,COMPRAS,stihl bujia ngk bpmr7a,STIHL BUJIA NGK BPMR7A,STIHL BUJIA NGK BPMR7A,INVERSIONES DEL RANCO LIMITADA,0.2887
1,low_confidence,EXP-13.1,Mantencion Maquinaria,COMPRAS,stihl cadena 325 1 6 rsuper,STIHL CADENA 325 1 6 RSUPER,STIHL CADENA 325 1 6 RSUPER,COMERCIAL COPIAPO LTDA,0.6522
1,low_confidence,EXP-13.1,Mantencion Maquinaria,COMPRAS,stihl cuchillo 2 puntas fs 160 220,STIHL CUCHILLO 2 PUNTAS FS 160 220,STIHL CUCHILLO 2 PUNTAS FS 160 220,INVERSIONES DEL RANCO SPA,0.3064
1,low_confidence,EXP-13.1,Mantencion Maquinaria,COMPRAS,stihl cuchillo 3 ptas fs85 120 250,STIHL CUCHILLO 3 PTAS FS85-120-250,STIHL CUCHILLO 3 PTAS FS85-120-250,COMERCIAL COPIAPO LTDA,0.4027
1,low_confidence,EXP-13.1,Mantencion Maquinaria,COMPRAS,stihl eje cardan fs 85 120 250 ka 85r,STIHL EJE CARDAN FS-85 120 250 KA-85R,STIHL EJE CARDAN FS-85 120 250 KA-85R,LIDIA ANGELICA SANHUEZA FUENTES,0.6373
1,low_confidence,EXP-13.1,Mantencion Maquinaria,COMPRAS,stihl nylon para cabezales 2 7mm 15mts,STIHL NYLON PARA CABEZALES 2 7MM 15MTS,STIHL NYLON PARA CABEZALES 2 7MM 15MTS,COMERCIAL COPIAPO LTDA,0.4263
1,low_confidence,EXP-13.1,Mantencion Maquinaria,COMPRAS,stihl plato prot cabezal fs86 44,STIHL PLATO PROT CABEZAL FS86-44,STIHL PLATO PROT CABEZAL FS86-44,COMERCIAL COPIAPO LTDA,0.5643
1,low_confidence,EXP-13.1,Mantencion Maquinaria,COMPRAS,stihl plato protec tuerca caja reductora fs 55 85,STIHL PLATO PROTEC TUERCA CAJA REDUCTORA FS 55 85,STIHL PLATO PROTEC TUERCA CAJA REDUCTORA FS 55 85,LIDIA ANGELICA SANHUEZA FUENTES,0.6965
1,low_confidence,EXP-13.1,Mantencion Maquinaria,COMPRAS,stihl plato protector cabezal fs 55 85 120 250,STIHL PLATO PROTECTOR CABEZAL FS 55-85-120-250,STIHL PLATO PROTECTOR CABEZAL FS 55-85-120-250,LIDIA ANGELICA SANHUEZA FUENTES,0.524
1,low_confidence,EXP-13.1,Mantencion Maquinaria,COMPRAS,stihl tubo de grasa desmalezadora,STIHL TUBO DE GRASA DESMALEZADORA,STIHL TUBO DE GRASA DESMALEZADORA,COMERCIAL COPIAPO LTDA,0.2059
1,low_confidence,EXP-13.1,Mantencion Maquinaria,COMPRAS,stihl tuerca caja reductora fs55 85 120 250,STIHL TUERCA CAJA REDUCTORA FS55 85 120 250,STIHL TUERCA CAJA REDUCTORA FS55 85 120 250,LIDIA ANGELICA SANHUEZA FUENTES,0.3962
1,low_confidence,EXP-13.1,Mantencion Maquinaria,COMPRAS,stihl u motriz ms 260 0 325 374068934 con un 6 0 descuento,STIHL U MOTRIZ MS 260 0 325 374068934 CON UN 6 0 DESCUENTO,STIHL U MOTRIZ MS 260 0 325 374068934,INVERSIONES DEL RANCO LIMITADA,0.5641
1,low_confidence,EXP-13.1,Mantencion Maquinaria,COMPRAS,stihl vastago 25 4 mm fs 120 250,STIHL VASTAGO 25 4 MM FS 120 - 250,STIHL VASTAGO 25 4 MM FS 120 - 250,LIDIA ANGELICA SANHUEZA FUENTES,0.4582
1,low_confidence,EXP-13.1,Mantencion Maquinaria,COMPRAS,t3 unidades formadoras colonias,T3 UNIDADES FORMADORAS COLONIAS,,COOPERATIVA AGRICOLA Y DE SERVICIOS LTDA,0.2405
1,low_confidence,EXP-13.1,Mantencion Maquinaria,COMPRAS,tapon compresion 63mm poelsan gs,Tapón Compresión 63mm Poelsan GS,,PUELCHE LOS RIOS SOCIEDAD POR ACCIONES,0.2844
1,low_confidence,EXP-13.1,Mantencion Maquinaria,COMPRAS,tee compresion hi 63mm gs pimtas,Tee Compresión HI 63mm GS Pimtas,,PUELCHE LOS RIOS SOCIEDAD POR ACCIONES,0.2344
1,low_confidence,EXP-13.1,Mantencion Maquinaria,COMPRAS,terminal compresion he 63mm gs,Terminal Compresión HE 63mm GS,,SERVICIOS PUELCHE SPA,0.2397
1,low_confidence,EXP-13.1,Mantencion Maquinaria,COMPRAS,ti18 pala redonda asa plast c mango truper 17160,TI18 -PALA REDONDA ASA PLAST C MANGO TRUPER 17160 -@,TI18 -PALA REDONDA ASA PLAST C MANGO TRUPER 17160 -@,DORIS IVONNE CASTILLO KANTER,0.3093
1,low_confidence,EXP-13.1,Mantencion Maquinaria,COMPRAS,tirafondo 1 2 x 2,TIRAFONDO 1 2 X 2 -@,TIRAFONDO 1 2 X 2 -@,DORIS IVONNE CASTILLO KANTER,0.2591
1,low_confidence,EXP-13.1,Mantencion Maquinaria,COMPRAS,tirafondo 1 2 x 3 1 2,TIRAFONDO 1 2 X 3 1 2 -@,TIRAFONDO 1 2 X 3 1 2 -@,DORIS IVONNE CASTILLO KANTER,0.2147
1,low_confidence,EXP-13.1,Mantencion Maquinaria,COMPRAS,tirafondo 1 2 x 5,TIRAFONDO 1 2 X 5 -@,TIRAFONDO 1 2 X 5 -@,DORIS IVONNE CASTILLO KANTER,0.2436
1,low_confidence,EXP-13.1,Mantencion Maquinaria,COMPRAS,tirafondo 1 4 x 2,TIRAFONDO 1 4 X 2 -@,TIRAFONDO 1 4 X 2 -@,DORIS IVONNE CASTILLO KANTER,0.2493
1,low_confidence,EXP-13.1,Mantencion Maquinaria,COMPRAS,tirafondo 3 8 x 3 1 2,TIRAFONDO 3 8 X 3 1/2 -@,TIRAFONDO 3 8 X 3 1/2 -@,DORIS IVONNE CASTILLO KANTER,0.1797
1,low_confidence,EXP-13.1,Mantencion Maquinaria,COMPRAS,tlent broca tornillo lenteja 1 1 2 x 100 unid,TLENT-BROCA TORNILLO LENTEJA 1.1/ 2 X 100 UNID. -@,TLENT-BROCA TORNILLO LENTEJA 1.1/ 2 X 100 UNID. -@,DORIS IVONNE CASTILLO KANTER,0.232
1,low_confidence,EXP-13.1,Mantencion Maquinaria,COMPRAS,tlent broca tornillo lenteja 1p x 100 unid,TLENT-BROCA TORNILLO LENTEJA 1P X 100 UNID. -@,TLENT-BROCA TORNILLO LENTEJA 1P X 100 UNID. -@,DORIS IVONNE CASTILLO KANTER,0.2582
1,low_confidence,EXP-13.1,Mantencion Maquinaria,COMPRAS,toma cte doble 10 16a aris pro compac emb blco 0200ap0557,TOMA CTE.DOBLE 10/16A ARIS PRO COMPAC.EMB.BLCO. 0200AP0557,,ELECTROCOM S.A.,0.2673
1,low_confidence,EXP-13.1,Mantencion Maquinaria,COMPRAS,toner original tn860xl marca brother,TONER ORIGINAL TN860XL MARCA BROTHER,TONER ORIGINAL TN860XL MARCA BROTHER,COMERCIAL V A M OFFICES SUPPLIES LIMITADA,0.4391
1,low_confidence,EXP-13.1,Mantencion Maquinaria,COMPRAS,tor ysccrs pfz 6x15 8 fco 600u,TOR.YSCCRS PFZ 6X15/8 FCO 600U,,SODIMAC S.A.,0.3632
1,low_confidence,EXP-13.1,Mantencion Maquinaria,COMPRAS,torn ms360 380 460 15 m5x12,TORN MS360-380-460 15 M5X12,TORN MS360-380-460 15 M5X12,INVERSIONES DEL RANCO SPA,0.3329
1,low_confidence,EXP-13.1,Mantencion Maquinaria,COMPRAS,tt18 terciado mueblista 18mm 1 20 x 2 40,TT18-TERCIADO MUEBLISTA 18MM 1.20 X 2.40 -@,TT18-TERCIADO MUEBLISTA 18MM 1.20 X 2.40 -@,DORIS IVONNE CASTILLO KANTER,0.5197
1,low_confidence,EXP-13.1,Mantencion Maquinaria,COMPRAS,tt3 terciado puertero rosado 3mm 1 62 x 2 20,TT3-TERCIADO PUERTERO ROSADO 3MM 1.62 X 2.20 -@,TT3-TERCIADO PUERTERO ROSADO 3MM 1.62 X 2.20 -@,DORIS IVONNE CASTILLO KANTER,0.4273
1,low_confidence,EXP-13.1,Mantencion Maquinaria,COMPRAS,tt9 terciado 9mm estructural azul 1 22 x 2 44,TT9-TERCIADO 9MM ESTRUCTURAL (AZUL) 1.22 X 2.44 -@,TT9-TERCIADO 9MM ESTRUCTURAL (AZUL) 1.22 X 2.44 -@,DORIS IVONNE CASTILLO KANTER,0.5269
1,low_confidence,EXP-13.1,Mantencion Maquinaria,COMPRAS,tuerca 360 380 460 660 fs85 m5,TUERCA 360-380-460-660 FS85 M5,TUERCA 360-380-460-660 FS85 M5,INVERSIONES DEL RANCO SPA,0.1871
1,low_confidence,EXP-13.1,Mantencion Maquinaria,COMPRAS,tyveck rollo 40 m2,TYVECK ROLLO 40 M2 -@,TYVECK ROLLO 40 M2 -@,DORIS IVONNE CASTILLO KANTER,0.1854
1,low_confidence,EXP-13.1,Mantencion Maquinaria,COMPRAS,union amer br 1 2 so so 1un,UNION AMER BR 1/2 SO/SO 1UN.,,SODIMAC S.A.,0.2277
1,low_confidence,EXP-13.1,Mantencion Maquinaria,COMPRAS,union americana cem 63 mm,-UNION AMERICANA CEM 63 MM -@,-UNION AMERICANA CEM 63 MM -@,DORIS IVONNE CASTILLO KANTER,0.2416
1,low_confidence,EXP-13.1,Mantencion Maquinaria,COMPRAS,union doble plansa 1 1 2,UNION DOBLE PLANSA 1.1 2,,SOCIEDAD COMERCIAL TUCHIE JADURI LIMITAD,0.3834
1,low_confidence,EXP-13.1,Mantencion Maquinaria,COMPRAS,union llave hi 189202 1 2 x 3 4,"UNION LLAVE HI 189202 1/2 X 3/4""","UNION LLAVE HI 189202 1/2 X 3/4""",COMERCIAL HARCHA SPA,0.208
1,low_confidence,EXP-13.1,Mantencion Maquinaria,COMPRAS,valvula bola compacta hi 1 1 4,VALVULA BOLA COMPACTA HI 1 1 4 -@,VALVULA BOLA COMPACTA HI 1 1 4 -@,DORIS IVONNE CASTILLO KANTER,0.1829
1,low_confidence,EXP-13.1,Mantencion Maquinaria,COMPRAS,valvula bola paso 1 h full manilla roja 5004055,VALVULA BOLA PASO 1 H-FULL MANILLA ROJA 5004055 -@,VALVULA BOLA PASO 1 H-FULL MANILLA ROJA 5004055 -@,DORIS IVONNE CASTILLO KANTER,0.1514
1,low_confidence,EXP-13.1,Mantencion Maquinaria,COMPRAS,vaso g 470cc,VASO G 470CC,UN 0000,ADMIN. DE SUPERMERCADOS HIPER LIMITADA,0.3296
1,low_confidence,EXP-13.1,Mantencion Maquinaria,COMPRAS,vino gato cab sauv 11 5g bot 1500cc,VINO GATO CAB SAUV 11.5G BOT 1500CC,,CENCOSUD RETAIL S.A.,0.2346
1,low_confidence,EXP-13.2,Mantencion Motos,COMPRAS,040270993,040270993,PAST. FRENO FORD RANGER 3.2 2WD DEL 12,CRUZ Y CIA. LTDA,0.4113
1,low_confidence,EXP-13.2,Mantencion Motos,COMPRAS,arreglo pata de carro,Arreglo pata de carro,del Bramadero,SANDRA PAULINA VALLADARES RIOS,0.4078
1,low_confidence,EXP-13.2,Mantencion Motos,COMPRAS,basurero automovil,BASURERO AUTOMOVIL,,EASY RETAIL S.A.,0.3261
1,low_confidence,EXP-13.2,Mantencion Motos,COMPRAS,bola de enganche motorlife 1 7 8x1,BOLA DE ENGANCHE MOTORLIFE 1 7/8X1,,EASY RETAIL S.A.,0.3087
1,low_confidence,EXP-13.2,Mantencion Motos,COMPRAS,cambio aceite caja,Cambio aceite caja,Cambio aceite motor Frenos traseros Rev. frenos delanteros Cambio aceite dif. Camioneta,SERVIMEC SPA,0.3284
1,low_confidence,EXP-13.2,Mantencion Motos,COMPRAS,cambio base valvula,cambio base valvula,+limpieza llanta tractor aro24,CARLOS IVAN MEZA HERMOSILLA,0.1078
1,low_confidence,EXP-13.2,Mantencion Motos,COMPRAS,cambio valvula ntco moto,CAMBIO VALVULA NTCO MOTO,,SERVIVUL SPA,0.6906
1,low_confidence,EXP-13.2,Mantencion Motos,COMPRAS,eje recto motor hidraulico hym500,EJE RECTO MOTOR HIDRAULICO HYM500,EJE RECTO MOTOR HIDRAULICO HYM500,GALLAGHER CHILE SPA,0.4961
1,low_confidence,EXP-13.2,Mantencion Motos,COMPRAS,embalatado patines de freno,EMBALATADO PATINES DE FRENO,,COMERCIAL E INDUSTRIAL RENE FUCHSLOCHER,0.4484
1,low_confidence,EXP-13.2,Mantencion Motos,COMPRAS,embudo 37cm motorlife,EMBUDO 37CM MOTORLIFE,120893,SOC. COMERC. DE REPUESTOS S.P.A.,0.6549
1,low_confidence,EXP-13.2,Mantencion Motos,COMPRAS,filtro aceite motor 6,%FILTRO ACEITE MOTOR (6),,SURAC,0.2882
1,low_confidence,EXP-13.2,Mantencion Motos,COMPRAS,kit reparacion motor hidraulico 500cc,KIT REPARACION MOTOR HIDRAULICO 500cc,KIT REPARACION MOTOR HIDRAULICO 500cc,GALLAGHER CHILE SPA,0.5203
1,low_confidence,EXP-13.2,Mantencion Motos,COMPRAS,lima motosierra 7 32,"LIMA MOTOSIERRA 7/32""","LIMA MOTOSIERRA 7/32""",COOPERATIVA AGRICOLA Y LECHERA DE LA UNION LTDA.,0.4586
1,low_confidence,EXP-13.2,Mantencion Motos,COMPRAS,mantencion de motobomba,MANTENCION DE MOTOBOMBA,,OSCAR EDUARDO SOTO VEJAR,0.4873
1,low_confidence,EXP-13.2,Mantencion Motos,COMPRAS,mantencion y reparacion,MANTENCION Y REPARACION,"MONTO HONDA, TRX 420, SEGUN OT 822",MULTIMOTOS OSORNO SPA,0.6973
1,low_confidence,EXP-13.2,Mantencion Motos,COMPRAS,moto nueva sin uso,MOTO NUEVA SIN USO,MARCA: HONDA MODELO: TRX 420 FM COLOR: ROJO AÑO: 2025 VIN: 1HFTE40U8RJ001435 MOTOR: TE40E8858394 PBV: 465 KG TIPO DE COMBUSTIBLE: 93 OCTANOS GASOLINA,ENRIQUE RICARDO SCHMIDT ROJAS,0.7442
1,low_confidence,EXP-13.2,Mantencion Motos,COMPRAS,motor hidraulico 50 correa entrega lateral rf todos,MOTOR HIDRAULICO 50 CORREA ENTREGA LATERAL RF TODOS,MOTOR HIDRAULICO 50 CORREA ENTREGA LATERAL RF TODOS,GALLAGHER CHILE SPA,0.4675
1,low_confidence,EXP-13.2,Mantencion Motos,COMPRAS,motor hidraulico elevador rf 9 11 13,MOTOR HIDRAULICO ELEVADOR RF 9/11/13,MOTOR HIDRAULICO ELEVADOR RF 9/11/13,GALLAGHER CHILE SPA,0.6101
1,low_confidence,EXP-13.2,Mantencion Motos,COMPRAS,r n camioneta r17,R.N CAMIONETA R17,,VULCANIZACIÓN NONTUELÁ SPA,0.322
1,low_confidence,EXP-13.2,Mantencion Motos,COMPRAS,rectificado tambor freno,RECTIFICADO TAMBOR FRENO,,COMERCIAL E INDUSTRIAL RENE FUCHSLOCHER,0.7074
1,low_confidence,EXP-13.2,Mantencion Motos,COMPRAS,rep 01 motor hidraulico,REP 01 MOTOR HIDRAULICO,,SERGIO GUILLERMO LOEBEL PUSCHEL,0.5488
1,low_confidence,EXP-13.2,Mantencion Motos,COMPRAS,rep 02 motores hidraulicos,REP 02 MOTORES HIDRAULICOS,,SERGIO GUILLERMO LOEBEL PUSCHEL,0.5876
1,low_confidence,EXP-13.2,Mantencion Motos,COMPRAS,reparacion arranque,REPARACION ARRANQUE,HONDA N6 TRX 250,MULTIMOTOS OSORNO SPA,0.6093
1,low_confidence,EXP-13.2,Mantencion Motos,COMPRAS,reparacion camioneta ford,REPARACION CAMIONETA FORD,,SERVIVUL SPA,0.5587
1,low_confidence,EXP-13.2,Mantencion Motos,COMPRAS,reparacion de motor,REPARACION DE MOTOR,"PERKIN 203, SEGUN OT.67746",SOC INDUSTRIAL DE MOTORES SIMOTOR S A,0.7477
1,low_confidence,EXP-13.2,Mantencion Motos,COMPRAS,reparacion equipo,REPARACION EQUIPO,"MOTOBOMBA DE 4"" REPOSICION DE CARGURADOR.",INGENIERIA Y CONSTRUCCION ELIMAQ LIMITADA,0.3316
1,low_confidence,EXP-13.2,Mantencion Motos,COMPRAS,reparacion neumatico r16,REPARACIÓN NEUMÁTICO R16,CARRO FORRAJERO,VULCANIZACIÓN NONTUELÁ SPA,0.2389
1,low_confidence,EXP-13.2,Mantencion Motos,COMPRAS,reparacion ntco camioneta,REPARACION NTCO CAMIONETA,,SERVIVUL SPA,0.54
1,low_confidence,EXP-13.2,Mantencion Motos,COMPRAS,reparar abs,Reparar ABS,Cambio 4 Bujias Camioneta,SERVIMEC SPA,0.4513
1,low_confidence,EXP-13.2,Mantencion Motos,COMPRAS,revision motor,Revisión motor,,CARLOS JOAQUIN CAMPOS GONZALEZ,0.6002
1,low_confidence,EXP-13.2,Mantencion Motos,COMPRAS,rotacion ntco camioneta,ROTACION NTCO CAMIONETA,,SERVIVUL SPA,0.3006
1,low_confidence,EXP-13.2,Mantencion Motos,COMPRAS,segun ot 253,SEGUN OT 253,MANTENCION HONDA TRX 420 TINEO,MULTIMOTOS OSORNO SPA,0.5167
1,low_confidence,EXP-13.2,Mantencion Motos,COMPRAS,servicio reparacion,SERVICIO REPARACION,MOTOR Y MANTENCION TRACTOR MF265 STD S: 2151059437,COMERCIAL Y SERVICIOS VYV LIMITADA,0.559
1,low_confidence,EXP-13.2,Mantencion Motos,COMPRAS,tipo vehiculo camioneta,TIPO VEHÍCULO: CAMIONETA,,Automotriz Cordillera S.A.,0.3297
1,low_confidence,EXP-13.2,Mantencion Motos,COMPRAS,y machines cortacesped 196cc 21 c rec r alta 1e28rk10029,Y MACHINES CORTACESPED 196CC 21 C REC R ALTA 1E28RK10029,Y MACHINES CORTACESPED 196CC 21 C REC R ALTA 1E28RK10029,INVERSIONES DEL RANCO SPA,0.4218
1,low_confidence,EXP-13.2,Mantencion Motos,COMPRAS,y machines cortacesped 196cc 21 c rec r alta con un 10 0 descuento,Y MACHINES CORTACESPED 196CC 21 C REC R ALTA CON UN 10 0 DESCUENTO,Y MACHINES CORTACESPED 196CC 21 C REC R ALTA,INVERSIONES DEL RANCO SPA,0.4775
1,low_confidence,EXP-13.3,Mantencion Vehiculos,COMPRAS,balanceo ford ranger,BALANCEO FORD RANGER,,SERVIVUL SPA,0.4556
1,low_confidence,EXP-13.3,Mantencion Vehiculos,COMPRAS,cambio capot,cambio capot,cambio parachoques delantero cambio opticos cambio 3 puertas cambio portalon cambio focos traseros pintar camioneta completa desabollar zocalos y tapabarros cambio rotula reparar luces instalar guardafangos,SERVIMEC SPA,0.6632
1,low_confidence,EXP-13.3,Mantencion Vehiculos,COMPRAS,cambio filtros motor,cambio filtros motor,reparar abs cambio crucetas reparar 4x4 cambio aceites diferenciales y caja,SERVIMEC SPA,0.6973
1,low_confidence,EXP-13.3,Mantencion Vehiculos,COMPRAS,cambio filtros y aceite,Cambio filtros y aceite,Cambio 2 axiales Cambio 2 bieletas Camioneta,SERVIMEC SPA,0.4509
1,low_confidence,EXP-13.3,Mantencion Vehiculos,COMPRAS,cambio rotulas,cambio rotulas,cambio amortiguadores cambio cilindro frenos cambio cañeria alineacion,SERVIMEC SPA,0.6679
1,low_confidence,EXP-13.3,Mantencion Vehiculos,COMPRAS,devolucion de prima cuota 7,DEVOLUCION DE PRIMA CUOTA 7,300440510,REALE CHILE SEGUROS GENERALES S.A.,0.0989
1,low_confidence,EXP-13.3,Mantencion Vehiculos,COMPRAS,disco presion fs85,DISCO PRESION FS85,DISCO PRESION FS85,LIDIA ANGELICA SANHUEZA FUENTES,0.5561
1,low_confidence,EXP-13.3,Mantencion Vehiculos,COMPRAS,filtro aceite de motor,FILTRO ACEITE DE MOTOR,,SOCIEDAD TOROYO LTDA,0.2418
1,low_confidence,EXP-13.3,Mantencion Vehiculos,COMPRAS,foco led carro par,foco led carro par,,MIGUEL ANGEL ARRIAGADA INAYADO,0.2516
1,low_confidence,EXP-13.3,Mantencion Vehiculos,COMPRAS,guiltrap rf11,Guiltrap RF11,Reparación de carro forrajero Guiltrap RF11 -cambio de coplones que transmiten el movimiento del motor al eje desmenuzador. -Enderezar placa de fijación del motor hidráulico,WALTER ERNESTO MATAMALA MANCILLA,0.3008
1,low_confidence,EXP-13.3,Mantencion Vehiculos,COMPRAS,gxy s24 fe eco friendly case blue descuento,GXY S24 FE / ECO-FRIENDLY CASE BLUE * Descuento,,Mery y Compañia Limitada,0.1565
1,low_confidence,EXP-13.3,Mantencion Vehiculos,COMPRAS,indemnizacion de tag,Indemnizacion de Tag,,SOC CONCESIONARIA AUTOPISTA CENTRAL S A,0.3927
1,low_confidence,EXP-13.3,Mantencion Vehiculos,COMPRAS,maquina,maquina,"segadora Kuhm modelo GMD 280, año 2016",SOCIEDAD PRESTACIÓN DE SERVICIOS AGRÍCOLA MYO SPA,0.4426
1,low_confidence,EXP-13.3,Mantencion Vehiculos,COMPRAS,matencion rodillos,matencion rodillos,"cambio de soportes rodamientos ucp 210, pernos, soldar quebraduras de ambos rodillos",CAMILO EDUARDO CABEZA FERNANDEZ,0.1266
1,low_confidence,EXP-13.3,Mantencion Vehiculos,COMPRAS,monitor samsung 24fhd 100mhz vga hdmi pl,MONITOR SAMSUNG 24FHD 100MHZ VGA/HDMI PL,,COOPERATIVA AGRICOLA Y DE SERVICIOS LTDA,0.5606
1,low_confidence,EXP-13.3,Mantencion Vehiculos,COMPRAS,mosqueton de acero 3 16 x 2 fiero 44037,MOSQUETON DE ACERO 3 16 X 2 FIERO 44037 -@,MOSQUETON DE ACERO 3 16 X 2 FIERO 44037 -@,DORIS IVONNE CASTILLO KANTER,0.1989
1,low_confidence,EXP-13.3,Mantencion Vehiculos,COMPRAS,neumatico atv 22x11 00 8,NEUMATICo ATV 22X11.00-8,,IMPORTADORA REDBIKER S LIMITADA,0.1951
1,low_confidence,EXP-13.3,Mantencion Vehiculos,COMPRAS,quema copihue maiten,QUEMA COPIHUE - MAITEN,,PRESTACIONES DE SERVICIOS AGRICOLAS EL SIERVO LIMITADA,0.2584
1,low_confidence,EXP-13.3,Mantencion Vehiculos,COMPRAS,reparacion carro giltrap,reparacion carro giltrap,"reforzar chasis en ambos lados aplicando soldadura,",CAMILO EDUARDO CABEZA FERNANDEZ,0.3871
1,low_confidence,EXP-13.3,Mantencion Vehiculos,COMPRAS,reparacion de pick up,Reparación de Pick Up,y Portalón de camioneta Ssang Yong incluye repuestos,AUTOMOTRIZ P Y C SPA,0.7268
1,low_confidence,EXP-13.3,Mantencion Vehiculos,COMPRAS,rev frenos,rev frenos,cambio filtro aire cambio filtro petroleo cambio filtro aceite cambio aceite diferencial delantero y trasero cambio acete caja cambios y transfer cambio aceite motor ranger psss88,SERVIMEC SPA,0.6218
1,low_confidence,EXP-13.3,Mantencion Vehiculos,COMPRAS,s triple maiten,S.TRIPLE - MAITEN,,PRESTACIONES DE SERVICIOS AGRICOLAS EL SIERVO LIMITADA,0.2411
1,low_confidence,EXP-13.3,Mantencion Vehiculos,COMPRAS,samsung a06 5g 128gb negro,SAMSUNG A06 5G 128GB NEGRO,,PCS,0.3061
1,low_confidence,EXP-13.3,Mantencion Vehiculos,COMPRAS,samsung s24 fe 128gb black,SAMSUNG S24 FE 128GB BLACK,,PCS,0.516
1,low_confidence,EXP-13.3,Mantencion Vehiculos,COMPRAS,sdf super motor oil 15w40 x 20,SDF SUPER MOTOR OIL 15W40 X 20,,COMPAÑÍA AGROPECUARIA COPEVAL S.A.,0.584
1,low_confidence,EXP-13.3,Mantencion Vehiculos,COMPRAS,ser alineacion camioneta 2500,SER-ALINEACION CAMIONETA 2500,SER-ALINEACION CAMIONETA 2500,AUTOMOTRIZ SALFA SUR LIMITADA,0.3001
1,low_confidence,EXP-13.3,Mantencion Vehiculos,COMPRAS,servicios,SERVICIOS,CONFECCION CAMINO CHAPILCAHUIN,GEO PARTNER SPA,0.2399
1,low_confidence,EXP-13.3,Mantencion Vehiculos,COMPRAS,sff asus i7 13620h 512gbssd w11,SFF ASUS I7-13620H 512GBSSD W11,,COOPERATIVA AGRICOLA Y DE SERVICIOS LTDA,0.3071
1,low_confidence,EXP-13.3,Mantencion Vehiculos,COMPRAS,terminal espiga he 3 sch 80,TERMINAL ESPIGA HE 3 SCH 80 -@,TERMINAL ESPIGA HE 3 SCH 80 -@,DORIS IVONNE CASTILLO KANTER,0.22
1,low_confidence,EXP-14.1,Mantencion Caminos,COMPRAS,23 10 2025 celedon transporte,23/10/2025 - Celedon Transporte,,SOC HOTELERA BIDASOA SPA,0.5795
1,low_confidence,EXP-14.1,Mantencion Caminos,COMPRAS,abrazadera c perno t 503 34 36,ABRAZADERA C/PERNO T-503 (34-36),,COMERCIAL CLIMENT SPA,0.1493
1,low_confidence,EXP-14.1,Mantencion Caminos,COMPRAS,arriendo de retro excavadora,ARRIENDO DE RETRO EXCAVADORA,,SOC COMERCIAL NAHUM CORREA LTDA,0.4894
1,low_confidence,EXP-14.1,Mantencion Caminos,COMPRAS,arriendo parrilla,ARRIENDO PARRILLA,,TRANSPORTES PINILLA SPA,0.5752
1,low_confidence,EXP-14.1,Mantencion Caminos,COMPRAS,bandera,BANDERA,,CONFECCIONES Y ARRIENDO DE MAQUINARIA JACQUELINNE REYES EMPRESA INDIVI,0.3235
1,low_confidence,EXP-14.1,Mantencion Caminos,COMPRAS,barra piso rf9 11 instalada en carro,BARRA PISO RF9/11 (instalada en carro),BARRA PISO RF9/11 (instalada en carro),GALLAGHER CHILE SPA,0.2119
1,low_confidence,EXP-14.1,Mantencion Caminos,COMPRAS,camara 14 9 13 24 tr218a,CAMARA 14.9/13 24 TR218A,UNIDAD|SOLICITADO POR PILAR LOBOS,Tattersall AgroInsumos S.A.,0.2592
1,low_confidence,EXP-14.1,Mantencion Caminos,COMPRAS,cambio bieletas,Cambio Bieletas,Cambio 2 cilindros de frenos Serv. Rev. tecnica,SERVIMEC SPA,0.4409
1,low_confidence,EXP-14.1,Mantencion Caminos,COMPRAS,camion,CAMION,,MANTENCION INDUSTRIAL DEL SUR LIMITADA,0.7094
1,low_confidence,EXP-14.1,Mantencion Caminos,COMPRAS,carrete c engranaje med,CARRETE C/ENGRANAJE MED,CARRETE C/ENGRANAJE MED,GALLAGHER CHILE SPA,0.2101
1,low_confidence,EXP-14.1,Mantencion Caminos,COMPRAS,carro de agua,Carro de agua,capacidad de 8.000 Litros,DANIEL PATRICIO CASTRO ASCENCIO,0.6039
1,low_confidence,EXP-14.1,Mantencion Caminos,COMPRAS,carros purin,CARROS PURIN,,GONBAR SPA,0.5925
1,low_confidence,EXP-14.1,Mantencion Caminos,COMPRAS,cobro servicio de tramites,COBRO SERVICIO DE TRAMITES,,Automotriz Cordillera S.A.,0.5105
1,low_confidence,EXP-14.1,Mantencion Caminos,COMPRAS,cubos de arena,CUBOS DE ARENA,PARRILLADO ( 681 CUBX 16 X 42 ),TRANSPORTES PINILLA SPA,0.6374
1,low_confidence,EXP-14.1,Mantencion Caminos,COMPRAS,diciembre las raices,DICIEMBRE LAS RAICES,SERVICIO DE CARO PURINERO CORRESPONDIENTE A (19 CARROS X 10.000 LT Y 11 CARROS X 10.400),AGRÍCOLA RIBERAS DEL SAUCE SPA,0.332
1,low_confidence,EXP-14.1,Mantencion Caminos,COMPRAS,esmalte al agua antihongos blanco litro mohican,ESMALTE AL AGUA ANTIHONGOS BLANCO LITRO MOHICAN -@,ESMALTE AL AGUA ANTIHONGOS BLANCO LITRO MOHICAN -@,DORIS IVONNE CASTILLO KANTER,0.152
1,low_confidence,EXP-14.1,Mantencion Caminos,COMPRAS,excavadora,Excavadora,,GUARDA SPA,0.3069
1,low_confidence,EXP-14.1,Mantencion Caminos,COMPRAS,ferrula r17 06 3 8 balpac 3000 20 305 06,FERRULA R17 06-3 8 BALPAC 3000 20 305 06,FERRULA R17 06-3 8 BALPAC 3000 20 305 06,SOCIEDAD COMERCIAL HOFFMANN LTDA,0.1839
1,low_confidence,EXP-14.1,Mantencion Caminos,COMPRAS,frague bekron blanco 1 kg,FRAGUE BEKRON BLANCO 1 KG -@,FRAGUE BEKRON BLANCO 1 KG -@,DORIS IVONNE CASTILLO KANTER,0.4337
1,low_confidence,EXP-14.1,Mantencion Caminos,COMPRAS,gasto de viaje por km,GASTO DE VIAJE POR KM,,COMERCIAL SERVIFEED SPA,0.5257
1,low_confidence,EXP-14.1,Mantencion Caminos,COMPRAS,gastos de viaje por kilometro,GASTOS DE VIAJE POR KILOMETRO,,COMERCIAL SERVIFEED SPA,0.604
1,low_confidence,EXP-14.1,Mantencion Caminos,COMPRAS,gastos traslado camion,GASTOS TRASLADO CAMION,,WALDEMAR ORLANDO VARGAS CARDENAS,0.6682
1,low_confidence,EXP-14.1,Mantencion Caminos,COMPRAS,integral bajo 2,Integral Bajo 2,84m3,TRANSPORTES G & G SPA,0.291
1,low_confidence,EXP-14.1,Mantencion Caminos,COMPRAS,juego llaves allen truper all 9m 1 3 a 6 0 mm 9 pzas,"JUEGO LLAVES ALLEN TRUPER ALL-9M 1,3 A 6,0 MM 9 PZAS","JUEGO LLAVES ALLEN TRUPER ALL-9M 1,3 A 6,0 MM 9 PZAS",COMERCIAL HARCHA SPA,0.1853
1,low_confidence,EXP-14.1,Mantencion Caminos,COMPRAS,lavaparabrisas copec,LAVAPARABRISAS COPEC,LAVAPARABRISAS COPEC,SOC DE TRANSPORTES STEUER HOLMGREN Y COM,0.3573
1,low_confidence,EXP-14.1,Mantencion Caminos,COMPRAS,lecheria 2 reparaciones,LECHERIA: 2 reparaciones,"fuga de lavandería,se cambio llave de lugar,se reparó llave de patio, se reparó cañería CASINO PERSONAL: se cambiaron cañería de pvc por cañería de ppr,se repararon 2 fugas de agua camerín, se arreglo 3 calefon TERNERERA: se repararon 3 fugas de agua,se instalo 2 bebederos ,se reparó cañería CASA PATRONAL: se cambiaron llave de red húmeda",SERVICIOS DE MANTENCIÓN DOMICILIARIA NONTUELA SPA,0.2582
1,low_confidence,EXP-14.1,Mantencion Caminos,COMPRAS,luneta camioneta,LUNETA CAMIONETA,,COMERCIALIZADORA MIRAFLORES LIMITADA,0.4314
1,low_confidence,EXP-14.1,Mantencion Caminos,COMPRAS,malla raschell 80 espec crudo o beige x 4 20,MALLA RASCHELL 80% ESPEC CRUDO O BEIGE X 4.20 -@,MALLA RASCHELL 80% ESPEC CRUDO O BEIGE X 4.20 -@,DORIS IVONNE CASTILLO KANTER,0.2809
1,low_confidence,EXP-14.1,Mantencion Caminos,COMPRAS,mango hacha astil comun,MANGO HACHA ASTIL COMUN -@,MANGO HACHA ASTIL COMUN -@,DORIS IVONNE CASTILLO KANTER,0.2162
1,low_confidence,EXP-14.1,Mantencion Caminos,COMPRAS,mani con pasas marco polo bolsa 180 gr,MANI CON PASAS MARCO POLO BOLSA 180 GR,,COMERCIAL AMAR HERMANOS Y COMPANIA LIMITADA,0.1677
1,low_confidence,EXP-14.1,Mantencion Caminos,COMPRAS,mani sin sal evercrisp bolsa 140 gr,MANI SIN SAL EVERCRISP BOLSA 140 GR,,COMERCIAL AMAR HERMANOS Y COMPANIA LIMITADA,0.2013
1,low_confidence,EXP-14.1,Mantencion Caminos,COMPRAS,mani sin sal evercrisp bolsa 380 gr,MANI SIN SAL EVERCRISP BOLSA 380 GR,,COMERCIAL AMAR HERMANOS Y COMPANIA LIMITADA,0.2235
1,low_confidence,EXP-14.1,Mantencion Caminos,COMPRAS,mani sin sal trebol bolsa 160 gr,MANI SIN SAL TREBOL BOLSA 160 GR,,COMERCIAL AMAR HERMANOS Y COMPANIA LIMITADA,0.2132
1,low_confidence,EXP-14.1,Mantencion Caminos,COMPRAS,mano obra frenos traseros,MANO OBRA FRENOS TRASEROS,,COMERCIAL E INDUSTRIAL RENE FUCHSLOCHER,0.3325
1,low_confidence,EXP-14.1,Mantencion Caminos,COMPRAS,mantecion segadora,mantecion segadora,"soldar, enderezar y reforzar quebradura barra lado base soporte. fabricar barra superior en perfil 75x75x5mm espesor apernada a las bases.",CAMILO EDUARDO CABEZA FERNANDEZ,0.2627
1,low_confidence,EXP-14.1,Mantencion Caminos,COMPRAS,maxxifardos,Maxxifardos,,SERVICIOS AGRICOLAS MECANIZADOS SPA,0.1647
1,low_confidence,EXP-14.1,Mantencion Caminos,COMPRAS,mudanza y traslado de ens,Mudanza y traslado de ens,,AGRICOLA Y TRANSPORTES TERRA SPA,0.5519
1,low_confidence,EXP-14.1,Mantencion Caminos,COMPRAS,octubre,OCTUBRE,SERVICIO DE CARRO PURINERO CORRESPONDIENTE A ( 36 CARROS X 11.000 LT),AGRÍCOLA RIBERAS DEL SAUCE SPA,0.5707
1,low_confidence,EXP-14.1,Mantencion Caminos,COMPRAS,portones acceso,portones acceso,saldo 30% restante proyecto portones acceso yutreco y el maiten.,SOCIEDAD DE INVERSIONES MVM SPA,0.1962
1,low_confidence,EXP-14.1,Mantencion Caminos,COMPRAS,reparacion camino vecinal,Reparación camino vecinal,Con material integral y maquinaria.,TRANSPORTES G & G SPA,0.1412
1,low_confidence,EXP-14.1,Mantencion Caminos,COMPRAS,reparar patente tractor,Reparar patente tractor,frontal,SANDRA PAULINA VALLADARES RIOS,0.2047
1,low_confidence,EXP-14.1,Mantencion Caminos,COMPRAS,retroexcavadora,Retroexcavadora,"Trabajos en campo sector Las Quemas, Futrono",GUARDA SPA,0.1714
1,low_confidence,EXP-14.1,Mantencion Caminos,COMPRAS,rodamiento exterior 19 motor hidraulico 500cc giltrap,Rodamiento Exterior (19) Motor Hidraulico 500cc Giltrap,Rodamiento Exterior (19) Motor Hidraulico 500cc Giltrap,GALLAGHER CHILE SPA,0.522
1,low_confidence,EXP-14.1,Mantencion Caminos,COMPRAS,rodamiento interior 13 motor hidraulico 500cc giltrap,Rodamiento Interior (13) Motor Hidraulico 500cc Giltrap,Rodamiento Interior (13) Motor Hidraulico 500cc Giltrap,GALLAGHER CHILE SPA,0.4936
1,low_confidence,EXP-14.1,Mantencion Caminos,COMPRAS,rueda industrial con base 5 uyustools 110kg rug005,RUEDA INDUSTRIAL CON BASE 5 UYUSTOOLS 110KG RUG005 -@,RUEDA INDUSTRIAL CON BASE 5 UYUSTOOLS 110KG RUG005 -@,DORIS IVONNE CASTILLO KANTER,0.2943
1,low_confidence,EXP-14.1,Mantencion Caminos,COMPRAS,segun ot 366,SEGUN OT 366,HONDA TRX 420 N2 YUTRECO,MULTIMOTOS OSORNO SPA,0.3102
1,low_confidence,EXP-14.1,Mantencion Caminos,COMPRAS,ser mano de obra cambio ampolletas,SER-MANO DE OBRA CAMBIO AMPOLLETAS,SER-MANO DE OBRA CAMBIO AMPOLLETAS,AUTOMOTRIZ SALFA SUR LIMITADA,0.2844
1,low_confidence,EXP-14.1,Mantencion Caminos,COMPRAS,servicio camion grua,SERVICIO CAMION GRUA,,WALDEMAR ORLANDO VARGAS CARDENAS,0.4963
1,low_confidence,EXP-14.1,Mantencion Caminos,COMPRAS,servicio de traslado mas,Servicio de traslado mas,descarga,TRANSPORTES OJEDA SPA,0.6378
1,low_confidence,EXP-14.1,Mantencion Caminos,COMPRAS,servicio tecnico,SERVICIO TÉCNICO,"PUESTA EN MARCHA CON GRUPO ELECTRÓGENO, SEGÚN PPTO. N° 36724, SONDAJE N° 2824 UBICACIÓN: SECTOR MULPULMO - OSORNO Forma de Pago: CRÉDITO 30 DÍAS",SONDAJES PERFOMAQ SA,0.1938
1,low_confidence,EXP-14.1,Mantencion Caminos,COMPRAS,sobre oficio saco blanco 25x36 90gr,SOBRE OFICIO SACO BLANCO 25X36 90GR,SOBRE OFICIO SACO BLANCO 24X34 80GR,DATA CROM COMPUTACION LIMITADA,0.2814
1,low_confidence,EXP-14.1,Mantencion Caminos,COMPRAS,traslado abono 2 vueltas,TRASLADO ABONO 2 VUELTAS,,PRESTACIONES DE SERVICIOS AGRICOLAS EL SIERVO LIMITADA,0.5704
1,low_confidence,EXP-14.1,Mantencion Caminos,COMPRAS,traslado carro silero,TRASLADO CARRO SILERO,DESDE MAITEN A YUTRECO,LUIS ANTONIO TORRES JARAMILLO,0.4146
1,low_confidence,EXP-14.1,Mantencion Caminos,COMPRAS,traslado de abono,TRASLADO DE ABONO,2 VUELTAS - TINEO,PRESTACIONES DE SERVICIOS AGRICOLAS EL SIERVO LIMITADA,0.7139
1,low_confidence,EXP-14.1,Mantencion Caminos,COMPRAS,traslado de maquina,Traslado de maquina,"Trabajos en campo Las Quemas, Futrono",GUARDA SPA,0.2009
1,low_confidence,EXP-14.1,Mantencion Caminos,COMPRAS,traslado de material,TRASLADO DE MATERIAL,DE FUNDO EL TINEO A FUNDO EL MAITEN 606 M3 X180=109.080 X 42 KM,TRANSPORTES PINILLA SPA,0.6626
1,low_confidence,EXP-14.1,Mantencion Caminos,COMPRAS,traslado de materiales,TRASLADO DE MATERIALES,DESDE FERRETERIA BODEGA AEDO A FUNDÓ EL MAITEN,TRANSPORTES LOS VOLCANES SPA,0.4617
1,low_confidence,EXP-14.1,Mantencion Caminos,COMPRAS,traslado de tractor,Traslado de tractor,desde Mulpulmo a Raíces Traslado de tractor desde Raíces a Mulpulmo,MARCELO ALEJANDRO GUZMAN CATALAN,0.2775
1,low_confidence,EXP-14.1,Mantencion Caminos,COMPRAS,traslado tractor,traslado tractor,fundo el maiten a osorno taller,ELIER HOMERO REVILLARD GAYOSO,0.4244
1,low_confidence,EXP-14.1,Mantencion Caminos,COMPRAS,traslado vaquilla desde,Traslado Vaquilla desde,Bramadero a El Maitén 16/05/2025,JUAN ANGEL ANIBAL VERGARA OBANDO,0.3305
1,low_confidence,EXP-14.1,Mantencion Caminos,COMPRAS,traslado vivienda,TRASLADO VIVIENDA,,JAIME ORLANDO RIOS CHACON,0.1619
1,low_confidence,EXP-14.1,Mantencion Caminos,COMPRAS,triple bramadero,TRIPLE - BRAMADERO,,PRESTACIONES DE SERVICIOS AGRICOLAS EL SIERVO LIMITADA,0.1492
1,low_confidence,EXP-14.1,Mantencion Caminos,COMPRAS,valvula compresion 63mm arangul,Válvula Compresión 63mm Arangül,,SERVICIOS PUELCHE SPA,0.201
1,low_confidence,EXP-14.1,Mantencion Caminos,COMPRAS,valvula ventosa triple 2 gtr,"Válvula Ventosa Triple 2"" GTR",,PUELCHE LOS RIOS SOCIEDAD POR ACCIONES,0.2319
1,low_confidence,EXP-14.1,Mantencion Caminos,COMPRAS,ventilacion lioi 752 fe esm 30 x 30 cm,VENTILACION LIOI #752 FE ESM 30 X 30 CM,VENTILACION LIOI #752 FE ESM 30 X 30 CM,COMERCIAL HARCHA SPA,0.1418
1,low_confidence,EXP-14.1,Mantencion Caminos,COMPRAS,viaje terneras,VIAJE TERNERAS,Sta. Inés a Bramadero,RAFAEL ANDRES BERTIN DELGADO,0.4638
1,low_confidence,EXP-14.1,Mantencion Caminos,COMPRAS,viajes a terreno,VIAJES A TERRENO,,WALDEMAR ORLANDO VARGAS CARDENAS,0.379
1,low_confidence,EXP-14.1,Mantencion Caminos,COMPRAS,viajes tag del periodo anterior,Viajes TAG del Periodo Anterior,,SOCIEDAD CONCESIONARIA RUTA 5 TALCA-CHILLAN S.A.,0.3863
1,low_confidence,EXP-14.1,Mantencion Caminos,COMPRAS,vibro,VIBRO,,PRESTACIONES DE SERVICIOS AGRICOLAS EL SIERVO LIMITADA,0.2106
1,low_confidence,EXP-14.2,Mantencion Cercos,COMPRAS,1200 grapas extra fuertes 053 c 12mm,1200 GRAPAS EXTRA FUERTES 053/C 12MM,,EASY RETAIL S.A.,0.4249
1,low_confidence,EXP-14.2,Mantencion Cercos,COMPRAS,abrazadera manguera 1 1 2 pulg 32mm a 60mm ab 24,ABRAZADERA MANGUERA 1 1/2 PULG 32MM A 60MM AB-24 -@,ABRAZADERA MANGUERA 1 1/2 PULG 32MM A 60MM AB-24 -@,DORIS IVONNE CASTILLO KANTER,0.574
1,low_confidence,EXP-14.2,Mantencion Cercos,COMPRAS,abrazadera manguera 3 4 16mm a 25mm ab 8 ab 10,ABRAZADERA MANGUERA 3/4 16MM A 25MM AB-8 AB-10 -@,ABRAZADERA MANGUERA 3/4 16MM A 25MM AB-8 AB-10 -@,DORIS IVONNE CASTILLO KANTER,0.5205
1,low_confidence,EXP-14.2,Mantencion Cercos,COMPRAS,abrazadera omega 20mm o 3 4 o 19mm,ABRAZADERA OMEGA 20MM O 3 4 O 19MM -@,ABRAZADERA OMEGA 20MM O 3 4 O 19MM -@,DORIS IVONNE CASTILLO KANTER,0.4154
1,low_confidence,EXP-14.2,Mantencion Cercos,COMPRAS,abrazadera omega 32mm,ABRAZADERA OMEGA 32MM -@,ABRAZADERA OMEGA 32MM -@,DORIS IVONNE CASTILLO KANTER,0.477
1,low_confidence,EXP-14.2,Mantencion Cercos,COMPRAS,abrazadera sebcor 1 2,"ABRAZADERA SEBCOR 1/2""","ABRAZADERA SEBCOR 1/2""",COMERCIAL HARCHA SPA,0.4165
1,low_confidence,EXP-14.2,Mantencion Cercos,COMPRAS,abrazadera sebcor 2 1 2,"ABRAZADERA SEBCOR 2 1/2""","ABRAZADERA SEBCOR 2 1/2""",COMERCIAL HARCHA SPA,0.4707
1,low_confidence,EXP-14.2,Mantencion Cercos,COMPRAS,abrazadera sebcor 3 4,"ABRAZADERA SEBCOR 3/4""","ABRAZADERA SEBCOR 3/4""",COMERCIAL HARCHA SPA,0.3712
1,low_confidence,EXP-14.2,Mantencion Cercos,COMPRAS,adaptador bi manguera 3 4 y 1 hi edr 116114,ADAPTADOR BI MANGUERA 3 4 Y 1 HI EDR 116114 -@,ADAPTADOR BI MANGUERA 3 4 Y 1 HI EDR 116114 -@,DORIS IVONNE CASTILLO KANTER,0.3275
1,low_confidence,EXP-14.2,Mantencion Cercos,COMPRAS,adaptador bronce 3 8 hilo izq p manguera con empaq,ADAPTADOR BRONCE 3 8-HILO IZQ-P MANGUERA CON EMPAQ -@,ADAPTADOR BRONCE 3 8-HILO IZQ-P MANGUERA CON EMPAQ -@,DORIS IVONNE CASTILLO KANTER,0.3543
1,low_confidence,EXP-14.2,Mantencion Cercos,COMPRAS,adaptador schuko cun12ca,ADAPTADOR SCHUKO CUN12CA,,SODIMAC S.A.,0.3913
1,low_confidence,EXP-14.2,Mantencion Cercos,COMPRAS,adaptar llanta agricola,ADAPTAR LLANTA AGRICOLA,"15,5 CON APERNAMIENTO DE 6",JOHN MARCELO CARRILLO SOLDAN,0.3223
1,low_confidence,EXP-14.2,Mantencion Cercos,COMPRAS,adhesivo barra 40 gr stic fix henkel,ADHESIVO BARRA 40 GR. STIC FIX HENKEL,,PROVEEDORES INTEGRALES DEL SUR S.A.,0.4696
1,low_confidence,EXP-14.2,Mantencion Cercos,COMPRAS,alargador 1 5mts,"Alargador 1,5Mts",,SERVICIOS Y SOLUCIONES LINKEDTIC SPA,0.2604
1,low_confidence,EXP-14.2,Mantencion Cercos,COMPRAS,alargador 5mt 6 tomas gris cun,ALARGADOR 5MT 6 TOMAS GRIS CUN,,SODIMAC S.A.,0.43
1,low_confidence,EXP-14.2,Mantencion Cercos,COMPRAS,alicate cerco alc010 uyustools 10,ALICATE CERCO ALC010 UYUSTOOLS 10 -@,ALICATE CERCO ALC010 UYUSTOOLS 10 -@,DORIS IVONNE CASTILLO KANTER,0.1846
1,low_confidence,EXP-14.2,Mantencion Cercos,COMPRAS,alicate universal 7 aislante 1000v t201 7x 17329 t,"ALICATE UNIVERSAL 7"" AISLANTE 1000V T201-7X (17329) T",,COMERCIAL CLIMENT SPA,0.723
1,low_confidence,EXP-14.2,Mantencion Cercos,COMPRAS,alternador marelli rpm 12v 65a same,ALTERNADOR MARELLI RPM 12V 65A SAME,,ELECTROSOL ENCENDIDOS SPA,0.4478
1,low_confidence,EXP-14.2,Mantencion Cercos,COMPRAS,amarra carga 38mm x 6mt wokin 662620,AMARRA CARGA 38MM X 6MT WOKIN 662620 -@,AMARRA CARGA 38MM X 6MT WOKIN 662620 -@,DORIS IVONNE CASTILLO KANTER,0.4914
1,low_confidence,EXP-14.2,Mantencion Cercos,COMPRAS,amarra plastica 7 5 x 500 mm,"AMARRA PLASTICA 7,5 X 500 MM",,FERIA REMEHUE LTDA.,0.4455
1,low_confidence,EXP-14.2,Mantencion Cercos,COMPRAS,amarra plastica 7 5x500 negra 100un set amr107,AMARRA PLASTICA 7 5X500 NEGRA 100UN SET AMR107 -@,AMARRA PLASTICA 7 5X500 NEGRA 100UN SET AMR107 -@,DORIS IVONNE CASTILLO KANTER,0.3783
1,low_confidence,EXP-14.2,Mantencion Cercos,COMPRAS,amarra plastica blanca 4 8 x 400mm 100un amr006,AMARRA PLASTICA BLANCA 4 8 X 400MM 100UN AMR006 -@,AMARRA PLASTICA BLANCA 4 8 X 400MM 100UN AMR006 -@,DORIS IVONNE CASTILLO KANTER,0.3128
1,low_confidence,EXP-14.2,Mantencion Cercos,COMPRAS,angulo lam 30 x 30 x 3 mm,ANGULO LAM 30 x 30 x 3 MM,ANGULO LAM 30 x 30 x 3 MM,Acenor Aceros Del Norte S.A.,0.3582
1,low_confidence,EXP-14.2,Mantencion Cercos,COMPRAS,antideslizante alf 100x150 cm,ANTIDESLIZANTE ALF 100X150 CM,,SODIMAC S.A.,0.4632
1,low_confidence,EXP-14.2,Mantencion Cercos,COMPRAS,archivador oficio ancho burdeo auca,ARCHIVADOR OFICIO ANCHO BURDEO AUCA,,DATA CROM COMPUTACION LIMITADA,0.2061
1,low_confidence,EXP-14.2,Mantencion Cercos,COMPRAS,atornillador crossman hex carp 46 157 46 106 1 4x6,"ATORNILLADOR CROSSMAN HEX.CARP.46-157 (46-106) 1/4X6""","ATORNILLADOR CROSSMAN HEX.CARP.46-157 (46-106) 1/4X6""",COMERCIAL HARCHA SPA,0.5848
1,low_confidence,EXP-14.2,Mantencion Cercos,COMPRAS,barra cortina bano ang cr c fge cte 1 00x1 00mt,"BARRA CORTINA BANO ANG. CR.C/FGE.CTE. 1,00X1,00MT.",,COMERCIAL CLIMENT SPA,0.4677
1,low_confidence,EXP-14.2,Mantencion Cercos,COMPRAS,barra de cuna desparramador g2x2,BARRA DE CUNA DESPARRAMADOR G2X2,BARRA DE CUNA DESPARRAMADOR G2X2,GALLAGHER CHILE SPA,0.5919
1,low_confidence,EXP-14.2,Mantencion Cercos,COMPRAS,barra microcontrol 0 75x0 75mt,"BARRA MICROCONTROL 0,75X0,75MT",,SODIMAC S.A.,0.5071
1,low_confidence,EXP-14.2,Mantencion Cercos,COMPRAS,barra soldadura estano 50 indepp,BARRA SOLDADURA ESTAÑO 50% INDEPP -@,BARRA SOLDADURA ESTAÑO 50% INDEPP -@,DORIS IVONNE CASTILLO KANTER,0.1971
1,low_confidence,EXP-14.2,Mantencion Cercos,COMPRAS,bisagra 3 5x3 5 bronce cun07cn,"BISAGRA 3,5X3,5 BRONCE CUN07Cn",,SODIMAC S.A.,0.4158
1,low_confidence,EXP-14.2,Mantencion Cercos,COMPRAS,broca koch 2000 13mm cil hss hela,BROCA KOCH 2000 13MM CIL. HSS HELA,,FERIA REMEHUE LTDA.,0.3358
1,low_confidence,EXP-14.2,Mantencion Cercos,COMPRAS,broca para madera 8mm holz,BROCA PARA MADERA 8MM HOLZ..,,SODIMAC S.A.,0.6318
1,low_confidence,EXP-14.2,Mantencion Cercos,COMPRAS,brocha barniz blanca 3 pulg cu,BROCHA BARNIZ BLANCA 3 PULG CU,,SODIMAC S.A.,0.2781
1,low_confidence,EXP-14.2,Mantencion Cercos,COMPRAS,bungees 2 pz 2mx17mm metal cun,BUNGEES 2 PZ 2MX17MM METAL CUN,,SODIMAC S.A.,0.3459
1,low_confidence,EXP-14.2,Mantencion Cercos,COMPRAS,cable acero desnudo 4mm,CABLE ACERO DESNUDO- 4MM -@,CABLE ACERO DESNUDO- 4MM -@,DORIS IVONNE CASTILLO KANTER,0.5779
1,low_confidence,EXP-14.2,Mantencion Cercos,COMPRAS,cable hd mi 4 k 3 metros plano,CABLE HD MI 4 K 3 METROS PLANO,,SODIMAC S.A.,0.4064
1,low_confidence,EXP-14.2,Mantencion Cercos,COMPRAS,cable libre de halogeno h07z1 k 1 5mm blanco ascab 333220063163,CABLE LIBRE DE HALOGENO H07Z1-K 1.5MM BLANCO ASCAB 333220063163,,ELECTROCOM S.A.,0.7097
1,low_confidence,EXP-14.2,Mantencion Cercos,COMPRAS,cable libre de halogeno h07z1 k 1 5mm rojo ascable 333220063063,CABLE LIBRE DE HALOGENO H07Z1-K 1.5MM ROJO ASCABLE 333220063063,,ELECTROCOM S.A.,0.6365
1,low_confidence,EXP-14.2,Mantencion Cercos,COMPRAS,cable libre de halogeno h07z1 k 1 5mm verde ascabl 333220063263,CABLE LIBRE DE HALOGENO H07Z1-K 1.5MM VERDE ASCABL 333220063263,,ELECTROCOM S.A.,0.7266
1,low_confidence,EXP-14.2,Mantencion Cercos,COMPRAS,cable libre de halogeno h07z1 k 2 5mm blanco ascab 333820040263,CABLE LIBRE DE HALOGENO H07Z1-K 2.5MM BLANCO ASCAB 333820040263,,ELECTROCOM S.A.,0.7122
1,low_confidence,EXP-14.2,Mantencion Cercos,COMPRAS,cable libre de halogeno h07z1 k 2 5mm rojo ascable 333820040163,CABLE LIBRE DE HALOGENO H07Z1-K 2.5MM ROJO ASCABLE 333820040163,,ELECTROCOM S.A.,0.6443
1,low_confidence,EXP-14.2,Mantencion Cercos,COMPRAS,cable libre de halogeno h07z1 k 2 5mm verde ascabl 333820040363,CABLE LIBRE DE HALOGENO H07Z1-K 2.5MM VERDE ASCABL 333820040363,,ELECTROCOM S.A.,0.7215
1,low_confidence,EXP-14.2,Mantencion Cercos,COMPRAS,cable poly bla 6ss 500m,CABLE POLY BLA 6SS 500M,CABLE POLY BLA 6SS 500M,GALLAGHER CHILE SPA,0.6099
1,low_confidence,EXP-14.2,Mantencion Cercos,COMPRAS,cable roba corriente bt bo 25 1 a led sp,CABLE ROBA CORRIENTE BT BO 25/1 A LED SP,,EASY RETAIL S.A.,0.3228
1,low_confidence,EXP-14.2,Mantencion Cercos,COMPRAS,cabo acero inox extens 120cm,CABO ACERO INOX EXTENS 120CM,,SODIMAC S.A.,0.6836
1,low_confidence,EXP-14.2,Mantencion Cercos,COMPRAS,cabo de vida perlon 1 80 m mosq escala,CABO DE VIDA PERLON 1.80 M MOSQ.ESCALA,,MARYUN SEGURIDAD INDUSTRIAL SPA,0.2712
1,low_confidence,EXP-14.2,Mantencion Cercos,COMPRAS,caden esl cort 6mmx2m balde cu,CADEN ESL CORT 6MMX2M BALDE CU,,SODIMAC S.A.,0.438
1,low_confidence,EXP-14.2,Mantencion Cercos,COMPRAS,caden esl larg 5mmx2m balde cu,CADEN ESL LARG 5MMX2M BALDE CU,,SODIMAC S.A.,0.4199
1,low_confidence,EXP-14.2,Mantencion Cercos,COMPRAS,cadena 0 325 1 6 r super con un 6 0 descuento,CADENA 0 325 1 6 R SUPER CON UN 6 0 DESCUENTO,CADENA 0 325 1 6 R SUPER,INVERSIONES DEL RANCO LIMITADA,0.3817
1,low_confidence,EXP-14.2,Mantencion Cercos,COMPRAS,cadena acma grueso 8 0mm 15 x 20 x 4 5 metros,CADENA ACMA GRUESO-8 0MM 15 X 20 X 4 5 METROS -@,CADENA ACMA GRUESO-8 0MM 15 X 20 X 4 5 METROS -@,DORIS IVONNE CASTILLO KANTER,0.5224
1,low_confidence,EXP-14.2,Mantencion Cercos,COMPRAS,cadena galvaniz 100 e corto 6mm,CADENA GALVANIZ 100 % E -CORTO-6MM -@,CADENA GALVANIZ 100 % E -CORTO-6MM -@,DORIS IVONNE CASTILLO KANTER,0.3029
1,low_confidence,EXP-14.2,Mantencion Cercos,COMPRAS,cadena galvaniz e corto 4mm,CADENA GALVANIZ-E -CORTO-4MM -@,CADENA GALVANIZ-E -CORTO-4MM -@,DORIS IVONNE CASTILLO KANTER,0.2311
1,low_confidence,EXP-14.2,Mantencion Cercos,COMPRAS,cadena gancho con resorte,CADENA GANCHO CON RESORTE,CADENA GANCHO CON RESORTE,GALLAGHER CHILE SPA,0.3823
1,low_confidence,EXP-14.2,Mantencion Cercos,COMPRAS,cadena pulida e corto 6mm,CADENA PULIDA E CORTO-6MM -@,CADENA PULIDA E CORTO-6MM -@,DORIS IVONNE CASTILLO KANTER,0.3895
1,low_confidence,EXP-14.2,Mantencion Cercos,COMPRAS,caja archivo standard 350 x 125 x 236 colon,CAJA ARCHIVO STANDARD 350 X 125 X 236 COLON,,PROVEEDORES INTEGRALES DEL SUR S.A.,0.4147
1,low_confidence,EXP-14.2,Mantencion Cercos,COMPRAS,candado bronce estandar p 140 40mm br poli,CANDADO BRONCE ESTANDAR P 140 40MM BR POLI -@,CANDADO BRONCE ESTANDAR P 140 40MM BR POLI -@,DORIS IVONNE CASTILLO KANTER,0.4063
1,low_confidence,EXP-14.2,Mantencion Cercos,COMPRAS,candado bronce fx 20mm cun01c,CANDADO BRONCE FX 20MM CUN01C,,SODIMAC S.A.,0.4073
1,low_confidence,EXP-14.2,Mantencion Cercos,COMPRAS,caneria cobre l 1 2 x 6 mt,"CAÑERIA COBRE ""L"" 1/2""X 6 MT","CAÑERIA COBRE ""L"" 1/2""X 6 MT",COMERCIAL HARCHA SPA,0.4599
1,low_confidence,EXP-14.2,Mantencion Cercos,COMPRAS,caneria cobre m 1 2x1m gd cu,CANERIA COBRE M 1/2X1M - GD CU,,SODIMAC S.A.,0.4072
1,low_confidence,EXP-14.2,Mantencion Cercos,COMPRAS,cemento cbb 25 kilos cun57cu,CEMENTO CBB 25 KILOS CUN57CU,,SODIMAC S.A.,0.5083
1,low_confidence,EXP-14.2,Mantencion Cercos,COMPRAS,cemento melon especial 25 kg,CEMENTO MELON ESPECIAL 25 KG,,SODIMAC S.A.,0.4752
1,low_confidence,EXP-14.2,Mantencion Cercos,COMPRAS,cer 20x30 blanca engobe m 1 5,CER 20X30 BLANCA ENGOBE M 1.5,,SODIMAC S.A.,0.4309
1,low_confidence,EXP-14.2,Mantencion Cercos,COMPRAS,cer 33x33 granito gris 2 07m2,"CER 33X33 GRANITO GRIS 2,07M2",,SODIMAC S.A.,0.5563
1,low_confidence,EXP-14.2,Mantencion Cercos,COMPRAS,ceramica muro 20x 30 blanca brillo 1 5 m2,CERAMICA MURO 20X 30 BLANCA- BRILLO- 1 5 M2 -@,CERAMICA MURO 20X 30 BLANCA- BRILLO- 1 5 M2 -@,DORIS IVONNE CASTILLO KANTER,0.2763
1,low_confidence,EXP-14.2,Mantencion Cercos,COMPRAS,cinta 33 super v negra 3 4 x 20 mts 3,CINTA 33+ SUPER V NEGRA 3 4 X 20 MTS 3 -@,CINTA 33+ SUPER V NEGRA 3 4 X 20 MTS 3 -@,DORIS IVONNE CASTILLO KANTER,0.2766
1,low_confidence,EXP-14.2,Mantencion Cercos,COMPRAS,cinta de goma n 23 3 4 x 5 mts xe002400861,CINTA DE GOMA n 23 3/4 X 5 MTS. XE002400861,,ELECTROCOM S.A.,0.2925
1,low_confidence,EXP-14.2,Mantencion Cercos,COMPRAS,cinta embalaje transp 48 x 40 mt sellocinta,CINTA EMBALAJE TRANSP. 48 X 40 MT SELLOCINTA,,PROVEEDORES INTEGRALES DEL SUR S.A.,0.3863
1,low_confidence,EXP-14.2,Mantencion Cercos,COMPRAS,cinta embalaje ultra resitente 48mmx30mt,CINTA EMBALAJE ULTRA RESITENTE 48MMX30MT,,EASY RETAIL S.A.,0.1907
1,low_confidence,EXP-14.2,Mantencion Cercos,COMPRAS,cinta legtail tape 25 mt amarillo,CINTA LEGTAIL TAPE 25 MT AMARILLO -____,____,FEROSOR AGRICOLA S.A.,0.358
1,low_confidence,EXP-14.2,Mantencion Cercos,COMPRAS,cinta multiuso gris 48mmx27m,CINTA MULTIUSO GRIS 48MMX27M.,,SODIMAC S.A.,0.3454
1,low_confidence,EXP-14.2,Mantencion Cercos,COMPRAS,cinta plastica sup n 33 3 4 x 20 mts 80611207012,CINTA PLASTICA SUP.n 33 3/4 X 20 MTS. 80611207012,,ELECTROCOM S.A.,0.548
1,low_confidence,EXP-14.2,Mantencion Cercos,COMPRAS,clavo corriente 2 1 2 x 11 kg,"CLAVO CORRIENTE 2,1/2"" X 11 (KG)",,COMERCIAL CLIMENT SPA,0.4069
1,low_confidence,EXP-14.2,Mantencion Cercos,COMPRAS,clavo galvanizado 1 1 2 x 1 2 kg,CLAVO GALVANIZADO 1.1/2 X 1/2 KG,,EASY RETAIL S.A.,0.2311
1,low_confidence,EXP-14.2,Mantencion Cercos,COMPRAS,clavo granel 3 x 10,"CLAVO GRANEL 3"" X 10","CLAVO GRANEL 3"" X 10",COMERCIAL HARCHA SPA,0.5342
1,low_confidence,EXP-14.2,Mantencion Cercos,COMPRAS,clavo terrano 1 1 2 x 11,"CLAVO TERRANO 1 1/2"" X 11","CLAVO TERRANO 1 1/2"" X 11",COMERCIAL HARCHA SPA,0.6851
1,low_confidence,EXP-14.2,Mantencion Cercos,COMPRAS,clavo terrano 1 1 2kg cun06c,CLAVO TERRANO 1 1/2KG CUN06C,,SODIMAC S.A.,0.6496
1,low_confidence,EXP-14.2,Mantencion Cercos,COMPRAS,codo pp hi hi 32 x 32mm arangul,Codo PP HI-HI 32 x 32mm Arangül,,PUELCHE LOS RIOS SOCIEDAD POR ACCIONES,0.2076
1,low_confidence,EXP-14.2,Mantencion Cercos,COMPRAS,conector bronce p barra t tierra 5 8 corriente ctt 1,CONECTOR BRONCE P/BARRA T/TIERRA 5/8 CORRIENTE CTT-1,,ELECTROCOM S.A.,0.501
1,low_confidence,EXP-14.2,Mantencion Cercos,COMPRAS,conector rapido manguera 1 2,"CONECTOR RAPIDO MANGUERA 1/2""","CONECTOR RAPIDO MANGUERA 1/2""",COMERCIAL HARCHA SPA,0.4502
1,low_confidence,EXP-14.2,Mantencion Cercos,COMPRAS,conf 01 mang hidra 1 47 4 r1 4mts,CONF 01 MANG HIDRA 1&#47;4 R1 4MTS,,SERGIO GUILLERMO LOEBEL PUSCHEL,0.2134
1,low_confidence,EXP-14.2,Mantencion Cercos,COMPRAS,copa plato lavado variflo 38 50 mm goma 45 ba,COPA PLATO LAVADO VARIFLO 38-50 MM GOMA 45 BA,,SOCIEDAD COMERCIAL SERLAC CHILE S.A.,0.2057
1,low_confidence,EXP-14.2,Mantencion Cercos,COMPRAS,copla compresion 63mm arangul,Copla Compresión 63mm Arangül,,PUELCHE LOS RIOS SOCIEDAD POR ACCIONES,0.2668
1,low_confidence,EXP-14.2,Mantencion Cercos,COMPRAS,corchete 26 6 5000 un 11696 torre tor111,CORCHETE 26 6 5000 UN 11696 TORRE TOR111,CORCHETE 26 6 5000 UN 11696 TORRE TOR111,KARIM KLETT DIEZ,0.3245
1,low_confidence,EXP-14.2,Mantencion Cercos,COMPRAS,corchetes 26 6 de 5000 torre,CORCHETES 26/6 DE 5000 TORRE,,PROVEEDORES INTEGRALES DEL SUR S.A.,0.4392
1,low_confidence,EXP-14.2,Mantencion Cercos,COMPRAS,cordel perlon blanco 12 mm,CORDEL PERLON BLANCO 12 MM,CORDEL PERLON BLANCO 12 MM,COMERCIAL HARCHA SPA,0.6416
1,low_confidence,EXP-14.2,Mantencion Cercos,COMPRAS,corrales bramadero,Corrales bramadero,,MAGDIEL AMALEC MONTECINOS SAN MARTIN,0.1657
1,low_confidence,EXP-14.2,Mantencion Cercos,COMPRAS,corrector cinta 5mm stand up torre surtido,CORRECTOR CINTA 5MM STAND UP TORRE SURTIDO,,PROVEEDORES INTEGRALES DEL SUR S.A.,0.2874
1,low_confidence,EXP-14.2,Mantencion Cercos,COMPRAS,corredera ext total 45cm h35,CORREDERA EXT TOTAL 45CM H35,,SODIMAC S.A.,0.7181
1,low_confidence,EXP-14.2,Mantencion Cercos,COMPRAS,costanera ne 100x 50x 15x 3 0 mm,COSTANERA NE 100x 50x 15x 3.0 mm,COSTANERA NE 100x 50x 15x 3.0 mm,Acenor Aceros Del Norte S.A.,0.31
1,low_confidence,EXP-14.2,Mantencion Cercos,COMPRAS,curva conduit 20 mm 746747668829,CURVA CONDUIT 20 MM 746747668829,,ELECTROCOM S.A.,0.6956
1,low_confidence,EXP-14.2,Mantencion Cercos,COMPRAS,curva galvanizada hi he 2,"CURVA GALVANIZADA HI HE 2""",,COMERCIAL CLIMENT SPA,0.4625
1,low_confidence,EXP-14.2,Mantencion Cercos,COMPRAS,dado largo de 1 2 de 27 mm force,DADO LARGO DE 1 2 DE 27 MM FORCE,DADO LARGO DE 1 2 DE 27 MM FORCE,COMERCIAL VIMAR SPA,0.4858
1,low_confidence,EXP-14.2,Mantencion Cercos,COMPRAS,enganche 2 drop 3 4 rise 8 1 4,"ENGANCHE 2"" DROP 3/4"" RISE 8 1/4""",,SOCIEDAD AUTOMOTRIZ TODOESCAPE LIMITADA,0.5485
1,low_confidence,EXP-14.2,Mantencion Cercos,COMPRAS,espaciadorc tomador3mm 1000und,ESPACIADORC/TOMADOR3MM 1000UND,,SODIMAC S.A.,0.532
1,low_confidence,EXP-14.2,Mantencion Cercos,COMPRAS,espuma nivel metal2mm rend10m2,ESPUMA NIVEL METAL2MM REND10M2,,SODIMAC S.A.,0.3298
1,low_confidence,EXP-14.2,Mantencion Cercos,COMPRAS,estaca p aspersor fibra 8mm 120cm,Estaca P/Aspersor Fibra 8mm -120cm,,PUELCHE LOS RIOS SOCIEDAD POR ACCIONES,0.2569
1,low_confidence,EXP-14.2,Mantencion Cercos,COMPRAS,excavadora,Excavadora,,PABLO ANDRES REYES SILVA,0.232
1,low_confidence,EXP-14.2,Mantencion Cercos,COMPRAS,flex lav entrad 3 4x3 4 150cm,FLEX LAV ENTRAD 3/4X3/4 150CM,,SODIMAC S.A.,0.491
1,low_confidence,EXP-14.2,Mantencion Cercos,COMPRAS,flex lav entrad 34x34 150cm,FLEX LAV ENTRAD 34X34 150CM,,SODIMAC S.A.,0.557
1,low_confidence,EXP-14.2,Mantencion Cercos,COMPRAS,flexible agua 30cm hi he 1 2 inoxcrom,FLEXIBLE AGUA 30CM HI HE 1 2 INOXCROM -@,FLEXIBLE AGUA 30CM HI HE 1 2 INOXCROM -@,DORIS IVONNE CASTILLO KANTER,0.1932
1,low_confidence,EXP-14.2,Mantencion Cercos,COMPRAS,flexible conexion tucai 40cm hi 1 2 x m10 short,FLEXIBLE CONEXION TUCAI 40CM HI 1/2 X M10 SHORT -@,FLEXIBLE CONEXION TUCAI 40CM HI 1/2 X M10 SHORT -@,DORIS IVONNE CASTILLO KANTER,0.279
1,low_confidence,EXP-14.2,Mantencion Cercos,COMPRAS,flexible metalico 30cm 1 2 x 1 2,FLEXIBLE METALICO 30CM 1 2 X 1 2 -@,FLEXIBLE METALICO 30CM 1 2 X 1 2 -@,DORIS IVONNE CASTILLO KANTER,0.2961
1,low_confidence,EXP-14.2,Mantencion Cercos,COMPRAS,flexible metalico 40cm 1 2 x 1 2 hi hi fx 1c,FLEXIBLE METALICO 40CM 1 2 X 1 2 HI-HI FX-1C -@,FLEXIBLE METALICO 40CM 1 2 X 1 2 HI-HI FX-1C -@,DORIS IVONNE CASTILLO KANTER,0.2138
1,low_confidence,EXP-14.2,Mantencion Cercos,COMPRAS,galpon y taller maiten,Galpón y taller Maitén,,MAGDIEL AMALEC MONTECINOS SAN MARTIN,0.4445
1,low_confidence,EXP-14.2,Mantencion Cercos,COMPRAS,gretel pie de limon 85 gr,GRETEL PIE DE LIMON 85 GR,,CENCOSUD RETAIL S.A.,0.1679
1,low_confidence,EXP-14.2,Mantencion Cercos,COMPRAS,hallulla jumbo v4 kg,HALLULLA JUMBO V4 KG,,CENCOSUD RETAIL S.A.,0.2071
1,low_confidence,EXP-14.2,Mantencion Cercos,COMPRAS,heliflex liviana c anillo 1 1 4 32mm,"HELIFLEX LIVIANA C/ANILLO 1,1/4"" (32MM)",,COMERCIAL CLIMENT SPA,0.2794
1,low_confidence,EXP-14.2,Mantencion Cercos,COMPRAS,heliflex liviana c anillo 1 25mm,"HELIFLEX LIVIANA C/ANILLO 1"" (25MM)",,COMERCIAL CLIMENT SPA,0.2768
1,low_confidence,EXP-14.2,Mantencion Cercos,COMPRAS,heliflex liviana c anillo 2 50mm,"HELIFLEX LIVIANA C/ANILLO 2"" (50MM)",,COMERCIAL CLIMENT SPA,0.269
1,low_confidence,EXP-14.2,Mantencion Cercos,COMPRAS,horm camara cuadrada elec 30 x 30 exterior con tapa,HORM-CAMARA CUADRADA ELEC 30 X 30 EXTERIOR CON TAPA -@,HORM-CAMARA CUADRADA ELEC 30 X 30 EXTERIOR CON TAPA -@,DORIS IVONNE CASTILLO KANTER,0.3416
1,low_confidence,EXP-14.2,Mantencion Cercos,COMPRAS,huincha medir 30m mas ser cun,HUINCHA MEDIR 30M MAS-SER. CUN,,SODIMAC S.A.,0.5426
1,low_confidence,EXP-14.2,Mantencion Cercos,COMPRAS,huincha medir 8m inox bahco mts 8 25 e,HUINCHA MEDIR 8M INOX. BAHCO (MTS-8-25-E),,COMERCIAL CLIMENT SPA,0.4075
1,low_confidence,EXP-14.2,Mantencion Cercos,COMPRAS,huinchas 11 2x4 20,huinchas 11/2x4.20,,VENTAS DE REPUESTOS DAVID BASTIAS CHAMORRO E.I.R.L.,0.2143
1,low_confidence,EXP-14.2,Mantencion Cercos,COMPRAS,interruptor aut mt60 1p 2a c 6 10ka gewiss gw92002,INTERRUPTOR AUT. MT60 1P 2A C 6/10KA GEWISS GW92002,,ELECTROCOM S.A.,0.4286
1,low_confidence,EXP-14.2,Mantencion Cercos,COMPRAS,interruptor simple 9 12 10a aris mec 0100ia0261,INTERRUPTOR SIMPLE 9/12 10A ARIS MEC 0100IA0261,,ELECTROCOM S.A.,0.2606
1,low_confidence,EXP-14.2,Mantencion Cercos,COMPRAS,lavado pozo,LAVADO POZO,,WALDEMAR ORLANDO VARGAS CARDENAS,0.254
1,low_confidence,EXP-14.2,Mantencion Cercos,COMPRAS,lavaplato 0 80 x 0 50 mt 1c 1e der p monoblock,LAVAPLATO 0.80 X 0.50 MT 1C/1E DER.P/MONOBLOCK,LAVAPLATO 0.80 X 0.50 MT 1C/1E DER.P/MONOBLOCK,COMERCIAL HARCHA SPA,0.6108
1,low_confidence,EXP-14.2,Mantencion Cercos,COMPRAS,lavaplato 100x50 izq 0 5mm 190502502 constructora tau,"LAVAPLATO 100X50 IZQ 0,5MM 190502502 CONSTRUCTORA TAU",,COMERCIAL CLIMENT SPA,0.5481
1,low_confidence,EXP-14.2,Mantencion Cercos,COMPRAS,lija al agua 9x11 n 80 cun,LIJA AL AGUA 9X11 N. 80... CUN,,SODIMAC S.A.,0.3574
1,low_confidence,EXP-14.2,Mantencion Cercos,COMPRAS,lija al agua grano 100 m 611309,LIJA AL AGUA GRANO 100 M 611309,,EASY RETAIL S.A.,0.4334
1,low_confidence,EXP-14.2,Mantencion Cercos,COMPRAS,lija al agua grano 120 m 611310,LIJA AL AGUA GRANO 120 M 611310,,EASY RETAIL S.A.,0.4966
1,low_confidence,EXP-14.2,Mantencion Cercos,COMPRAS,llave angular 1 2 x 3 4 aquakit lan34b,LLAVE ANGULAR 1 2 X 3 4 AQUAKIT LAN34B -@,LLAVE ANGULAR 1 2 X 3 4 AQUAKIT LAN34B -@,DORIS IVONNE CASTILLO KANTER,0.2548
1,low_confidence,EXP-14.2,Mantencion Cercos,COMPRAS,llave punta corona 13 mm stanley,LLAVE PUNTA CORONA 13 MM. STANLEY,,EASY RETAIL S.A.,0.261
1,low_confidence,EXP-14.2,Mantencion Cercos,COMPRAS,madera verde 2x3 x3 2mt,MADERA VERDE 2X3 X3.2MT,,COMERCIAL TCS SPA,0.3943
1,low_confidence,EXP-14.2,Mantencion Cercos,COMPRAS,manguera jardin 3 4 p color verde 19mm 24mm rohs,MANGUERA JARDIN 3 4 P COLOR VERDE 19MM 24MM ROHS -@,MANGUERA JARDIN 3 4 P COLOR VERDE 19MM 24MM ROHS -@,DORIS IVONNE CASTILLO KANTER,0.2087
1,low_confidence,EXP-14.2,Mantencion Cercos,COMPRAS,manguera jardin alemana c tela 1 2,"MANGUERA JARDIN ALEMANA C/TELA 1/2""",,COMERCIAL CLIMENT SPA,0.3226
1,low_confidence,EXP-14.2,Mantencion Cercos,COMPRAS,manguera jardin alemana c tela 3 4,"MANGUERA JARDIN ALEMANA C/TELA 3/4""",,COMERCIAL CLIMENT SPA,0.3038
1,low_confidence,EXP-14.2,Mantencion Cercos,COMPRAS,mani sin sal el trebol 160 gr,MANI SIN SAL EL TREBOL 160 GR,,COMERCIAL AMAR HNOS. Y CIA. LTDA,0.187
1,low_confidence,EXP-14.2,Mantencion Cercos,COMPRAS,manometro glicerina 0 6 bar edr,Manómetro Glicerina 0-6 Bar EDR,,PUELCHE LOS RIOS SOCIEDAD POR ACCIONES,0.1744
1,low_confidence,EXP-14.2,Mantencion Cercos,COMPRAS,masisa enchapada pino 15mm 1 52 x 2 40,MASISA ENCHAPADA PINO 15MM 1 52 X 2 40 -@,MASISA ENCHAPADA PINO 15MM 1 52 X 2 40 -@,DORIS IVONNE CASTILLO KANTER,0.6085
1,low_confidence,EXP-14.2,Mantencion Cercos,COMPRAS,muro galpon,Muro galpón,,MAGDIEL AMALEC MONTECINOS SAN MARTIN,0.5072
1,low_confidence,EXP-14.2,Mantencion Cercos,COMPRAS,neumaticos 400 6 15 5 en,"NEUMATICOS 400/6 -15,5 EN",12 TELAS,JOHN MARCELO CARRILLO SOLDAN,0.4054
1,low_confidence,EXP-14.2,Mantencion Cercos,COMPRAS,nota adhe torre 100 hj 7 6x7 6 cm amarillo neon,NOTA ADHE TORRE 100 HJ 7.6X7.6 CM AMARILLO NEON,,PROVEEDORES INTEGRALES DEL SUR S.A.,0.2974
1,low_confidence,EXP-14.2,Mantencion Cercos,COMPRAS,nota adhe torre 100 hj 7 6x7 6 cm fucsia neon,NOTA ADHE TORRE 100 HJ 7.6X7.6 CM FUCSIA NEON,,PROVEEDORES INTEGRALES DEL SUR S.A.,0.2274
1,low_confidence,EXP-14.2,Mantencion Cercos,COMPRAS,nota adhe torre 100 hj 7 6x7 6 cm verde neon,NOTA ADHE TORRE 100 HJ 7.6X7.6 CM VERDE NEON,,PROVEEDORES INTEGRALES DEL SUR S.A.,0.3212
1,low_confidence,EXP-14.2,Mantencion Cercos,COMPRAS,osb estructural 9 5mm 122x244,"OSB ESTRUCTURAL 9,5MM 122X244",,SODIMAC S.A.,0.332
1,low_confidence,EXP-14.2,Mantencion Cercos,COMPRAS,osb multiplac 9mm 122x244cm cu,OSB MULTIPLAC 9MM 122X244CM CU,,SODIMAC S.A.,0.2205
1,low_confidence,EXP-14.2,Mantencion Cercos,COMPRAS,pack 10 estaca solar acero ino,PACK 10 ESTACA SOLAR ACERO INO,,SODIMAC S.A.,0.3342
1,low_confidence,EXP-14.2,Mantencion Cercos,COMPRAS,pasta limp multiuso 850g cun06,PASTA LIMP MULTIUSO 850G CUN06,,SODIMAC S.A.,0.2639
1,low_confidence,EXP-14.2,Mantencion Cercos,COMPRAS,pasta soldar lata 100 gr n201 02,PASTA SOLDAR LATA 100 GR. N201-02,,ELECTROCOM S.A.,0.2406
1,low_confidence,EXP-14.2,Mantencion Cercos,COMPRAS,perlon torcido 16 mm,PERLON TORCIDO 16 MM,PERLON TORCIDO 16 MM,DORIS IVONNE CASTILLO KANTER,0.2386
1,low_confidence,EXP-14.2,Mantencion Cercos,COMPRAS,piola arranque 3 0 mm,PIOLA ARRANQUE 3 0 MM,PIOLA ARRANQUE 3 0 MM,LIDIA ANGELICA SANHUEZA FUENTES,0.1603
1,low_confidence,EXP-14.2,Mantencion Cercos,COMPRAS,plancha diamantada 2mm x 1000 x 3000mm,PLANCHA DIAMANTADA 2MM X 1000 X 3000MM -@,PLANCHA DIAMANTADA 2MM X 1000 X 3000MM -@,DORIS IVONNE CASTILLO KANTER,0.2383
1,low_confidence,EXP-14.2,Mantencion Cercos,COMPRAS,plancha lisa fibrocemento 5mm 1 20x2 40 m oferta,"PLANCHA LISA FIBROCEMENTO 5MM 1,20X2,40 M *OFERTA*",,COMERCIAL CLIMENT SPA,0.307
1,low_confidence,EXP-14.2,Mantencion Cercos,COMPRAS,plancha lisa fibrocemento 6 0mm 1 20x2 40 mts,PLANCHA LISA FIBROCEMENTO 6.0MM 1.20X2.40 MTS,PLANCHA LISA FIBROCEMENTO 6.0MM 1.20X2.40 MTS,COMERCIAL HARCHA SPA,0.4013
1,low_confidence,EXP-14.2,Mantencion Cercos,COMPRAS,plancha zinc ondulado 3 66m x 0 35mm,"PLANCHA ZINC ONDULADO 3,66M X 0,35MM","PLANCHA ZINC ONDULADO 3,66M X 0,35MM",COOPERATIVA AGRICOLA Y LECHERA DE LA UNION LTDA.,0.5308
1,low_confidence,EXP-14.2,Mantencion Cercos,COMPRAS,platanos granel el trebol 1 kg,PLATANOS GRANEL EL TREBOL 1 KG,,COMERCIAL AMAR HERMANOS Y COMPANIA LIMITADA,0.5112
1,low_confidence,EXP-14.2,Mantencion Cercos,COMPRAS,porta celular tablet,PORTA CELULAR - TABLET,170566,SOC. COMERC. DE REPUESTOS S.P.A.,0.1165
1,low_confidence,EXP-14.2,Mantencion Cercos,COMPRAS,porton metalico 7mt x1 60,PORTON METALICO 7mt x1.60,,COMERCIAL TCS SPA,0.314
1,low_confidence,EXP-14.2,Mantencion Cercos,COMPRAS,portones,portones,,CONSTRUCTORA RAUL ERNESTO PALMA RISOPATRON E.I.R.L.,0.4422
1,low_confidence,EXP-14.2,Mantencion Cercos,COMPRAS,puerta kiwimaster galv 4 27m 14ft,PUERTA KIWIMASTER GALV 4.27M (14FT),PUERTA KIWIMASTER GALV 4.27M (14FT),GALLAGHER CHILE SPA,0.2946
1,low_confidence,EXP-14.2,Mantencion Cercos,COMPRAS,regador williams greenback 250m 220922,REGADOR WILLIAMS GREENBACK 250M 220922,REGADOR WILLIAMS GREENBACK 250M NYLON (220922),COOPERATIVA AGRICOLA Y LECHERA DE LA UNION LTDA.,0.4112
1,low_confidence,EXP-14.2,Mantencion Cercos,COMPRAS,repartidor tetrapolar tosun 7 conex 100a ttd 4 4x7 100a,REPARTIDOR TETRAPOLAR TOSUN 7 CONEX. 100A TTD-4-4X7-100A,,ELECTROCOM S.A.,0.3429
1,low_confidence,EXP-14.2,Mantencion Cercos,COMPRAS,rollo piola nylon azul 1 6mm 20mts p orilladora stihl,"ROLLO PIOLA NYLON AZUL 1,6MM 20MTS P/ORILLADORA STIHL",,COMERCIAL CLIMENT SPA,0.2269
1,low_confidence,EXP-14.2,Mantencion Cercos,COMPRAS,serap electrovalvula doble 220v rainbow,SERAP ELECTROVALVULA DOBLE 220V RAINBOW,,SOCIEDAD COMERCIAL SERLAC CHILE S.A.,0.6031
1,low_confidence,EXP-14.2,Mantencion Cercos,COMPRAS,serap empaquetadura interior valvula vaciado 51mm,SERAP EMPAQUETADURA INTERIOR VALVULA VACIADO 51MM,,SOCIEDAD COMERCIAL SERLAC CHILE S.A.,0.2849
1,low_confidence,EXP-14.2,Mantencion Cercos,COMPRAS,set 4 correas 25mmx5m 350k cun,SET 4 CORREAS 25MMX5M 350K CUN,,SODIMAC S.A.,0.5092
1,low_confidence,EXP-14.2,Mantencion Cercos,COMPRAS,set nivelador 50un llave cun,SET NIVELADOR 50UN + LLAVE CUN,,SODIMAC S.A.,0.3137
1,low_confidence,EXP-14.2,Mantencion Cercos,COMPRAS,tapa tornillo he 3 4,-TAPA TORNILLO HE 3 4,-TAPA TORNILLO HE 3 4,DORIS IVONNE CASTILLO KANTER,0.6778
1,low_confidence,EXP-14.2,Mantencion Cercos,COMPRAS,teflon jumbo 3 4 50mts taumm,Teflon Jumbo 3/4 50mts Taumm,,SERVICIOS PUELCHE SPA,0.2477
1,low_confidence,EXP-14.2,Mantencion Cercos,COMPRAS,tensor cable ojo gancho 5 16 pulg m8,TENSOR CABLE OJO GANCHO 5/16 PULG M8 -@,TENSOR CABLE OJO GANCHO 5/16 PULG M8 -@,DORIS IVONNE CASTILLO KANTER,0.7363
1,low_confidence,EXP-14.2,Mantencion Cercos,COMPRAS,tensor ojo gancho 1,"TENSOR OJO GANCHO 1""","TENSOR OJO GANCHO 1""",COMERCIAL HARCHA SPA,0.3719
1,low_confidence,EXP-14.2,Mantencion Cercos,COMPRAS,terciado estructural 9mm metatek,TERCIADO ESTRUCTURAL 9MM- METATEK,TERCIADO ESTRUCTURAL 9MM- METATEK,COMERCIAL HARCHA SPA,0.368
1,low_confidence,EXP-14.2,Mantencion Cercos,COMPRAS,terminal espiga he 4 arangul,"Terminal Espiga HE 4"" Arangul",,PUELCHE LOS RIOS SOCIEDAD POR ACCIONES,0.2114
1,low_confidence,EXP-14.2,Mantencion Cercos,COMPRAS,terminal so hi 1 2,"TERMINAL SO HI 1/2""",,COMERCIAL CLIMENT SPA,0.2595
1,low_confidence,EXP-14.2,Mantencion Cercos,COMPRAS,tira angulo laminado 50x 4mm,TIRA ANGULO LAMINADO 50X 4MM -@,TIRA ANGULO LAMINADO 50X 4MM -@,DORIS IVONNE CASTILLO KANTER,0.222
1,low_confidence,EXP-14.2,Mantencion Cercos,COMPRAS,tira pletina 63x 5mm,TIRA PLETINA 63X 5MM -@,TIRA PLETINA 63X 5MM -@,DORIS IVONNE CASTILLO KANTER,0.207
1,low_confidence,EXP-14.2,Mantencion Cercos,COMPRAS,torn volc crs zbr 6x 1 1 4 250,TORN VOLC CRS ZBR 6X 1 1/4 250,,SODIMAC S.A.,0.2003
1,low_confidence,EXP-14.2,Mantencion Cercos,COMPRAS,tornillo autop cab truss c g zn 8x3 4,TORNILLO AUTOP CAB.TRUSS C/G ZN 8X3/4,,EASY RETAIL S.A.,0.3197
1,low_confidence,EXP-14.2,Mantencion Cercos,COMPRAS,tornillo banco mecanico c yunque 5 mar azul,"TORNILLO BANCO MECANICO C/YUNQUE 5"" MAR AZUL","TORNILLO BANCO MECANICO C/YUNQUE 5"" MAR AZUL",COMERCIAL HARCHA SPA,0.6303
1,low_confidence,EXP-14.2,Mantencion Cercos,COMPRAS,tornillo madera aglomerada 3 5 x 25 mm,TORNILLO MADERA AGLOMERADA 3.5 X 25 MM,TORNILLO MADERA AGLOMERADA 3.5 X 25 MM,COMERCIAL HARCHA SPA,0.7169
1,low_confidence,EXP-14.2,Mantencion Cercos,COMPRAS,tornillo volcanita negro 100 unid 1,"TORNILLO VOLCANITA NEGRO"" ( 100 UNID.) 1""","TORNILLO VOLCANITA NEGRO"" ( 100 UNID.) 1""",COMERCIAL HARCHA SPA,0.5179
1,low_confidence,EXP-14.2,Mantencion Cercos,COMPRAS,tornillo volcanita negro 100 unid 2,"TORNILLO VOLCANITA NEGRO ( 100 UNID.) 2""","TORNILLO VOLCANITA NEGRO ( 100 UNID.) 2""",COMERCIAL HARCHA SPA,0.5952
1,low_confidence,EXP-14.2,Mantencion Cercos,COMPRAS,tornillo volcanita negro 2 1 4 100un,"TORNILLO VOLCANITA NEGRO 2,1/4"" (100UN)",,COMERCIAL CLIMENT SPA,0.5775
1,low_confidence,EXP-14.2,Mantencion Cercos,COMPRAS,tornillo volcanita negro 6 x 1 5 8 100un,"TORNILLO VOLCANITA NEGRO 6 X 1,5/8"" (100UN)",,COMERCIAL CLIMENT SPA,0.6446
1,low_confidence,EXP-14.2,Mantencion Cercos,COMPRAS,tornillo volcanita zinc 6 x 1 1 4 100un,"TORNILLO VOLCANITA ZINC. 6 X 1,1/4"" (100UN)",,COMERCIAL CLIMENT SPA,0.6438
1,low_confidence,EXP-14.2,Mantencion Cercos,COMPRAS,tornillo volcanita zincado 100 unid 1,"TORNILLO VOLCANITA ZINCADO ( 100 UNID.) 1""","TORNILLO VOLCANITA ZINCADO ( 100 UNID.) 1""",COMERCIAL HARCHA SPA,0.5991
1,low_confidence,EXP-14.2,Mantencion Cercos,COMPRAS,tornillo volcanita zincado 100 unid 1 1 4,"TORNILLO VOLCANITA ZINCADO ( 100 UNID.) 1 1/4""","TORNILLO VOLCANITA ZINCADO ( 100 UNID.) 1 1/4""",COMERCIAL HARCHA SPA,0.5956
1,low_confidence,EXP-14.2,Mantencion Cercos,COMPRAS,tornillo volcanita zincado 100 unid 1 5 8,"TORNILLO VOLCANITA ZINCADO ( 100 UNID.) 1 5/8""","TORNILLO VOLCANITA ZINCADO ( 100 UNID.) 1 5/8""",COMERCIAL HARCHA SPA,0.6594
1,low_confidence,EXP-14.2,Mantencion Cercos,COMPRAS,tornillo volcanita zincado 100 unid 2,"TORNILLO VOLCANITA ZINCADO ( 100 UNID.) 2""","TORNILLO VOLCANITA ZINCADO ( 100 UNID.) 2""",COMERCIAL HARCHA SPA,0.6238
1,low_confidence,EXP-14.2,Mantencion Cercos,COMPRAS,tubo conduit 20x3 mts 4422 fuerte cem 746747670310,TUBO CONDUIT 20X3 MTS 4422 FUERTE CEM 746747670310,,ELECTROCOM S.A.,0.2817
1,low_confidence,EXP-14.2,Mantencion Cercos,COMPRAS,tubo de ducha esquinero 100 x 180 cm blanco inoxcrom,TUBO DE DUCHA ESQUINERO 100 X 180 CM BLANCO INOXCROM -@,TUBO DE DUCHA ESQUINERO 100 X 180 CM BLANCO INOXCROM -@,DORIS IVONNE CASTILLO KANTER,0.2103
1,low_confidence,EXP-14.2,Mantencion Cercos,COMPRAS,tuerca hexagonal g2 unc 3 8 16,"TUERCA HEXAGONAL G2 UNC 3/8""-16","TUERCA HEXAGONAL G2 UNC 3/8""-16",COMERCIAL HARCHA SPA,0.2688
1,low_confidence,EXP-14.2,Mantencion Cercos,COMPRAS,velas estrellas 5un,VELAS ESTRELLAS 5UN,,CENCOSUD RETAIL S.A.,0.4026
1,low_confidence,EXP-14.2,Mantencion Cercos,COMPRAS,vidrio laminado 0 33x1 78,VIDRIO LAMINADO 0.33X1.78,,ROSA ELVIRA SOLIS GUARDA,0.3666
1,low_confidence,EXP-14.2,Mantencion Cercos,COMPRAS,zinc 5v tingle 0 35 x 3 00 mts,ZINC 5V TINGLE 0 35 X 3 00 MTS -@,ZINC 5V TINGLE 0 35 X 3 00 MTS -@,DORIS IVONNE CASTILLO KANTER,0.2723
1,low_confidence,EXP-14.3,Mantencion Agua y Purines,COMPRAS,abrazadera 1 5 16,ABRAZADERA 1-5/16,,RICARDO FRANCISCO WULFF MULLER,0.2737
1,low_confidence,EXP-14.3,Mantencion Agua y Purines,COMPRAS,abrazadera crem 1 1 2,"ABRAZADERA CREM. 1,1/2""",,COMERCIAL CLIMENT SPA,0.402
1,low_confidence,EXP-14.3,Mantencion Agua y Purines,COMPRAS,abrazadera crem 1 2 13 19,"ABRAZADERA CREM. 1/2"" (13-19)",,COMERCIAL CLIMENT SPA,0.3461
1,low_confidence,EXP-14.3,Mantencion Agua y Purines,COMPRAS,abrazadera crem 3 4,"ABRAZADERA CREM. 3/4""",,COMERCIAL CLIMENT SPA,0.4369
1,low_confidence,EXP-14.3,Mantencion Agua y Purines,COMPRAS,abrazadera cremallera 16 25mm,Abrazadera Cremallera 16-25mm,,COMERCIALIZADORA RIEGO BUENO LIMITADA,0.2676
1,low_confidence,EXP-14.3,Mantencion Agua y Purines,COMPRAS,abrazadera pvc conduit hoffens cbm 16 mm,ABRAZADERA PVC CONDUIT - HOFFENS/CBM 16 MM,ABRAZADERA PVC CONDUIT - HOFFENS/CBM 16 MM,COMERCIAL HARCHA SPA,0.6226
1,low_confidence,EXP-14.3,Mantencion Agua y Purines,COMPRAS,abrazadera tubo bajada arena p25 vinilit 80 mm,ABRAZADERA TUBO BAJADA ARENA P25 - VINILIT 80 MM,ABRAZADERA TUBO BAJADA ARENA P25 - VINILIT 80 MM,COMERCIAL HARCHA SPA,0.5597
1,low_confidence,EXP-14.3,Mantencion Agua y Purines,COMPRAS,aceite hydra 32 lubrax 19 lts,ACEITE HYDRA 32 LUBRAX 19 LTS -____,____,FEROSOR AGRICOLA S.A.,0.3219
1,low_confidence,EXP-14.3,Mantencion Agua y Purines,COMPRAS,adapt 1 2 3 4 h pl,ADAPT 1/2 3/4 H PL,,EASY RETAIL S.A.,0.4364
1,low_confidence,EXP-14.3,Mantencion Agua y Purines,COMPRAS,adaptador llave hembra 1 2 a 3 4,ADAPTADOR LLAVE HEMBRA 1/2 A 3/4,,COMERCIAL CLIMENT SPA,0.3756
1,low_confidence,EXP-14.3,Mantencion Agua y Purines,COMPRAS,adaptador so he p termofusion 20 x 1 2,ADAPTADOR SO HE P/TERMOFUSION 20 X 1/2,,COMERCIAL CLIMENT SPA,0.4568
1,low_confidence,EXP-14.3,Mantencion Agua y Purines,COMPRAS,adh ceram muro flexible 25kgt,ADH CERAM MURO FLEXIBLE 25KGT,,SODIMAC S.A.,0.3408
1,low_confidence,EXP-14.3,Mantencion Agua y Purines,COMPRAS,adhesivo humedad 240cc cun14c,ADHESIVO HUMEDAD 240CC CUN14C,,SODIMAC S.A.,0.292
1,low_confidence,EXP-14.3,Mantencion Agua y Purines,COMPRAS,adhesivo pvc hoffens secado rapido c aplicador 240cc,"ADHESIVO PVC ""HOFFENS"" SECADO RAPIDO C/APLICADOR 240CC","ADHESIVO PVC ""HOFFENS"" SECADO RAPIDO C/APLICADOR 240CC",COMERCIAL HARCHA SPA,0.5179
1,low_confidence,EXP-14.3,Mantencion Agua y Purines,COMPRAS,adhesivo pvc lata secado rapido 240cc hoffens 50038,ADHESIVO PVC LATA SECADO RAPIDO 240CC HOFFENS 50038 -@,ADHESIVO PVC LATA SECADO RAPIDO 240CC HOFFENS 50038 -@,DORIS IVONNE CASTILLO KANTER,0.338
1,low_confidence,EXP-14.3,Mantencion Agua y Purines,COMPRAS,adhesivo pvc lata secado rapido 60cc hoffens 51647,ADHESIVO PVC LATA SECADO RAPIDO 60CC HOFFENS 51647 @,ADHESIVO PVC LATA SECADO RAPIDO 60CC HOFFENS 51647 @,DORIS IVONNE CASTILLO KANTER,0.5603
1,low_confidence,EXP-14.3,Mantencion Agua y Purines,COMPRAS,adhesivo pvc tradicional 240cc vinilit,ADHESIVO PVC TRADICIONAL 240CC VINILIT-@,ADHESIVO PVC TRADICIONAL 240CC VINILIT-@,DORIS IVONNE CASTILLO KANTER,0.4233
1,low_confidence,EXP-14.3,Mantencion Agua y Purines,COMPRAS,adhesivo pvc vinilit c brocha tradicional 240 cc,ADHESIVO PVC VINILIT C/BROCHA TRADICIONAL 240 CC,ADHESIVO PVC VINILIT C/BROCHA TRADICIONAL 240 CC,COMERCIAL HARCHA SPA,0.5668
1,low_confidence,EXP-14.3,Mantencion Agua y Purines,COMPRAS,aerosol mutiusos 382ml wd 40,AEROSOL MUTIUSOS 382ML WD 40,,EASY RETAIL S.A.,0.2436
1,low_confidence,EXP-14.3,Mantencion Agua y Purines,COMPRAS,agorex 600 acrilico pintable blanco 300ml henkel,AGOREX 600 ACRILICO PINTABLE BLANCO 300ML HENKEL,,COMERCIAL CLIMENT SPA,0.2154
1,low_confidence,EXP-14.3,Mantencion Agua y Purines,COMPRAS,alargador simple 10mt 2p t 10a mec,ALARGADOR SIMPLE 10MT.2P+T 10A (MEC),,COMERCIAL CLIMENT SPA,0.3682
1,low_confidence,EXP-14.3,Mantencion Agua y Purines,COMPRAS,alicate univers prof 7 stanley,ALICATE UNIVERS.PROF 7 STANLEY,,SODIMAC S.A.,0.2545
1,low_confidence,EXP-14.3,Mantencion Agua y Purines,COMPRAS,alicate universal 8 bahco 2678g 200,"ALICATE UNIVERSAL 8"" BAHCO 2678G/200",,COMERCIAL CLIMENT SPA,0.3279
1,low_confidence,EXP-14.3,Mantencion Agua y Purines,COMPRAS,amarra plastica vkb 4 8 x 300 mm,AMARRA PLASTICA - VKB 4.8 X 300 MM,AMARRA PLASTICA - VKB 4.8 X 300 MM,COMERCIAL HARCHA SPA,0.5395
1,low_confidence,EXP-14.3,Mantencion Agua y Purines,COMPRAS,arnes 3 argollas t xl,ARNES 3 ARGOLLAS T/XL,,MARYUN SEGURIDAD INDUSTRIAL SPA,0.264
1,low_confidence,EXP-14.3,Mantencion Agua y Purines,COMPRAS,aromatizante home spray 250ml leatheroud,AROMATIZANTE HOME SPRAY 250ML LEATHEROUD,,CENCOSUD RETAIL S.A.,0.4833
1,low_confidence,EXP-14.3,Mantencion Agua y Purines,COMPRAS,automatico trif 80 a enganche din,AUTOMATICO TRIF.80 (A) ENGANCHE DIN,,COOPERATIVA ELECTRICA PAILLACO LIMITADA,0.354
1,low_confidence,EXP-14.3,Mantencion Agua y Purines,COMPRAS,bajada cementar arena p25 vinilit,BAJADA CEMENTAR ARENA P25 - VINILIT,BAJADA CEMENTAR ARENA P25 - VINILIT,COMERCIAL HARCHA SPA,0.4971
1,low_confidence,EXP-14.3,Mantencion Agua y Purines,COMPRAS,balde con escurridor 12 litros,BALDE CON ESCURRIDOR 12 LITROS,,SODIMAC S.A.,0.2507
1,low_confidence,EXP-14.3,Mantencion Agua y Purines,COMPRAS,basurero pedal blanco 25l,BASURERO PEDAL BLANCO 25L,,SODIMAC S.A.,0.3514
1,low_confidence,EXP-14.3,Mantencion Agua y Purines,COMPRAS,basurero pedal blanco 25l basc,BASURERO PEDAL BLANCO 25L BASC,,SODIMAC S.A.,0.4139
1,low_confidence,EXP-14.3,Mantencion Agua y Purines,COMPRAS,basurero pedal blanco 25l cun1,BASURERO PEDAL BLANCO 25L CUN1,,SODIMAC S.A.,0.3813
1,low_confidence,EXP-14.3,Mantencion Agua y Purines,COMPRAS,bebedero rectangular 600 lts wenco,BEBEDERO RECTANGULAR 600 LTS WENCO,BEBEDERO RECTANGULAR 600 LTS WENCO,COOPERATIVA AGRICOLA Y LECHERA DE LA UNION LTDA.,0.3026
1,low_confidence,EXP-14.3,Mantencion Agua y Purines,COMPRAS,bola de enganche 1 7 8 x 1 x 2,"BOLA DE ENGANCHE 1 7/8"" X 1 X 2""",,SOCIEDAD AUTOMOTRIZ TODOESCAPE LIMITADA,0.3226
1,low_confidence,EXP-14.3,Mantencion Agua y Purines,COMPRAS,bolsa pla xl,BOLSA PLA XL,UN 0000,ADMIN. DE SUPERMERCADOS HIPER LIMITADA,0.1575
1,low_confidence,EXP-14.3,Mantencion Agua y Purines,COMPRAS,bomba sumergible pvxc 30 50 380v 3hp 105985 pedroll,BOMBA SUMERGIBLE PVXC 30/50 380V 3HP (105985) PEDROLL,,COMERCIAL CLIMENT SPA,0.3375
1,low_confidence,EXP-14.3,Mantencion Agua y Purines,COMPRAS,broca metal hss 3mm d 09684 makita,BROCA METAL HSS 3MM D-09684 MAKITA,,COMERCIAL CLIMENT SPA,0.3293
1,low_confidence,EXP-14.3,Mantencion Agua y Purines,COMPRAS,broca metal hss 4mm d 06339 makita,BROCA METAL HSS 4MM D-06339 MAKITA,,COMERCIAL CLIMENT SPA,0.3524
1,low_confidence,EXP-14.3,Mantencion Agua y Purines,COMPRAS,brocha condor premium 5 8x 2 1 2,BROCHA CONDOR PREMIUM 5/8X 2 1/2,,EASY RETAIL S.A.,0.3277
1,low_confidence,EXP-14.3,Mantencion Agua y Purines,COMPRAS,brocha condor premium 5 8x3,BROCHA CONDOR PREMIUM 5/8X3,,EASY RETAIL S.A.,0.2672
1,low_confidence,EXP-14.3,Mantencion Agua y Purines,COMPRAS,brocha condor premium 5 8x3 cu,BROCHA CONDOR PREMIUM 5/8X3 CU,,SODIMAC S.A.,0.3459
1,low_confidence,EXP-14.3,Mantencion Agua y Purines,COMPRAS,buje corto pvc 63mm 50mm,Buje Corto PVC 63mm - 50mm,,PUELCHE LOS RIOS SOCIEDAD POR ACCIONES,0.6595
1,low_confidence,EXP-14.3,Mantencion Agua y Purines,COMPRAS,buje red corto pvc h 63 x 50,BUJE RED.CORTO PVC-H 63 X 50,,COMERCIAL CLIMENT SPA,0.6592
1,low_confidence,EXP-14.3,Mantencion Agua y Purines,COMPRAS,bushing galvanizado 2 1 2 x 2,"BUSHING GALVANIZADO 2,1/2 X 2""",,COMERCIAL CLIMENT SPA,0.3028
1,low_confidence,EXP-14.3,Mantencion Agua y Purines,COMPRAS,bushing galvanizado 2 x 1 1 2,"BUSHING GALVANIZADO 2 X 1,1/2""",,COMERCIAL CLIMENT SPA,0.329
1,low_confidence,EXP-14.3,Mantencion Agua y Purines,COMPRAS,bushing plast bco hi he 1 1 4 x 1,"BUSHING PLAST.BCO.HI HE 1,1/4 X 1""",,COMERCIAL CLIMENT SPA,0.6097
1,low_confidence,EXP-14.3,Mantencion Agua y Purines,COMPRAS,bushing plast bco hi he 3 4 x 1 2,"BUSHING PLAST.BCO.HI HE 3/4 X 1/2""",,COMERCIAL CLIMENT SPA,0.7319
1,low_confidence,EXP-14.3,Mantencion Agua y Purines,COMPRAS,caja torn pb 12x14x 3 4 g neop p 3,CAJA TORN PB 12x14x 3/4 G/NEOP P#3,CAJA TORN PB 12x14x 3/4 G/NEOP P#3,Acenor Aceros Del Norte S.A.,0.5667
1,low_confidence,EXP-14.3,Mantencion Agua y Purines,COMPRAS,camlock acople hembra tipo b he 2,"CAMLOCK ACOPLE HEMBRA TIPO-B HE 2""",,COMERCIAL CLIMENT SPA,0.3388
1,low_confidence,EXP-14.3,Mantencion Agua y Purines,COMPRAS,canaleta 25pvc blanco 4mt cun1,CANALETA 25PVC BLANCO 4MT CUN1,,SODIMAC S.A.,0.4045
1,low_confidence,EXP-14.3,Mantencion Agua y Purines,COMPRAS,canastilla wc lavanda dona gaby blister 40 gr,CANASTILLA WC LAVANDA DOÑA GABY BLISTER 40 GR,,COMERCIAL AMAR HERMANOS Y COMPANIA LIMITADA,0.6763
1,low_confidence,EXP-14.3,Mantencion Agua y Purines,COMPRAS,caneria cobre 3 4,"CAÑERIA COBRE 3/4""",,SOCIEDAD COMERCIAL SERLAC CHILE S.A.,0.3632
1,low_confidence,EXP-14.3,Mantencion Agua y Purines,COMPRAS,cano acero 0 5x 5 cun01,"CANO ACERO 0,5X 5 CUN01",,SODIMAC S.A.,0.5555
1,low_confidence,EXP-14.3,Mantencion Agua y Purines,COMPRAS,cepillo limpia parrilla 3 en,CEPILLO LIMPIA PARRILLA 3 EN,,SODIMAC S.A.,0.2421
1,low_confidence,EXP-14.3,Mantencion Agua y Purines,COMPRAS,cepillo metal 25 cm cuerpo metalico 110011 vulcano,CEPILLO METAL 25 CM. CUERPO METALICO 110011 VULCANO,,COMERCIAL CLIMENT SPA,0.252
1,low_confidence,EXP-14.3,Mantencion Agua y Purines,COMPRAS,cepillo plastico 14 ep88050203 emaux,"CEPILLO PLASTICO 14"" EP88050203 EMAUX",,COMERCIAL CLIMENT SPA,0.6638
1,low_confidence,EXP-14.3,Mantencion Agua y Purines,COMPRAS,cer 45 3x45 3 flowe bl 2 2cerc,"CER 45,3X45,3 FLOWE BL 2,2CERC",,SODIMAC S.A.,0.195
1,low_confidence,EXP-14.3,Mantencion Agua y Purines,COMPRAS,cerr poli dorm 14202 tub be,CERR POLI DORM 14202 TUB BE.,,SODIMAC S.A.,0.3424
1,low_confidence,EXP-14.3,Mantencion Agua y Purines,COMPRAS,cinta basic 13mm 1 2 3m 10 cun,CINTA BASIC 13MM 1/2 3M/10 CUN,,SODIMAC S.A.,0.5483
1,low_confidence,EXP-14.3,Mantencion Agua y Purines,COMPRAS,cinta reflec 50mmx5m am dot c2,CINTA REFLEC 50MMX5M AM DOT-C2,,SODIMAC S.A.,0.3821
1,low_confidence,EXP-14.3,Mantencion Agua y Purines,COMPRAS,codo 87 5x50mm sanitario gris vnt,CODO 87.5X50MM SANITARIO GRIS VNT,,EASY RETAIL S.A.,0.4229
1,low_confidence,EXP-14.3,Mantencion Agua y Purines,COMPRAS,codo 87 5x75mm sanitario gris vnt,CODO 87.5X75MM SANITARIO GRIS VNT,,EASY RETAIL S.A.,0.4169
1,low_confidence,EXP-14.3,Mantencion Agua y Purines,COMPRAS,codo pvc 45 mac he blanco,"CODO PVC 45 , MAC/HE, BLANCO",,EASY RETAIL S.A.,0.4791
1,low_confidence,EXP-14.3,Mantencion Agua y Purines,COMPRAS,codo so hi p termofusion 20 x 1 2 x 90,CODO SO HI P/TERMOFUSION 20 X 1/2 X 90,,COMERCIAL CLIMENT SPA,0.3484
1,low_confidence,EXP-14.3,Mantencion Agua y Purines,COMPRAS,codo soldar 1 2,"CODO SOLDAR 1/2""","CODO SOLDAR 1/2""",COMERCIAL HARCHA SPA,0.3174
1,low_confidence,EXP-14.3,Mantencion Agua y Purines,COMPRAS,colador acero inox grde,COLADOR ACERO INOX. GRDE,,MIRTHA LEONOR CASTILLO KANTER,0.2362
1,low_confidence,EXP-14.3,Mantencion Agua y Purines,COMPRAS,colador grande plastico,COLADOR GRANDE PLASTICO,,MIRTHA LEONOR CASTILLO KANTER,0.5302
1,low_confidence,EXP-14.3,Mantencion Agua y Purines,COMPRAS,collar arranque pvc p pvc 110 x 2,"COLLAR ARRANQUE PVC P/PVC 110 X 2""",,COMERCIAL CLIMENT SPA,0.6988
1,low_confidence,EXP-14.3,Mantencion Agua y Purines,COMPRAS,collar arranque pvc p pvc 40 x 1,"COLLAR ARRANQUE PVC P/PVC 40 X 1""",,COMERCIAL CLIMENT SPA,0.6923
1,low_confidence,EXP-14.3,Mantencion Agua y Purines,COMPRAS,collar arranque pvc p pvc 40 x 3 4,"COLLAR ARRANQUE PVC P/PVC 40 X 3/4""",,COMERCIAL CLIMENT SPA,0.7028
1,low_confidence,EXP-14.3,Mantencion Agua y Purines,COMPRAS,collar arranque pvc p pvc 50 x 3 4,"COLLAR ARRANQUE PVC P/PVC 50 X 3/4""",,COMERCIAL CLIMENT SPA,0.695
1,low_confidence,EXP-14.3,Mantencion Agua y Purines,COMPRAS,collar arranque pvc p pvc 63 x 1,"COLLAR ARRANQUE PVC P/PVC 63 X 1""",,COMERCIAL CLIMENT SPA,0.6996
1,low_confidence,EXP-14.3,Mantencion Agua y Purines,COMPRAS,collar arranque pvc p pvc 63 x 3 4,"COLLAR ARRANQUE PVC P/PVC 63 X 3/4""",,COMERCIAL CLIMENT SPA,0.7109
1,low_confidence,EXP-14.3,Mantencion Agua y Purines,COMPRAS,conector a kit microtubo hembra terminal 5022 10 x 8,Conector a Kit Microtubo Hembra Terminal 5022 10 x 8,,PUELCHE LOS RIOS SOCIEDAD POR ACCIONES,0.3623
1,low_confidence,EXP-14.3,Mantencion Agua y Purines,COMPRAS,copla 32 mm hdpe,COPLA 32 MM HDPE,,TODO CONSTRUCCION SUR SPA,0.5324
1,low_confidence,EXP-14.3,Mantencion Agua y Purines,COMPRAS,copla bronce hi hi 1 4,"Copla Bronce HI-HI 1/4""",,PUELCHE LOS RIOS SOCIEDAD POR ACCIONES,0.2667
1,low_confidence,EXP-14.3,Mantencion Agua y Purines,COMPRAS,copla fusion ppr 20 mm cun14c,COPLA FUSION PPR 20 MM CUN14C,,SODIMAC S.A.,0.1589
1,low_confidence,EXP-14.3,Mantencion Agua y Purines,COMPRAS,copla galvanizada 1 1 2,"COPLA GALVANIZADA 1,1/2""",,COMERCIAL CLIMENT SPA,0.3824
1,low_confidence,EXP-14.3,Mantencion Agua y Purines,COMPRAS,copla roscada pn16 irritec 32 x 32,COPLA ROSCADA PN16 - IRRITEC 32 X 32,COPLA ROSCADA PN16 - IRRITEC 32 X 32,COMERCIAL HARCHA SPA,0.6653
1,low_confidence,EXP-14.3,Mantencion Agua y Purines,COMPRAS,copla so so 1 1 2,"COPLA SO SO 1,1/2""",,COMERCIAL CLIMENT SPA,0.4369
1,low_confidence,EXP-14.3,Mantencion Agua y Purines,COMPRAS,copla so so p termofusion 20mm,COPLA SO SO P/TERMOFUSION 20MM,,COMERCIAL CLIMENT SPA,0.2785
1,low_confidence,EXP-14.3,Mantencion Agua y Purines,COMPRAS,copla soldar 2,"COPLA SOLDAR 2""","COPLA SOLDAR 2""",COMERCIAL HARCHA SPA,0.4452
1,low_confidence,EXP-14.3,Mantencion Agua y Purines,COMPRAS,cortador de tubo pvc 64mm acero inoxidable truper,Cortador De Tubo Pvc 64mm Acero Inoxidable Truper,,FERRETODO SPA,0.3247
1,low_confidence,EXP-14.3,Mantencion Agua y Purines,COMPRAS,corte limpieza,Corte limpieza,,HECTOR ADRIAN VALENZUELA PAREDES,0.6343
1,low_confidence,EXP-14.3,Mantencion Agua y Purines,COMPRAS,desague lavatorio 1 1 4 cromado 041006005 s cola t,"DESAGUE LAVATORIO 1,1/4"" CROMADO 041006005 (S/COLA) T",,COMERCIAL CLIMENT SPA,0.3595
1,low_confidence,EXP-14.3,Mantencion Agua y Purines,COMPRAS,desague tina receptaculo e70 x s1 1 4 9052642 vinil,"DESAGUE TINA/RECEPTACULO E70 X S1,1/4"" 9052642 VINIL",,COMERCIAL CLIMENT SPA,0.3037
1,low_confidence,EXP-14.3,Mantencion Agua y Purines,COMPRAS,dest pla 3 16x3,DEST PLA 3/16X3,SEC 45 TODO HERRAM $ 698,EASY RETAIL S.A.,0.5121
1,low_confidence,EXP-14.3,Mantencion Agua y Purines,COMPRAS,destacador filgo fluor set x 4 und text marker,DESTACADOR FILGO FLUOR SET X 4 UND TEXT MARKER,,PROVEEDORES INTEGRALES DEL SUR S.A.,0.1805
1,low_confidence,EXP-14.3,Mantencion Agua y Purines,COMPRAS,display sold estano 1mt s p cu,DISPLAY SOLD-ESTANO 1MT S/P CU,,SODIMAC S.A.,0.3884
1,low_confidence,EXP-14.3,Mantencion Agua y Purines,COMPRAS,display tornillo wc bronce piso ferromat fkaa 724,DISPLAY TORNILLO WC BRONCE PISO FERROMAT FKAA-724,,COMERCIAL CLIMENT SPA,0.6624
1,low_confidence,EXP-14.3,Mantencion Agua y Purines,COMPRAS,escantillon de 9 pulgadas,ESCANTILLON DE 9 PULGADAS,",UN SOMBRERO DOBLE, UN SOMBRERO DOBLE DE 8 A 5 PULGADAS Y UN SOMBRERO DE 6 PULGADAS",VICTOR ALFONSO PATINO SAN MARTIN,0.1662
1,low_confidence,EXP-14.3,Mantencion Agua y Purines,COMPRAS,filtro agua pvc negro 2 pulg azud,FILTRO AGUA PVC NEGRO 2 PULG. AZUD -@,FILTRO AGUA PVC NEGRO 2 PULG. AZUD -@,DORIS IVONNE CASTILLO KANTER,0.629
1,low_confidence,EXP-14.3,Mantencion Agua y Purines,COMPRAS,filtro agua pvc negro 2 pulg praktus,FILTRO AGUA PVC NEGRO 2 PULG. PRAKTUS -@,FILTRO AGUA PVC NEGRO 2 PULG. PRAKTUS -@,DORIS IVONNE CASTILLO KANTER,0.5029
1,low_confidence,EXP-14.3,Mantencion Agua y Purines,COMPRAS,filtro malla purificacion tipo y 2 azud,"Filtro Malla Purificacion Tipo Y 2"" Azud",,PUELCHE LOS RIOS SOCIEDAD POR ACCIONES,0.6369
1,low_confidence,EXP-14.3,Mantencion Agua y Purines,COMPRAS,flapper para wc,FLAPPER PARA WC,,LOS MAGNIFICOS SPA,0.2788
1,low_confidence,EXP-14.3,Mantencion Agua y Purines,COMPRAS,flex calefon p t 1 2x40cm hihe,FLEX CALEFON P/T 1/2X40CM HIHE,,SODIMAC S.A.,0.3509
1,low_confidence,EXP-14.3,Mantencion Agua y Purines,COMPRAS,flex lav entrad 3 4x3 4 150fle,FLEX LAV ENTRAD 3/4X3/4 150FLE,,SODIMAC S.A.,0.3917
1,low_confidence,EXP-14.3,Mantencion Agua y Purines,COMPRAS,flexible agua 1 2 x 1 2 hi hi 30cm yts f30hi,FLEXIBLE AGUA 1 2 X 1 2 HI-HI 30CM YTS F30HI-@,FLEXIBLE AGUA 1 2 X 1 2 HI-HI 30CM YTS F30HI-@,DORIS IVONNE CASTILLO KANTER,0.2652
1,low_confidence,EXP-14.3,Mantencion Agua y Purines,COMPRAS,flexible agua 1 2 x 1 2 hi hi 40cm yts f40hi,FLEXIBLE AGUA 1 2 X 1 2 HI-HI 40CM YTS F40HI-@,FLEXIBLE AGUA 1 2 X 1 2 HI-HI 40CM YTS F40HI-@,DORIS IVONNE CASTILLO KANTER,0.2706
1,low_confidence,EXP-14.3,Mantencion Agua y Purines,COMPRAS,flexible agua hi hi 40 cm lineas verdes h full,FLEXIBLE AGUA HI-HI 40 CM-LINEAS VERDES-H-FULL,FLEXIBLE AGUA HI-HI 40 CM-LINEAS VERDES-H-FULL,DORIS IVONNE CASTILLO KANTER,0.2463
1,low_confidence,EXP-14.3,Mantencion Agua y Purines,COMPRAS,flexible calefont 1 2hi x 1 2hi x 25cm 051033211 taum,FLEXIBLE CALEFONT 1/2HI X 1/2HI X 25CM 051033211 TAUM,,COMERCIAL CLIMENT SPA,0.359
1,low_confidence,EXP-14.3,Mantencion Agua y Purines,COMPRAS,flotador 3 4 20mm c adaptador a 1 25mm ap20 25,"FLOTADOR 3/4"" (20MM) C/ADAPTADOR A 1"" (25MM) AP20/25",,COMERCIAL CLIMENT SPA,0.3528
1,low_confidence,EXP-14.3,Mantencion Agua y Purines,COMPRAS,funda ntbk klipx 15 6 reversible neo,"FUNDA NTBK KLIPX 15.6"" REVERSIBLE NEO",,COOPERATIVA AGRICOLA Y DE SERVICIOS LTDA,0.4487
1,low_confidence,EXP-14.3,Mantencion Agua y Purines,COMPRAS,funda plastica carta x 100 un adix,FUNDA PLASTICA CARTA X 100 UN ADIX,,PROVEEDORES INTEGRALES DEL SUR S.A.,0.3208
1,low_confidence,EXP-14.3,Mantencion Agua y Purines,COMPRAS,gancho fijac canaleta pvc blco,GANCHO FIJAC CANALETA PVC BLCO,,SODIMAC S.A.,0.6488
1,low_confidence,EXP-14.3,Mantencion Agua y Purines,COMPRAS,golilla plana corriente acero 7 16,"GOLILLA PLANA CORRIENTE ACERO 7/16""","GOLILLA PLANA CORRIENTE ACERO 7/16""",COMERCIAL HARCHA SPA,0.2185
1,low_confidence,EXP-14.3,Mantencion Agua y Purines,COMPRAS,gretel pie de limon costa paquete 85 gr,GRETEL PIE DE LIMON COSTA PAQUETE 85 GR,,COMERCIAL AMAR HERMANOS Y COMPANIA LIMITADA,0.2505
1,low_confidence,EXP-14.3,Mantencion Agua y Purines,COMPRAS,hdpe copla 20mm,HDPE-COPLA 20MM -@,HDPE-COPLA 20MM -@,DORIS IVONNE CASTILLO KANTER,0.2037
1,low_confidence,EXP-14.3,Mantencion Agua y Purines,COMPRAS,hule afranelado delgado 1 40 ancho,HULE AFRANELADO DELGADO 1.40 ANCHO,HULE AFRANELADO DELGADO 1.40 ANCHO,COMERCIAL HARCHA SPA,0.2003
1,low_confidence,EXP-14.3,Mantencion Agua y Purines,COMPRAS,internit base ceramica 6mm 1 20 x 2 40,INTERNIT BASE CERAMICA 6MM 1 20 X 2.40 -@,INTERNIT BASE CERAMICA 6MM 1 20 X 2.40 -@,DORIS IVONNE CASTILLO KANTER,0.224
1,low_confidence,EXP-14.3,Mantencion Agua y Purines,COMPRAS,interruptor dif rx3 2p 25a 30ma ac legrand 402024,INTERRUPTOR DIF. RX3 2P 25A 30MA AC LEGRAND 402024,,ELECTROCOM S.A.,0.3079
1,low_confidence,EXP-14.3,Mantencion Agua y Purines,COMPRAS,juego manguera 18m c acc eu,JUEGO MANGUERA 18M C/ ACC EU,,SODIMAC S.A.,0.2316
1,low_confidence,EXP-14.3,Mantencion Agua y Purines,COMPRAS,lavalozas 5 litros kw cun02,LAVALOZAS 5 LITROS KW CUN02,,SODIMAC S.A.,0.239
1,low_confidence,EXP-14.3,Mantencion Agua y Purines,COMPRAS,lente 3m virtua ccs sellado claro af 3m 11872 20,LENTE 3M VIRTUA CCS SELLADO CLARO AF 3M 11872-20,,COMERCIALIZADORA DE ART DE PROTECCION Y SEGURIDAD INDUSTRIAL MANQUEHUE LIMITADA,0.3
1,low_confidence,EXP-14.3,Mantencion Agua y Purines,COMPRAS,lija p metal 9x11 n 100 1 2 cu,LIJA P/METAL 9X11 N.100 1/2.CU,,SODIMAC S.A.,0.4661
1,low_confidence,EXP-14.3,Mantencion Agua y Purines,COMPRAS,lima 4 8 mm 3 16,LIMA 4 8 MM 3 16,LIMA 4 8 MM 3 16,LIDIA ANGELICA SANHUEZA FUENTES,0.3698
1,low_confidence,EXP-14.3,Mantencion Agua y Purines,COMPRAS,limpiador crema cif original 450ml,LIMPIADOR CREMA CIF ORIGINAL 450ML,,COMERCIAL AMAR HNOS. Y CIA. LTDA,0.3773
1,low_confidence,EXP-14.3,Mantencion Agua y Purines,COMPRAS,limpiador desinfect sup lavanda 1800 virutex,LIMPIADOR DESINFECT SUP LAVANDA 1800 - VIRUTEX,,COMERCIAL AMAR HNOS. Y CIA. LTDA,0.3403
1,low_confidence,EXP-14.3,Mantencion Agua y Purines,COMPRAS,limpiador liquido poett 4lt lavanda,LIMPIADOR LIQUIDO POETT 4LT LAVANDA,,CENCOSUD RETAIL S.A.,0.5337
1,low_confidence,EXP-14.3,Mantencion Agua y Purines,COMPRAS,llana 10x6 f3c cun42ca,LLANA 10X6 F3C CUN42CA,,SODIMAC S.A.,0.3836
1,low_confidence,EXP-14.3,Mantencion Agua y Purines,COMPRAS,llave angular 1 2 he he 070100320 taumm,"LLAVE ANGULAR 1/2"" HE-HE 070100320 TAUMM",,COMERCIAL CLIMENT SPA,0.3223
1,low_confidence,EXP-14.3,Mantencion Agua y Purines,COMPRAS,llave bola jardin lavad 1 2,LLAVE BOLA JARDIN/LAVAD 1/2..,,SODIMAC S.A.,0.4754
1,low_confidence,EXP-14.3,Mantencion Agua y Purines,COMPRAS,llave bola jardin taumm stretto 1 2,"LLAVE BOLA JARDIN TAUMM/STRETTO 1/2""","LLAVE BOLA JARDIN TAUMM/STRETTO 1/2""",COMERCIAL HARCHA SPA,0.3631
1,low_confidence,EXP-14.3,Mantencion Agua y Purines,COMPRAS,mantencion equipos,Mantención equipos,Purines,INDUSTRIAL RIEGO SPA,0.2509
1,low_confidence,EXP-14.3,Mantencion Agua y Purines,COMPRAS,mantencion y limpieza,MANTENCION Y LIMPIEZA,ESTANQUE COMBUSTIBLE,FRANCISCO ALEJANDRO ARRIAGADA NAHUELPAN,0.375
1,low_confidence,EXP-14.3,Mantencion Agua y Purines,COMPRAS,mini regulator 40 psi 1 2 acme x acme nel,MINI REGULATOR 40 PSI 1 2 ACME X ACME NEL,MINI REGULATOR 40 PSI 1 2 ACME X ACME NEL,HIDROTATTERSALL S.A.,0.288
1,low_confidence,EXP-14.3,Mantencion Agua y Purines,COMPRAS,mini valvula espiga he 16mm celeste edr,Mini Válvula Espiga-He 16mm Celeste EDR,,PUELCHE LOS RIOS SOCIEDAD POR ACCIONES,0.4117
1,low_confidence,EXP-14.3,Mantencion Agua y Purines,COMPRAS,mold pino mc7 cornisa 19x19x3,MOLD PINO MC7 CORNISA 19X19X3,,SODIMAC S.A.,0.2767
1,low_confidence,EXP-14.3,Mantencion Agua y Purines,COMPRAS,moldura pin cr1 1 4 rod13x13x3,MOLDURA PIN CR1 1/4 ROD13X13X3,,SODIMAC S.A.,0.3657
1,low_confidence,EXP-14.3,Mantencion Agua y Purines,COMPRAS,monomando lavaplato vert plumber cincinnati mosaico 20ci5603000,MONOMANDO LAVAPLATO VERT. PLUMBER CINCINNATI MOSAICO 20CI5603000,MONOMANDO LAVAPLATO VERT. PLUMBER CINCINNATI MOSAICO 20CI5603000,COMERCIAL HARCHA SPA,0.3949
1,low_confidence,EXP-14.3,Mantencion Agua y Purines,COMPRAS,mt x tira pvc sanitario gris 110mm certificada cesm,* MT.X TIRA PVC-SANITARIO GRIS 110MM CERTIFICADA CESM,,COMERCIAL CLIMENT SPA,0.5004
1,low_confidence,EXP-14.3,Mantencion Agua y Purines,COMPRAS,mt x tira pvc sanitario gris 110mm no certificada,* MT.X TIRA PVC-SANITARIO GRIS 110MM NO CERTIFICADA,,COMERCIAL CLIMENT SPA,0.5769
1,low_confidence,EXP-14.3,Mantencion Agua y Purines,COMPRAS,mt x tira pvc sanitario gris 50mm oferta,"* MT.X TIRA PVC-SANITARIO GRIS 50MM ""OFERTA""",,COMERCIAL CLIMENT SPA,0.4307
1,low_confidence,EXP-14.3,Mantencion Agua y Purines,COMPRAS,mt x tira pvc sanitario gris 75mm oferta,"* MT.X TIRA PVC-SANITARIO GRIS 75MM ""OFERTA""",,COMERCIAL CLIMENT SPA,0.4574
1,low_confidence,EXP-14.3,Mantencion Agua y Purines,COMPRAS,n 3 metro pvc sanitario gris 40 mm,Ñ-3 METRO PVC SANITARIO GRIS 40 MM -@,Ñ-3 METRO PVC SANITARIO GRIS 40 MM -@,DORIS IVONNE CASTILLO KANTER,0.6236
1,low_confidence,EXP-14.3,Mantencion Agua y Purines,COMPRAS,n tira pvc sanitario gris 75 mm x 6mts,Ñ-TIRA PVC SANITARIO GRIS 75 MM X 6MTS -@,Ñ-TIRA PVC SANITARIO GRIS 75 MM X 6MTS -@,DORIS IVONNE CASTILLO KANTER,0.4491
1,low_confidence,EXP-14.3,Mantencion Agua y Purines,COMPRAS,niple plast bco he he 1,"NIPLE PLAST.BCO.HE HE 1""",,COMERCIAL CLIMENT SPA,0.441
1,low_confidence,EXP-14.3,Mantencion Agua y Purines,COMPRAS,niple plast bco he he 1 1 2,"NIPLE PLAST.BCO.HE HE 1,1/2""",,COMERCIAL CLIMENT SPA,0.4917
1,low_confidence,EXP-14.3,Mantencion Agua y Purines,COMPRAS,niple plast bco he he 1 1 4,"NIPLE PLAST.BCO.HE HE 1,1/4""",,COMERCIAL CLIMENT SPA,0.5727
1,low_confidence,EXP-14.3,Mantencion Agua y Purines,COMPRAS,niple pp 1 x 1 arangul,"Niple PP 1"" x 1"" Arangül",,PUELCHE LOS RIOS SOCIEDAD POR ACCIONES,0.3409
1,low_confidence,EXP-14.3,Mantencion Agua y Purines,COMPRAS,nylon orill husqvarna 2 0mm cu,"NYLON ORILL HUSQVARNA 2,0MM CU",,SODIMAC S.A.,0.2297
1,low_confidence,EXP-14.3,Mantencion Agua y Purines,COMPRAS,p meter potentiometer 10kohm,"P/meter-Potentiometer, 10Kohm","P/meter-Potentiometer, 10Kohm",GALLAGHER CHILE SPA,0.3086
1,low_confidence,EXP-14.3,Mantencion Agua y Purines,COMPRAS,pala 3 en 1 vileda,PALA 3 EN 1 VILEDA,,EASY RETAIL S.A.,0.2779
1,low_confidence,EXP-14.3,Mantencion Agua y Purines,COMPRAS,pala plastica turquesa cun059,PALA PLASTICA TURQUESA CUN059,,SODIMAC S.A.,0.7398
1,low_confidence,EXP-14.3,Mantencion Agua y Purines,COMPRAS,pano microfibra verde 40 60cm,PAÑO MICROFIBRA VERDE 40*60CM,,PINTURAS BARENDS SpA,0.2273
1,low_confidence,EXP-14.3,Mantencion Agua y Purines,COMPRAS,papel higienico ultra dh 25mts elite paquete 24 und,PAPEL HIGIENICO ULTRA DH 25MTS ELITE PAQUETE 24 UND,,COMERCIAL AMAR HERMANOS Y COMPANIA LIMITADA,0.2818
1,low_confidence,EXP-14.3,Mantencion Agua y Purines,COMPRAS,peras packhams granel el trebol 1 kg,PERAS PACKHAMS GRANEL EL TREBOL 1 KG,,COMERCIAL AMAR HERMANOS Y COMPANIA LIMITADA,0.1639
1,low_confidence,EXP-14.3,Mantencion Agua y Purines,COMPRAS,perforador negro pp 25 20 hj negro mediano isofit,PERFORADOR NEGRO PP-25 20 HJ NEGRO MEDIANO ISOFIT,,PROVEEDORES INTEGRALES DEL SUR S.A.,0.4379
1,low_confidence,EXP-14.3,Mantencion Agua y Purines,COMPRAS,pernos hex pu g 2 nc 1 2 x 2,"PERNOS HEX. PU G-2 NC 1/2 X 2""",,FERIA REMEHUE LTDA.,0.2278
1,low_confidence,EXP-14.3,Mantencion Agua y Purines,COMPRAS,piton chorro regulable 1 1 2 40mm hi anka,"PITON CHORRO REGULABLE 1,1/2"" 40MM HI ANKA",,COMERCIAL CLIMENT SPA,0.2753
1,low_confidence,EXP-14.3,Mantencion Agua y Purines,COMPRAS,pizarra acrilica 90x120cm,PIZARRA ACRILICA 90X120CM,PIZARRA ACRILICA 90X120CM,ILOP S A,0.2146
1,low_confidence,EXP-14.3,Mantencion Agua y Purines,COMPRAS,pizarra magnetica 0 60 x 0 80 cm torre marco al,PIZARRA MAGNETICA 0.60 X 0.80 CM TORRE MARCO AL -@,PIZARRA MAGNETICA 0.60 X 0.80 CM TORRE MARCO AL -@,DORIS IVONNE CASTILLO KANTER,0.1875
1,low_confidence,EXP-14.3,Mantencion Agua y Purines,COMPRAS,plafon ovalado blanco bticino p21b,PLAFON OVALADO BLANCO BTICINO P21B,,ELECTROCOM S.A.,0.5467
1,low_confidence,EXP-14.3,Mantencion Agua y Purines,COMPRAS,plato mediano carton 12un,PLATO MEDIANO CARTON 12UN,,CENCOSUD RETAIL S.A.,0.3448
1,low_confidence,EXP-14.3,Mantencion Agua y Purines,COMPRAS,plum hybrid 16 trico,PLUM HYBRID 16'''' TRICO,401610,SOC. COMERC. DE REPUESTOS S.P.A.,0.2358
1,low_confidence,EXP-14.3,Mantencion Agua y Purines,COMPRAS,plum hybrid 26 trico,PLUM HYBRID 26'''' TRICO,401602,SOC. COMERC. DE REPUESTOS S.P.A.,0.1926
1,low_confidence,EXP-14.3,Mantencion Agua y Purines,COMPRAS,plum universal 17 dgp,PLUM UNIVERSAL 17'' DGP,120805,SOC. COMERC. DE REPUESTOS S.P.A.,0.2154
1,low_confidence,EXP-14.3,Mantencion Agua y Purines,COMPRAS,plum universal 22 dgp,PLUM UNIVERSAL 22'' DGP,120800,SOC. COMERC. DE REPUESTOS S.P.A.,0.2588
1,low_confidence,EXP-14.3,Mantencion Agua y Purines,COMPRAS,policarbonato ond0 7mm3 66m tr,"POLICARBONATO OND0,7MM3,66M TR",,SODIMAC S.A.,0.3999
1,low_confidence,EXP-14.3,Mantencion Agua y Purines,COMPRAS,porta pallet 2 000 kg tiemann stge0g2375,PORTA PALLET 2.000 KG TIEMANN -___-_STGE0G2375,___-_STGE0G2375,FEROSOR AGRICOLA S.A.,0.2483
1,low_confidence,EXP-14.3,Mantencion Agua y Purines,COMPRAS,porta pallet 2 000 kg tiemann stge0g2379,PORTA PALLET 2.000 KG TIEMANN -___-_STGE0G2379,___-_STGE0G2379,FEROSOR AGRICOLA S.A.,0.2525
1,low_confidence,EXP-14.3,Mantencion Agua y Purines,COMPRAS,pulido de llanta,pulido de llanta,de cuadrimoto,CARLOS IVAN MEZA HERMOSILLA,0.578
1,low_confidence,EXP-14.3,Mantencion Agua y Purines,COMPRAS,pulverizador manual 1 l cun34c,PULVERIZADOR MANUAL 1 L CUN34C,,SODIMAC S.A.,0.3946
1,low_confidence,EXP-14.3,Mantencion Agua y Purines,COMPRAS,pulverizador manual 475 s x 15 l solo,PULVERIZADOR MANUAL 475/S X 15 L SOLO,PULVERIZADOR MANUAL 475/S X 15 L SOLO,COOPERATIVA AGRICOLA Y LECHERA DE LA UNION LTDA.,0.3615
1,low_confidence,EXP-14.3,Mantencion Agua y Purines,COMPRAS,pvc,PVC,,JORGEN HORACIO VEGA AGUILA,0.6857
1,low_confidence,EXP-14.3,Mantencion Agua y Purines,COMPRAS,rallador con mango cun05,RALLADOR CON MANGO CUN05,,SODIMAC S.A.,0.3179
1,low_confidence,EXP-14.3,Mantencion Agua y Purines,COMPRAS,reduc pvc sanit gris 110 x 50mm,REDUC.PVC-SANIT.GRIS 110 X 50MM.,,COMERCIAL CLIMENT SPA,0.2884
1,low_confidence,EXP-14.3,Mantencion Agua y Purines,COMPRAS,reduccion hdpe 32 x 25,REDUCCION HDPE 32 X 25,,COMERCIAL CLIMENT SPA,0.3435
1,low_confidence,EXP-14.3,Mantencion Agua y Purines,COMPRAS,regla plastica 20 cm 4152006 hand dev111,REGLA PLASTICA 20 CM 4152006 HAND DEV111,REGLA PLASTICA 20 CM 4152006 HAND DEV111,KARIM KLETT DIEZ,0.3019
1,low_confidence,EXP-14.3,Mantencion Agua y Purines,COMPRAS,reparacion porton,reparacion porton,"reparacion porton acceso fundo yutreco, cambio transformador nice drive 1000",FULL PORTON SPA,0.2285
1,low_confidence,EXP-14.3,Mantencion Agua y Purines,COMPRAS,reparador manguera 1 2,"REPARADOR MANGUERA 1/2""","REPARADOR MANGUERA 1/2""",COMERCIAL HARCHA SPA,0.7392
1,low_confidence,EXP-14.3,Mantencion Agua y Purines,COMPRAS,roller v ball grip 0 7 negro blnvbg7b pilot ime111,ROLLER V BALL GRIP 0 7 NEGRO BLNVBG7B PILOT IME111,ROLLER V BALL GRIP 0 7 NEGRO BLNVBG7B PILOT IME111,KARIM KLETT DIEZ,0.2052
1,low_confidence,EXP-14.3,Mantencion Agua y Purines,COMPRAS,serap kit de tuberia azul detergente acid perac,SERAP KIT DE TUBERIA AZUL DETERGENTE ACID PERAC,,SOCIEDAD COMERCIAL SERLAC CHILE S.A.,0.272
1,low_confidence,EXP-14.3,Mantencion Agua y Purines,COMPRAS,servicio de limpieza,SERVICIO DE LIMPIEZA,DE FOSAS SECTOR MULPULMO,SOCIEDAD HIDRO FOSAS SPA,0.2554
1,low_confidence,EXP-14.3,Mantencion Agua y Purines,COMPRAS,servicio de reparacion,Servicio de reparación,Desbrozadora 143RII.-,CARLOS JOAQUIN CAMPOS GONZALEZ,0.2258
1,low_confidence,EXP-14.3,Mantencion Agua y Purines,COMPRAS,servicio reparacion,Servicio reparación,desbrozadora 143RII Husq.o/T 16027,CARLOS JOAQUIN CAMPOS GONZALEZ,0.2438
1,low_confidence,EXP-14.3,Mantencion Agua y Purines,COMPRAS,set 2 pulpos 17mm x 1m cun16cp,SET 2 PULPOS 17MM X 1M CUN16Cp,,SODIMAC S.A.,0.3618
1,low_confidence,EXP-14.3,Mantencion Agua y Purines,COMPRAS,sff dell optiplex 7020 i5 14500 8gb 512g,SFF DELL OPTIPLEX 7020 I5-14500 8GB 512G,,COOPERATIVA AGRICOLA Y DE SERVICIOS LTDA,0.188
1,low_confidence,EXP-14.3,Mantencion Agua y Purines,COMPRAS,slide tube alum new case,Slide Tube-Alum New case,Slide Tube-Alum New case,GALLAGHER CHILE SPA,0.3358
1,low_confidence,EXP-14.3,Mantencion Agua y Purines,COMPRAS,tapa canaleta p25 blanco univ,TAPA CANALETA P25 BLANCO UNIV,,SODIMAC S.A.,0.4681
1,low_confidence,EXP-14.3,Mantencion Agua y Purines,COMPRAS,tapa gorro pvc hidr hi 25x34,TAPA GORRO PVC HIDR HI 25X34,,TODO CONSTRUCCION SUR SPA,0.6886
1,low_confidence,EXP-14.3,Mantencion Agua y Purines,COMPRAS,tapa tornillo pvc hidr he 34,TAPA TORNILLO PVC HIDR HE 34,,TODO CONSTRUCCION SUR SPA,0.5091
1,low_confidence,EXP-14.3,Mantencion Agua y Purines,COMPRAS,tapon gorro pvc h cem 110mm,TAPON GORRO PVC-H CEM. 110MM.,,COMERCIAL CLIMENT SPA,0.7264
1,low_confidence,EXP-14.3,Mantencion Agua y Purines,COMPRAS,tapon gorro pvc h cem 50mm,TAPON GORRO PVC-H CEM. 50MM.,,COMERCIAL CLIMENT SPA,0.7198
1,low_confidence,EXP-14.3,Mantencion Agua y Purines,COMPRAS,tapon ppr 20 mm cun14c,TAPON PPR 20 MM CUN14C,,SODIMAC S.A.,0.436
1,low_confidence,EXP-14.3,Mantencion Agua y Purines,COMPRAS,tapon tornillo plast bco he 1 1 2,"TAPON TORNILLO PLAST.BCO.HE 1,1/2""",,COMERCIAL CLIMENT SPA,0.4592
1,low_confidence,EXP-14.3,Mantencion Agua y Purines,COMPRAS,tapon tornillo plast bco he 3 4,"TAPON TORNILLO PLAST.BCO.HE 3/4""",,COMERCIAL CLIMENT SPA,0.5118
1,low_confidence,EXP-14.3,Mantencion Agua y Purines,COMPRAS,tee hdpe 50 x 1 1 2hi,"TEE HDPE 50 X 1,1/2HI",,COMERCIAL CLIMENT SPA,0.3838
1,low_confidence,EXP-14.3,Mantencion Agua y Purines,COMPRAS,tee plast bco hi hi 1,"TEE PLAST.BCO.HI HI 1""",,COMERCIAL CLIMENT SPA,0.2711
1,low_confidence,EXP-14.3,Mantencion Agua y Purines,COMPRAS,tee plast bco hi hi 1 1 2,"TEE PLAST.BCO.HI HI 1,1/2""",,COMERCIAL CLIMENT SPA,0.3547
1,low_confidence,EXP-14.3,Mantencion Agua y Purines,COMPRAS,tee plast bco hi hi 1 1 4,"TEE PLAST.BCO.HI HI 1,1/4""",,COMERCIAL CLIMENT SPA,0.4467
1,low_confidence,EXP-14.3,Mantencion Agua y Purines,COMPRAS,tee plastico 1,"TEE PLASTICO 1""",,COMERCIAL CLIMENT SPA,0.629
1,low_confidence,EXP-14.3,Mantencion Agua y Purines,COMPRAS,tee plastico 3 4,"TEE PLASTICO 3/4""",,COMERCIAL CLIMENT SPA,0.5206
1,low_confidence,EXP-14.3,Mantencion Agua y Purines,COMPRAS,tee roscada pn16 32mm irritec,TEE ROSCADA PN16 32MM - IRRITEC,TEE ROSCADA PN16 32MM - IRRITEC,COMERCIAL HARCHA SPA,0.3447
1,low_confidence,EXP-14.3,Mantencion Agua y Purines,COMPRAS,teflon 1 2 x 10mt basic cun12c,TEFLON 1/2 X 10MT BASIC CUN12C,,SODIMAC S.A.,0.5237
1,low_confidence,EXP-14.3,Mantencion Agua y Purines,COMPRAS,terminal compresion 40mm he,Terminal Compresión 40mm HE,,COMERCIALIZADORA RIEGO BUENO LIMITADA,0.5801
1,low_confidence,EXP-14.3,Mantencion Agua y Purines,COMPRAS,terminal compresion 40mm hi,Terminal Compresión 40mm HI,,COMERCIALIZADORA RIEGO BUENO LIMITADA,0.4234
1,low_confidence,EXP-14.3,Mantencion Agua y Purines,COMPRAS,terminal compresion he 32mm arangul,Terminal Compresión HE 32mm Arangül,,PUELCHE LOS RIOS SOCIEDAD POR ACCIONES,0.2461
1,low_confidence,EXP-14.3,Mantencion Agua y Purines,COMPRAS,terminal compresion hi 32mm pimtas st,Terminal Compresión HI 32mm Pimtas ST,,PUELCHE LOS RIOS SOCIEDAD POR ACCIONES,0.2426
1,low_confidence,EXP-14.3,Mantencion Agua y Purines,COMPRAS,terminal conduit con t pvc 20 mm 0746747669901,TERMINAL CONDUIT CON T/PVC 20 MM 0746747669901,,ELECTROCOM S.A.,0.2508
1,low_confidence,EXP-14.3,Mantencion Agua y Purines,COMPRAS,terminal he plansa 1 1 4 hoffens,"TERMINAL HE PLANSA 1 1/4"" - HOFFENS","TERMINAL HE PLANSA 1 1/4"" - HOFFENS",COMERCIAL HARCHA SPA,0.4061
1,low_confidence,EXP-14.3,Mantencion Agua y Purines,COMPRAS,terminal he plansa 1 2 hoffens,"TERMINAL HE PLANSA 1/2 "" - HOFFENS","TERMINAL HE PLANSA 1/2 "" - HOFFENS",COMERCIAL HARCHA SPA,0.3385
1,low_confidence,EXP-14.3,Mantencion Agua y Purines,COMPRAS,terminal hi 32 mm hdpe,TERMINAL HI 32 MM HDPE,,TODO CONSTRUCCION SUR SPA,0.5927
1,low_confidence,EXP-14.3,Mantencion Agua y Purines,COMPRAS,terminal hi plansa 1 2 hoffens,"TERMINAL HI PLANSA 1/2"" - HOFFENS","TERMINAL HI PLANSA 1/2"" - HOFFENS",COMERCIAL HARCHA SPA,0.1861
1,low_confidence,EXP-14.3,Mantencion Agua y Purines,COMPRAS,terminal hi plastico 1,"TERMINAL HI PLASTICO 1""",,COMERCIAL CLIMENT SPA,0.7478
1,low_confidence,EXP-14.3,Mantencion Agua y Purines,COMPRAS,terminal hi plastico 1 1 2,"TERMINAL HI PLASTICO 1,1/2""",,COMERCIAL CLIMENT SPA,0.6789
1,low_confidence,EXP-14.3,Mantencion Agua y Purines,COMPRAS,terminal hi plastico 1 1 4,"TERMINAL HI PLASTICO 1,1/4""",,COMERCIAL CLIMENT SPA,0.6805
1,low_confidence,EXP-14.3,Mantencion Agua y Purines,COMPRAS,terminal hi plastico 2,"TERMINAL HI PLASTICO 2""",,COMERCIAL CLIMENT SPA,0.7389
1,low_confidence,EXP-14.3,Mantencion Agua y Purines,COMPRAS,terminal soldar hi 1 2,"TERMINAL SOLDAR HI 1/2""","TERMINAL SOLDAR HI 1/2""",COMERCIAL HARCHA SPA,0.2393
1,low_confidence,EXP-14.3,Mantencion Agua y Purines,COMPRAS,torn volc crs pfn 6x1 1 4 250u,TORN VOLC CRS PFN 6X1.1/4 250U,,SODIMAC S.A.,0.5092
1,low_confidence,EXP-14.3,Mantencion Agua y Purines,COMPRAS,torn volc crs pfn 6x2 200u cu,TORN VOLC CRS PFN 6X2 200U. CU,,SODIMAC S.A.,0.3886
1,low_confidence,EXP-14.3,Mantencion Agua y Purines,COMPRAS,torn yesocar pbz 6x1 1 4 250u,TORN YESOCAR PBZ 6X1.1/4 250U.,,SODIMAC S.A.,0.3002
1,low_confidence,EXP-14.3,Mantencion Agua y Purines,COMPRAS,torn yesocar pbz 6x2 100un cun,TORN YESOCAR PBZ 6X2 100UN CUN,,SODIMAC S.A.,0.2705
1,low_confidence,EXP-14.3,Mantencion Agua y Purines,COMPRAS,trapero ultra absorbentegigante 50x57 clasica,TRAPERO ULTRA ABSORBENTEGIGANTE 50X57- CLASICA,,COMERCIAL AMAR HNOS. Y CIA. LTDA,0.1686
1,low_confidence,EXP-14.3,Mantencion Agua y Purines,COMPRAS,trapero virutex simple 50x70 cm,TRAPERO VIRUTEX SIMPLE 50X70 CM,,EASY RETAIL S.A.,0.2281
1,low_confidence,EXP-14.3,Mantencion Agua y Purines,COMPRAS,tub cuad neg 50 x 3 0 mm,TUB CUAD NEG 50 X 3.0 MM,TUB CUAD NEG 50 X 3.0 MM,Acenor Aceros Del Norte S.A.,0.3635
1,low_confidence,EXP-14.3,Mantencion Agua y Purines,COMPRAS,tub cuad neg 75 x 4 0 mm,TUB CUAD NEG 75 X 4.0 MM,TUB CUAD NEG 75 X 4.0 MM,Acenor Aceros Del Norte S.A.,0.3573
1,low_confidence,EXP-14.3,Mantencion Agua y Purines,COMPRAS,tuberia clase 16 20mm x 1mt presion vnt,TUBERIA CLASE 16 20MM X 1MT PRESION VNT,,EASY RETAIL S.A.,0.2839
1,low_confidence,EXP-14.3,Mantencion Agua y Purines,COMPRAS,tuberia cobre 5 8,"TUBERIA COBRE 5/8""",,SOCIEDAD COMERCIAL SERLAC CHILE S.A.,0.4103
1,low_confidence,EXP-14.3,Mantencion Agua y Purines,COMPRAS,tuberia hdpe 63mm pn4 rollo 200 mts,Tubería HDPE 63mm PN4 Rollo 200 Mts,==================#BR#RETIRA:#BR#PATENTE:,PUELCHE LOS RIOS SOCIEDAD POR ACCIONES,0.4486
1,low_confidence,EXP-14.3,Mantencion Agua y Purines,COMPRAS,tuberia hdpe 63mm pn6 din 3 6mm de esp pe 80,"Tubería HDPE 63mm PN6 DIN 3,6mm de Esp-PE 80",,PUELCHE LOS RIOS SOCIEDAD POR ACCIONES,0.7164
1,low_confidence,EXP-14.3,Mantencion Agua y Purines,COMPRAS,tuberia hdpe 63mm pn6 din 3 6mm de esp pe 80 150 mt,"Tubería HDPE 63mm PN6 DIN 3,6mm de Esp-PE 80 150 Mt",,SERVICIOS PUELCHE SPA,0.6867
1,low_confidence,EXP-14.3,Mantencion Agua y Purines,COMPRAS,tubo a r b p j m 1000 mmx2,TUBO A.R.B/P J/M 1000 mmx2,,BOTTAI S.A.,0.438
1,low_confidence,EXP-14.3,Mantencion Agua y Purines,COMPRAS,tubo bajada arena p25 vinilit 3 mts,TUBO BAJADA ARENA P25 - VINILIT 3 MTS,TUBO BAJADA ARENA P25 - VINILIT 3 MTS,COMERCIAL HARCHA SPA,0.6601
1,low_confidence,EXP-14.3,Mantencion Agua y Purines,COMPRAS,tubo corrugado hdpe,TUBO CORRUGADO HDPE,15 PULG,COMERCIAL TCS SPA,0.5102
1,low_confidence,EXP-14.3,Mantencion Agua y Purines,COMPRAS,tubo corrugado hdpe 300 mm 12 astm f2306 astm f667 ss l 6 0m,"Tubo Corrugado HDPE 300 mm (12"") ASTM F2306 ASTM F667 SS L.6,0M","Tubo Corrugado fabricado según la norma AASHTO M294, largo de 6 m, doble pared, sin perforaciones",Servicios Sinergia Austral SpA,0.6258
1,low_confidence,EXP-14.3,Mantencion Agua y Purines,COMPRAS,tubo drenaje flexadren 100 mm petroflex,TUBO DRENAJE FLEXADREN 100 MM PETROFLEX,TUBO DRENAJE FLEXADREN 100 MM PETROFLEX,COMERCIAL HARCHA SPA,0.3644
1,low_confidence,EXP-14.3,Mantencion Agua y Purines,COMPRAS,tubo hdpe 30cm x6mt,TUBO HDPE 30CM X6MT,CON UNION ESPEGA CAMPANA - SIN SELLOS DE GOMA,COMERCIAL TCS SPA,0.6155
1,low_confidence,EXP-14.3,Mantencion Agua y Purines,COMPRAS,tubo hdpe 40cm x6mt,TUBO HDPE 40CM X6MT,CON UNION ESPEGA CAMPANA - SIN SELLOS DE GOMA,COMERCIAL TCS SPA,0.6254
1,low_confidence,EXP-14.3,Mantencion Agua y Purines,COMPRAS,tubo pvc presion c 12 5 25mm,"TUBO PVC PRESION C/12,5 25MM","TUBO PVC PRESION C/12,5 25MM",COMERCIAL HARCHA SPA,0.554
1,low_confidence,EXP-14.3,Mantencion Agua y Purines,COMPRAS,tubo pvc presion c 16 20 mm,TUBO PVC PRESION C/16 20 MM,TUBO PVC PRESION C/16 20 MM,COMERCIAL HARCHA SPA,0.5962
1,low_confidence,EXP-14.3,Mantencion Agua y Purines,COMPRAS,tubo termofusion pn 10 20mm x 6 mt,TUBO TERMOFUSION PN 10 20MM X 6 MT,,COMERCIAL CLIMENT SPA,0.5667
1,low_confidence,EXP-14.3,Mantencion Agua y Purines,COMPRAS,tuerca storz he 2,"TUERCA STORZ HE 2""",,COMERCIAL CLIMENT SPA,0.2436
1,low_confidence,EXP-14.3,Mantencion Agua y Purines,COMPRAS,tuerca storz hi 3,"TUERCA STORZ HI 3""",,COMERCIAL CLIMENT SPA,0.2087
1,low_confidence,EXP-14.3,Mantencion Agua y Purines,COMPRAS,unidad motriz bencinera honda 6 5 hp,UNIDAD MOTRIZ BENCINERA HONDA 6.5 HP.,,INGENIERIA Y CONSTRUCCION ELIMAQ LIMITADA,0.4728
1,low_confidence,EXP-14.3,Mantencion Agua y Purines,COMPRAS,union americana ppr 20 mm cun1,UNION AMERICANA PPR 20 MM CUN1,,SODIMAC S.A.,0.4049
1,low_confidence,EXP-14.3,Mantencion Agua y Purines,COMPRAS,union americana so so 1 1 2,"UNION AMERICANA SO SO 1,1/2""",,COMERCIAL CLIMENT SPA,0.3088
1,low_confidence,EXP-14.3,Mantencion Agua y Purines,COMPRAS,union canaleta arena p25 vinilit,UNION CANALETA ARENA P25- VINILIT,UNION CANALETA ARENA P25- VINILIT,COMERCIAL HARCHA SPA,0.4049
1,low_confidence,EXP-14.3,Mantencion Agua y Purines,COMPRAS,union hdpe 20 x 1 2he,UNION HDPE 20 X 1/2HE,,COMERCIAL CLIMENT SPA,0.6312
1,low_confidence,EXP-14.3,Mantencion Agua y Purines,COMPRAS,union hdpe 25 mm,UNION HDPE 25 MM,,COMERCIAL CLIMENT SPA,0.4548
1,low_confidence,EXP-14.3,Mantencion Agua y Purines,COMPRAS,union hdpe 40 x 1 1 4he,"UNION HDPE 40 X 1,1/4HE",,COMERCIAL CLIMENT SPA,0.6215
1,low_confidence,EXP-14.3,Mantencion Agua y Purines,COMPRAS,union hdpe 50 x 1 1 2hi,"UNION HDPE 50 X 1,1/2HI",,COMERCIAL CLIMENT SPA,0.5986
1,low_confidence,EXP-14.3,Mantencion Agua y Purines,COMPRAS,union he aluminio 1 1 2,"UNION HE ALUMINIO 1,1/2""",,COMERCIAL CLIMENT SPA,0.505
1,low_confidence,EXP-14.3,Mantencion Agua y Purines,COMPRAS,union he aluminio 3,"UNION HE ALUMINIO 3""",,COMERCIAL CLIMENT SPA,0.4568
1,low_confidence,EXP-14.3,Mantencion Agua y Purines,COMPRAS,union plastica 1 1 2 x 1 1 4,"UNION PLASTICA 1,1/2 X 1,1/4""",,COMERCIAL CLIMENT SPA,0.7012
1,low_confidence,EXP-14.3,Mantencion Agua y Purines,COMPRAS,union plastica 2 x 1 1 2,"UNION PLASTICA 2 X 1,1/2""",,COMERCIAL CLIMENT SPA,0.7177
1,low_confidence,EXP-14.3,Mantencion Agua y Purines,COMPRAS,union rapida p llave he 3 4,"UNION RAPIDA P/LLAVE HE 3/4""","UNION RAPIDA P/LLAVE HE 3/4""",COMERCIAL HARCHA SPA,0.4676
1,low_confidence,EXP-14.3,Mantencion Agua y Purines,COMPRAS,union storz simple cola larga 2,"UNION STORZ SIMPLE COLA LARGA 2""",,COMERCIAL CLIMENT SPA,0.3332
1,low_confidence,EXP-14.3,Mantencion Agua y Purines,COMPRAS,union storz simple cola larga 3,"UNION STORZ SIMPLE COLA LARGA 3""",,COMERCIAL CLIMENT SPA,0.3319
1,low_confidence,EXP-14.3,Mantencion Agua y Purines,COMPRAS,valvula acople rapido aspersor 1,"VALVULA ACOPLE RAPIDO ASPERSOR 1""",,COMERCIAL CLIMENT SPA,0.2313
1,low_confidence,EXP-14.3,Mantencion Agua y Purines,COMPRAS,valvula bola hi hi 3 4,VALVULA BOLA HI-HI 3 4,,LOS MAGNIFICOS SPA,0.2724
1,low_confidence,EXP-14.3,Mantencion Agua y Purines,COMPRAS,valvula bola paso total pn25 de 1 1 2 genebre,VALVULA BOLA PASO TOTAL PN25 DE 1 1 2 GENEBRE -@,VALVULA BOLA PASO TOTAL PN25 DE 1 1 2 GENEBRE -@,DORIS IVONNE CASTILLO KANTER,0.1641
1,low_confidence,EXP-14.3,Mantencion Agua y Purines,COMPRAS,valvula bola pn25 1 2 genebre,VALVULA BOLA PN25-1 2 GENEBRE -@,VALVULA BOLA PN25-1 2 GENEBRE -@,DORIS IVONNE CASTILLO KANTER,0.1832
1,low_confidence,EXP-14.3,Mantencion Agua y Purines,COMPRAS,valvula bola so so 25mm cuerpo metalico termofusion,VALVULA BOLA SO SO 25MM CUERPO METALICO TERMOFUSION,,COMERCIAL CLIMENT SPA,0.2949
1,low_confidence,EXP-14.3,Mantencion Agua y Purines,COMPRAS,valvula bola total pn25 3 4 genebre,VALVULA BOLA TOTAL PN25 3 4 GENEBRE -@,VALVULA BOLA TOTAL PN25 3 4 GENEBRE -@,DORIS IVONNE CASTILLO KANTER,0.1712
1,low_confidence,EXP-14.3,Mantencion Agua y Purines,COMPRAS,valvula de bola hi itali 2,"VALVULA DE BOLA HI ITALI 2""",,COMERCIAL CLIMENT SPA,0.3709
1,low_confidence,EXP-14.3,Mantencion Agua y Purines,COMPRAS,valvula de bola hi itali 3 4,"VALVULA DE BOLA HI ITALI 3/4""",,COMERCIAL CLIMENT SPA,0.4084
1,low_confidence,EXP-14.3,Mantencion Agua y Purines,COMPRAS,valvula de bola pp 32mm hi arangul,Válvula de Bola PP 32mm HI Arangül,,PUELCHE LOS RIOS SOCIEDAD POR ACCIONES,0.4336
1,low_confidence,EXP-14.4,Mantencion Instalaciones,COMPRAS,,.,Servicio reparacion bomba ksb fundo maiten,COOPERATIVA AGRICOLA Y DE SERVICIOS LTDA,0.2355
1,low_confidence,EXP-14.4,Mantencion Instalaciones,COMPRAS,1 flete materiales,1 flete materiales,desde Harcha a s Guzman,DELFIN AROS ESTRADA,0.222
1,low_confidence,EXP-14.4,Mantencion Instalaciones,COMPRAS,1200 mtr de reparacion,1200 mtr de Reparacion,cerco bramadero (deslinde),CONSTRUCCIONES LARA & LARA LIMITADA,0.2574
1,low_confidence,EXP-14.4,Mantencion Instalaciones,COMPRAS,35 de anticipo de,35% de anticipo de,construccion galpon Fundo el Maiten,CONSTRUCTORA RAUL ERNESTO PALMA RISOPATRON E.I.R.L.,0.2903
1,low_confidence,EXP-14.4,Mantencion Instalaciones,COMPRAS,acoples,ACOPLES,,JORGEN HORACIO VEGA AGUILA,0.2065
1,low_confidence,EXP-14.4,Mantencion Instalaciones,COMPRAS,adaptador bipaso 10amp ep031,ADAPTADOR BIPASO 10AMP EP031 -@,ADAPTADOR BIPASO 10AMP EP031 -@,DORIS IVONNE CASTILLO KANTER,0.6804
1,low_confidence,EXP-14.4,Mantencion Instalaciones,COMPRAS,adaptador manguera 3 4 he edr 116104,ADAPTADOR MANGUERA 3 4 HE - EDR 116104 -@,ADAPTADOR MANGUERA 3 4 HE - EDR 116104 -@,DORIS IVONNE CASTILLO KANTER,0.649
1,low_confidence,EXP-14.4,Mantencion Instalaciones,COMPRAS,adaptador vol amer p plan bco,ADAPTADOR VOL AMER P/PLAN BCO,,SODIMAC S.A.,0.3559
1,low_confidence,EXP-14.4,Mantencion Instalaciones,COMPRAS,adicionales segun,adicionales segun,presupuesto,CONSTRUCTORA RAUL ERNESTO PALMA RISOPATRON E.I.R.L.,0.583
1,low_confidence,EXP-14.4,Mantencion Instalaciones,COMPRAS,anticorrosivo s rapido negro 1gl,ANTICORROSIVO S/RAPIDO NEGRO 1GL,,PINTURAS BARENDS SpA,0.5701
1,low_confidence,EXP-14.4,Mantencion Instalaciones,COMPRAS,archiv of ancho burdeo,ARCHIV OF ANCHO BURDEO,ARCHIV OF ANCHO BURDEO,ILOP S A,0.2899
1,low_confidence,EXP-14.4,Mantencion Instalaciones,COMPRAS,arreglo casa,Arreglo casa,,MAGDIEL AMALEC MONTECINOS SAN MARTIN,0.3774
1,low_confidence,EXP-14.4,Mantencion Instalaciones,COMPRAS,arreglo ternerera,Arreglo ternerera,,MAGDIEL AMALEC MONTECINOS SAN MARTIN,0.4757
1,low_confidence,EXP-14.4,Mantencion Instalaciones,COMPRAS,basurero grande,BASURERO GRANDE,,MIRTHA LEONOR CASTILLO KANTER,0.2494
1,low_confidence,EXP-14.4,Mantencion Instalaciones,COMPRAS,brochas cerda hela 1 2x3,"BROCHAS CERDA HELA 1/2X3""",,PINTURAS BARENDS SpA,0.3911
1,low_confidence,EXP-14.4,Mantencion Instalaciones,COMPRAS,calefont casa reparacion,CALEFONT CASA REPARACION,FUGA,JORGEN HORACIO VEGA AGUILA,0.3076
1,low_confidence,EXP-14.4,Mantencion Instalaciones,COMPRAS,calefont casa repuesto,CALEFONT CASA REPUESTO,,JORGEN HORACIO VEGA AGUILA,0.2497
1,low_confidence,EXP-14.4,Mantencion Instalaciones,COMPRAS,cambio elementos tablero,cambio elementos tablero,se compra e instala transformador de 24V y contactor con bobina de 24V,SERVICIOS INTEGRALES EDUARDO GUERRERO SPA,0.3286
1,low_confidence,EXP-14.4,Mantencion Instalaciones,COMPRAS,caneria de inyeccion,CAÑERIA DE INYECCION,,SOCIEDAD TOROYO LTDA,0.294
1,low_confidence,EXP-14.4,Mantencion Instalaciones,COMPRAS,carpeta colgante metal torre stand,CARPETA COLGANTE METAL TORRE STAND.,,PROVEEDORES INTEGRALES DEL SUR S.A.,0.2916
1,low_confidence,EXP-14.4,Mantencion Instalaciones,COMPRAS,cerco copihues reparacion,cerco copihues reparación,,CONSTRUCCIONES Y PRESTACIÓN DE SERVICIOS VICENTE DIOCARES E.I.R.L.,0.5644
1,low_confidence,EXP-14.4,Mantencion Instalaciones,COMPRAS,cerco mooro grande puntil,cerco mooro grande puntil,,CONSTRUCCIONES Y PRESTACIÓN DE SERVICIOS VICENTE DIOCARES E.I.R.L.,0.3507
1,low_confidence,EXP-14.4,Mantencion Instalaciones,COMPRAS,cerco nvo copihues,cerco nvo copihues,,CONSTRUCCIONES Y PRESTACIÓN DE SERVICIOS VICENTE DIOCARES E.I.R.L.,0.2718
1,low_confidence,EXP-14.4,Mantencion Instalaciones,COMPRAS,cerco poncho,cerco poncho,,CONSTRUCCIONES Y PRESTACIÓN DE SERVICIOS VICENTE DIOCARES E.I.R.L.,0.4257
1,low_confidence,EXP-14.4,Mantencion Instalaciones,COMPRAS,cerco pozo lastre nuevo,cerco pozo lastre nuevo,,CONSTRUCCIONES Y PRESTACIÓN DE SERVICIOS VICENTE DIOCARES E.I.R.L.,0.2924
1,low_confidence,EXP-14.4,Mantencion Instalaciones,COMPRAS,cerco reparacion morro gr,cerco reparación morro gr,,CONSTRUCCIONES Y PRESTACIÓN DE SERVICIOS VICENTE DIOCARES E.I.R.L.,0.5593
1,low_confidence,EXP-14.4,Mantencion Instalaciones,COMPRAS,cercos,cercos,,CONSTRUCCIONES Y PRESTACIÓN DE SERVICIOS VICENTE DIOCARES E.I.R.L.,0.4633
1,low_confidence,EXP-14.4,Mantencion Instalaciones,COMPRAS,clavo 4 x8 bolsa 1 kilo,"CLAVO 4""X8 BOLSA 1 KILO",SM1 #207,FERRETERIAS WEITZLER SOCIEDAD ANONIMA,0.1532
1,low_confidence,EXP-14.4,Mantencion Instalaciones,COMPRAS,colacion,colacion,,ALEX PATRICIO CARRILLO VERA,0.1537
1,low_confidence,EXP-14.4,Mantencion Instalaciones,COMPRAS,color prep e agua 2 4gl,COLOR PREP. E/AGUA (2) 4GL,,PINTURAS BARENDS SpA,0.6741
1,low_confidence,EXP-14.4,Mantencion Instalaciones,COMPRAS,confeccion de cerco,Confeccion de cerco,5 hebras deslinde Maiten,CONSTRUCCIONES LARA & LARA LIMITADA,0.2701
1,low_confidence,EXP-14.4,Mantencion Instalaciones,COMPRAS,consumo,Consumo,,CUADRIL SPA,0.215
1,low_confidence,EXP-14.4,Mantencion Instalaciones,COMPRAS,control porton,control porton,,JOEL LOBO BELLO,0.1468
1,low_confidence,EXP-14.4,Mantencion Instalaciones,COMPRAS,corrige montos,corrige montos,,CONSTRUCCIONES Y PRESTACIÓN DE SERVICIOS VICENTE DIOCARES E.I.R.L.,0.4998
1,low_confidence,EXP-14.4,Mantencion Instalaciones,COMPRAS,cuchilla izquierda k6801410,CUCHILLA IZQUIERDA K6801410,,COMERCIAL CERES SPA,0.2992
1,low_confidence,EXP-14.4,Mantencion Instalaciones,COMPRAS,cuchillos taarup,CUCHILLOS TAARUP,,ALICIA GUILLERMINA MARTINEZ CARMONA,0.3406
1,low_confidence,EXP-14.4,Mantencion Instalaciones,COMPRAS,desmontaje y armado sistema inyeccion y bombas inyeccion,DESMONTAJE Y ARMADO SISTEMA INYECCION Y BOMBAS INYECCION,,SOCIEDAD TOROYO LTDA,0.2397
1,low_confidence,EXP-14.4,Mantencion Instalaciones,COMPRAS,detergente trebol lavanda 10 kg,DETERGENTE TREBOL LAVANDA 10 KG,,COMERCIAL AMAR HNOS. Y CIA. LTDA,0.1179
1,low_confidence,EXP-14.4,Mantencion Instalaciones,COMPRAS,display escuadra silla 3 pulg c tornill ferromat,DISPLAY ESCUADRA SILLA 3 PULG C TORNILL FERROMAT -@,DISPLAY ESCUADRA SILLA 3 PULG C TORNILL FERROMAT -@,DORIS IVONNE CASTILLO KANTER,0.4398
1,low_confidence,EXP-14.4,Mantencion Instalaciones,COMPRAS,embudo grande,EMBUDO GRANDE,,MIRTHA LEONOR CASTILLO KANTER,0.1834
1,low_confidence,EXP-14.4,Mantencion Instalaciones,COMPRAS,fabricar anclaje pala jcb,fabricar anclaje pala jcb,quitar anclaje original de pala jcb para fabricar nuevo anclaje de acople ràpido,CAMILO EDUARDO CABEZA FERNANDEZ,0.4214
1,low_confidence,EXP-14.4,Mantencion Instalaciones,COMPRAS,filtro de cantador,FILTRO DE CANTADOR,,SOCIEDAD TOROYO LTDA,0.1922
1,low_confidence,EXP-14.4,Mantencion Instalaciones,COMPRAS,floreros jarron ceramica decorativos para mesa oficina 3pcs,Floreros Jarron Ceramica Decorativos Para Mesa Oficina 3pcs,,MercadoLibre Chile LTDA,0.4189
1,low_confidence,EXP-14.4,Mantencion Instalaciones,COMPRAS,fu terminal he 1 2 x 25mm metalico pegar ppr,FU-TERMINAL HE 1 2 X 25MM METALICO PEGAR PPR -@,FU-TERMINAL HE 1 2 X 25MM METALICO PEGAR PPR -@,DORIS IVONNE CASTILLO KANTER,0.1264
1,low_confidence,EXP-14.4,Mantencion Instalaciones,COMPRAS,hidrolavadora columbia 1211,HIDROLAVADORA COLUMBIA 1211,HIDROLAVADORA COLUMBIA 1211,EMPRESA COMERCIAL BARRIENTOS BARRA LTDA.,0.172
1,low_confidence,EXP-14.4,Mantencion Instalaciones,COMPRAS,hojalateria,HOJALATERIA,,JORGEN HORACIO VEGA AGUILA,0.2786
1,low_confidence,EXP-14.4,Mantencion Instalaciones,COMPRAS,hora servicio tecnico,HORA SERVICIO TECNICO,,ERWIN RAMIRO AGUILEF PINUER,0.4638
1,low_confidence,EXP-14.4,Mantencion Instalaciones,COMPRAS,huincha de medir 7 5mt,HUINCHA DE MEDIR 7.5MT,,PINTURAS BARENDS SpA,0.3241
1,low_confidence,EXP-14.4,Mantencion Instalaciones,COMPRAS,infldor neumatico c acople,INFLDOR NEUMATICO C/ ACOPLE,,HIDROFLEXIBLES EIRL,0.1609
1,low_confidence,EXP-14.4,Mantencion Instalaciones,COMPRAS,instalacion,instalación,"Instalación de línea de sondeo de 1 pulgada, a pozo profundo de 6 pulgadas en fundo yutreco.",LGP BOMBAS Y SERVICIOS SPA,0.1885
1,low_confidence,EXP-14.4,Mantencion Instalaciones,COMPRAS,instalacion de bomba rovatti nueva,INSTALACION DE BOMBA ROVATTI NUEVA,&#45;&#45;&#45;&#45; RETIRA SR JAVIER MU&deg;OZ,ENTRE RIEGOS DEL SUR SPA,0.7292
1,low_confidence,EXP-14.4,Mantencion Instalaciones,COMPRAS,instalacion de equipos de ordena,INSTALACION DE EQUIPOS DE ORDEÑA,,SOCIEDAD COMERCIAL SERLAC CHILE S.A.,0.5863
1,low_confidence,EXP-14.4,Mantencion Instalaciones,COMPRAS,instalacion de lavadora,INSTALACION DE LAVADORA,EN SALA DE ORDEÑA,SERVICIOS DE MANTENCIÓN DOMICILIARIA NONTUELA SPA,0.3078
1,low_confidence,EXP-14.4,Mantencion Instalaciones,COMPRAS,instalacion de un porton,Instalación de un portón,sector Lechería,MONTAJES Y CONSTRUCCIONES MANCILLA Y FERNANDEZ LIMITADA,0.3203
1,low_confidence,EXP-14.4,Mantencion Instalaciones,COMPRAS,instalacion llave paso,INSTALACIÓN LLAVE PASO.,,JORGEN HORACIO VEGA AGUILA,0.6739
1,low_confidence,EXP-14.4,Mantencion Instalaciones,COMPRAS,instalacion lona el maite,INSTALACION LONA EL MAITE,,YOAM MARCELO ORTIZ GUTIERREZ,0.7439
1,low_confidence,EXP-14.4,Mantencion Instalaciones,COMPRAS,instalacion lonas yutreco,INSTALACIÓN LONAS YUTRECO,,YOAM MARCELO ORTIZ GUTIERREZ,0.3454
1,low_confidence,EXP-14.4,Mantencion Instalaciones,COMPRAS,instalar extintor,Instalar extintor,retroexcavadora,SANDRA PAULINA VALLADARES RIOS,0.2912
1,low_confidence,EXP-14.4,Mantencion Instalaciones,COMPRAS,integral,INTEGRAL,TB.V.N 920 MONTO 99.960,ARIDOS VICAT SUR SPA,0.4815
1,low_confidence,EXP-14.4,Mantencion Instalaciones,COMPRAS,judy moody se vuelve famosa,JUDY MOODY SE VUELVE FAMOSA,,Ainilebu SPA,0.1604
1,low_confidence,EXP-14.4,Mantencion Instalaciones,COMPRAS,kit instalacion 6 x4 base calefac bosca,"KIT INSTALACION 6""X4 BASE CALEFAC. BOSCA","KIT INSTALACION 6""X4 BASE CALEFAC. BOSCA",COOPERATIVA AGRICOLA Y LECHERA DE LA UNION LTDA.,0.2786
1,low_confidence,EXP-14.4,Mantencion Instalaciones,COMPRAS,kit instalacion fosa septica 1200 lts,KIT INSTALACION FOSA SEPTICA 1200 LTS,,COMERCIAL CLIMENT SPA,0.4218
1,low_confidence,EXP-14.4,Mantencion Instalaciones,COMPRAS,la gotita,LA GOTITA,,SOCIEDAD COMERCIAL TUCHIE JADURI LIMITAD,0.239
1,low_confidence,EXP-14.4,Mantencion Instalaciones,COMPRAS,lapiz pasta p med bic cristal rojo,LAPIZ PASTA P.MED BIC CRISTAL ROJO.,,PROVEEDORES INTEGRALES DEL SUR S.A.,0.3131
1,low_confidence,EXP-14.4,Mantencion Instalaciones,COMPRAS,lavado silo interior,LAVADO SILO INTERIOR,,MANTENCION INDUSTRIAL DEL SUR LIMITADA,0.4542
1,low_confidence,EXP-14.4,Mantencion Instalaciones,COMPRAS,lavarropa astra 23lts 58x52x32cms,LAVARROPA ASTRA 23LTS 58X52X32CMS -@,LAVARROPA ASTRA 23LTS 58X52X32CMS -@,DORIS IVONNE CASTILLO KANTER,0.1403
1,low_confidence,EXP-14.4,Mantencion Instalaciones,COMPRAS,maestranza,Maestranza,Soldar barra Según OT 26076,IVAN RUDY CANCINO DIAZ,0.3955
1,low_confidence,EXP-14.4,Mantencion Instalaciones,COMPRAS,mano de obra extraccion,"MANO DE OBRA EXTRACCIÓN,",INSTACIÓN.,JORGEN HORACIO VEGA AGUILA,0.5853
1,low_confidence,EXP-14.4,Mantencion Instalaciones,COMPRAS,mano de obra pedro,MANO DE OBRA PEDRO,MANO DE OBRA PEDRO,INVERSIONES DEL RANCO LIMITADA,0.2785
1,low_confidence,EXP-14.4,Mantencion Instalaciones,COMPRAS,mano de obra reparacion de bomba,MANO DE OBRA REPARACION DE BOMBA,,ENTRE RIEGOS DEL SUR SPA,0.2914
1,low_confidence,EXP-14.4,Mantencion Instalaciones,COMPRAS,mant caldera rio bueno,Mant. Caldera Rio Bueno.,Mantenciòn y reparaciòn Caldera casa Rio Bueno.,MASTER THERMIC SPA,0.3218
1,low_confidence,EXP-14.4,Mantencion Instalaciones,COMPRAS,mantencion casa maiten,Mantención casa Maitén,,MAGDIEL AMALEC MONTECINOS SAN MARTIN,0.5585
1,low_confidence,EXP-14.4,Mantencion Instalaciones,COMPRAS,mantencion instalacion,Mantención instalación,Maitén,MAGDIEL AMALEC MONTECINOS SAN MARTIN,0.7329
1,low_confidence,EXP-14.4,Mantencion Instalaciones,COMPRAS,marcador oleo rojo paintmarker,MARCADOR OLEO ROJO PAINTMARKER,,SODIMAC S.A.,0.324
1,low_confidence,EXP-14.4,Mantencion Instalaciones,COMPRAS,materiales,MATERIALES,MATERIALES,INVERSIONES DEL RANCO LIMITADA,0.5093
1,low_confidence,EXP-14.4,Mantencion Instalaciones,COMPRAS,movilidad,MOVILIDAD,,ROAGRO SPA,0.1686
1,low_confidence,EXP-14.4,Mantencion Instalaciones,COMPRAS,mueble base 1 pta 2cajon 90x50x81 cm coigue choc,MUEBLE BASE 1 PTA 2CAJON 90X50X81 CM COIGUE/CHOC,MUEBLE BASE 1 PTA 2CAJON 90X50X81 CM COIGUE/CHOC,COMERCIAL HARCHA SPA,0.1666
1,low_confidence,EXP-14.4,Mantencion Instalaciones,COMPRAS,nora148 percha simple dorada per 65090,NORA148-PERCHA SIMPLE DORADA PER 65090 -@,NORA148-PERCHA SIMPLE DORADA PER 65090 -@,DORIS IVONNE CASTILLO KANTER,0.1759
1,low_confidence,EXP-14.4,Mantencion Instalaciones,COMPRAS,nora199 gancho percha doble reforzado negro,NORA199-GANCHO PERCHA DOBLE REFORZADO NEGRO -@,NORA199-GANCHO PERCHA DOBLE REFORZADO NEGRO -@,DORIS IVONNE CASTILLO KANTER,0.1729
1,low_confidence,EXP-14.4,Mantencion Instalaciones,COMPRAS,obra de mano,OBRA DE MANO,MANTENCION POZO PROFUNDO,WALDEMAR ORLANDO VARGAS CARDENAS,0.4829
1,low_confidence,EXP-14.4,Mantencion Instalaciones,COMPRAS,oleo constructor base blanca soquina,OLEO CONSTRUCTOR BASE BLANCA - SOQUINA,OLEO CONSTRUCTOR BASE BLANCA - SOQUINA,COMERCIAL HARCHA SPA,0.732
1,low_confidence,EXP-14.4,Mantencion Instalaciones,COMPRAS,osb 9mm amarillo lijado 1 20 x 2 44,OSB 9MM AMARILLO LIJADO 1.20 X 2.44 -@,OSB 9MM AMARILLO LIJADO 1.20 X 2.44 -@,DORIS IVONNE CASTILLO KANTER,0.1807
1,low_confidence,EXP-14.4,Mantencion Instalaciones,COMPRAS,osb pais 1 22 x 2 44 x 9 5mm,OSB PAIS 1.22 X 2.44 X 9.5MM,OSB PAIS 1.22 X 2.44 X 9.5MM,COMERCIAL HARCHA SPA,0.1616
1,low_confidence,EXP-14.4,Mantencion Instalaciones,COMPRAS,pastilla para estanque igenix 3 und caja 48 gr,PASTILLA PARA ESTANQUE IGENIX 3 UND CAJA 48 GR,,COMERCIAL AMAR HERMANOS Y COMPANIA LIMITADA,0.1758
1,low_confidence,EXP-14.4,Mantencion Instalaciones,COMPRAS,pestillo vertical 8p mutel fontenelle,PESTILLO VERTICAL 8P MUTEL-FONTENELLE -@,PESTILLO VERTICAL 8P MUTEL-FONTENELLE -@,DORIS IVONNE CASTILLO KANTER,0.1863
1,low_confidence,EXP-14.4,Mantencion Instalaciones,COMPRAS,pino impregnado 2 x 6 x 3200,PINO IMPREGNADO 2 X 6 X 3200 -@,PINO IMPREGNADO 2 X 6 X 3200 -@,DORIS IVONNE CASTILLO KANTER,0.3471
1,low_confidence,EXP-14.4,Mantencion Instalaciones,COMPRAS,pino impregnado 2 x 8,PINO IMPREGNADO 2 X 8 -@,PINO IMPREGNADO 2 X 8 -@,DORIS IVONNE CASTILLO KANTER,0.3378
1,low_confidence,EXP-14.4,Mantencion Instalaciones,COMPRAS,pizarra blanca 60 x 90 pizacub020 jm111,PIZARRA BLANCA 60 X 90 PIZACUB020 JM111,PIZARRA BLANCA 60 X 90 PIZACUB020 JM111,KARIM KLETT DIEZ,0.3254
1,low_confidence,EXP-14.4,Mantencion Instalaciones,COMPRAS,quema bramadero,QUEMA - BRAMADERO,,PRESTACIONES DE SERVICIOS AGRICOLAS EL SIERVO LIMITADA,0.3417
1,low_confidence,EXP-14.4,Mantencion Instalaciones,COMPRAS,quemadas maiten,QUEMADAS MAITEN,,PRESTACIONES DE SERVICIOS AGRICOLAS EL SIERVO LIMITADA,0.3164
1,low_confidence,EXP-14.4,Mantencion Instalaciones,COMPRAS,raspado y brunido,Raspado y bruñido,,MANTENCION INDUSTRIAL DEL SUR LIMITADA,0.7222
1,low_confidence,EXP-14.4,Mantencion Instalaciones,COMPRAS,recuperacion otros ingresos,RECUPERACION OTROS INGRESOS,,Tattersall Ganado S.A.,0.2158
1,low_confidence,EXP-14.4,Mantencion Instalaciones,COMPRAS,regeneracion maiten,REGENERACION -MAITEN,,PRESTACIONES DE SERVICIOS AGRICOLAS EL SIERVO LIMITADA,0.3908
1,low_confidence,EXP-14.4,Mantencion Instalaciones,COMPRAS,reparacion,reparacion,,CONSTRUCCIONES Y PRESTACIÓN DE SERVICIOS VICENTE DIOCARES E.I.R.L.,0.6989
1,low_confidence,EXP-14.4,Mantencion Instalaciones,COMPRAS,reparacion cerco copihues,reparacion cerco copihues,,CONSTRUCCIONES Y PRESTACIÓN DE SERVICIOS VICENTE DIOCARES E.I.R.L.,0.5801
1,low_confidence,EXP-14.4,Mantencion Instalaciones,COMPRAS,reparacion inyectores mantencion,REPARACION INYECTORES MANTENCION,,SOCIEDAD TOROYO LTDA,0.5027
1,low_confidence,EXP-14.4,Mantencion Instalaciones,COMPRAS,reparacion pala,reparacion pala,Restauracion pala en un 80% cambiando laterales y base en plancha A36 de 6mm y resforzando con pletina de 10mm y 12mm antidesgaste en laterales y base mas pintado color negro triple accion.,CAMILO EDUARDO CABEZA FERNANDEZ,0.2193
1,low_confidence,EXP-14.4,Mantencion Instalaciones,COMPRAS,reparacion piscina e,REPARACION PISCINA E,INSTALACION CALEFON,SERVICIOS DE MANTENCIÓN DOMICILIARIA NONTUELA SPA,0.1719
1,low_confidence,EXP-14.4,Mantencion Instalaciones,COMPRAS,reparacion y mant ternere,reparacion y mant ternere,,CONSTRUCCIONES Y PRESTACIÓN DE SERVICIOS VICENTE DIOCARES E.I.R.L.,0.7214
1,low_confidence,EXP-14.4,Mantencion Instalaciones,COMPRAS,reparacion y mantencion,Reparación y mantencion,casa Maitén,MAGDIEL AMALEC MONTECINOS SAN MARTIN,0.4642
1,low_confidence,EXP-14.4,Mantencion Instalaciones,COMPRAS,repuesto calefont,REPUESTO CALEFONT,,JORGEN HORACIO VEGA AGUILA,0.3535
1,low_confidence,EXP-14.4,Mantencion Instalaciones,COMPRAS,retiro alimento,RETIRO ALIMENTO,,MANTENCION INDUSTRIAL DEL SUR LIMITADA,0.676
1,low_confidence,EXP-14.4,Mantencion Instalaciones,COMPRAS,retiro de bomba e instala,RETIRO DE BOMBA E INSTALA,,WALDEMAR ORLANDO VARGAS CARDENAS,0.2732
1,low_confidence,EXP-14.4,Mantencion Instalaciones,COMPRAS,rodillo chiporro nat 50mm 23cm,RODILLO CHIPORRO NAT 50MM 23CM,,SODIMAC S.A.,0.3015
1,low_confidence,EXP-14.4,Mantencion Instalaciones,COMPRAS,rodillo chiporro natural hela 18cm,RODILLO CHIPORRO NATURAL HELA 18CM,,PINTURAS BARENDS SpA,0.7047
1,low_confidence,EXP-14.4,Mantencion Instalaciones,COMPRAS,rodillo hela chiporro p largo 7,"RODILLO HELA CHIPORRO P/LARGO 7""","RODILLO HELA CHIPORRO P/LARGO 7""",COMERCIAL HARCHA SPA,0.435
1,low_confidence,EXP-14.4,Mantencion Instalaciones,COMPRAS,sacar e instalar,Sacar e instalar,,HECTOR PATRICIO RIVERA BURGOS,0.2029
1,low_confidence,EXP-14.4,Mantencion Instalaciones,COMPRAS,seimbra,seimbra,,SERVICIOS AGRICOLAS SCHUCK SPA,0.1614
1,low_confidence,EXP-14.4,Mantencion Instalaciones,COMPRAS,servicio mano de obra,SERVICIO MANO DE OBRA,,ERWIN RAMIRO AGUILEF PINUER,0.5469
1,low_confidence,EXP-14.4,Mantencion Instalaciones,COMPRAS,servicio tecnico,SERVICIO TÉCNICO,REEMPLAZO EQUIPO SUMERGIBLE 3HP/380V POR UNO NUEVO (P. HID. CALPEDA 4SD10/12 +MOTOR FRANKLIN AMERIC. 3HP/380V) SEGÚN DETALLE EN PRESUPUESTO N° 36357. UBICACIÓN: FUNDO RAICES - RIO BUENO. SE ADJUNTA INFORME TECNICO N° 28264,SONDAJES PERFOMAQ SA,0.2346
1,low_confidence,EXP-14.4,Mantencion Instalaciones,COMPRAS,servicios de maestranza incluye,"Servicios de Maestranza, incluye:",Confeccionar 01 buje para tiro de coloso y soldar.,COMUNIDAD SUCESION ADOLFO CARMONA MALDONADO,0.1883
1,low_confidence,EXP-14.4,Mantencion Instalaciones,COMPRAS,set manguera jardin c acce y soporte x 18mt gardtech,SET MANGUERA JARDIN C ACCE Y SOPORTE X 18MT GARDTECH -@,SET MANGUERA JARDIN C ACCE Y SOPORTE X 18MT GARDTECH -@,DORIS IVONNE CASTILLO KANTER,0.1758
1,low_confidence,EXP-14.4,Mantencion Instalaciones,COMPRAS,siembra sala maiten,SIEMBRA SALA - MAITEN,,PRESTACIONES DE SERVICIOS AGRICOLAS EL SIERVO LIMITADA,0.1421
1,low_confidence,EXP-14.4,Mantencion Instalaciones,COMPRAS,silla oficina aluminium media caramel,Silla oficina Aluminium Media Caramel,Silla oficina Aluminium Media Caramel,EDGE SpA,0.4831
1,low_confidence,EXP-14.4,Mantencion Instalaciones,COMPRAS,tira fierro construccion 10 mm 3 702 kg,TIRA FIERRO CONSTRUCCION 10 MM- 3 702 KG -@,TIRA FIERRO CONSTRUCCION 10 MM- 3 702 KG -@,DORIS IVONNE CASTILLO KANTER,0.4356
1,low_confidence,EXP-14.4,Mantencion Instalaciones,COMPRAS,tira fierro construccion 8 mm 2 370 kg,TIRA FIERRO CONSTRUCCION 8 MM- 2 370 KG -@,TIRA FIERRO CONSTRUCCION 8 MM- 2 370 KG -@,DORIS IVONNE CASTILLO KANTER,0.3938
1,low_confidence,EXP-14.4,Mantencion Instalaciones,COMPRAS,toner brother tn 3429 dcp l56500dn 5100dn 3000pag,TONER BROTHER TN-3429 DCP-L56500DN/5100DN 3000PAG,,PROVEEDORES INTEGRALES DEL SUR S.A.,0.1649
1,low_confidence,EXP-14.4,Mantencion Instalaciones,COMPRAS,trabajo casino tineo,Trabajo casino tineo,,MAGDIEL AMALEC MONTECINOS SAN MARTIN,0.2236
1,low_confidence,EXP-14.4,Mantencion Instalaciones,COMPRAS,trabajo en fundo,Trabajo en fundo,Las Quemas Futrono. Traslado de material para hormigón,GUARDA SPA,0.2872
1,low_confidence,EXP-14.4,Mantencion Instalaciones,COMPRAS,trabajo realizado segun,TRABAJO REALIZADO SEGUN,"ORDEN DE TRABAJO N° 671, CIERRE DE PERIMETRO DE PICINA",JORGE GUTIERREZ VARGAS,0.5776
1,low_confidence,EXP-14.4,Mantencion Instalaciones,COMPRAS,trabajos manga corrales y,Trabajos manga corrales y,comederos Maíten,MAGDIEL AMALEC MONTECINOS SAN MARTIN,0.2314
1,low_confidence,EXP-14.4,Mantencion Instalaciones,COMPRAS,tras encaste,TRAS. ENCASTE,DESDE MAITEN A BRAMADERO,LUIS ANTONIO TORRES JARAMILLO,0.1342
1,low_confidence,EXP-14.4,Mantencion Instalaciones,COMPRAS,traslado equipo,TRASLADO EQUIPO,,MANTENCION INDUSTRIAL DEL SUR LIMITADA,0.3542
1,low_confidence,EXP-14.4,Mantencion Instalaciones,COMPRAS,vibro bramadero,VIBRO - BRAMADERO,,PRESTACIONES DE SERVICIOS AGRICOLAS EL SIERVO LIMITADA,0.1848
1,low_confidence,EXP-14.4,Mantencion Instalaciones,COMPRAS,vidrio difuso instalado,VIDRIO DIFUSO INSTALADO,EN MARCO,ROSA ELVIRA SOLIS GUARDA,0.3311
1,low_confidence,EXP-15.3,Fletes,COMPRAS,arriendo chapilcahuin,ARRIENDO CHAPILCAHUIN,CONFECCION BOLOS ARRIENDO TOTAL 278 COBRO POR BOLO 18.500,SERVICIOS AGRICOLAS CORPAL SPA,0.7204
1,low_confidence,EXP-15.3,Fletes,COMPRAS,carro con estanque para,Carro con estanque para,terneros,SANDRA PAULINA VALLADARES RIOS,0.2842
1,low_confidence,EXP-15.3,Fletes,COMPRAS,flete a obra,FLETE A OBRA,,BOTTAI S.A.,0.6833
1,low_confidence,EXP-15.3,Fletes,COMPRAS,flete venta internet flecu,FLETE VENTA INTERNET. FLECU,,SODIMAC S.A.,0.306
1,low_confidence,EXP-15.3,Fletes,COMPRAS,traslado de terneros de,Traslado de terneros de,Raíces a El Maitén,JUAN ANGEL ANIBAL VERGARA OBANDO,0.4454
1,low_confidence,EXP-15.3,Fletes,COMPRAS,traslado de tuberia hdpe y accesorios desde rio bueno a futrono,Traslado de tuberia hdpe y accesorios desde rio bueno a futrono,,CRISTIAN MIGUEL MATAMALA NAVARRO,0.2688
1,low_confidence,EXP-15.3,Fletes,COMPRAS,viaje 100 terneras,VIAJE 100 TERNERAS,Fdo. Tineo a Bramadero,ORLANDO RICARDO BERTIN MONSALVE,0.2978
1,low_confidence,EXP-15.3,Fletes,COMPRAS,viaje 20 vacas,VIAJE 20 VACAS,Fdo. El Maitén a Feria Paillaco.,RAFAEL ANDRES BERTIN DELGADO,0.2417
1,low_confidence,EXP-15.3,Fletes,COMPRAS,viaje 25 vacas,VIAJE 25 VACAS,El Maitén a Las Raíces,RAFAEL ANDRES BERTIN DELGADO,0.2041
1,low_confidence,EXP-15.3,Fletes,COMPRAS,viaje 26 vaquillas prenad,VIAJE 26 VAQUILLAS PREÑAD,Fdo. Sta. Inés a Yutreco,RAFAEL ANDRES BERTIN DELGADO,0.3877
1,low_confidence,EXP-15.3,Fletes,COMPRAS,viaje 31 terneras,VIAJE 31 TERNERAS,Paillaco a Fdo. Bramadero,ORLANDO RICARDO BERTIN MONSALVE,0.3618
1,low_confidence,EXP-15.3,Fletes,COMPRAS,viaje 34 vacas,VIAJE 34 VACAS,Fdo. Bramadero a Las Raíces,RAFAEL ANDRES BERTIN DELGADO,0.3019
1,low_confidence,EXP-15.3,Fletes,COMPRAS,viaje 36 vacas,VIAJE 36 VACAS,De Vista Hermosa a Yutreco,RAFAEL ANDRES BERTIN DELGADO,0.2728
1,low_confidence,EXP-15.3,Fletes,COMPRAS,viaje 48 vaquillas,VIAJE 48 VAQUILLAS,Bramadero a Yutreco,ORLANDO BERTIN SANDOVAL,0.4306
1,low_confidence,EXP-15.3,Fletes,COMPRAS,viaje 64 terneras,VIAJE 64 TERNERAS,Paillaco a Fdo. Bramadero,RAFAEL ANDRES BERTIN DELGADO,0.339
1,low_confidence,EXP-15.3,Fletes,COMPRAS,viaje 71 terneras,VIAJE 71 TERNERAS,Fdo. Tineo a Bramadero,RAFAEL ANDRES BERTIN DELGADO,0.3309
1,low_confidence,EXP-15.3,Fletes,COMPRAS,viaje de 38 vacas,VIAJE DE 38 VACAS,Vista Hermosa a Yutreco,ORLANDO RICARDO BERTIN MONSALVE,0.2775
1,low_confidence,EXP-15.3,Fletes,COMPRAS,viaje de 54 vaquillas,VIAJE DE 54 VAQUILLAS,Fdo. Bramadero a Yutreco,ORLANDO RICARDO BERTIN MONSALVE,0.4923
1,low_confidence,EXP-15.3,Fletes,COMPRAS,viaje de vaquillas,VIAJE DE VAQUILLAS,Bramadero a El Maitén,ORLANDO RICARDO BERTIN MONSALVE,0.525
1,low_confidence,EXP-15.3,Fletes,COMPRAS,viajes bolos,VIAJES BOLOS,DESDE FDO BRAMADERO HASTA YUTRECO GUIAS 1449 1450,SERGIO FABIAN RODRIGUEZ DELGADO,0.4745
1,low_confidence,EXP-15.5,Servicios Agricolas,COMPRAS,50 segun la cotizacion,50% según la Cotización,Nº 1035 proyecto purines tubería de pvc 110 mm,INDUSTRIAL RIEGO SPA,0.4774
1,low_confidence,EXP-15.5,Servicios Agricolas,COMPRAS,50300 kilos de paja,50300 Kilos de paja,vendido en Fundo,INGRID JIMENA VELOSO GUZMAN,0.2429
1,low_confidence,EXP-15.5,Servicios Agricolas,COMPRAS,anticipo,ANTICIPO,"ANTICIPO DEL 70% DE TRABAJOS QUE SE REALIZARAN EN SECTOR MULPULMO Y PAILLACO INSTALACION DE PORTONES AUTOSOPORTADOS ,MANO DE OBRA",SOCIEDAD DE INVERSIONES MVM SPA,0.2162
1,low_confidence,EXP-15.5,Servicios Agricolas,COMPRAS,aplicacion de lodo,Aplicación de lodo,,HECTOR ADRIAN VALENZUELA PAREDES,0.6796
1,low_confidence,EXP-15.5,Servicios Agricolas,COMPRAS,apoyo huerto septiembre,Apoyo Huerto Septiembre,,HSV SPA,0.5398
1,low_confidence,EXP-15.5,Servicios Agricolas,COMPRAS,estado de pago no1,Estado de pago Nº1,construccion de galpon Fundo El Maiten,CONSTRUCTORA RAUL ERNESTO PALMA RISOPATRON E.I.R.L.,0.2661
1,low_confidence,EXP-15.5,Servicios Agricolas,COMPRAS,incorporador,INCORPORADOR,,AGRÍCOLA J-S-E LIMITADA,0.5369
1,low_confidence,EXP-15.5,Servicios Agricolas,COMPRAS,instalacion de lonas,INSTALACIÓN DE LONAS,,YOAM MARCELO ORTIZ GUTIERREZ,0.2289
1,low_confidence,EXP-15.5,Servicios Agricolas,COMPRAS,interes mora mayor plazo,INTERES MORA MAYOR PLAZO,,COOPERATIVA AGRICOLA Y DE SERVICIOS LTDA,0.3218
1,low_confidence,EXP-15.5,Servicios Agricolas,COMPRAS,levantamiento topografico,Levantamiento Topografico,Levantamiento Topografico altimetrico proyecto pozo purinero,TOPOGRAFÍA DANIEL ALEJANDRO HERRERA GUTIERREZ E.I.R.L.,0.1938
1,low_confidence,EXP-15.5,Servicios Agricolas,COMPRAS,otros insumos grasa y materiales de aseo,OTROS INSUMOS. Grasa y materiales de aseo.,OTROS INSUMOS. Grasa y materiales de aseo.,GALLAGHER CHILE SPA,0.1663
1,low_confidence,EXP-15.5,Servicios Agricolas,COMPRAS,pozo purines oocc y equipos,"Pozo purines, OOCC y equipos",,COOPERATIVA AGRICOLA Y DE SERVICIOS LTDA,0.3804
1,low_confidence,EXP-15.5,Servicios Agricolas,COMPRAS,rana,RANA,,PRESTACIONES DE SERVICIOS AGRICOLAS EL SIERVO LIMITADA,0.1719
1,low_confidence,EXP-15.5,Servicios Agricolas,COMPRAS,reparacion potreros coigu,reparación potreros coigu,,CONSTRUCCIONES Y PRESTACIÓN DE SERVICIOS VICENTE DIOCARES E.I.R.L.,0.3399
1,low_confidence,EXP-15.5,Servicios Agricolas,COMPRAS,saldo presupueso inicial,saldo presupueso inicial,,CONSTRUCTORA RAUL ERNESTO PALMA RISOPATRON E.I.R.L.,0.196
1,low_confidence,EXP-15.5,Servicios Agricolas,COMPRAS,segun oc,Según OC,50% anticipos,INDUSTRIAL RIEGO SPA,0.1514
1,low_confidence,EXP-15.5,Servicios Agricolas,COMPRAS,servicios de purines,servicios de purines,,SILVOAGROPECUARIO YERKO VERA CAMPOS EMPRESA INDIVIDUAL DE RESPONSABILI,0.3839
1,low_confidence,EXP-15.5,Servicios Agricolas,COMPRAS,venta de 50 000 00 us,"Venta de 50.000,00 US$",,BANCO BICE,0.1796
1,low_confidence,EXP-16.1,Ropa y Herramientas de Trabajo,COMPRAS,ampolleta h4 55 60w bosch 1u,AMPOLLETA H4 55/60W BOSCH 1U,,SODIMAC S.A.,0.4535
1,low_confidence,EXP-16.1,Ropa y Herramientas de Trabajo,COMPRAS,ampolleta h7 bosch 12v,AMPOLLETA H7 BOSCH 12V,,JAIME ANDRES RIOS HUENULEF,0.5636
1,low_confidence,EXP-16.1,Ropa y Herramientas de Trabajo,COMPRAS,aspersor truper me asp 11x c estaca met 2 salida,ASPERSOR TRUPER ME ASP-11X C/ESTACA MET. 2 SALIDA,ASPERSOR TRUPER ME ASP-11X C/ESTACA MET. 2 SALIDA,COMERCIAL HARCHA SPA,0.4796
1,low_confidence,EXP-16.1,Ropa y Herramientas de Trabajo,COMPRAS,bandeja metalica 2 pisos 391746 lavoro pro111,BANDEJA METALICA 2 PISOS 391746 LAVORO PRO111,BANDEJA METALICA 2 PISOS 391746 LAVORO PRO111,KARIM KLETT DIEZ,0.3026
1,low_confidence,EXP-16.1,Ropa y Herramientas de Trabajo,COMPRAS,bat yoko g b bateria yoko kr 100amp 30h102,BAT-YOKO G&B-BATERIA YOKO KR 100AMP 30H102,BAT-YOKO G&B-BATERIA YOKO KR 100AMP 30H102,AUTOMOTRIZ SALFA SUR LIMITADA,0.5188
1,low_confidence,EXP-16.1,Ropa y Herramientas de Trabajo,COMPRAS,bombin truper bm tr codigo 14863,BOMBIN TRUPER BM-TR -CODIGO 14863 -@,BOMBIN TRUPER BM-TR -CODIGO 14863 -@,DORIS IVONNE CASTILLO KANTER,0.665
1,low_confidence,EXP-16.1,Ropa y Herramientas de Trabajo,COMPRAS,borrador pizarra doble capa 0617012 hand dev111,BORRADOR PIZARRA DOBLE CAPA 0617012 HAND DEV111,BORRADOR PIZARRA DOBLE CAPA 0617012 HAND DEV111,KARIM KLETT DIEZ,0.2761
1,low_confidence,EXP-16.1,Ropa y Herramientas de Trabajo,COMPRAS,botellon 20 lts,Botellón 20 lts,,PURIFICADORA DE AGUA ALEJANDRO SALAZAR RIVERA E.I.R.L.,0.4619
1,low_confidence,EXP-16.1,Ropa y Herramientas de Trabajo,COMPRAS,cuchillo cartonero grande isofit 11416 2,CUCHILLO CARTONERO GRANDE ISOFIT 11416-2,,PROVEEDORES INTEGRALES DEL SUR S.A.,0.4547
1,low_confidence,EXP-16.1,Ropa y Herramientas de Trabajo,COMPRAS,escobillon economico trad virutex un,ESCOBILLON ECONOMICO TRAD VIRUTEX UN,1.0 x 1 UN $3740 Bruto/$3143.0 Neto,RENDIC HERMANOS S.A.,0.6949
1,low_confidence,EXP-16.1,Ropa y Herramientas de Trabajo,COMPRAS,escobillon multiuso interior gde virutex,ESCOBILLON MULTIUSO INTERIOR GDE VIRUTEX,1.0 x 1 UN $5390 Bruto/$4529.0 Neto,RENDIC HERMANOS S.A.,0.6241
1,low_confidence,EXP-16.1,Ropa y Herramientas de Trabajo,COMPRAS,escofina,ESCOFINA,,LOS MAGNIFICOS SPA,0.4874
1,low_confidence,EXP-16.1,Ropa y Herramientas de Trabajo,COMPRAS,hoja sierra 7 1 4 40dt bosch,HOJA SIERRA 7 1/4 40DT BOSCH,,SODIMAC S.A.,0.4923
1,low_confidence,EXP-16.1,Ropa y Herramientas de Trabajo,COMPRAS,horqueta 5 dtes s mango toronegro,HORQUETA 5 DTES S/MANGO TORONEGRO,,SOCIEDAD AGUAS BUENAS SPA,0.4891
1,low_confidence,EXP-16.1,Ropa y Herramientas de Trabajo,COMPRAS,mascarilla kn95 importada,MASCARILLA KN95 IMPORTADA,,COMERCIALIZADORA DE ART DE PROTECCION Y SEGURIDAD INDUSTRIAL MANQUEHUE LIMITADA,0.7303
1,low_confidence,EXP-16.1,Ropa y Herramientas de Trabajo,COMPRAS,mtd cuchillo mulching 42pulgadas 1 unidad,MTD CUCHILLO MULCHING 42PULGADAS 1 UNIDAD,MTD CUCHILLO MULCHING 42PULGADAS 1 UNIDAD,LIDIA ANGELICA SANHUEZA FUENTES,0.7063
1,low_confidence,EXP-16.1,Ropa y Herramientas de Trabajo,COMPRAS,mueble lavaplatos derecho 80x50x81 cm coigue choc,MUEBLE LAVAPLATOS DERECHO 80X50X81 CM COIGUE/CHOC,MUEBLE LAVAPLATOS DERECHO 80X50X81 CM COIGUE/CHOC,COMERCIAL HARCHA SPA,0.4045
1,low_confidence,EXP-16.1,Ropa y Herramientas de Trabajo,COMPRAS,pechera cuero parrilla claro,PECHERA CUERO PARRILLA CLARO,,SODIMAC S.A.,0.6655
1,low_confidence,EXP-16.1,Ropa y Herramientas de Trabajo,COMPRAS,respirador 3m 6200 medio rostro t m,RESPIRADOR 3M 6200 MEDIO ROSTRO T/M,,COMERCIALIZADORA DE ART DE PROTECCION Y SEGURIDAD INDUSTRIAL MANQUEHUE LIMITADA,0.6329
1,low_confidence,EXP-16.1,Ropa y Herramientas de Trabajo,COMPRAS,sello antifuga c adaptador hoffens,SELLO ANTIFUGA C/ADAPTADOR (HOFFENS),,COMERCIAL CLIMENT SPA,0.5267
1,low_confidence,EXP-16.1,Ropa y Herramientas de Trabajo,COMPRAS,serrucho barracuda 22 bahco w,SERRUCHO BARRACUDA 22 BAHCO W -@,SERRUCHO BARRACUDA 22 BAHCO W -@,DORIS IVONNE CASTILLO KANTER,0.7393
1,low_confidence,EXP-16.1,Ropa y Herramientas de Trabajo,COMPRAS,sika tapagoteras gris cartucho 300 ml 2200881,SIKA TAPAGOTERAS GRIS CARTUCHO 300 ML 2200881 -@,SIKA TAPAGOTERAS GRIS CARTUCHO 300 ML 2200881 -@,DORIS IVONNE CASTILLO KANTER,0.6788
1,low_confidence,EXP-16.1,Ropa y Herramientas de Trabajo,COMPRAS,ti72 machete 14 tramontina,TI72-MACHETE 14 TRAMONTINA-@,TI72-MACHETE 14 TRAMONTINA-@,DORIS IVONNE CASTILLO KANTER,0.536
1,low_confidence,EXP-16.1,Ropa y Herramientas de Trabajo,COMPRAS,ti73 machete 16 tramontina,TI73-MACHETE 16 TRAMONTINA-@,TI73-MACHETE 16 TRAMONTINA-@,DORIS IVONNE CASTILLO KANTER,0.5159
1,low_confidence,EXP-16.1,Ropa y Herramientas de Trabajo,COMPRAS,tijera lata deluxe 10 uyus tjl210,TIJERA LATA DELUXE 10 UYUS TJL210 -@,TIJERA LATA DELUXE 10 UYUS TJL210 -@,DORIS IVONNE CASTILLO KANTER,0.3624
1,low_confidence,EXP-16.1,Ropa y Herramientas de Trabajo,COMPRAS,tijera poda forjada aluminio bypass 8 rayun,TIJERA PODA FORJADA ALUMINIO BYPASS -8 RAYUN-@,TIJERA PODA FORJADA ALUMINIO BYPASS -8 RAYUN-@,DORIS IVONNE CASTILLO KANTER,0.6231
1,low_confidence,EXP-16.1,Ropa y Herramientas de Trabajo,COMPRAS,torta hojas grande,TORTA HOJAS GRANDE,TORTA HOJAS GRANDE,SOCIEDAD BETTENHAUSER Y HEUFEMANN LIMITADA,0.4894
1,low_confidence,EXP-16.2,Otros Gastos Campo,COMPRAS,18 lat royal,18 LAT ROYAL,UN 0000,ADMIN. DE SUPERMERCADOS HIPER LIMITADA,0.1699
1,low_confidence,EXP-16.2,Otros Gastos Campo,COMPRAS,3 vidrios,3 VIDRIOS,,ROSA ELVIRA SOLIS GUARDA,0.3567
1,low_confidence,EXP-16.2,Otros Gastos Campo,COMPRAS,6 refigerantes 711 c manguera 5 8,6 REFIGERANTES 711 C/ MANGUERA 5/8,,HIDROFLEXIBLES EIRL,0.4927
1,low_confidence,EXP-16.2,Otros Gastos Campo,COMPRAS,alarg 4t 2 usb silic bc 3m,ALARG 4T + 2 USB SILIC BC 3M,,SODIMAC S.A.,0.3142
1,low_confidence,EXP-16.2,Otros Gastos Campo,COMPRAS,ampolleta,ampolleta,,ESTEBAN HIGINIO VERA CARDENAS,0.4441
1,low_confidence,EXP-16.2,Otros Gastos Campo,COMPRAS,ampolleta h4,ampolleta h4,,ESTEBAN HIGINIO VERA CARDENAS,0.2981
1,low_confidence,EXP-16.2,Otros Gastos Campo,COMPRAS,ampolletas,ampolletas,,COMERCIALIZADORA RBM SPA,0.3845
1,low_confidence,EXP-16.2,Otros Gastos Campo,COMPRAS,anclaje fierro hormigon 4,"ANCLAJE FIERRO HORMIGON 4""","ANCLAJE FIERRO HORMIGON 4""",COMERCIAL HARCHA SPA,0.4633
1,low_confidence,EXP-16.2,Otros Gastos Campo,COMPRAS,anillo final 16mm,Anillo Final 16mm,,PUELCHE LOS RIOS SOCIEDAD POR ACCIONES,0.3871
1,low_confidence,EXP-16.2,Otros Gastos Campo,COMPRAS,anticorrosivo estruct 1gl negro,ANTICORROSIVO ESTRUCT.1GL NEGRO,,FERIA REMEHUE LTDA.,0.3106
1,low_confidence,EXP-16.2,Otros Gastos Campo,COMPRAS,balde c escurridor virutex,BALDE C ESCURRIDOR VIRUTEX,,CENCOSUD RETAIL S.A.,0.1181
1,low_confidence,EXP-16.2,Otros Gastos Campo,COMPRAS,bandola 4,BANDOLA 4,BANDOLA 4,LOS MAGNIFICOS SPA,0.3987
1,low_confidence,EXP-16.2,Otros Gastos Campo,COMPRAS,bandola c destorcedor 1p 60kg uyustools,BANDOLA C/DESTORCEDOR 1p 60kg UYUSTOOLS,,SOCIEDAD AGUAS BUENAS SPA,0.2197
1,low_confidence,EXP-16.2,Otros Gastos Campo,COMPRAS,barra piso rf9 11,BARRA PISO RF9/11,BARRA PISO RF9/11,GALLAGHER CHILE SPA,0.2231
1,low_confidence,EXP-16.2,Otros Gastos Campo,COMPRAS,barra piso rf9 11 se dejaron como repuesto,BARRA PISO RF9/11 (se dejaron como repuesto),BARRA PISO RF9/11 (se dejaron como repuesto),GALLAGHER CHILE SPA,0.167
1,low_confidence,EXP-16.2,Otros Gastos Campo,COMPRAS,basurero con pedal 25 lts,BASURERO CON PEDAL 25 LTS,BASURERO CON PEDAL 25 LTS,COMERCIAL HARCHA SPA,0.2661
1,low_confidence,EXP-16.2,Otros Gastos Campo,COMPRAS,bateria,BATERIA,,MULTIMOTOS OSORNO SPA,0.4666
1,low_confidence,EXP-16.2,Otros Gastos Campo,COMPRAS,bateria 9 volt energizer cun16,BATERIA 9 VOLT ENERGIZER CUN16,,SODIMAC S.A.,0.4163
1,low_confidence,EXP-16.2,Otros Gastos Campo,COMPRAS,bateria cr2032 3 volts smartfix,BATERIA CR2032 3 VOLTS (SMARTFIX),BATERIA CR2032 3 VOLTS (SMARTFIX),GALLAGHER CHILE SPA,0.3038
1,low_confidence,EXP-16.2,Otros Gastos Campo,COMPRAS,bateria recargable li ion 3 7v 6800mah par 18650,BATERIA RECARGABLE LI-ION 3.7V 6800MAH PAR 18650-@,BATERIA RECARGABLE LI-ION 3.7V 6800MAH PAR 18650-@,DORIS IVONNE CASTILLO KANTER,0.2518
1,low_confidence,EXP-16.2,Otros Gastos Campo,COMPRAS,bidon 20 lts diesel,BIDON 20 LTS DIESEL,BIDON 20 LTS DIESEL,ADMINISTRADORA DE VENTAS AL DETALLE LTDA,0.4566
1,low_confidence,EXP-16.2,Otros Gastos Campo,COMPRAS,bisagra display 840 zincada 3 un c tor 3 x 3 ferrom,BISAGRA DISPLAY #840 ZINCADA 3 UN C/TOR 3 X 3 (FERROM,,COMERCIAL CLIMENT SPA,0.2388
1,low_confidence,EXP-16.2,Otros Gastos Campo,COMPRAS,bocaditos galletas con dulce de membrillo dos en uno bolsa 300 gr,BOCADITOS GALLETAS CON DULCE DE MEMBRILLO DOS EN UNO BOLSA 300 GR,,COMERCIAL AMAR HERMANOS Y COMPANIA LIMITADA,0.2887
1,low_confidence,EXP-16.2,Otros Gastos Campo,COMPRAS,bomba rovatti f33k100 47 3h,BOMBA ROVATTI F33K100&#47;3H,,ENTRE RIEGOS DEL SUR SPA,0.3586
1,low_confidence,EXP-16.2,Otros Gastos Campo,COMPRAS,botin de nieve mujer invierno termico forrado bota cana baja,Botin De Nieve Mujer Invierno Termico Forrado Bota Cana Baja,,MercadoLibre Chile LTDA,0.1439
1,low_confidence,EXP-16.2,Otros Gastos Campo,COMPRAS,botiquin p auxilios 25per,BOTIQUIN P AUXILIOS 25PER,,COMERCIAL PRESEP LIMITADA,0.456
1,low_confidence,EXP-16.2,Otros Gastos Campo,COMPRAS,brocha 3 cerda gris economica,"BROCHA 3"" CERDA GRIS ECONOMICA",,FERIA REMEHUE LTDA.,0.3006
1,low_confidence,EXP-16.2,Otros Gastos Campo,COMPRAS,brocha condor black 2 cun10cp,BROCHA CONDOR BLACK 2 CUN10Cp,,SODIMAC S.A.,0.2693
1,low_confidence,EXP-16.2,Otros Gastos Campo,COMPRAS,broche 10pza ap2c4 dgp,BROCHE 10PZA AP2C4 DGP,1076839,SOC. COMERC. DE REPUESTOS S.P.A.,0.2593
1,low_confidence,EXP-16.2,Otros Gastos Campo,COMPRAS,broche 10pza ap2c578 dgp,BROCHE 10PZA AP2C578 DGP,1076888,SOC. COMERC. DE REPUESTOS S.P.A.,0.2902
1,low_confidence,EXP-16.2,Otros Gastos Campo,COMPRAS,buje acero 213952q bba 46 rovatti,BUJE ACERO 213952Q BBA&#46;ROVATTI,,ENTRE RIEGOS DEL SUR SPA,0.2966
1,low_confidence,EXP-16.2,Otros Gastos Campo,COMPRAS,buje rodamiento 35mm frontal,BUJE RODAMIENTO 35MM FRONTAL,BUJE RODAMIENTO 35MM FRONTAL,GALLAGHER CHILE SPA,0.2318
1,low_confidence,EXP-16.2,Otros Gastos Campo,COMPRAS,caja fulm 380 ag,Caja Fulm 380 AG,50 unidades,CUIDATUVACA SPA,0.5242
1,low_confidence,EXP-16.2,Otros Gastos Campo,COMPRAS,camlock acople macho espiga tipo e mang 3,"CAMLOCK ACOPLE MACHO ESPIGA TIPO-E MANG. 3""",,COMERCIAL CLIMENT SPA,0.4618
1,low_confidence,EXP-16.2,Otros Gastos Campo,COMPRAS,camlock acople macho tipo a hi 2,"CAMLOCK ACOPLE MACHO TIPO-A HI 2""",,COMERCIAL CLIMENT SPA,0.6108
1,low_confidence,EXP-16.2,Otros Gastos Campo,COMPRAS,camlock acople macho tipo f he 2,"CAMLOCK ACOPLE MACHO TIPO-F HE 2""",,COMERCIAL CLIMENT SPA,0.4553
1,low_confidence,EXP-16.2,Otros Gastos Campo,COMPRAS,candado odis 30mm,CANDADO ODIS 30MM,,RICARDO FRANCISCO WULFF MULLER,0.3047
1,low_confidence,EXP-16.2,Otros Gastos Campo,COMPRAS,candado odis 40mm,CANDADO ODIS 40MM,,RICARDO FRANCISCO WULFF MULLER,0.2673
1,low_confidence,EXP-16.2,Otros Gastos Campo,COMPRAS,cartucho gas butano propano 227 g oferta,"CARTUCHO GAS BUTANO-PROPANO 227 G ""OFERTA""",,COMERCIAL CLIMENT SPA,0.5772
1,low_confidence,EXP-16.2,Otros Gastos Campo,COMPRAS,cartucho repuesto filtro 80 micras a4030030,CARTUCHO REPUESTO FILTRO 80 MICRAS A4030030 -@,CARTUCHO REPUESTO FILTRO 80 MICRAS A4030030 -@,DORIS IVONNE CASTILLO KANTER,0.1969
1,low_confidence,EXP-16.2,Otros Gastos Campo,COMPRAS,chuleta vetada seara imp bra cat 3,CHULETA VETADA SEARA IMP BRA CAT.3,,FRIGORIFICO DE OSORNO S.A.,0.4275
1,low_confidence,EXP-16.2,Otros Gastos Campo,COMPRAS,codo so he 1 2 gas cun06c,CODO SO-HE 1/2 GAS CUN06C,,SODIMAC S.A.,0.367
1,low_confidence,EXP-16.2,Otros Gastos Campo,COMPRAS,codo so hi 1 2 gas cun06c,CODO SO-HI 1/2 GAS CUN06C,,SODIMAC S.A.,0.4917
1,low_confidence,EXP-16.2,Otros Gastos Campo,COMPRAS,colaciones agosto,colaciones agosto,,ALEX PATRICIO CARRILLO VERA,0.1015
1,low_confidence,EXP-16.2,Otros Gastos Campo,COMPRAS,collar arranque polietileno 40mm x 1 hi ch,"Collar Arranque Polietileno 40mm x 1"" Hi (CH)",,SOCIEDAD COMERCIAL SOFLO SPA,0.3376
1,low_confidence,EXP-16.2,Otros Gastos Campo,COMPRAS,collar arranque polietileno 50mm x 1 hi sab,"Collar Arranque Polietileno 50mm x 1"" Hi (SAB)",,SOCIEDAD COMERCIAL SOFLO SPA,0.3262
1,low_confidence,EXP-16.2,Otros Gastos Campo,COMPRAS,combo orde ador pechera mangas,COMBO ORDE?ADOR (PECHERA MANGAS),,COOPERATIVA AGRICOLA Y DE SERVICIOS LTDA,0.4344
1,low_confidence,EXP-16.2,Otros Gastos Campo,COMPRAS,cortina bano clear ramon cun09,CORTINA BANO CLEAR RAMON CUN09,,SODIMAC S.A.,0.2329
1,low_confidence,EXP-16.2,Otros Gastos Campo,COMPRAS,cr pack puerta economico cun00,CR PACK PUERTA ECONOMICO CUN00,,SODIMAC S.A.,0.38
1,low_confidence,EXP-16.2,Otros Gastos Campo,COMPRAS,cuadro,Cuadro,,DANIELA ALEJANDRA FUCHSLOCHER NEUMANN,0.2167
1,low_confidence,EXP-16.2,Otros Gastos Campo,COMPRAS,cucharas pla bio drop it 10un,CUCHARAS PLA BIO DROP IT 10UN,,CENCOSUD RETAIL S.A.,0.6404
1,low_confidence,EXP-16.2,Otros Gastos Campo,COMPRAS,cuchilla derecha k6801420,CUCHILLA DERECHA K6801420,,COMERCIAL CERES SPA,0.2814
1,low_confidence,EXP-16.2,Otros Gastos Campo,COMPRAS,deducible vpta d derecho,DEDUCIBLE VPTA D.DERECHO,,COMERCIALIZADORA MIRAFLORES LIMITADA,0.2985
1,low_confidence,EXP-16.2,Otros Gastos Campo,COMPRAS,destetador mariposa amarillo m shoof,DESTETADOR MARIPOSA AMARILLO (M) SHOOF -____,____,FEROSOR AGRICOLA S.A.,0.3834
1,low_confidence,EXP-16.2,Otros Gastos Campo,COMPRAS,eje bomba rovatti f33k100 47 3l incluye 4 cu deg as 214375h,EJE BOMBA ROVATTI F33K100&#47;3L INCLUYE 4 CU&deg;AS 214375H,,ENTRE RIEGOS DEL SUR SPA,0.4625
1,low_confidence,EXP-16.2,Otros Gastos Campo,COMPRAS,eje corto esparramador 2x2,EJE CORTO ESPARRAMADOR 2X2,EJE CORTO ESPARRAMADOR 2X2,GALLAGHER CHILE SPA,0.4235
1,low_confidence,EXP-16.2,Otros Gastos Campo,COMPRAS,eje largo desparramador 2x2,EJE LARGO DESPARRAMADOR 2X2,EJE LARGO DESPARRAMADOR 2X2,GALLAGHER CHILE SPA,0.5658
1,low_confidence,EXP-16.2,Otros Gastos Campo,COMPRAS,empanadas de horno,EMPANADAS DE HORNO,,MINERVA RUTH ARELLANO VASQUEZ,0.3311
1,low_confidence,EXP-16.2,Otros Gastos Campo,COMPRAS,empaquetadura plana 100mm 4 quot brida 47 flange,EMPAQUETADURA PLANA 100MM 4&quot; BRIDA&#47;FLANGE,,ENTRE RIEGOS DEL SUR SPA,0.3243
1,low_confidence,EXP-16.2,Otros Gastos Campo,COMPRAS,enchufe adaptador schuko 2p t 10a,ENCHUFE ADAPTADOR SCHUKO 2P+T 10A -@,ENCHUFE ADAPTADOR SCHUKO 2P+T 10A -@,DORIS IVONNE CASTILLO KANTER,0.2785
1,low_confidence,EXP-16.2,Otros Gastos Campo,COMPRAS,enchufe macho horizontal 2p t negro,ENCHUFE MACHO HORIZONTAL 2P+T NEGRO -@,ENCHUFE MACHO HORIZONTAL 2P+T NEGRO -@,DORIS IVONNE CASTILLO KANTER,0.2947
1,low_confidence,EXP-16.2,Otros Gastos Campo,COMPRAS,enchufe volante fanton macho 2p t 10a 250vac negro,ENCHUFE VOLANTE FANTON MACHO 2P+T 10A 250VAC NEGRO,ENCHUFE VOLANTE FANTON MACHO 2P+T 10A 250VAC NEGRO,DORIS IVONNE CASTILLO KANTER,0.6101
1,low_confidence,EXP-16.2,Otros Gastos Campo,COMPRAS,endulzante liq alusweet alulosa 180 ml,ENDULZANTE LIQ ALUSWEET ALULOSA 180 ML,,CENCOSUD RETAIL S.A.,0.2326
1,low_confidence,EXP-16.2,Otros Gastos Campo,COMPRAS,equipaje especial,Equipaje especial,Equipaje especial,LATAM AIRLINES GROUP SA,0.3359
1,low_confidence,EXP-16.2,Otros Gastos Campo,COMPRAS,esm sint cereluxe aquatech azul pac1 4gl,ESM SINT CERELUXE AQUATECH AZUL PAC1/4GL,,EASY RETAIL S.A.,0.4571
1,low_confidence,EXP-16.2,Otros Gastos Campo,COMPRAS,espatula de silicona lunares,ESPATULA DE SILICONA LUNARES,,SODIMAC S.A.,0.3334
1,low_confidence,EXP-16.2,Otros Gastos Campo,COMPRAS,estampado polera lado,ESTAMPADO POLERA LADO,IZQUIERDO PECHO,SMRCHILE LIMITADA,0.1631
1,low_confidence,EXP-16.2,Otros Gastos Campo,COMPRAS,filtro aceite hidraulico 1,FILTRO ACEITE HIDRAULICO (1),,SURAC,0.3218
1,low_confidence,EXP-16.2,Otros Gastos Campo,COMPRAS,filtro aire 2 1,FILTRO AIRE 2 (1),,SURAC,0.5092
1,low_confidence,EXP-16.2,Otros Gastos Campo,COMPRAS,filtro aire cabina,FILTRO AIRE CABINA,,SURAC,0.3497
1,low_confidence,EXP-16.2,Otros Gastos Campo,COMPRAS,filtro hidraulico,FILTRO HIDRAULICO,,SURAC,0.4901
1,low_confidence,EXP-16.2,Otros Gastos Campo,COMPRAS,flexible gas 1 2x1 2 sercogas 1metro cer,FLEXIBLE GAS 1 2X1 2 SERCOGAS 1METRO CER -@,FLEXIBLE GAS 1 2X1 2 SERCOGAS 1METRO CER -@,DORIS IVONNE CASTILLO KANTER,0.6013
1,low_confidence,EXP-16.2,Otros Gastos Campo,COMPRAS,flexible gas stretto hi hi 1 2 x 3 8 1 0 mt,FLEXIBLE GAS STRETTO HI HI 1/2 X 3/8 1.0 MT,FLEXIBLE GAS STRETTO HI HI 1/2 X 3/8 1.0 MT,COMERCIAL HARCHA SPA,0.6878
1,low_confidence,EXP-16.2,Otros Gastos Campo,COMPRAS,gasket indio tarro 56grs,GASKET (INDIO) TARRO 56GRS.,,COMERCIAL CLIMENT SPA,0.4279
1,low_confidence,EXP-16.2,Otros Gastos Campo,COMPRAS,golilla 1 2,GOLILLA 1/2,,RICARDO FRANCISCO WULFF MULLER,0.244
1,low_confidence,EXP-16.2,Otros Gastos Campo,COMPRAS,golilla 3 8,GOLILLA 3/8,,RICARDO FRANCISCO WULFF MULLER,0.2041
1,low_confidence,EXP-16.2,Otros Gastos Campo,COMPRAS,goma acoplamiento valvoline motobomba,GOMA ACOPLAMIENTO VALVOLINE MOTOBOMBA,,ENTRE RIEGOS DEL SUR SPA,0.2889
1,low_confidence,EXP-16.2,Otros Gastos Campo,COMPRAS,gorro combustion lenta 6 x 10,GORRO COMBUSTION LENTA 6 X 10 -@,GORRO COMBUSTION LENTA 6 X 10 -@,DORIS IVONNE CASTILLO KANTER,0.1726
1,low_confidence,EXP-16.2,Otros Gastos Campo,COMPRAS,grampas 1 2x12 robust,GRAMPAS 1.2X12 ROBUST,,EASY RETAIL S.A.,0.4352
1,low_confidence,EXP-16.2,Otros Gastos Campo,COMPRAS,grillete galvanizado 20 mm 3 4,GRILLETE GALVANIZADO 20 MM 3/4,GRILLETE GALVANIZADO 20 MM 3/4,COMERCIAL HARCHA SPA,0.1839
1,low_confidence,EXP-16.2,Otros Gastos Campo,COMPRAS,hi planza 11 2,HI PLANZA 11/2,,RICARDO FRANCISCO WULFF MULLER,0.2691
1,low_confidence,EXP-16.2,Otros Gastos Campo,COMPRAS,hogar y fachada tricolor blanco perfecto 1 gl,HOGAR Y FACHADA TRICOLOR BLANCO PERFECTO 1 GL,HOGAR Y FACHADA TRICOLOR BLANCO PERFECTO 1 GL,COMERCIAL HARCHA SPA,0.652
1,low_confidence,EXP-16.2,Otros Gastos Campo,COMPRAS,hogar y fachada tricolor blanco perfecto 4 gl plast,HOGAR Y FACHADA TRICOLOR BLANCO PERFECTO 4 GL PLAST,HOGAR Y FACHADA TRICOLOR BLANCO PERFECTO 4 GL PLAST,COMERCIAL HARCHA SPA,0.6214
1,low_confidence,EXP-16.2,Otros Gastos Campo,COMPRAS,home teather soundbar bluetooth hw q600c,HOME TEATHER SOUNDBAR BLUETOOTH HW-Q600C,,CENCOSUD RETAIL S.A.,0.4217
1,low_confidence,EXP-16.2,Otros Gastos Campo,COMPRAS,horqueta 4,HORQUETA 4,,SOCIEDAD AGUAS BUENAS SPA,0.2185
1,low_confidence,EXP-16.2,Otros Gastos Campo,COMPRAS,inv25 paragua retractil verde,INV25 PARAGUA RETRACTIL VERDE,INV25 PARAGUA RETRACTIL VERDE,ADMINISTRADORA DE VENTAS AL DETALLE LTDA,0.3636
1,low_confidence,EXP-16.2,Otros Gastos Campo,COMPRAS,jarra vidrio,JARRA VIDRIO,,MIRTHA LEONOR CASTILLO KANTER,0.3286
1,low_confidence,EXP-16.2,Otros Gastos Campo,COMPRAS,jarras agua,JARRAS AGUA,,MIRTHA LEONOR CASTILLO KANTER,0.2337
1,low_confidence,EXP-16.2,Otros Gastos Campo,COMPRAS,jarros enlozados,JARROS ENLOZADOS,,MIRTHA LEONOR CASTILLO KANTER,0.2378
1,low_confidence,EXP-16.2,Otros Gastos Campo,COMPRAS,jockey legionario pocket beige,JOCKEY LEGIONARIO POCKET BEIGE,,COMERCIALIZADORA DE ART DE PROTECCION Y SEGURIDAD INDUSTRIAL MANQUEHUE LIMITADA,0.2309
1,low_confidence,EXP-16.2,Otros Gastos Campo,COMPRAS,kit anillos,Kit Anillos,,HECTOR PATRICIO RIVERA BURGOS,0.4127
1,low_confidence,EXP-16.2,Otros Gastos Campo,COMPRAS,kit bisagra push recta 2 un,KIT BISAGRA PUSH RECTA 2 UN,,EASY RETAIL S.A.,0.2299
1,low_confidence,EXP-16.2,Otros Gastos Campo,COMPRAS,kit cuchillo husqvarna 21,KIT CUCHILLO HUSQVARNA 21,KIT CUCHILLO HUSQVARNA 21,AGROFORESTAL Y JARDINES DEL SUR SPA,0.3139
1,low_confidence,EXP-16.2,Otros Gastos Campo,COMPRAS,kit empaque,Kit empaque,,HECTOR PATRICIO RIVERA BURGOS,0.5305
1,low_confidence,EXP-16.2,Otros Gastos Campo,COMPRAS,kit soplete yanes 2001k 2 cartuchos,KIT SOPLETE YANES 2001K + 2 CARTUCHOS,,COMERCIAL CLIMENT SPA,0.2072
1,low_confidence,EXP-16.2,Otros Gastos Campo,COMPRAS,lapiz carpintero bicolor,LAPIZ CARPINTERO BICOLOR,,COMERCIAL CLIMENT SPA,0.171
1,low_confidence,EXP-16.2,Otros Gastos Campo,COMPRAS,lija fierro nexo 80,LIJA FIERRO NEXO # 80,LIJA FIERRO NEXO # 80,COMERCIAL HARCHA SPA,0.1921
1,low_confidence,EXP-16.2,Otros Gastos Campo,COMPRAS,liquimoly 10w50 ofroad 4t,LIQUIMOLY 10W50 OFROAD 4T,,RICARDO GERMAN OSWALD BUCHNER,0.3858
1,low_confidence,EXP-16.2,Otros Gastos Campo,COMPRAS,llave ducha,LLAVE DUCHA,,JORGEN HORACIO VEGA AGUILA,0.2317
1,low_confidence,EXP-16.2,Otros Gastos Campo,COMPRAS,macho volante 2p t 16a 220v ip44 kb013 ekoline 0608321,MACHO VOLANTE 2P+T 16A 220V IP44 KB013 EKOLINE 0608321-@,MACHO VOLANTE 2P+T 16A 220V IP44 KB013 EKOLINE 0608321-@,DORIS IVONNE CASTILLO KANTER,0.233
1,low_confidence,EXP-16.2,Otros Gastos Campo,COMPRAS,marcador pizarra azul wb068 c12 003 filgo gar111,MARCADOR PIZARRA AZUL WB068-C12-003 FILGO GAR111,MARCADOR PIZARRA AZUL WB068-C12-003 FILGO GAR111,KARIM KLETT DIEZ,0.1754
1,low_confidence,EXP-16.2,Otros Gastos Campo,COMPRAS,material panol,MATERIAL PAÑOL,,ROAGRO SPA,0.3186
1,low_confidence,EXP-16.2,Otros Gastos Campo,COMPRAS,material red agua,MATERIAL RED AGUA,CALIENTE,JORGEN HORACIO VEGA AGUILA,0.3184
1,low_confidence,EXP-16.2,Otros Gastos Campo,COMPRAS,materiales de intalacion termos y recuperador de calor,MATERIALES DE INTALACION TERMOS Y RECUPERADOR DE CALOR,,SOCIEDAD COMERCIAL SERLAC CHILE S.A.,0.2469
1,low_confidence,EXP-16.2,Otros Gastos Campo,COMPRAS,materiales varios,MATERIALES VARIOS,,WALDEMAR ORLANDO VARGAS CARDENAS,0.5561
1,low_confidence,EXP-16.2,Otros Gastos Campo,COMPRAS,mec ampolleta doble contacto,MEC-AMPOLLETA DOBLE CONTACTO,MEC-AMPOLLETA DOBLE CONTACTO,AUTOMOTRIZ SALFA SUR LIMITADA,0.4008
1,low_confidence,EXP-16.2,Otros Gastos Campo,COMPRAS,mosquet s argolla 8 0x80 1un,"MOSQUET S/ARGOLLA 8,0X80 1UN",,SODIMAC S.A.,0.399
1,low_confidence,EXP-16.2,Otros Gastos Campo,COMPRAS,mouse optico inalambrico 24 g,MOUSE OPTICO INALAMBRICO 24 G,MOUSE OPTICO INALAMBRICO 24 G,ILOP S A,0.2191
1,low_confidence,EXP-16.2,Otros Gastos Campo,COMPRAS,nectar watts b ancha 1 5 lt manzan pet,NECTAR WATTS B.ANCHA 1.5 LT MANZAN PET,,CENCOSUD RETAIL S.A.,0.2036
1,low_confidence,EXP-16.2,Otros Gastos Campo,COMPRAS,nina torbellina1 el plan del campamento,NINA TORBELLINA1 EL PLAN DEL CAMPAMENTO,,Ainilebu SPA,0.3622
1,low_confidence,EXP-16.2,Otros Gastos Campo,COMPRAS,nivel truper clasico np 14 14,"NIVEL TRUPER CLASICO NP-14 14""","NIVEL TRUPER CLASICO NP-14 14""",COMERCIAL HARCHA SPA,0.2606
1,low_confidence,EXP-16.2,Otros Gastos Campo,COMPRAS,nuevo neum r15 5 carro,NUEVO NEUM. R15.5 CARRO,FORRAJERO,VULCANIZACIÓN NONTUELÁ SPA,0.1118
1,low_confidence,EXP-16.2,Otros Gastos Campo,COMPRAS,pack 2 agorex 700 antihongos blanca henkel,PACK 2 AGOREX 700 ANTIHONGOS BLANCA HENKEL,,COMERCIAL CLIMENT SPA,0.7047
1,low_confidence,EXP-16.2,Otros Gastos Campo,COMPRAS,pack fieltros terrazas o sit,PACK FIELTROS TERRAZAS O SIT,,SODIMAC S.A.,0.2186
1,low_confidence,EXP-16.2,Otros Gastos Campo,COMPRAS,pack vaso bicolor blanco 500 cc 10 u,PACK VASO BICOLOR BLANCO 500 CC 10 U,,CENCOSUD RETAIL S.A.,0.4027
1,low_confidence,EXP-16.2,Otros Gastos Campo,COMPRAS,pack4 led a60 e27 12 5w lf cun,PACK4 LED A60 E27 12.5W LF CUN,,SODIMAC S.A.,0.2606
1,low_confidence,EXP-16.2,Otros Gastos Campo,COMPRAS,pala jardin truper,PALA JARDIN TRUPER,,RICARDO FRANCISCO WULFF MULLER,0.2775
1,low_confidence,EXP-16.2,Otros Gastos Campo,COMPRAS,pala plegable con mango y banda adheren,PALA PLEGABLE CON MANGO Y BANDA ADHEREN,,EASY RETAIL S.A.,0.3219
1,low_confidence,EXP-16.2,Otros Gastos Campo,COMPRAS,pano desinfecta pouch limon 90,PANO DESINFECTA POUCH LIMON 90,,SODIMAC S.A.,0.3167
1,low_confidence,EXP-16.2,Otros Gastos Campo,COMPRAS,pantalla lampara,PANTALLA LAMPARA,,MIRTHA LEONOR CASTILLO KANTER,0.2788
1,low_confidence,EXP-16.2,Otros Gastos Campo,COMPRAS,panuelo elite mentol 1un,PANUELO ELITE MENTOL 1UN,,CENCOSUD RETAIL S.A.,0.2981
1,low_confidence,EXP-16.2,Otros Gastos Campo,COMPRAS,papas fritas stax cheddar lay s tarro 134 gr,PAPAS FRITAS STAX CHEDDAR LAY´S TARRO 134 GR,,COMERCIAL AMAR HERMANOS Y COMPANIA LIMITADA,0.3426
1,low_confidence,EXP-16.2,Otros Gastos Campo,COMPRAS,papas fritas stax original lay s tarro 134 gr,PAPAS FRITAS STAX ORIGINAL LAY´S TARRO 134 GR,,COMERCIAL AMAR HERMANOS Y COMPANIA LIMITADA,0.3729
1,low_confidence,EXP-16.2,Otros Gastos Campo,COMPRAS,papelucho mi hermana ji,PAPELUCHO MI HERMANA JI,,Ainilebu SPA,0.2483
1,low_confidence,EXP-16.2,Otros Gastos Campo,COMPRAS,pasador 5 8 pin and clip,"PASADOR 5/8"" PIN AND CLIP",,SOCIEDAD AUTOMOTRIZ TODOESCAPE LIMITADA,0.2069
1,low_confidence,EXP-16.2,Otros Gastos Campo,COMPRAS,pdq set tijeras x3 cun06cn,PDQ SET TIJERAS X3 CUN06Cn,,SODIMAC S.A.,0.263
1,low_confidence,EXP-16.2,Otros Gastos Campo,COMPRAS,pechuga coci,PECHUGA COCI,UN 0000,ADMIN. DE SUPERMERCADOS HIPER LIMITADA,0.3503
1,low_confidence,EXP-16.2,Otros Gastos Campo,COMPRAS,pegatanke epoxi negro,PEGATANKE EPOXI NEGRO,,COMERCIAL CLIMENT SPA,0.2417
1,low_confidence,EXP-16.2,Otros Gastos Campo,COMPRAS,pegatanke transparente,PEGATANKE TRANSPARENTE,,SOCIEDAD COMERCIAL TUCHIE JADURI LIMITAD,0.2117
1,low_confidence,EXP-16.2,Otros Gastos Campo,COMPRAS,percha flor 911 bronce vi,PERCHA FLOR 911 BRONCE VI,CSMI#504,FERRETERIAS WEITZLER SOCIEDAD ANONIMA,0.151
1,low_confidence,EXP-16.2,Otros Gastos Campo,COMPRAS,pieza y fachada semibrillo blanco gl ceresita,PIEZA Y FACHADA SEMIBRILLO BLANCO GL - CERESITA,PIEZA Y FACHADA SEMIBRILLO BLANCO GL - CERESITA,COMERCIAL HARCHA SPA,0.4043
1,low_confidence,EXP-16.2,Otros Gastos Campo,COMPRAS,piezas de pino b 1 1 2x6x3 20 mtrs,"Piezas de Pino B. 1 1/2x6x3,20 Mtrs",,MADERAS LACOSTE SPA,0.2151
1,low_confidence,EXP-16.2,Otros Gastos Campo,COMPRAS,pila alcalina aa duracell,PILA ALCALINA AA DURACELL-@,PILA ALCALINA AA DURACELL-@,DORIS IVONNE CASTILLO KANTER,0.1343
1,low_confidence,EXP-16.2,Otros Gastos Campo,COMPRAS,pila alcalina aaa 2un 5005774,PILA ALCALINA AAA 2UN 5005774,PILA ALCALINA AAA 2UN 5005774,ILOP S A,0.245
1,low_confidence,EXP-16.2,Otros Gastos Campo,COMPRAS,pila alcalina aaa duracell,PILA ALCALINA AAA DURACELL -@,PILA ALCALINA AAA DURACELL -@,DORIS IVONNE CASTILLO KANTER,0.1745
1,low_confidence,EXP-16.2,Otros Gastos Campo,COMPRAS,pila duracell grande d d,"PILA DURACELL GRANDE ""D"" D","PILA DURACELL GRANDE ""D"" D",COMERCIAL HARCHA SPA,0.3698
1,low_confidence,EXP-16.2,Otros Gastos Campo,COMPRAS,pila especial energizer a76 lr44 x 2 un,PILA ESPECIAL ENERGIZER A76/LR44 X 2 UN -@,PILA ESPECIAL ENERGIZER A76/LR44 X 2 UN -@,DORIS IVONNE CASTILLO KANTER,0.4585
1,low_confidence,EXP-16.2,Otros Gastos Campo,COMPRAS,pila recargable duracell blister aax2 2500 mah,PILA RECARGABLE DURACELL BLÍSTER AAX2 2500 MAH -@,PILA RECARGABLE DURACELL BLÍSTER AAX2 2500 MAH -@,DORIS IVONNE CASTILLO KANTER,0.4436
1,low_confidence,EXP-16.2,Otros Gastos Campo,COMPRAS,pilla pandillas,PILLA PANDILLAS,,Ainilebu SPA,0.4583
1,low_confidence,EXP-16.2,Otros Gastos Campo,COMPRAS,pino verde dim 3x3x3 20m,"PINO VERDE DIM 3X3X3,20M","PINO VERDE DIM 3X3X3,20M",MADERAS DE EXPORTACION DOS S.A,0.1559
1,low_confidence,EXP-16.2,Otros Gastos Campo,COMPRAS,pistachos salados marco polo bolsa 80 gr,PISTACHOS SALADOS MARCO POLO BOLSA 80 GR,,COMERCIAL AMAR HERMANOS Y COMPANIA LIMITADA,0.296
1,low_confidence,EXP-16.2,Otros Gastos Campo,COMPRAS,pistola chorro aj mgo goma cun,PISTOLA CHORRO AJ MGO GOMA CUN,,SODIMAC S.A.,0.4358
1,low_confidence,EXP-16.2,Otros Gastos Campo,COMPRAS,polar delta panama jack vpo 400 varon azul l,POLAR DELTA PANAMA JACK VPO 400 VARON AZUL L,,COMERCIALIZADORA DE ART DE PROTECCION Y SEGURIDAD INDUSTRIAL MANQUEHUE LIMITADA,0.3919
1,low_confidence,EXP-16.2,Otros Gastos Campo,COMPRAS,punta 1 1 4 1 0kg cun06cp,"PUNTA 1 1/4 1,0KG CUN06Cp",,SODIMAC S.A.,0.1377
1,low_confidence,EXP-16.2,Otros Gastos Campo,COMPRAS,punta atornillador hex 50mm 8 un ph2 bosh,PUNTA ATORNILLADOR HEX 50MM 8 UN PH2 BOSH -@,PUNTA ATORNILLADOR HEX 50MM 8 UN PH2 BOSH -@,DORIS IVONNE CASTILLO KANTER,0.2843
1,low_confidence,EXP-16.2,Otros Gastos Campo,COMPRAS,r n retroexcavadora r24,R.N RETROEXCAVADORA R24,,VULCANIZACIÓN NONTUELÁ SPA,0.1804
1,low_confidence,EXP-16.2,Otros Gastos Campo,COMPRAS,recarga 15kl,RECARGA 15KL,,DISTRIBUIDORA DE GAS MALON SPA,0.5271
1,low_confidence,EXP-16.2,Otros Gastos Campo,COMPRAS,recuperacion gastos sag,RECUPERACION GASTOS SAG,,Tattersall Ganado S.A.,0.171
1,low_confidence,EXP-16.2,Otros Gastos Campo,COMPRAS,rep 01 mang hidra 1 47 4 r1,REP 01 MANG HIDRA 1&#47;4 R1,,SERGIO GUILLERMO LOEBEL PUSCHEL,0.4413
1,low_confidence,EXP-16.2,Otros Gastos Campo,COMPRAS,rep neum r24 tractor,REP. NEUM.R24 TRACTOR,,VULCANIZACIÓN NONTUELÁ SPA,0.1579
1,low_confidence,EXP-16.2,Otros Gastos Campo,COMPRAS,rep neum r38 tractor,REP. NEUM.R38 TRACTOR,,VULCANIZACIÓN NONTUELÁ SPA,0.1383
1,low_confidence,EXP-16.2,Otros Gastos Campo,COMPRAS,rep raton m schutz spray 1515 x 200 ml,REP. RATON M. SCHUTZ SPRAY 1515 X 200 ML,REP. RATON M. SCHUTZ SPRAY 1515 X 200 ML,COOPERATIVA AGRICOLA Y LECHERA DE LA UNION LTDA.,0.2283
1,low_confidence,EXP-16.2,Otros Gastos Campo,COMPRAS,reparacion,REPARACION,SEGUN DETALLE ADJUNTO,JOHN MARCELO CARRILLO SOLDAN,0.2674
1,low_confidence,EXP-16.2,Otros Gastos Campo,COMPRAS,reparacion termo,REPARACIÓN TERMO.,,JORGEN HORACIO VEGA AGUILA,0.6029
1,low_confidence,EXP-16.2,Otros Gastos Campo,COMPRAS,residuos fundo raices,RESIDUOS FUNDO RAICES,SERVICIO REALIZADO EL 4 DE JULIO 2025.,SELLO DE RECICLAJE MI GRAN CHILE SPA,0.5915
1,low_confidence,EXP-16.2,Otros Gastos Campo,COMPRAS,residuos fundo yutreco,RESIDUOS FUNDO YUTRECO,SERVICIO REALIZADO EL 12 DE JUNIO 2025.,SELLO DE RECICLAJE MI GRAN CHILE SPA,0.5541
1,low_confidence,EXP-16.2,Otros Gastos Campo,COMPRAS,residuos punto limpio,RESIDUOS PUNTO LIMPIO,SERVICIO REALIZADO EL 9 DE ABRIL 2025.,SELLO DE RECICLAJE MI GRAN CHILE SPA,0.3671
1,low_confidence,EXP-16.2,Otros Gastos Campo,COMPRAS,resorte bujia ms 192t 250 390,RESORTE BUJIA MS 192T 250 390,RESORTE BUJIA MS 192T 250 390,INVERSIONES DEL RANCO LIMITADA,0.2535
1,low_confidence,EXP-16.2,Otros Gastos Campo,COMPRAS,ret resid paillaco,RET.RESID.PAILLACO,SERVICIO REALIZADO EL 26 DE AGOSTO 2025.,SELLO DE RECICLAJE MI GRAN CHILE SPA,0.5272
1,low_confidence,EXP-16.2,Otros Gastos Campo,COMPRAS,retroescabadora,Retroescabadora,12 horas,TRANSPORTES G & G SPA,0.2637
1,low_confidence,EXP-16.2,Otros Gastos Campo,COMPRAS,rollo pano multiuso tnt 50un,ROLLO PANO MULTIUSO TNT 50UN,,SODIMAC S.A.,0.3141
1,low_confidence,EXP-16.2,Otros Gastos Campo,COMPRAS,set 12ganchocort bano plas bco,SET 12GANCHOCORT BANO PLAS BCO,,SODIMAC S.A.,0.5043
1,low_confidence,EXP-16.2,Otros Gastos Campo,COMPRAS,set cepillo sanitario vileda,SET CEPILLO SANITARIO VILEDA,,EASY RETAIL S.A.,0.1568
1,low_confidence,EXP-16.2,Otros Gastos Campo,COMPRAS,set repuesto hoja cartonero 10 uni cqa19u uyustools,SET REPUESTO HOJA CARTONERO 10 UNI (CQA19U) UYUSTOOLS,,COMERCIAL CLIMENT SPA,0.2351
1,low_confidence,EXP-16.2,Otros Gastos Campo,COMPRAS,set x 10 unidades abrazadera omega cobre 1 2,SET X 10 UNIDADES ABRAZADERA OMEGA COBRE 1/2 -@,SET X 10 UNIDADES ABRAZADERA OMEGA COBRE 1/2 -@,DORIS IVONNE CASTILLO KANTER,0.25
1,low_confidence,EXP-16.2,Otros Gastos Campo,COMPRAS,sikaflex 221 multiuso negro 300gr sika,SIKAFLEX 221 MULTIUSO NEGRO 300GR SIKA -@,SIKAFLEX 221 MULTIUSO NEGRO 300GR SIKA -@,DORIS IVONNE CASTILLO KANTER,0.3126
1,low_confidence,EXP-16.2,Otros Gastos Campo,COMPRAS,sobrecostilla porc arg v kg,SOBRECOSTILLA PORC ARG V KG,,CENCOSUD RETAIL S.A.,0.2459
1,low_confidence,EXP-16.2,Otros Gastos Campo,COMPRAS,soplete a gas yanes c piezo prof 400p,SOPLETE A GAS YANES C/PIEZO PROF-400P,,COMERCIAL CLIMENT SPA,0.6585
1,low_confidence,EXP-16.2,Otros Gastos Campo,COMPRAS,spray galvanizado en friio,SPRAY GALVANIZADO EN FRIIO,,SOCIEDAD COMERCIAL SERLAC CHILE S.A.,0.2069
1,low_confidence,EXP-16.2,Otros Gastos Campo,COMPRAS,tapon reusable c caja 1271 cu,TAPON REUSABLE C/CAJA 1271. CU,,SODIMAC S.A.,0.2502
1,low_confidence,EXP-16.2,Otros Gastos Campo,COMPRAS,tarro lechero acero inoxidable 50 lts c tapa de goma,TARRO LECHERO ACERO INOXIDABLE 50 LTS C/ TAPA DE GOMA,,SOCIEDAD COMERCIAL SERLAC CHILE S.A.,0.5301
1,low_confidence,EXP-16.2,Otros Gastos Campo,COMPRAS,tee compresion hi 32mm arangul,Tee Compresión HI 32mm Arangül,,PUELCHE LOS RIOS SOCIEDAD POR ACCIONES,0.2338
1,low_confidence,EXP-16.2,Otros Gastos Campo,COMPRAS,tee compresion hi 63mm gs pimtas,Tee Compresión HI 63mm GS Pimtas,______________Manifold_______________,PUELCHE LOS RIOS SOCIEDAD POR ACCIONES,0.223
1,low_confidence,EXP-16.2,Otros Gastos Campo,COMPRAS,tee galvanizada 3 4,"TEE GALVANIZADA 3/4""",,COMERCIAL CLIMENT SPA,0.2575
1,low_confidence,EXP-16.2,Otros Gastos Campo,COMPRAS,termo canon 60 l acero inox c valv,TERMO CAÑON 60 L ACERO INOX C/VALV,TERMO CAÑON 60 L ACERO INOX C/VALV,COOPERATIVA AGRICOLA Y LECHERA DE LA UNION LTDA.,0.5526
1,low_confidence,EXP-16.2,Otros Gastos Campo,COMPRAS,termo condor 3 5 lts,"TERMO CONDOR 3,5 LTS",,MIRTHA LEONOR CASTILLO KANTER,0.5703
1,low_confidence,EXP-16.2,Otros Gastos Campo,COMPRAS,termo liquido 1l ace grafito,TERMO LIQUIDO 1L ACE GRAFITO,,SODIMAC S.A.,0.5364
1,low_confidence,EXP-16.2,Otros Gastos Campo,COMPRAS,termometro bimetalico 0 120,TERMOMETRO BIMETALICO 0-120,,SOCIEDAD COMERCIAL SERLAC CHILE S.A.,0.6903
1,low_confidence,EXP-16.2,Otros Gastos Campo,COMPRAS,termometro termostato analogo 0 120 recu mlp,TERMOMETRO TERMOSTATO ANALOGO 0-120 RECU MLP,^,SOCIEDAD COMERCIAL SERLAC CHILE S.A.,0.5366
1,low_confidence,EXP-16.2,Otros Gastos Campo,COMPRAS,toalla abolengo xl 100mt,TOALLA ABOLENGO XL 100MT,,CENCOSUD RETAIL S.A.,0.3326
1,low_confidence,EXP-16.2,Otros Gastos Campo,COMPRAS,toallitas desinf igenix fres cit 400un,TOALLITAS DESINF.IGENIX FRES.CIT.400UN,,EASY RETAIL S.A.,0.3635
1,low_confidence,EXP-16.2,Otros Gastos Campo,COMPRAS,tomate cocktail pote 250 gr,TOMATE COCKTAIL POTE 250 GR,,CENCOSUD RETAIL S.A.,0.405
1,low_confidence,EXP-16.2,Otros Gastos Campo,COMPRAS,topes planchas ondu 100un bols,TOPES PLANCHAS ONDU 100UN/BOLS,,SODIMAC S.A.,0.4716
1,low_confidence,EXP-16.2,Otros Gastos Campo,COMPRAS,torta panqueque naranja jumbo 15p v3,TORTA PANQUEQUE NARANJA JUMBO 15P V3,,CENCOSUD RETAIL S.A.,0.3048
1,low_confidence,EXP-16.2,Otros Gastos Campo,COMPRAS,trap microfibra dona gaby 50x40 doble con ojal und 1 und,TRAP MICROFIBRA DOÑA GABY 50X40 DOBLE CON OJAL UND 1 UND,,COMERCIAL AMAR HERMANOS Y COMPANIA LIMITADA,0.3511
1,low_confidence,EXP-16.2,Otros Gastos Campo,COMPRAS,trap microfibra dona gaby 50x60 con ojal und 1 und,TRAP MICROFIBRA DOÑA GABY 50X60 CON OJAL UND 1 UND,,COMERCIAL AMAR HERMANOS Y COMPANIA LIMITADA,0.4142
1,low_confidence,EXP-16.2,Otros Gastos Campo,COMPRAS,uht nectar 200 na,UHT NECTAR 200 NA,,COOPERATIVA AGRICOLA Y LECHERA DE LA UNION LTDA.,0.2586
1,low_confidence,EXP-16.2,Otros Gastos Campo,COMPRAS,vidrios,VIDRIOS,,ROSA ELVIRA SOLIS GUARDA,0.2129
1,low_confidence,EXP-2.2,Medicamentos Mastitis,COMPRAS,aceite cadena biodegradable stihl1000 cc,ACEITE CADENA BIODEGRADABLE STIHL1000 CC,,EASY RETAIL S.A.,0.7162
1,low_confidence,EXP-2.2,Medicamentos Mastitis,COMPRAS,aceite mezcla 5 lt stihl,ACEITE MEZCLA 5 LT STIHL,,EASY RETAIL S.A.,0.409
1,low_confidence,EXP-2.2,Medicamentos Mastitis,COMPRAS,aceite mezcla stihl 5 lts,ACEITE MEZCLA STIHL - 5 LTS,ACEITE MEZCLA STIHL - 5 LTS,COMERCIAL HARCHA SPA,0.3448
1,low_confidence,EXP-2.2,Medicamentos Mastitis,COMPRAS,bebida coca cola pet 3 lt,BEBIDA COCA COLA PET 3 LT,,CENCOSUD RETAIL S.A.,0.5737
1,low_confidence,EXP-2.2,Medicamentos Mastitis,COMPRAS,codo 1 2,CODO 1/2,,RICARDO FRANCISCO WULFF MULLER,0.2118
1,low_confidence,EXP-2.2,Medicamentos Mastitis,COMPRAS,dil sintetico 1lt,DIL. SINTETICO 1LT,,PINTURAS BARENDS SpA,0.6626
1,low_confidence,EXP-2.2,Medicamentos Mastitis,COMPRAS,diluyente sintetico 1 lt,DILUYENTE SINTETICO 1 LT.,,FERIA REMEHUE LTDA.,0.234
1,low_confidence,EXP-2.2,Medicamentos Mastitis,COMPRAS,dosf inyec frasco acople 6 ml shoof accurus,DOSF. INYEC FRASCO ACOPLE 6 ML -SHOOF_ACCURUS___,SHOOF_ACCURUS___,FEROSOR AGRICOLA S.A.,0.2669
1,low_confidence,EXP-2.2,Medicamentos Mastitis,COMPRAS,harry potter 1 y la piedra filosofal,HARRY POTTER 1 Y LA PIEDRA FILOSOFAL,,Ainilebu SPA,0.1081
1,low_confidence,EXP-2.2,Medicamentos Mastitis,COMPRAS,inyectores 4,Inyectores (4),,HECTOR PATRICIO RIVERA BURGOS,0.637
1,low_confidence,EXP-2.2,Medicamentos Mastitis,COMPRAS,mastiplan x 20 jeringas,MASTIPLAN X 20 JERINGAS -____,____,FEROSOR AGRICOLA S.A.,0.4106
1,low_confidence,EXP-2.2,Medicamentos Mastitis,COMPRAS,papelero metalico appl102001 selloffice adi111,PAPELERO METALICO APPL102001 SELLOFFICE ADI111,PAPELERO METALICO APPL102001 SELLOFFICE ADI111,KARIM KLETT DIEZ,0.1673
1,low_confidence,EXP-2.2,Medicamentos Mastitis,COMPRAS,pint marcaje animal verde fluor 1gl,PINT. MARCAJE ANIMAL VERDE FLUOR 1GL,,PINTURAS BARENDS SpA,0.6031
1,low_confidence,EXP-2.2,Medicamentos Mastitis,COMPRAS,pintura marcaje rojo gl,PINTURA MARCAJE ROJO GL,,PINTURAS BARENDS SpA,0.6731
1,low_confidence,EXP-2.2,Medicamentos Mastitis,COMPRAS,pintura spray 2x negro brillante 311 gr harris,PINTURA SPRAY 2X NEGRO BRILLANTE 311 GR HARRIS -@,PINTURA SPRAY 2X NEGRO BRILLANTE 311 GR HARRIS -@,DORIS IVONNE CASTILLO KANTER,0.7232
1,low_confidence,EXP-2.2,Medicamentos Mastitis,COMPRAS,pintura spray 2x verde oscuro 311 gr harris,PINTURA SPRAY 2X VERDE OSCURO 311 GR HARRIS -@,PINTURA SPRAY 2X VERDE OSCURO 311 GR HARRIS -@,DORIS IVONNE CASTILLO KANTER,0.7312
1,low_confidence,EXP-2.2,Medicamentos Mastitis,COMPRAS,pintura spray fil verde verde,PINTURA SPRAY FIL VERDE -_VERDE___,_VERDE___,FEROSOR AGRICOLA S.A.,0.5992
1,low_confidence,EXP-2.2,Medicamentos Mastitis,COMPRAS,spray pulverizador manual 500 cc,SPRAY (PULVERIZADOR MANUAL 500 CC),SPRAY (PULVERIZADOR MANUAL 500 CC),COOPERATIVA AGRICOLA Y LECHERA DE LA UNION LTDA.,0.1935
1,low_confidence,EXP-2.2,Medicamentos Mastitis,COMPRAS,tapon he p termofusion 1 2,TAPON HE P/TERMOFUSION 1/2,,COMERCIAL CLIMENT SPA,0.1844
1,low_confidence,EXP-2.2,Medicamentos Mastitis,COMPRAS,tapon universal,TAPON UNIVERSAL,TAPON UNIVERSAL,DORIS IVONNE CASTILLO KANTER,0.2323
1,low_confidence,EXP-2.3,Vacunas,COMPRAS,trasl vacas vacias abort,TRASL. VACAS VACIAS ABORT,DESDE MAITEN A BRAMADERO,LUIS ANTONIO TORRES JARAMILLO,0.7408
1,low_confidence,EXP-2.4,Sales Minerales,COMPRAS,19tira fierro redondo liso 19mm 3 4,19TIRA FIERRO REDONDO LISO 19MM 3 4 -@,19TIRA FIERRO REDONDO LISO 19MM 3 4 -@,DORIS IVONNE CASTILLO KANTER,0.253
1,low_confidence,EXP-2.4,Sales Minerales,COMPRAS,1x4x3 20 pino bruto,1X4X3.20 PINO BRUTO,,MADERAS GUERRA Y COMPANIA LIMITADA,0.2529
1,low_confidence,EXP-2.4,Sales Minerales,COMPRAS,60 terneras,60 TERNERAS,,AGRICOLA Y GANADERA EMERALD LIMITADA,0.6814
1,low_confidence,EXP-2.4,Sales Minerales,COMPRAS,abraz stan 1a hex 28 42mm,ABRAZ.STAN.1A HEX 28-42MM,GVM #205,FERRETERIAS WEITZLER SOCIEDAD ANONIMA,0.3956
1,low_confidence,EXP-2.4,Sales Minerales,COMPRAS,adhesivo tradicional 240cc cun,ADHESIVO TRADICIONAL 240CC CUN,,SODIMAC S.A.,0.5298
1,low_confidence,EXP-2.4,Sales Minerales,COMPRAS,adhesivo vinilit 240cc secado rapido,ADHESIVO VINILIT 240CC.SECADO RAPIDO,,COMERCIAL CLIMENT SPA,0.4001
1,low_confidence,EXP-2.4,Sales Minerales,COMPRAS,alcayata 06,"ALCAYATA 06""",FONT#216,FERRETERIAS WEITZLER SOCIEDAD ANONIMA,0.334
1,low_confidence,EXP-2.4,Sales Minerales,COMPRAS,azada de estribo bima 8 cm,Azada de estribo BIMA 8 cm,Deshierbe,Bima Chile Spa,0.2419
1,low_confidence,EXP-2.4,Sales Minerales,COMPRAS,barniz vitrif brill sipa 1 4gl,BARNIZ VITRIF BRILL SIPA 1/4GL,,SODIMAC S.A.,0.4172
1,low_confidence,EXP-2.4,Sales Minerales,COMPRAS,bushing nylon 15mm x 8mm negro hansen,Bushing Nylon 15mm x 8mm (negro) Hansen,,PUELCHE LOS RIOS SOCIEDAD POR ACCIONES,0.3784
1,low_confidence,EXP-2.4,Sales Minerales,COMPRAS,caneria c gotero 1 6 l h 20cm rollo 550mm,Cañeria c/Gotero 1.6 L/H 20cm Rollo 550mm,,PUELCHE LOS RIOS SOCIEDAD POR ACCIONES,0.2193
1,low_confidence,EXP-2.4,Sales Minerales,COMPRAS,carro carga 250kg bauker cun11,CARRO CARGA 250KG BAUKER CUN11,,SODIMAC S.A.,0.1316
1,low_confidence,EXP-2.4,Sales Minerales,COMPRAS,cemento 25 kg,CEMENTO 25 KG,CEMENTO 25 KG,COMERCIAL HARCHA SPA,0.4062
1,low_confidence,EXP-2.4,Sales Minerales,COMPRAS,cerr sobrep chilena 2010,CERR.SOBREP.CHILENA 2010,POLI#505,FERRETERIAS WEITZLER SOCIEDAD ANONIMA,0.2704
1,low_confidence,EXP-2.4,Sales Minerales,COMPRAS,clavo 3 x10 bolsa 1kg,"CLAVO 3""X10 BOLSA 1KG",SM1 #207,FERRETERIAS WEITZLER SOCIEDAD ANONIMA,0.428
1,low_confidence,EXP-2.4,Sales Minerales,COMPRAS,clavo cte gal 4x 8 2 5kg,CLAVO CTE GAL 4X 8 2.5KG,,EASY RETAIL S.A.,0.5112
1,low_confidence,EXP-2.4,Sales Minerales,COMPRAS,clavo galvanizado 2 1 2 x1 2 kg,CLAVO GALVANIZADO 2. 1/2 X1/2 KG,,EASY RETAIL S.A.,0.2431
1,low_confidence,EXP-2.4,Sales Minerales,COMPRAS,clavo galvanizado 2 x 1 2 kg,CLAVO GALVANIZADO 2 X 1/2 KG,,EASY RETAIL S.A.,0.2371
1,low_confidence,EXP-2.4,Sales Minerales,COMPRAS,codo 25mm,CODO 25MM,,RICARDO FRANCISCO WULFF MULLER,0.1762
1,low_confidence,EXP-2.4,Sales Minerales,COMPRAS,copla 20mm,COPLA 20MM,,RICARDO FRANCISCO WULFF MULLER,0.2198
1,low_confidence,EXP-2.4,Sales Minerales,COMPRAS,copla 25mm,COPLA 25MM,,RICARDO FRANCISCO WULFF MULLER,0.2655
1,low_confidence,EXP-2.4,Sales Minerales,COMPRAS,corte dimensionado,CORTE DIMENSIONADO,SM1 #505,FERRETERIAS WEITZLER SOCIEDAD ANONIMA,0.3289
1,low_confidence,EXP-2.4,Sales Minerales,COMPRAS,cuchara bioely 10un,CUCHARA BIOELY 10UN,,CENCOSUD RETAIL S.A.,0.2611
1,low_confidence,EXP-2.4,Sales Minerales,COMPRAS,cultivo 3 pasad rastra,CULTIVO 3 PASAD. RASTRA,,PRESTACIONES DE SERVICIOS AGRICOLAS EL SIERVO LIMITADA,0.1575
1,low_confidence,EXP-2.4,Sales Minerales,COMPRAS,cultivo 4 pasadas a 14 h,CULTIVO 4 PASADAS A 14 H-,BRAMADERO,PRESTACIONES DE SERVICIOS AGRICOLAS EL SIERVO LIMITADA,0.6187
1,low_confidence,EXP-2.4,Sales Minerales,COMPRAS,cultivo 4 pasadas a 6 h,CULTIVO 4 PASADAS A 6 H-,TINEO,PRESTACIONES DE SERVICIOS AGRICOLAS EL SIERVO LIMITADA,0.4724
1,low_confidence,EXP-2.4,Sales Minerales,COMPRAS,detergente polvo kleine 10kg,DETERGENTE POLVO KLEINE 10KG,,SODIMAC S.A.,0.4487
1,low_confidence,EXP-2.4,Sales Minerales,COMPRAS,escuadra fierro negro 200 150 mm,ESCUADRA FIERRO NEGRO 200*150 MM.,,FERRETERIA HESS Y BUSCHMANN SPA,0.5854
1,low_confidence,EXP-2.4,Sales Minerales,COMPRAS,estru pino 15mm 1 22x2 44,ESTRU/PINO 15MM 1.22X2.44,CNMA#505,FERRETERIAS WEITZLER SOCIEDAD ANONIMA,0.4148
1,low_confidence,EXP-2.4,Sales Minerales,COMPRAS,fe estriado a630 8 mm x 6 0 m,FE.ESTRIADO A630 8 MM X 6.0 M,FE.ESTRIADO A630 8 MM X 6.0 M,Acenor Aceros Del Norte S.A.,0.212
1,low_confidence,EXP-2.4,Sales Minerales,COMPRAS,fibra de coco bloque medium extra lavada std x kg,FIBRA DE COCO BLOQUE MEDIUM EXTRA LAVADA STD X KG,FIBRA DE COCO BLOQUE MEDIUM EXTRA LAVADA STD X KG,Mallas Protekta Limitada,0.4014
1,low_confidence,EXP-2.4,Sales Minerales,COMPRAS,frasco lubricante hoffens 1 2kg oferta,FRASCO LUBRICANTE HOFFENS 1/2KG.*OFERTA*,,COMERCIAL CLIMENT SPA,0.3239
1,low_confidence,EXP-2.4,Sales Minerales,COMPRAS,fu terminal hi 1 2 x 25 mm metalico pegar ppr,FU-TERMINAL HI 1 2 X 25 MM METALICO PEGAR PPR -@,FU-TERMINAL HI 1 2 X 25 MM METALICO PEGAR PPR -@,DORIS IVONNE CASTILLO KANTER,0.1141
1,low_confidence,EXP-2.4,Sales Minerales,COMPRAS,gorro p tubo liso vent 4 5 cun,"GORRO P/TUBO LISO VENT 4,5 CUN",,SODIMAC S.A.,0.2256
1,low_confidence,EXP-2.4,Sales Minerales,COMPRAS,gran pipona sembrasol bolsa 200 gr,GRAN PIPONA SEMBRASOL BOLSA 200 GR,,COMERCIAL AMAR HERMANOS Y COMPANIA LIMITADA,0.224
1,low_confidence,EXP-2.4,Sales Minerales,COMPRAS,guardamotor lexo dzs12 me10 4 a 6 3 amp,"GUARDAMOTOR LEXO DZS12-ME10 4 A 6,3 AMP",,COMERCIAL CLIMENT SPA,0.1785
1,low_confidence,EXP-2.4,Sales Minerales,COMPRAS,hervidor thomas th 6220dm,HERVIDOR THOMAS TH-6220DM,,COMERCIAL VICAN SPA,0.3366
1,low_confidence,EXP-2.4,Sales Minerales,COMPRAS,hilos x metro g 2 nc 1 2 13 hilos,"HILOS X METRO G-2 NC 1/2"" 13 HILOS",,FERIA REMEHUE LTDA.,0.2407
1,low_confidence,EXP-2.4,Sales Minerales,COMPRAS,hoja de sierra sandflex flexible,HOJA DE SIERRA SANDFLEX FLEXIBLE,,COMERCIAL CLIMENT SPA,0.178
1,low_confidence,EXP-2.4,Sales Minerales,COMPRAS,lavap izq 1p 800x500,LAVAP.IZQ.1P 800X500,COND#220,FERRETERIAS WEITZLER SOCIEDAD ANONIMA,0.4479
1,low_confidence,EXP-2.4,Sales Minerales,COMPRAS,lenovo sff neo30s i5 13420h 16gb 512gb,LENOVO SFF NEO30s I5-13420H 16GB 512GB,,COOPERATIVA AGRICOLA Y DE SERVICIOS LTDA,0.331
1,low_confidence,EXP-2.4,Sales Minerales,COMPRAS,lija fierro nexo 100,LIJA FIERRO NEXO # 100,LIJA FIERRO NEXO # 100,COMERCIAL HARCHA SPA,0.1415
1,low_confidence,EXP-2.4,Sales Minerales,COMPRAS,limpia contacto wurth 300ml,LIMPIA CONTACTO WURTH 300ML,,SOCIEDAD COMERCIAL SERLAC CHILE S.A.,0.2612
1,low_confidence,EXP-2.4,Sales Minerales,COMPRAS,llave angular c flex 1 2hi x 15 16hi 30cm hoffens,LLAVE ANGULAR C/FLEX. 1/2HI X 15/16HI 30CM HOFFENS,,COMERCIAL CLIMENT SPA,0.3629
1,low_confidence,EXP-2.4,Sales Minerales,COMPRAS,longaniza schwencke 1kg,LONGANIZA SCHWENCKE 1KG,,CENCOSUD RETAIL S.A.,0.4873
1,low_confidence,EXP-2.4,Sales Minerales,COMPRAS,mipro pastoreo skyline,Mipro Pastoreo Skyline,//FUNDO BRAMADEROS,SANO - NUTRICION ANIMAL MODERNA SPA,0.4828
1,low_confidence,EXP-2.4,Sales Minerales,COMPRAS,mix frutos secos salado millantu bolsa 120 gr,MIX FRUTOS SECOS SALADO MILLANTU BOLSA 120 GR,,COMERCIAL AMAR HERMANOS Y COMPANIA LIMITADA,0.3556
1,low_confidence,EXP-2.4,Sales Minerales,COMPRAS,monomando ducha cincinnati 20ci5303000 plumber,MONOMANDO DUCHA CINCINNATI (20CI5303000) PLUMBER,,COMERCIAL CLIMENT SPA,0.2328
1,low_confidence,EXP-2.4,Sales Minerales,COMPRAS,monomando tina cle m302 grilef,MONOMANDO TINA CLE-M302 GRILEF,,SOCIEDAD COMERCIAL TUCHIE JADURI LIMITAD,0.3045
1,low_confidence,EXP-2.4,Sales Minerales,COMPRAS,mosquitero fibra vid negro 1 20x30 cnbm,"MOSQUITERO FIBRA VID NEGRO 1,20X30 CNBM","MOSQUITERO FIBRA VID NEGRO 1,20X30 CNBM",Mallas Protekta Limitada,0.2336
1,low_confidence,EXP-2.4,Sales Minerales,COMPRAS,mt caneria polietileno 1 2 tigre,"MT. CANERIA POLIETILENO 1/2"" TIGRE",,COMERCIAL CLIMENT SPA,0.4092
1,low_confidence,EXP-2.4,Sales Minerales,COMPRAS,mt x tira caneria de cobre m 1 2 oferta,"MT. X TIRA CANERIA DE COBRE-M 1/2"" OFERTA",,COMERCIAL CLIMENT SPA,0.2434
1,low_confidence,EXP-2.4,Sales Minerales,COMPRAS,musica de las montanas la,"MUSICA DE LAS MONTAÑAS, LA",,Ainilebu SPA,0.1347
1,low_confidence,EXP-2.4,Sales Minerales,COMPRAS,nefas 86684,NEFAs 86684,,LABORATORIOS Y SERVICIOS VETERINARIOS VALDIVIA LTDA,0.1976
1,low_confidence,EXP-2.4,Sales Minerales,COMPRAS,nota adhe torre 100 hj 7 6x7 6 cm celeste,NOTA ADHE TORRE 100 HJ 7.6X7.6 CM CELESTE,,PROVEEDORES INTEGRALES DEL SUR S.A.,0.321
1,low_confidence,EXP-2.4,Sales Minerales,COMPRAS,nylon p desbr 2 7 mm 12 mt 17629,"NYLON P/DESBR. 2,7 MM. 12 MT. 17629",,FERRETERIA HESS Y BUSCHMANN SPA,0.4531
1,low_confidence,EXP-2.4,Sales Minerales,COMPRAS,parabrisas valtra,PARABRISAS VALTRA,,ROAGRO SPA,0.1746
1,low_confidence,EXP-2.4,Sales Minerales,COMPRAS,percha doble negra 126mm rey,PERCHA DOBLE NEGRA 126MM REY,,FERRETERIA HESS Y BUSCHMANN SPA,0.2375
1,low_confidence,EXP-2.4,Sales Minerales,COMPRAS,pirimor,PIRIMOR,BOLSA 1 KG|,Tattersall AgroInsumos S.A.,0.3097
1,low_confidence,EXP-2.4,Sales Minerales,COMPRAS,pl zinc 5v 2 00 x 0 35mm,PL/ZINC 5V 2.00 X 0.35MM,FRMS#207,FERRETERIAS WEITZLER SOCIEDAD ANONIMA,0.4278
1,low_confidence,EXP-2.4,Sales Minerales,COMPRAS,r n carro forrajero r15 5,R.N.CARRO FORRAJERO R15.5,,VULCANIZACIÓN NONTUELÁ SPA,0.1475
1,low_confidence,EXP-2.4,Sales Minerales,COMPRAS,receptaculo ducha 70 x 70,RECEPTACULO DUCHA 70 X 70,,COMERCIAL CLIMENT SPA,0.1926
1,low_confidence,EXP-2.4,Sales Minerales,COMPRAS,rejilla vent 30x30 acero esmaltado blanco,REJILLA VENT 30X30 ACERO ESMALTADO BLANCO -@,REJILLA VENT 30X30 ACERO ESMALTADO BLANCO -@,DORIS IVONNE CASTILLO KANTER,0.1619
1,low_confidence,EXP-2.4,Sales Minerales,COMPRAS,rodillo fibr 20mm 18cm 7,"RODILLO FIBR.20MM 18CM 7""",LIZC#216,FERRETERIAS WEITZLER SOCIEDAD ANONIMA,0.5081
1,low_confidence,EXP-2.4,Sales Minerales,COMPRAS,rodillo fibra antigota 23cm cu,RODILLO FIBRA ANTIGOTA 23CM CU,,SODIMAC S.A.,0.2141
1,low_confidence,EXP-2.4,Sales Minerales,COMPRAS,sifon lavatorio regio c codo std 1 1 4x32 hoffens,"SIFON LAVATORIO REGIO C/CODO STD 1,1/4X32 HOFFENS",,COMERCIAL CLIMENT SPA,0.5523
1,low_confidence,EXP-2.4,Sales Minerales,COMPRAS,silic ag n hongos trn 12x300ml,SILIC AG N/HONGOS TRN 12X300ML,,SODIMAC S.A.,0.4434
1,low_confidence,EXP-2.4,Sales Minerales,COMPRAS,sobre americano 10x23 80gr x 50 un blanco teknofas,SOBRE AMERICANO 10X23 80GR X 50 UN BLANCO TEKNOFAS,,PROVEEDORES INTEGRALES DEL SUR S.A.,0.3642
1,low_confidence,EXP-2.4,Sales Minerales,COMPRAS,sulfato cobre 25 kg,SULFATO COBRE 25 KG. -____,____,FEROSOR AGRICOLA S.A.,0.2593
1,low_confidence,EXP-2.4,Sales Minerales,COMPRAS,tirador forza 128mm ng ma,TIRADOR FORZA 128MM NG MA,CASO#504,FERRETERIAS WEITZLER SOCIEDAD ANONIMA,0.2952
1,low_confidence,EXP-2.4,Sales Minerales,COMPRAS,tirafondo hex 1 4x1 1 2,TIRAFONDO HEX 1/4X1.1/2,SCRE#216,FERRETERIAS WEITZLER SOCIEDAD ANONIMA,0.4648
1,low_confidence,EXP-2.4,Sales Minerales,COMPRAS,topograf fdo santa carmen,Topograf Fdo Santa Carmen,,AGROMAP SPA,0.4048
1,low_confidence,EXP-2.4,Sales Minerales,COMPRAS,tordon bramadero,TORDON - BRAMADERO,,PRESTACIONES DE SERVICIOS AGRICOLAS EL SIERVO LIMITADA,0.2156
1,low_confidence,EXP-2.4,Sales Minerales,COMPRAS,triflurex 48 ec x 20 lt fitosanitarios a aq her,TRIFLUREX 48 EC x 20 lt-FITOSANITARIOS(A)-AQ - HER,,COMPAÑÍA AGROPECUARIA COPEVAL S.A.,0.4333
1,low_confidence,EXP-2.4,Sales Minerales,COMPRAS,visores portaleyenda torre caja 50unid,VISORES PORTALEYENDA TORRE CAJA/50UNID.,,PROVEEDORES INTEGRALES DEL SUR S.A.,0.1857
1,low_confidence,EXP-2.5,Otros Medicamentos,COMPRAS,advocin 180 50ml,ADVOCIN 180 50ML -____,____,FEROSOR AGRICOLA S.A.,0.5321
1,low_confidence,EXP-2.5,Otros Medicamentos,COMPRAS,azovetril de 5 litros 5lt,AZOVETRIL DE 5 LITROS -__5LT__,__5LT__,FEROSOR AGRICOLA S.A.,0.2273
1,low_confidence,EXP-2.5,Otros Medicamentos,COMPRAS,clorinda 4000 cc,CLORINDA 4000 CC,,DOÑA SOFIA SPA,0.5932
1,low_confidence,EXP-2.5,Otros Medicamentos,COMPRAS,rimadyl 50 ml,RIMADYL 50 ML -____,____,FEROSOR AGRICOLA S.A.,0.4489
1,low_confidence,EXP-2.6,Otros Gastos Salud Animal,COMPRAS,aguja desechable 18g 1,"AGUJA DESECHABLE -_18G 1""___","_18G 1""___",FEROSOR AGRICOLA S.A.,0.668
1,low_confidence,EXP-2.6,Otros Gastos Salud Animal,COMPRAS,aguja desechable 18g 1 1 2,"AGUJA DESECHABLE -_18G 1 1/2""___","_18G 1 1/2""___",FEROSOR AGRICOLA S.A.,0.4885
1,low_confidence,EXP-2.6,Otros Gastos Salud Animal,COMPRAS,agujas desechable nubenco 16g x 1 2,AGUJAS DESECHABLE NUBENCO 16G x 1/2 -____,____,FEROSOR AGRICOLA S.A.,0.5645
1,low_confidence,EXP-2.6,Otros Gastos Salud Animal,COMPRAS,bandeja para pintar kolor cun9,BANDEJA PARA PINTAR KOLOR CUN9,,SODIMAC S.A.,0.6062
1,low_confidence,EXP-2.6,Otros Gastos Salud Animal,COMPRAS,colchas ca550,COLCHAS CA550,,ALICIA GUILLERMINA MARTINEZ CARMONA,0.5802
1,low_confidence,EXP-2.6,Otros Gastos Salud Animal,COMPRAS,filtro 3m 60923 mixto vap org gas acid,FILTRO 3M 60923 MIXTO VAP-ORG- GAS-ACID,,COMERCIALIZADORA DE ART DE PROTECCION Y SEGURIDAD INDUSTRIAL MANQUEHUE LIMITADA,0.402
1,low_confidence,EXP-2.6,Otros Gastos Salud Animal,COMPRAS,filtro aceite hidraulico 1,FILTRO ACEITE HIDRAULICO.(1),,SURAC,0.4151
1,low_confidence,EXP-2.6,Otros Gastos Salud Animal,COMPRAS,histocrem 450 gr,HISTOCREM 450 GR.,HISTOCREM 450 GR.,COOPERATIVA AGRICOLA Y LECHERA DE LA UNION LTDA.,0.6815
1,low_confidence,EXP-2.6,Otros Gastos Salud Animal,COMPRAS,macho npt 06 08,MACHO NPT 06-08,MACHO NPT 06-08,SOCIEDAD COMERCIAL HOFFMANN LTDA,0.4247
1,low_confidence,EXP-2.6,Otros Gastos Salud Animal,COMPRAS,marcador pizarra verde 20010173 artel art111,MARCADOR PIZARRA VERDE 20010173 ARTEL ART111,MARCADOR PIZARRA VERDE 20010173 ARTEL ART111,KARIM KLETT DIEZ,0.344
1,low_confidence,EXP-2.6,Otros Gastos Salud Animal,COMPRAS,toallas virutex desinfect multiu 75un,TOALLAS VIRUTEX DESINFECT.MULTIU 75UN,,CENCOSUD RETAIL S.A.,0.2913
1,low_confidence,EXP-3.1,Inseminacion Artificial,COMPRAS,bovino plateada v origen pieza,BOVINO - Plateada V Origen - Pieza,BOVINO - Plateada V Origen - Pieza,Procarne Comercial S.A.,0.3033
1,low_confidence,EXP-3.1,Inseminacion Artificial,COMPRAS,espuma 500ml,ESPUMA 500ML,,RICARDO FRANCISCO WULFF MULLER,0.4617
1,low_confidence,EXP-3.1,Inseminacion Artificial,COMPRAS,exterminadores de olores x 500 cc,EXTERMINADORES DE OLORES X 500 CC,,COOPERATIVA AGRICOLA Y LECHERA DE LA UNION LTDA.,0.3047
1,low_confidence,EXP-3.1,Inseminacion Artificial,COMPRAS,informe 25 0161,Informe 25-0161,Bacteriología de leche bovina,AUSTRAL MEDIA LAB SPA,0.3695
1,low_confidence,EXP-3.1,Inseminacion Artificial,COMPRAS,jabon liq simonds hygienic 500ml,JABON LIQ SIMONDS HYGIENIC 500ML,,CENCOSUD RETAIL S.A.,0.2619
1,low_confidence,EXP-3.1,Inseminacion Artificial,COMPRAS,pencivet 8 4 gr msd,"PENCIVET (8,4 GR) - MSD",,EMPRESAS BIOSUR SpA,0.3713
1,low_confidence,EXP-3.1,Inseminacion Artificial,COMPRAS,shampoo cera sonx x 500 ml,SHAMPOO + CERA SONX X 500 ML,SHAMPOO + CERA SONX X 500 ML,COOPERATIVA AGRICOLA Y LECHERA DE LA UNION LTDA.,0.5072
1,low_confidence,EXP-4.1,Parva Silo,COMPRAS,aditivo silosolve mc anasac 100grs,ADITIVO SILOSOLVE MC -ANASAC_100grs_____,ANASAC_100grs_____,FEROSOR AGRICOLA S.A.,0.7047
1,low_confidence,EXP-4.1,Parva Silo,COMPRAS,cultivo silo rastra,CULTIVO SILO RASTRA,,PRESTACIONES DE SERVICIOS AGRICOLAS EL SIERVO LIMITADA,0.6257
1,low_confidence,EXP-4.1,Parva Silo,COMPRAS,hilo mt unc nr 3 8,"HILO MT UNC NR 3/8""","HILO MT UNC NR 3/8""",COMERCIAL HARCHA SPA,0.2613
1,low_confidence,EXP-4.1,Parva Silo,COMPRAS,hn hilo esparrago negro 1 2,HN HILO ESPARRAGO NEGRO -1 2 -@,HN HILO ESPARRAGO NEGRO -1 2 -@,DORIS IVONNE CASTILLO KANTER,0.3936
1,low_confidence,EXP-4.1,Parva Silo,COMPRAS,hn hilo esparrago negro 1 4,HN HILO ESPARRAGO NEGRO -1 4,HN HILO ESPARRAGO NEGRO -1 4,DORIS IVONNE CASTILLO KANTER,0.3717
1,low_confidence,EXP-4.1,Parva Silo,COMPRAS,mandarina kilo,MANDARINA KILO,,COMERCIAL AMAR HNOS. Y CIA. LTDA,0.6008
1,low_confidence,EXP-4.1,Parva Silo,COMPRAS,pan perno anclaje hilti 1 2 x4 1 4,PAN PERNO ANCLAJE -HILTI-1 2-X4 1 4 -@,PAN PERNO ANCLAJE -HILTI-1 2-X4 1 4 -@,DORIS IVONNE CASTILLO KANTER,0.2165
1,low_confidence,EXP-4.1,Parva Silo,COMPRAS,platanos kilo,PLATANOS KILO,,COMERCIAL AMAR HNOS. Y CIA. LTDA,0.7216
1,low_confidence,EXP-4.1,Parva Silo,COMPRAS,romana silo,ROMANA SILO,,COOPERATIVA AGRICOLA Y DE SERVICIOS LTDA,0.634
1,low_confidence,EXP-4.1,Parva Silo,COMPRAS,sala bano 4 pzas pronto 30 cm oferta,SALA BANO 4 PZAS.PRONTO (30 CM.) *OFERTA*,,COMERCIAL CLIMENT SPA,0.3005
1,low_confidence,EXP-4.1,Parva Silo,COMPRAS,soda caustica pote kilo,SODA CAUSTICA POTE KILO,SODA CAUSTICA POTE KILO,COMERCIAL HARCHA SPA,0.3681
1,low_confidence,EXP-4.2,Bolos Silo,COMPRAS,bolon seleccionado de 3 a 8 puesto en o,"Bolon Seleccionado de 3"" a 8"" Puesto en O",,SERVICIOS EL MAITEN LIMITADA,0.6111
1,low_confidence,EXP-4.2,Bolos Silo,COMPRAS,bolos bramadero,Bolos bramadero,,HECTOR ADRIAN VALENZUELA PAREDES,0.5088
1,low_confidence,EXP-4.2,Bolos Silo,COMPRAS,bolos demaihue,Bolos demaihue,,HECTOR ADRIAN VALENZUELA PAREDES,0.4621
1,low_confidence,EXP-4.2,Bolos Silo,COMPRAS,bolos futrono,BOLOS FUTRONO,Bolos futrono 149,SERVICIOS AGRICOLAS CORPAL SPA,0.5284
1,low_confidence,EXP-4.2,Bolos Silo,COMPRAS,bolos maiten 2da vuelta,BOLOS MAITEN 2DA VUELTA,6ha 24 bolos : 4 bolos por ha valor ha 122.000 total 732.000,SERVICIOS AGRICOLAS CORPAL SPA,0.5145
1,low_confidence,EXP-4.2,Bolos Silo,COMPRAS,bolos paja plastificado,BOLOS PAJA PLASTIFICADO,88 bolos de paja confección malla y cinta,SERVICIOS AGRICOLAS CORPAL SPA,0.5545
1,low_confidence,EXP-4.2,Bolos Silo,COMPRAS,bolos pasto seco pelleco,BOLOS PASTO SECO PELLECO,392 bolos pasto seco,SERVICIOS AGRICOLAS CORPAL SPA,0.4841
1,low_confidence,EXP-4.2,Bolos Silo,COMPRAS,bolos pelleco,BOLOS PELLECO,Bolos 68 en 9 ha : sería 7 bolos por ha y el valor Ha seria: 141.500,SERVICIOS AGRICOLAS CORPAL SPA,0.3831
1,low_confidence,EXP-4.2,Bolos Silo,COMPRAS,bolos pelleco empastada,BOLOS PELLECO EMPASTADA,Bolos sector pelleco 73 bolos silo,SERVICIOS AGRICOLAS CORPAL SPA,0.4798
1,low_confidence,EXP-4.2,Bolos Silo,COMPRAS,bolos raices,BOLOS RAICES,"Confeccion arriendo 18ha 63bolosy sala A2 5Ha 19 bolos total 82 bolos en 23 Ha 3.5 bolos x ha 4.5x23: 103.5bolos , 82x 18.500: 1.517.000 mas 103.5x12.000: 1.242.000 total 2.759.000",SERVICIOS AGRICOLAS CORPAL SPA,0.4177
1,low_confidence,EXP-4.2,Bolos Silo,COMPRAS,bolos silo chapilcahuin,BOLOS SILO CHAPILCAHUIN,20 bolos silo empastadas arriendo,SERVICIOS AGRICOLAS CORPAL SPA,0.5927
1,low_confidence,EXP-4.2,Bolos Silo,COMPRAS,bolos silo raices f2,BOLOS SILO RAICES F2,Bolos silo f2 22 bolos en 6 ha total,SERVICIOS AGRICOLAS CORPAL SPA,0.5363
1,low_confidence,EXP-4.2,Bolos Silo,COMPRAS,conf bolos bramadero,Conf. Bolos bramadero,,HECTOR ADRIAN VALENZUELA PAREDES,0.451
1,low_confidence,EXP-4.2,Bolos Silo,COMPRAS,conf bolos tineo,Conf.. bolos tineo,,HECTOR ADRIAN VALENZUELA PAREDES,0.7278
1,low_confidence,EXP-4.2,Bolos Silo,COMPRAS,confeccion chapilcahuin,CONFECCION CHAPILCAHUIN,202 bolos en 30 ha 7 bolos x ha : 30x 12.000; 360.000 mas 202x18.500: 3.737.000 total: 4.097.000 valor Ha: 136.567,SERVICIOS AGRICOLAS CORPAL SPA,0.6552
1,low_confidence,EXP-4.2,Bolos Silo,COMPRAS,malla para bolo total cover 1 25 x 3000 mt,"MALLA PARA BOLO TOTAL COVER 1,25 X 3000 MT",ROLLO|SOLICITADO POR PILAR LOBOS. CANCELAN EN 3 CUOTAS IGUALES,Tattersall AgroInsumos S.A.,0.2584
1,low_confidence,EXP-4.2,Bolos Silo,COMPRAS,minimo de bolos,Mínimo de bolos,,HECTOR ADRIAN VALENZUELA PAREDES,0.7327
1,low_confidence,EXP-4.2,Bolos Silo,COMPRAS,movimiento de bolos,Movimiento de bolos,dentro del campo,MARCELO ALEJANDRO GUZMAN CATALAN,0.7142
1,low_confidence,EXP-4.2,Bolos Silo,COMPRAS,reparacion piza bolos,Reparación piza bolos,"Fabricar nuevos flajes en plancha de 20 mm perforados a 40mm para pasador, Remplazar buje quebrado y desgastado. Soldar quebraduras.",CAMILO EDUARDO CABEZA FERNANDEZ,0.6945
1,low_confidence,EXP-4.2,Bolos Silo,COMPRAS,traslado bolos silos,TRASLADO BOLOS SILOS,CON CARRO Y RETORNO DESDE MAITEN A YUTRECO ( 1 VIAJE ),LUIS ANTONIO TORRES JARAMILLO,0.3947
1,low_confidence,EXP-4.2,Bolos Silo,COMPRAS,traslado de bolo de silo,Traslado de bolo de silo,Desde Bramadero a Pelleco N° de guia 1447,MARCELO ALEJANDRO GUZMAN CATALAN,0.441
1,low_confidence,EXP-4.2,Bolos Silo,COMPRAS,traslado vacas prenadas,TRASLADO VACAS PREÑADAS,DESDE MAITEN A BRAMADERO,LUIS ANTONIO TORRES JARAMILLO,0.2182
1,low_confidence,EXP-4.2,Bolos Silo,COMPRAS,valvula de bola pvc hilo s union 40mm 1 1 4,"VALVULA DE BOLA PVC-HILO S/UNION 40MM = 1,1/4""",,COMERCIAL CLIMENT SPA,0.1571
1,low_confidence,EXP-4.2,Bolos Silo,COMPRAS,valvula de bola pvc hilo s union 63mm 2,"VALVULA DE BOLA PVC-HILO S/UNION 63MM = 2""",,COMERCIAL CLIMENT SPA,0.1952
1,low_confidence,EXP-4.2,Bolos Silo,COMPRAS,yutreco comfeccion bolos,YUTRECO COMFECCION BOLOS,"12 NOVIEMBRE SALA YUTRECO POTREROS 21-30-4-43 TOTAL BOLOS 49 EN 12HA. 4 bolos por ha, valor ha : 122.000xha",SERVICIOS AGRICOLAS CORPAL SPA,0.4418
1,low_confidence,EXP-4.2,Bolos Silo,COMPRAS,yutreco sala,YUTRECO SALA,21 NOVIEMBRE BOLOS SALA POTREROS 1-19-23 total 18ha bolos 101 serian 6 bolos xha valor ha; 135000,SERVICIOS AGRICOLAS CORPAL SPA,0.6307
1,low_confidence,EXP-6.2,Nitrogeno,COMPRAS,bram fertilizacion urea,BRAM.FERTILIZACION UREA,,PRESTACIONES DE SERVICIOS AGRICOLAS EL SIERVO LIMITADA,0.5286
1,low_confidence,EXP-6.2,Nitrogeno,COMPRAS,chapilcahuin fertilizante,CHAPILCAHUIN FERTILIZANTE,APLICACION UREA SMART BLUE 100 HA,SERVICIOS AGRICOLAS CORPAL SPA,0.482
1,low_confidence,EXP-6.2,Nitrogeno,COMPRAS,mantencion de bba,mantención de BBA,de purines,INDUSTRIAL RIEGO SPA,0.2895
1,low_confidence,EXP-6.2,Nitrogeno,COMPRAS,smart blue maxi pf cna sf3 fertilizantes b urea,SMART BLUE MAXI PF CNA (SF3)-FERTILIZANTES(B)-UREA,,COMPAÑÍA AGROPECUARIA COPEVAL S.A.,0.747
1,low_confidence,EXP-6.2,Nitrogeno,COMPRAS,sopapo destapar wc,SOPAPO DESTAPAR WC -@,SOPAPO DESTAPAR WC -@,DORIS IVONNE CASTILLO KANTER,0.2738
1,low_confidence,EXP-6.5,Otros Fertilizantes,COMPRAS,aplicacion compost,Aplicación Compost,,SAN BLAS FERTILIZACION SPA,0.7098
1,low_confidence,EXP-6.5,Otros Fertilizantes,COMPRAS,chapilcahuin fertilizante,CHAPILCAHUIN FERTILIZANTE,APLICACION DE FERTILIZANTE TRIPLE 97 HA,SERVICIOS AGRICOLAS CORPAL SPA,0.6733
1,low_confidence,EXP-6.5,Otros Fertilizantes,COMPRAS,chips,Chips,,AGROCOMERCIAL CONARO LIMITADA,0.2021
1,low_confidence,EXP-6.5,Otros Fertilizantes,COMPRAS,fert smart bramadero,FERT.SMART-BRAMADERO,,PRESTACIONES DE SERVICIOS AGRICOLAS EL SIERVO LIMITADA,0.4064
1,low_confidence,EXP-6.5,Otros Fertilizantes,COMPRAS,fertilizacion mulpulmo,FERTILIZACION MULPULMO,,AGRÍCOLA J-S-E LIMITADA,0.4728
1,low_confidence,EXP-6.5,Otros Fertilizantes,COMPRAS,humus 10 kg or,HUMUS 10 KG OR,HUMUS 10 KG OR,Mallas Protekta Limitada,0.5597
1,low_confidence,EXP-6.5,Otros Fertilizantes,COMPRAS,mueble lavaplato 1 00 per,MUEBLE LAVAPLATO 1.00 PER,FAYM#220,FERRETERIAS WEITZLER SOCIEDAD ANONIMA,0.2076
1,low_confidence,EXP-6.5,Otros Fertilizantes,COMPRAS,pelleco fertilizante,PELLECO FERTILIZANTE,UREA S-MART BLUE 100 Y 150 K/HA,SERVICIOS AGRICOLAS CORPAL SPA,0.4353
1,low_confidence,EXP-6.5,Otros Fertilizantes,COMPRAS,servicio fertilizacion,Servicio Fertilización,,BENEDICTO NOLBERTO GUTIERREZ RIVERA,0.52
1,low_confidence,EXP-6.5,Otros Fertilizantes,COMPRAS,smart vitramag can 27,SMART VITRAMAG CAN 27 -,BRAMADERO,PRESTACIONES DE SERVICIOS AGRICOLAS EL SIERVO LIMITADA,0.684
1,low_confidence,EXP-6.5,Otros Fertilizantes,COMPRAS,techado en curacion de,Techado en curación de,patas,MONTAJES Y CONSTRUCCIONES MANCILLA Y FERNANDEZ LIMITADA,0.232
1,low_confidence,EXP-6.5,Otros Fertilizantes,COMPRAS,tras fertilizant vitramag,TRAS.FERTILIZANT VITRAMAG,DESDE MAITEN A TINEO,LUIS ANTONIO TORRES JARAMILLO,0.7373
1,low_confidence,EXP-6.5,Otros Fertilizantes,COMPRAS,traslado fertilizante,TRASLADO FERTILIZANTE,DESDE BRAMADERO A YUTRECO CON RETORNO DE PAILLACO A BRAMADERO,LUIS ANTONIO TORRES JARAMILLO,0.4454
1,low_confidence,EXP-6.5,Otros Fertilizantes,COMPRAS,triflure maiten,TRIFLURE - MAITEN,,PRESTACIONES DE SERVICIOS AGRICOLAS EL SIERVO LIMITADA,0.1428
1,low_confidence,EXP-6.5,Otros Fertilizantes,COMPRAS,triflurex bramadero,TRIFLUREX - BRAMADERO,,PRESTACIONES DE SERVICIOS AGRICOLAS EL SIERVO LIMITADA,0.0979
1,low_confidence,EXP-6.5,Otros Fertilizantes,COMPRAS,yutreco,YUTRECO,APLICACION FERTILIZANTE VITRAMAC 200 HA,SERVICIOS AGRICOLAS CORPAL SPA,0.7034
1,low_confidence,EXP-7.0,AGROQUIMICOS,COMPRAS,aceite bombas rpl 1 l omega fluid m220,ACEITE BOMBAS RPL 1 L.OMEGA FLUID M220,,HGS DAIRY SOLUTIONS SPA,0.2276
1,low_confidence,EXP-7.0,AGROQUIMICOS,COMPRAS,aceite p mezc 1l,ACEITE P/ MEZC 1L,,EASY RETAIL S.A.,0.2731
1,low_confidence,EXP-7.0,AGROQUIMICOS,COMPRAS,adh ago nmc para todo cry 290g,ADH AGO NMC PARA TODO CRY 290G,,SODIMAC S.A.,0.1641
1,low_confidence,EXP-7.0,AGROQUIMICOS,COMPRAS,aguarras 1lt,AGUARRAS 1LT,,EASY RETAIL S.A.,0.5914
1,low_confidence,EXP-7.0,AGROQUIMICOS,COMPRAS,alcohol x 1 lt 1lt,ALCOHOL X 1 LT. -__1lt__,__1lt__,FEROSOR AGRICOLA S.A.,0.5349
1,low_confidence,EXP-7.0,AGROQUIMICOS,COMPRAS,alguicida bidon 1lt quimica,ALGUICIDA BIDON 1LT QUIMICA -@,ALGUICIDA BIDON 1LT QUIMICA -@,DORIS IVONNE CASTILLO KANTER,0.4478
1,low_confidence,EXP-7.0,AGROQUIMICOS,COMPRAS,alguicida cleankolor 5 lts,ALGUICIDA CLEANKOLOR 5 LTS -@,ALGUICIDA CLEANKOLOR 5 LTS -@,DORIS IVONNE CASTILLO KANTER,0.4535
1,low_confidence,EXP-7.0,AGROQUIMICOS,COMPRAS,alguicida liquido 1lt vulcano,ALGUICIDA LIQUIDO 1LT VULCANO -@,ALGUICIDA LIQUIDO 1LT VULCANO -@,DORIS IVONNE CASTILLO KANTER,0.4664
1,low_confidence,EXP-7.0,AGROQUIMICOS,COMPRAS,alineacion,Alineación,,JS NEUMÁTICOS SPA,0.2399
1,low_confidence,EXP-7.0,AGROQUIMICOS,COMPRAS,aplicacion con dron agricola 13 ha de rutabaga,Aplicación con dron agrícola 13 ha de Rutabaga,,SOC AGRICOLA GANADERA Y FORESTAL SANTA FE LTDA,0.5843
1,low_confidence,EXP-7.0,AGROQUIMICOS,COMPRAS,bahrain h blanco tl,Bahrain H Blanco TL,,Comercial Mundo Transfer Ltda,0.3664
1,low_confidence,EXP-7.0,AGROQUIMICOS,COMPRAS,bahrain h blanco tm,Bahrain H Blanco TM,,Comercial Mundo Transfer Ltda,0.2978
1,low_confidence,EXP-7.0,AGROQUIMICOS,COMPRAS,bahrain h blanco txl,Bahrain H Blanco TXL,,Comercial Mundo Transfer Ltda,0.5264
1,low_confidence,EXP-7.0,AGROQUIMICOS,COMPRAS,bebida con te flor de cerezo lila,BEBIDA CON TE FLOR DE CEREZO LILA,,CENCOSUD RETAIL S.A.,0.2227
1,low_confidence,EXP-7.0,AGROQUIMICOS,COMPRAS,bebida sprite 3 lts,BEBIDA SPRITE 3 LTS,,CENCOSUD RETAIL S.A.,0.3417
1,low_confidence,EXP-7.0,AGROQUIMICOS,COMPRAS,calefon splendid ionizado 8 lt,CALEFON - SPLENDID IONIZADO 8 LT,CALEFON - SPLENDID IONIZADO 8 LT,COMERCIAL HARCHA SPA,0.4376
1,low_confidence,EXP-7.0,AGROQUIMICOS,COMPRAS,casco ghb l,CASCO GHB L,,SOCIEDAD IBACACHE-VINOLY LIMITADA,0.3134
1,low_confidence,EXP-7.0,AGROQUIMICOS,COMPRAS,casco ghb xl,CASCO GHB XL,,SOCIEDAD IBACACHE-VINOLY LIMITADA,0.269
1,low_confidence,EXP-7.0,AGROQUIMICOS,COMPRAS,circodescal rpa 1 litro,CIRCODESCAL RPA 1 LITRO,,HGS DAIRY SOLUTIONS SPA,0.3049
1,low_confidence,EXP-7.0,AGROQUIMICOS,COMPRAS,clorinda lavanda1 9 lt,CLORINDA LAVANDA1.9 LT,,COMERCIAL AMAR HNOS. Y CIA. LTDA,0.6612
1,low_confidence,EXP-7.0,AGROQUIMICOS,COMPRAS,clorinda limon1 9 lt,CLORINDA LIMON1.9 LT,,COMERCIAL AMAR HNOS. Y CIA. LTDA,0.5823
1,low_confidence,EXP-7.0,AGROQUIMICOS,COMPRAS,cloro tradicional 4l,CLORO TRADICIONAL 4L,,EASY RETAIL S.A.,0.6417
1,low_confidence,EXP-7.0,AGROQUIMICOS,COMPRAS,codigo qr,CODIGO QR,Creación de código QR en Software DGA,ASESORIAS IMPROVE LIMITADA,0.4978
1,low_confidence,EXP-7.0,AGROQUIMICOS,COMPRAS,codo 90 20mm presion vnt,CODO 90 20MM PRESION VNT,,EASY RETAIL S.A.,0.2149
1,low_confidence,EXP-7.0,AGROQUIMICOS,COMPRAS,codo hi hi 1,-CODO HI-HI 1 -@,-CODO HI-HI 1 -@,DORIS IVONNE CASTILLO KANTER,0.3498
1,low_confidence,EXP-7.0,AGROQUIMICOS,COMPRAS,control de maleza,CONTROL DE MALEZA,,CARLOS SEGUNDO GUZMAN CATALAN,0.1077
1,low_confidence,EXP-7.0,AGROQUIMICOS,COMPRAS,control de palomas,CONTROL DE PALOMAS,CONTROL DE ANIDACION DE PALOMAS EN BODEGAS Y SALA,H2 ASESORIAS Y SERVICIOS SPA,0.3391
1,low_confidence,EXP-7.0,AGROQUIMICOS,COMPRAS,cuaderno univ e d 100 hj m7 torre clasico ciudad,CUADERNO UNIV. E/D 100 HJ M7 TORRE CLASICO CIUDAD,,PROVEEDORES INTEGRALES DEL SUR S.A.,0.272
1,low_confidence,EXP-7.0,AGROQUIMICOS,COMPRAS,cuota 1 4 ixpress 50 puestos icr,"CUOTA 1-4, IXPRESS 50 PUESTOS-ICR",,HGS DAIRY SOLUTIONS SPA,0.4268
1,low_confidence,EXP-7.0,AGROQUIMICOS,COMPRAS,cuota 1 4 servicio instalacion y puesta en marcha,"CUOTA 1-4, SERVICIO INSTALACION Y PUESTA EN MARCHA",,HGS DAIRY SOLUTIONS SPA,0.3291
1,low_confidence,EXP-7.0,AGROQUIMICOS,COMPRAS,desinsectacion,DESINSECTACION,DESINSECTACION INTERIOR CASA TRABAJADOR CON EQUIPO ULV NEBULIZADOR EN FRIO.,H2 ASESORIAS Y SERVICIOS SPA,0.4404
1,low_confidence,EXP-7.0,AGROQUIMICOS,COMPRAS,diluyente sintetico 1lt qu cun,DILUYENTE SINTETICO 1LT QU CUN,,SODIMAC S.A.,0.1739
1,low_confidence,EXP-7.0,AGROQUIMICOS,COMPRAS,esm ag seal cot b acce sat 1gl,ESM/AG SEAL COT B/ACCE SAT 1GL,,SODIMAC S.A.,0.1824
1,low_confidence,EXP-7.0,AGROQUIMICOS,COMPRAS,esm al ag top pro2000 sb b 1gl,ESM AL AG TOP PRO2000 SB B 1GL,,SODIMAC S.A.,0.3728
1,low_confidence,EXP-7.0,AGROQUIMICOS,COMPRAS,extintor 2 kg abc 75 imp cert,EXTINTOR 2 KG ABC 75 IMP/CERT,,EASY RETAIL S.A.,0.2303
1,low_confidence,EXP-7.0,AGROQUIMICOS,COMPRAS,extintor certificado pqs,EXTINTOR CERTIFICADO PQS,,EXTINT0RES ALFA VALDIVIA SPA,0.1213
1,low_confidence,EXP-7.0,AGROQUIMICOS,COMPRAS,filtro aire 1 1,%FILTRO AIRE 1 (1),,SURAC,0.564
1,low_confidence,EXP-7.0,AGROQUIMICOS,COMPRAS,gg copla hi hi galv 2,GG-COPLA HI-HI GALV 2 -@,GG-COPLA HI-HI GALV 2 -@,DORIS IVONNE CASTILLO KANTER,0.3431
1,low_confidence,EXP-7.0,AGROQUIMICOS,COMPRAS,gg nipple he he galv 1,GG-NIPPLE HE-HE GALV 1 -@,GG-NIPPLE HE-HE GALV 1 -@,DORIS IVONNE CASTILLO KANTER,0.3419
1,low_confidence,EXP-7.0,AGROQUIMICOS,COMPRAS,gg nipple he he galv 1 1 2,GG-NIPPLE HE-HE GALV 1 1 2 -@,GG-NIPPLE HE-HE GALV 1 1 2 -@,DORIS IVONNE CASTILLO KANTER,0.2827
1,low_confidence,EXP-7.0,AGROQUIMICOS,COMPRAS,higienico elite dh 8rll 50mts,HIGIENICO ELITE DH 8RLL 50MTS,,COMERCIAL AMAR HNOS. Y CIA. LTDA,0.2661
1,low_confidence,EXP-7.0,AGROQUIMICOS,COMPRAS,jarro 1 lt,JARRO 1 LT.,,MIRTHA LEONOR CASTILLO KANTER,0.5087
1,low_confidence,EXP-7.0,AGROQUIMICOS,COMPRAS,lija madera grano 100,LIJA MADERA GRANO 100 -@,LIJA MADERA GRANO 100 -@,DORIS IVONNE CASTILLO KANTER,0.2168
1,low_confidence,EXP-7.0,AGROQUIMICOS,COMPRAS,lontrel 3a 3 79 l,"LONTREL 3A 3,79 L",^ ! Cuota Vencimiento Monto ! Cuota Vencimiento Monto ! Cuota Vencimiento Monto ! ^ !==============================!==============================!==============================! ^ ! CU01 24-12-2025 358.502 ! CU02 23-01-2026 358.502 ! CU03 22-02-2026 358.513,COAGRA S.A.,0.677
1,low_confidence,EXP-7.0,AGROQUIMICOS,COMPRAS,ls liq hig,LS LIQ HIG,UN 0000,ADMIN. DE SUPERMERCADOS HIPER LIMITADA,0.7151
1,low_confidence,EXP-7.0,AGROQUIMICOS,COMPRAS,ls pepino al,LS PEPINO AL,UN 0000,ADMIN. DE SUPERMERCADOS HIPER LIMITADA,0.3992
1,low_confidence,EXP-7.0,AGROQUIMICOS,COMPRAS,lubricante anticorrosivo wd 40 187 grs,LUBRICANTE ANTICORROSIVO WD 40 187 GRS,LUBRICANTE ANTICOR $ 1300,EASY RETAIL S.A.,0.4057
1,low_confidence,EXP-7.0,AGROQUIMICOS,COMPRAS,lys past x4,LYS PAST X4,UN 0000,ADMIN. DE SUPERMERCADOS HIPER LIMITADA,0.7112
1,low_confidence,EXP-7.0,AGROQUIMICOS,COMPRAS,n fina 100gr,N FINA 100GR,UN 0000,ADMIN. DE SUPERMERCADOS HIPER LIMITADA,0.2845
1,low_confidence,EXP-7.0,AGROQUIMICOS,COMPRAS,nombre item 1,Nombre ítem 1,,COMERCIALIZADORA S Y S SPA,0.47
1,low_confidence,EXP-7.0,AGROQUIMICOS,COMPRAS,pdq triton,PDQ TRITON,UN 0003@@Lleve N x $#D#328,ADMIN. DE SUPERMERCADOS EXPRESS LIMITADA,0.1365
1,low_confidence,EXP-7.0,AGROQUIMICOS,COMPRAS,pila dx2 evg,Pila Dx2 EVG,,EASY RETAIL S.A.,0.6972
1,low_confidence,EXP-7.0,AGROQUIMICOS,COMPRAS,pl tee 1 2 plansa,PL-TEE 1 2 PLANSA -@,PL-TEE 1 2 PLANSA -@,DORIS IVONNE CASTILLO KANTER,0.3339
1,low_confidence,EXP-7.0,AGROQUIMICOS,COMPRAS,pl tee 1 plansa,PL-TEE 1 PLANSA -@,PL-TEE 1 PLANSA -@,DORIS IVONNE CASTILLO KANTER,0.2675
1,low_confidence,EXP-7.0,AGROQUIMICOS,COMPRAS,pl terminal hi 1 plansa,PL-TERMINAL HI 1 PLANSA -@,PL-TERMINAL HI 1 PLANSA -@,DORIS IVONNE CASTILLO KANTER,0.288
1,low_confidence,EXP-7.0,AGROQUIMICOS,COMPRAS,propilenglicol 5 lts,PROPILENGLICOL 5 LTS,,SERVIGEN LTDA,0.3904
1,low_confidence,EXP-7.0,AGROQUIMICOS,COMPRAS,punta 1 1 2 kg,PUNTA 1 1 2 KG -@,PUNTA 1 1 2 KG -@,DORIS IVONNE CASTILLO KANTER,0.1247
1,low_confidence,EXP-7.0,AGROQUIMICOS,COMPRAS,r n colozo r16,R.N COLOZO R16,,VULCANIZACIÓN NONTUELÁ SPA,0.4953
1,low_confidence,EXP-7.0,AGROQUIMICOS,COMPRAS,r n tractor r 38,R.N TRACTOR R 38,,VULCANIZACIÓN NONTUELÁ SPA,0.3615
1,low_confidence,EXP-7.0,AGROQUIMICOS,COMPRAS,ser ecotasa sub categoria g4,SER- ECOTASA SUB. CATEGORíA G4,SER- ECOTASA SUB. CATEGORíA G4,AUTOMOTRIZ SALFA SUR LIMITADA,0.2379
1,low_confidence,EXP-7.0,AGROQUIMICOS,COMPRAS,servicio emergencia jm,SERVICIO EMERGENCIA JM,,HGS DAIRY SOLUTIONS SPA,0.2755
1,low_confidence,EXP-7.0,AGROQUIMICOS,COMPRAS,super pipona sembrasol 300grs,SUPER PIPONA SEMBRASOL 300GRS,,COMERCIAL AMAR HNOS. Y CIA. LTDA,0.1392
1,low_confidence,EXP-7.0,AGROQUIMICOS,COMPRAS,teril s 5 lt,TERIL S 5 LT. -____,____,FEROSOR AGRICOLA S.A.,0.387
1,low_confidence,EXP-7.0,AGROQUIMICOS,COMPRAS,terminal so he 1,TERMINAL SO HE 1,,EASY RETAIL S.A.,0.239
1,low_confidence,EXP-7.0,AGROQUIMICOS,COMPRAS,tordon y preside v,TORDON Y PRESIDE V -,MAITEN,PRESTACIONES DE SERVICIOS AGRICOLAS EL SIERVO LIMITADA,0.6362
1,low_confidence,EXP-7.0,AGROQUIMICOS,COMPRAS,ubiquiti nsm2,Ubiquiti NSM2,,SERVICIOS Y SOLUCIONES LINKEDTIC SPA,0.2853
1,low_confidence,EXP-7.0,AGROQUIMICOS,COMPRAS,vaso dis 2,VASO DIS 2,UN 0000,ADMIN. DE SUPERMERCADOS HIPER LIMITADA,0.1988
1,low_confidence,EXP-7.0,AGROQUIMICOS,COMPRAS,y prot plus 18 chi,Y.PROT PLUS 18 CHI,,COOPERATIVA AGRICOLA Y LECHERA DE LA UNION LTDA.,0.3919
1,low_confidence,EXP-7.0,AGROQUIMICOS,COMPRAS,y prot plus 18 fru,Y.PROT PLUS 18 FRU,,COOPERATIVA AGRICOLA Y LECHERA DE LA UNION LTDA.,0.3824
1,low_confidence,EXP-7.0,AGROQUIMICOS,COMPRAS,z multiflex 6 awg,Z-MULTIFLEX 6 AWG -@,Z-MULTIFLEX 6 AWG -@,DORIS IVONNE CASTILLO KANTER,0.7064
1,low_confidence,EXP-8.1,Pradera Perenne,COMPRAS,semilla ballica array nea2 agr x 25 kg,SEMILLA BALLICA ARRAY NEA2 AGR X 25 KG,SEMILLA BALLICA ARRAY NEA2 AGR X 25 KG,COOPERATIVA AGRICOLA Y LECHERA DE LA UNION LTDA.,0.4797
1,low_confidence,EXP-8.1,Pradera Perenne,COMPRAS,semilla de trebol ruru agr clover 4 kg,SEMILLA DE TREBOL RURU AGR CLOVER 4 KG,^ ! Cuota Vencimiento Monto ! Cuota Vencimiento Monto ! Cuota Vencimiento Monto ! ^ !==============================!==============================!==============================! ^ ! CU01 29-11-2025 200.719 ! CU02 29-12-2025 200.719 ! CU03 28-01-2026 200.725,COAGRA S.A.,0.5946
1,low_confidence,EXP-9.1,Energia Electrica Riego,COMPRAS,reparacion generador,Reparación generador,,SANDRA PAULINA VALLADARES RIOS,0.2357
1,low_confidence,EXP-9.2,Otros Gastos Riego,COMPRAS,1 flete materiales d rega,1 flete materiales d rega,desde Osorno a Guzman,DELFIN AROS ESTRADA,0.5595
1,low_confidence,EXP-9.2,Otros Gastos Riego,COMPRAS,20 anticipo servicio instalacion y puesta en marcha,20% ANTICIPO SERVICIO INSTALACION Y PUESTA EN MARCHA,,HGS DAIRY SOLUTIONS SPA,0.1713
1,low_confidence,EXP-9.2,Otros Gastos Riego,COMPRAS,abrazaderas met,ABRAZADERAS MET,,RICARDO FRANCISCO WULFF MULLER,0.263
1,low_confidence,EXP-9.2,Otros Gastos Riego,COMPRAS,arreglo y mantencion del,Arreglo y mantención del,motor del riego 2,SANDRA PAULINA VALLADARES RIOS,0.3459
1,low_confidence,EXP-9.2,Otros Gastos Riego,COMPRAS,asistencia tecnica,Asistencia Técnica,Rep. Sistema de Red DPNET Identificación Sala Rotativa,EMVI INGENIERÍA Y SOLUCIONES INDUSTRIALES SPA,0.2763
1,low_confidence,EXP-9.2,Otros Gastos Riego,COMPRAS,aspersor metalico 1 2 edr 116022,ASPERSOR METALICO 1 2 - EDR 116022 -@,ASPERSOR METALICO 1 2 - EDR 116022 -@,DORIS IVONNE CASTILLO KANTER,0.2524
1,low_confidence,EXP-9.2,Otros Gastos Riego,COMPRAS,aspersor plastico c estaca metalica x3apb 116008 ed,ASPERSOR PLASTICO C/ESTACA METALICA X3APB (116008) ED,,COMERCIAL CLIMENT SPA,0.7018
1,low_confidence,EXP-9.2,Otros Gastos Riego,COMPRAS,caneria l 1 x 1 mt klt,CANERIA L 1 X 1 MT KLT,,EASY RETAIL S.A.,0.1774
1,low_confidence,EXP-9.2,Otros Gastos Riego,COMPRAS,cerco nvo ulmos,cerco nvo ulmos,,CONSTRUCCIONES Y PRESTACIÓN DE SERVICIOS VICENTE DIOCARES E.I.R.L.,0.1568
1,low_confidence,EXP-9.2,Otros Gastos Riego,COMPRAS,descarga de maxis,DESCARGA DE MAXIS,,AGRÍCOLA J-S-E LIMITADA,0.6328
1,low_confidence,EXP-9.2,Otros Gastos Riego,COMPRAS,descarga maxis,DESCARGA MAXIS,,AGRÍCOLA J-S-E LIMITADA,0.6103
1,low_confidence,EXP-9.2,Otros Gastos Riego,COMPRAS,dynaleum l dynal gln,DYNALEUM-L - DYNAL GLN,DYNALEUM-L - DYNAL GLN,COMERCIAL HARCHA SPA,0.2178
1,low_confidence,EXP-9.2,Otros Gastos Riego,COMPRAS,eaa rl kp construc satin base r gl,EAA RL KP CONSTRUC SATIN BASE R GL,SW6790,SHERWIN WILLIAMS CHILE S A,0.6798
1,low_confidence,EXP-9.2,Otros Gastos Riego,COMPRAS,jamon sandwich san jorge kl,JAMON SANDWICH SAN JORGE KL,,COMERCIAL AMAR HNOS. Y CIA. LTDA,0.2015
1,low_confidence,EXP-9.2,Otros Gastos Riego,COMPRAS,k1 copla so so 1,K1-COPLA SO-SO 1 -@,K1-COPLA SO-SO 1 -@,DORIS IVONNE CASTILLO KANTER,0.5481
1,low_confidence,EXP-9.2,Otros Gastos Riego,COMPRAS,k12 codo so he 1 2,K12-CODO SO-HE 1 2 -@,K12-CODO SO-HE 1 2 -@,DORIS IVONNE CASTILLO KANTER,0.6081
1,low_confidence,EXP-9.2,Otros Gastos Riego,COMPRAS,k12 codo so hi 1 2,K12-CODO SO-HI 1 2 -@,K12-CODO SO-HI 1 2 -@,DORIS IVONNE CASTILLO KANTER,0.6975
1,low_confidence,EXP-9.2,Otros Gastos Riego,COMPRAS,k34 codo so so 3 4,K34-CODO SO-SO 3 4 -@,K34-CODO SO-SO 3 4 -@,DORIS IVONNE CASTILLO KANTER,0.7251
1,low_confidence,EXP-9.2,Otros Gastos Riego,COMPRAS,k38 copla red so so 1 2 x 3 8,K38-COPLA RED SO-SO 1 2 X 3 8,K38-COPLA RED SO-SO 1 2 X 3 8,DORIS IVONNE CASTILLO KANTER,0.4295
1,low_confidence,EXP-9.2,Otros Gastos Riego,COMPRAS,kg soldadura 6011 1 8 myh,KG SOLDADURA 6011 1/8 MYH -@,KG SOLDADURA 6011 1/8 MYH -@,DORIS IVONNE CASTILLO KANTER,0.1487
1,low_confidence,EXP-9.2,Otros Gastos Riego,COMPRAS,kilometraje,KILOMETRAJE,,COOPERATIVA AGRICOLA Y DE SERVICIOS LTDA,0.1803
1,low_confidence,EXP-9.2,Otros Gastos Riego,COMPRAS,kit p compresor emaresa 5 pzas,KIT P/COMPRESOR - EMARESA 5 PZAS,KIT P/COMPRESOR - EMARESA 5 PZAS,COMERCIAL HARCHA SPA,0.2768
1,low_confidence,EXP-9.2,Otros Gastos Riego,COMPRAS,klerat calugas,KLERAT CALUGAS,,RICARDO FRANCISCO WULFF MULLER,0.5136
1,low_confidence,EXP-9.2,Otros Gastos Riego,COMPRAS,kylie jean reina de la tecnologia,KYLIE JEAN REINA DE LA TECNOLOGIA,,Ainilebu SPA,0.2078
1,low_confidence,EXP-9.2,Otros Gastos Riego,COMPRAS,levantamiento topografico,Levantamiento Topografico,Levantamiento Topografico proyecto de drenajes.,TOPOGRAFÍA DANIEL ALEJANDRO HERRERA GUTIERREZ E.I.R.L.,0.3785
1,low_confidence,EXP-9.2,Otros Gastos Riego,COMPRAS,limpia rastrojo,LIMPIA RASTROJO,,PRESTACIONES DE SERVICIOS AGRICOLAS EL SIERVO LIMITADA,0.3154
1,low_confidence,EXP-9.2,Otros Gastos Riego,COMPRAS,linterna stanley frontal 180 lumenes,LINTERNA STANLEY FRONTAL 180 LUMENES -@,LINTERNA STANLEY FRONTAL 180 LUMENES -@,DORIS IVONNE CASTILLO KANTER,0.1624
1,low_confidence,EXP-9.2,Otros Gastos Riego,COMPRAS,mandarina clementina malla kl,MANDARINA CLEMENTINA MALLA KL,,COMERCIAL AMAR HNOS. Y CIA. LTDA,0.4946
1,low_confidence,EXP-9.2,Otros Gastos Riego,COMPRAS,mantencion sistema,Mantención Sistema,"de agua en Sala de Ordeña en fundo Yutreco, El Maiten y Raices.",INSTALACIÓN Y SERVICIOS DE BOMBAS DE POZO AQUAOSORNO SPA,0.4265
1,low_confidence,EXP-9.2,Otros Gastos Riego,COMPRAS,naranja jugo kl,NARANJA JUGO KL,,COMERCIAL AMAR HNOS. Y CIA. LTDA,0.583
1,low_confidence,EXP-9.2,Otros Gastos Riego,COMPRAS,pl reduccion 1 1 2 x 1 1 4 plansa,PL-REDUCCION 1 1 2 X 1 1 4 PLANSA -@,PL-REDUCCION 1 1 2 X 1 1 4 PLANSA -@,DORIS IVONNE CASTILLO KANTER,0.4388
1,low_confidence,EXP-9.2,Otros Gastos Riego,COMPRAS,pl terminal he 1 1 2 plansa,PL-TERMINAL HE 1 1 2 PLANSA -@,PL-TERMINAL HE 1 1 2 PLANSA -@,DORIS IVONNE CASTILLO KANTER,0.302
1,low_confidence,EXP-9.2,Otros Gastos Riego,COMPRAS,pl terminal he 1 2 plansa,PL-TERMINAL HE 1 2 PLANSA -@,PL-TERMINAL HE 1 2 PLANSA -@,DORIS IVONNE CASTILLO KANTER,0.2504
1,low_confidence,EXP-9.2,Otros Gastos Riego,COMPRAS,pl terminal he 3 4 plansa,PL-TERMINAL HE 3 4 PLANSA -@,PL-TERMINAL HE 3 4 PLANSA -@,DORIS IVONNE CASTILLO KANTER,0.2762
1,low_confidence,EXP-9.2,Otros Gastos Riego,COMPRAS,pl union doble 1 plansa,PL-UNION DOBLE 1 PLANSA -@,PL-UNION DOBLE 1 PLANSA -@,DORIS IVONNE CASTILLO KANTER,0.2874
1,low_confidence,EXP-9.2,Otros Gastos Riego,COMPRAS,plu tra univ 10,PLU TRA UNIV 10',1088528,SOC. COMERC. DE REPUESTOS S.P.A.,0.2228
1,low_confidence,EXP-9.2,Otros Gastos Riego,COMPRAS,reparacion ulmos ultimo,reparación ulmos (ultimo,,CONSTRUCCIONES Y PRESTACIÓN DE SERVICIOS VICENTE DIOCARES E.I.R.L.,0.1729
1,low_confidence,EXP-9.2,Otros Gastos Riego,COMPRAS,reparador manguera 3 4 plast nb1020,REPARADOR MANGUERA 3 4 PLAST NB1020 -@,REPARADOR MANGUERA 3 4 PLAST NB1020 -@,DORIS IVONNE CASTILLO KANTER,0.3564
1,low_confidence,EXP-9.2,Otros Gastos Riego,COMPRAS,tira tubo colector 315 mm x 6mts,TIRA TUBO COLECTOR 315 MM X 6MTS -@,TIRA TUBO COLECTOR 315 MM X 6MTS -@,DORIS IVONNE CASTILLO KANTER,0.2319
1,low_confidence,EXP-9.2,Otros Gastos Riego,COMPRAS,tira tubo colector 400 mm x 6mts,TIRA TUBO COLECTOR 400 MM X 6MTS -@,TIRA TUBO COLECTOR 400 MM X 6MTS -@,DORIS IVONNE CASTILLO KANTER,0.2502
1,low_confidence,EXP-9.2,Otros Gastos Riego,COMPRAS,tp link router cable utp caja derv 041,TP LINK ROUTER CABLE UTP CAJA DERV 041,,COOPERATIVA AGRICOLA Y DE SERVICIOS LTDA,0.3481
1,low_confidence,EXP-9.2,Otros Gastos Riego,COMPRAS,tuberia lldpe 32mm pn4 rollo 100 mts,Tubería LLDPE 32mm PN4 Rollo 100 Mts,___________Riego Aspersion y Goteo_________________,PUELCHE LOS RIOS SOCIEDAD POR ACCIONES,0.3297
1,unfamiliar_for_predicted_class,ADM-1.4,Movilizacion,COMPRAS,gastos cobranza,Gastos Cobranza,,"RUTA DEL MAIPO SOCIEDAD CONCESIONARIA, S.A.",0.8699
1,unfamiliar_for_predicted_class,ADM-1.5,Colacion y Alojamiento,COMPRAS,alojamiento,ALOJAMIENTO,,THAMYKI SPA,0.7924
1,unfamiliar_for_predicted_class,ADM-1.5,Colacion y Alojamiento,COMPRAS,alojamiento rooms 1,Alojamiento / Rooms ( 1),,Hoteles Director Ltda.,0.8294
1,unfamiliar_for_predicted_class,ADM-1.6,Utiles y gastos de oficina.,COMPRAS,brocha 4 silver 1000010b,BROCHA 4 SILVER 1000010B,30 Descuento Broch $ 1797,EASY RETAIL S.A.,0.7715
1,unfamiliar_for_predicted_class,ADM-1.6,Utiles y gastos de oficina.,COMPRAS,cerveza cristal 12 x 350 cc lata g 4 6,"CERVEZA CRISTAL 12 X 350 CC LATA G 4,6",3.0 x 1 UN $8390 Bruto/$6014.3333 Neto,RENDIC HERMANOS S.A.,0.8186
1,unfamiliar_for_predicted_class,ADM-1.6,Utiles y gastos de oficina.,COMPRAS,cerveza cristal radler cero 350 cc lata g 0 0,"CERVEZA CRISTAL RADLER CERO 350 CC LATA G 0,0",2.0 x 1 DIS $5690 Bruto/$4410.5 Neto,RENDIC HERMANOS S.A.,0.8542
1,unfamiliar_for_predicted_class,ADM-1.6,Utiles y gastos de oficina.,COMPRAS,gretel pie de limon 85 gr,GRETEL PIE DE LIMON 85 GR,OFERTA SEMANAL $ 120,CENCOSUD RETAIL S.A.,0.7584
1,unfamiliar_for_predicted_class,ADM-1.6,Utiles y gastos de oficina.,COMPRAS,pano microfi,PANO MICROFI,UN 0000,ADMIN. DE SUPERMERCADOS HIPER LIMITADA,0.8271
1,unfamiliar_for_predicted_class,ADM-1.6,Utiles y gastos de oficina.,COMPRAS,papas fritas lays stax original 134g,PAPAS FRITAS LAYS STAX ORIGINAL 134G,JUMBO OFERTA $ 440,CENCOSUD RETAIL S.A.,0.8003
1,unfamiliar_for_predicted_class,ADM-1.6,Utiles y gastos de oficina.,COMPRAS,papel higienico elite dh 50mt 18un,PAPEL HIGIENICO ELITE DH 50MT 18UN,JUMBO OFERTA $ 6100,CENCOSUD RETAIL S.A.,0.8793
1,unfamiliar_for_predicted_class,EXP-10.1,Mantencion Sala,COMPRAS,mantencion de equipos de refrigeracion,MANTENCION DE EQUIPOS DE REFRIGERACION,,SOCIEDAD COMERCIAL SERLAC CHILE S.A.,0.8558
1,unfamiliar_for_predicted_class,EXP-10.1,Mantencion Sala,COMPRAS,repuesto rotor de cabezal bomba vacio,REPUESTO ROTOR DE CABEZAL BOMBA VACIO,,HGS DAIRY SOLUTIONS SPA,0.8566
1,unfamiliar_for_predicted_class,EXP-10.1,Mantencion Sala,COMPRAS,vacuometro linea,VACUOMETRO LINEA,,HGS DAIRY SOLUTIONS SPA,0.8009
1,unfamiliar_for_predicted_class,EXP-10.3,Detergentes e higenizantes,COMPRAS,omo 10 lt,OMO 10 LT,,EASY RETAIL S.A.,0.7867
1,unfamiliar_for_predicted_class,EXP-12.1,Analisis Suelo y forraje,COMPRAS,analisis chilepackage,Análisis ChilePackage,Fundo el Maiten 56 muestras Fundo Bramadero 22 muestras Fundo Yutreco 42 muestras Fundo El Tineo 18 muestras Fundo Raices 15 muestras,ROCK RIVER LABORATORY LIMITADA,0.7906
1,unfamiliar_for_predicted_class,EXP-13.1,Mantencion Maquinaria,COMPRAS,stihl filtro mezcla sr420 fs160 220 ht101 bt121,STIHL FILTRO MEZCLA SR420 FS160-220 HT101 BT121,STIHL FILTRO MEZCLA SR420 FS160-220 HT101 BT121,LIDIA ANGELICA SANHUEZA FUENTES,0.7602
1,unfamiliar_for_predicted_class,EXP-13.2,Mantencion Motos,COMPRAS,horometro,HOROMETRO,,MULTIMOTOS OSORNO SPA,0.7585
1,unfamiliar_for_predicted_class,EXP-14.1,Mantencion Caminos,COMPRAS,camion tolva,CAMION TOLVA,RETIRANDO ESCOMBROS,TRANSPORTES PINILLA SPA,0.8236
1,unfamiliar_for_predicted_class,EXP-14.1,Mantencion Caminos,COMPRAS,horas de exacavadora,HORAS DE EXACAVADORA,PAARRILLADO Y HECHURA CAMINO,TRANSPORTES PINILLA SPA,0.9459
1,unfamiliar_for_predicted_class,EXP-14.1,Mantencion Caminos,COMPRAS,horas excavadora,HORAS EXCAVADORA,-DESCUENTO PETROLEO DE $231.189 MAS IVA,TRANSPORTES PINILLA SPA,0.802
1,unfamiliar_for_predicted_class,EXP-14.1,Mantencion Caminos,COMPRAS,horas rodillo,HORAS RODILLO,,TRANSPORTES PINILLA SPA,0.9371
1,unfamiliar_for_predicted_class,EXP-14.1,Mantencion Caminos,COMPRAS,trabajos de excavadora,TRABAJOS DE EXCAVADORA,CAMA BAJA,TRANSPORTES PINILLA SPA,0.7986
1,unfamiliar_for_predicted_class,EXP-14.1,Mantencion Caminos,COMPRAS,traslado de carro de agua,traslado de carro de agua,de fundo el maiten a fundo raices,ELIER HOMERO REVILLARD GAYOSO,0.7775
1,unfamiliar_for_predicted_class,EXP-14.1,Mantencion Caminos,COMPRAS,venta material,VENTA MATERIAL,MAICILLO,GEO PARTNER SPA,0.7831
1,unfamiliar_for_predicted_class,EXP-14.3,Mantencion Agua y Purines,COMPRAS,cabo madera pvc 120cm cun039,CABO MADERA PVC 120CM CUN039,,SODIMAC S.A.,0.763
1,unfamiliar_for_predicted_class,EXP-14.3,Mantencion Agua y Purines,COMPRAS,canaleta pvc arena p25 x 4 mts vinilit,CANALETA PVC ARENA P25 X 4 MTS VINILIT,CANALETA PVC ARENA P25 X 4 MTS VINILIT,COMERCIAL HARCHA SPA,0.7849
1,unfamiliar_for_predicted_class,EXP-14.3,Mantencion Agua y Purines,COMPRAS,codo pvc h cem 110mm x 90,CODO PVC-H CEM 110MM X 90§,,COMERCIAL CLIMENT SPA,0.8325
1,unfamiliar_for_predicted_class,EXP-14.3,Mantencion Agua y Purines,COMPRAS,codo pvc s 75mmx45o gr cem cun,CODO PVC-S 75MMX45O GR CEM CUN,,SODIMAC S.A.,0.8414
1,unfamiliar_for_predicted_class,EXP-14.3,Mantencion Agua y Purines,COMPRAS,codo pvc sanit gris 110mm x 45,CODO PVC-SANIT.GRIS 110MM X 45§,,COMERCIAL CLIMENT SPA,0.759
1,unfamiliar_for_predicted_class,EXP-14.3,Mantencion Agua y Purines,COMPRAS,copla cem pvc pres 25 mm,COPLA CEM PVC PRES 25 MM,COPLA CEM PVC PRES 25 MM,COMERCIAL HARCHA SPA,0.7502
1,unfamiliar_for_predicted_class,EXP-14.3,Mantencion Agua y Purines,COMPRAS,copla pvc h cem 63mm,COPLA PVC-H CEM 63MM.,,COMERCIAL CLIMENT SPA,0.8806
1,unfamiliar_for_predicted_class,EXP-14.3,Mantencion Agua y Purines,COMPRAS,copla pvc sanitario 40 mm,COPLA PVC SANITARIO 40 MM,COPLA PVC SANITARIO 40 MM,COMERCIAL HARCHA SPA,0.8094
1,unfamiliar_for_predicted_class,EXP-14.3,Mantencion Agua y Purines,COMPRAS,terminal he plastico 1 2,"TERMINAL HE PLASTICO 1/2""",,COMERCIAL CLIMENT SPA,0.7894
1,unfamiliar_for_predicted_class,EXP-14.3,Mantencion Agua y Purines,COMPRAS,terminal he plastico 2,"TERMINAL HE PLASTICO 2""",,COMERCIAL CLIMENT SPA,0.808
1,unfamiliar_for_predicted_class,EXP-14.3,Mantencion Agua y Purines,COMPRAS,terminal he plastico 3 4,"TERMINAL HE PLASTICO 3/4""",,COMERCIAL CLIMENT SPA,0.8059
1,unfamiliar_for_predicted_class,EXP-14.3,Mantencion Agua y Purines,COMPRAS,terminal pvc,TERMINAL PVC,,LOS MAGNIFICOS SPA,0.7898
1,unfamiliar_for_predicted_class,EXP-14.3,Mantencion Agua y Purines,COMPRAS,terminal pvc h he 40 x 1 1 4,"TERMINAL PVC-H HE 40 X 1,1/4""",,COMERCIAL CLIMENT SPA,0.9101
1,unfamiliar_for_predicted_class,EXP-14.3,Mantencion Agua y Purines,COMPRAS,tubo pvc san reforzado 50x1000 gr sc,TUBO PVC SAN REFORZADO 50X1000 GR SC,,EASY RETAIL S.A.,0.9087
1,unfamiliar_for_predicted_class,EXP-14.3,Mantencion Agua y Purines,COMPRAS,vee pvc sanit gris 110mm,VEE PVC-SANIT.GRIS 110MM.,,COMERCIAL CLIMENT SPA,0.7617
1,unfamiliar_for_predicted_class,EXP-14.4,Mantencion Instalaciones,COMPRAS,construccion de muebles,CONSTRUCCION DE MUEBLES,CONSTRUCCION DE MUEBLES DE OFICINA,TALLER JORQUERA SPA,0.9097
1,unfamiliar_for_predicted_class,EXP-14.4,Mantencion Instalaciones,COMPRAS,fabricar estructura,FABRICAR ESTRUCTURA,"METALICA GALVARIZADA POR BALSA , BOMBAS PURINES",JOHN MARCELO CARRILLO SOLDAN,0.8102
1,unfamiliar_for_predicted_class,EXP-14.4,Mantencion Instalaciones,COMPRAS,materiales de,MATERIALES DE,CONSTRUCCION,ERWIN RAMIRO AGUILEF PINUER,0.9578
1,unfamiliar_for_predicted_class,EXP-14.4,Mantencion Instalaciones,COMPRAS,materiales instalacion,MATERIALES INSTALACION,,SOCIEDAD COMERCIAL SERLAC CHILE S.A.,0.8711
1,unfamiliar_for_predicted_class,EXP-14.4,Mantencion Instalaciones,COMPRAS,pintura cono y anillo,Pintura cono y anillo,,MANTENCION INDUSTRIAL DEL SUR LIMITADA,0.9327
1,unfamiliar_for_predicted_class,EXP-14.4,Mantencion Instalaciones,COMPRAS,retiro alimento,Retiro alimento,,MANTENCION INDUSTRIAL DEL SUR LIMITADA,0.7661
1,unfamiliar_for_predicted_class,EXP-15.3,Fletes,COMPRAS,viaje con 39 bolos desde,VIAJE CON 39 BOLOS DESDE,BRAMADERO HASTA FDO YUTRECO,SERGIO FABIAN RODRIGUEZ DELGADO,0.8007
1,unfamiliar_for_predicted_class,EXP-15.5,Servicios Agricolas,COMPRAS,apoyo huerto tineo,Apoyo Huerto Tineo,,HSV SPA,0.8328
1,unfamiliar_for_predicted_class,EXP-15.5,Servicios Agricolas,COMPRAS,apoyo huerto tineo feb,Apoyo Huerto Tineo Feb,,HSV SPA,0.7648
1,unfamiliar_for_predicted_class,EXP-16.2,Otros Gastos Campo,COMPRAS,cinta mask univ 4 dias 50x25,CINTA MASK UNIV 4 DIAS 50X25,,SODIMAC S.A.,0.8432
1,unfamiliar_for_predicted_class,EXP-16.2,Otros Gastos Campo,COMPRAS,cinta mask univ 4 dias 50x50,CINTA MASK UNIV 4 DIAS 50X50,,SODIMAC S.A.,0.8435
1,unfamiliar_for_predicted_class,EXP-2.2,Medicamentos Mastitis,COMPRAS,dscto omitido,DSCTO OMITIDO,,PINTURAS BARENDS SpA,0.7767
1,unknown_sales_item,ING-0.3,VENTA VAQUILLAS,VENTAS,maquinaria,maquinaria,"TRACTOR AGRICOLA MARCA JOHN DEER MODELO 6115J DOBLE TRACCIÃN CON CABINA,MOTOR JOHN DEERE POWERTEH PLUS, 4 CILINDROS, 4,5L, TURBOALIMENTADO DE 115 HP TRANSMISIÃN POWERQUAD CON 16 MARCHAS DE AVANCE Y 16 DE RETROCESO CON INVERSOR ELECTRO HIDRÃULICO, CON ACCIONAMIENTO MECANICO. ORIGEN BRASIL USADO, AÃO 2024 COLOR VERDE TIPO DE COMBUSTIBLE DIESEL. P.B.V 4.990 KG NÂ° DE CHASIS : 1BM6115JCRD601743 NÂ° Motor : J04045B734554 PPU : TPHJ.26-6 NOTA: BIEN EXENTO DEL PAGO AL IMPUESTO A LA TRANSFERENCIA DE ACUERDO AL ART 12 DEL DECRETO LEY 3.063 DE AÃO 1975, POR SER UNA MAQUINARIA INDUSTRIAL Y POR SUS CARACTERISTICAS NO ESTA DESTINADA A CIRCULAR POR LA VIA PUBLICA YA QUE NO POSEE PERMISO DE CIRCULACION",ANTILLANCA SPA,0.4356
1,unknown_sales_item,ING-0.3,VENTA VAQUILLAS,VENTAS,otros ingresos,OTROS INGRESOS,MANTENCION DE CAMINO VECINAL,ANTILLANCA SPA,0.7179
1,unknown_sales_item,ING-0.4,VENTA TERNEROS,VENTAS,venta camioneta,VENTA CAMIONETA,"DONDE DICE "" Patente: PKSR82 "" DEBE DECIR "" Patente: PKSR82-0 """,ANTILLANCA SPA,0.6039
1,weak_class,EXP-1.1,Otros Gastos RRHH,COMPRAS,207619 pulverizadora mamario largo 1l c u,207619 Pulverizadora Mamario Largo 1L - C/U,Pulverizadora Mamario Largo 1L - C/U,Comercial Shoof International Chile Ltda,0.1349
1,weak_class,EXP-1.1,Otros Gastos RRHH,COMPRAS,abastero camposorno cat v,ABASTERO CAMPOSORNO CAT.V,,FRIGORIFICO DE OSORNO S.A.,0.1618
1,weak_class,EXP-1.1,Otros Gastos RRHH,COMPRAS,abrazadera con perno 36mm 39mm,ABRAZADERA CON PERNO 36MM-39MM -@,ABRAZADERA CON PERNO 36MM-39MM -@,DORIS IVONNE CASTILLO KANTER,0.404
1,weak_class,EXP-1.1,Otros Gastos RRHH,COMPRAS,ad pasta comun balde 15 kg bekron,AD-PASTA COMUN BALDE 15 KG BEKRON -@,AD-PASTA COMUN BALDE 15 KG BEKRON -@,DORIS IVONNE CASTILLO KANTER,0.3741
1,weak_class,EXP-1.1,Otros Gastos RRHH,COMPRAS,ad pasta comun tineta 25 kg bekron p ceram,AD-PASTA COMUN TINETA 25 KG BEKRON P CERAM -@,AD-PASTA COMUN TINETA 25 KG BEKRON P CERAM -@,DORIS IVONNE CASTILLO KANTER,0.2443
1,weak_class,EXP-1.1,Otros Gastos RRHH,COMPRAS,adhesivo insta super bonder original 2g gel loctitte,ADHESIVO INSTA SUPER BONDER ORIGINAL 2G GEL LOCTITTE -@,ADHESIVO INSTA SUPER BONDER ORIGINAL 2G GEL LOCTITTE -@,DORIS IVONNE CASTILLO KANTER,0.1524
1,weak_class,EXP-1.1,Otros Gastos RRHH,COMPRAS,alumcryl negro galon algifol,ALUMCRYL NEGRO GALON ALGIFOL -@,ALUMCRYL NEGRO GALON ALGIFOL -@,DORIS IVONNE CASTILLO KANTER,0.4283
1,weak_class,EXP-1.1,Otros Gastos RRHH,COMPRAS,anticorrosivo alquid negro galon passol,ANTICORROSIVO ALQUID NEGRO GALON PASSOL -@,ANTICORROSIVO ALQUID NEGRO GALON PASSOL -@,DORIS IVONNE CASTILLO KANTER,0.4974
1,weak_class,EXP-1.1,Otros Gastos RRHH,COMPRAS,arco sierra 12 ajustable m abierto,ARCO SIERRA 12 AJUSTABLE M ABIERTO -@,ARCO SIERRA 12 AJUSTABLE M ABIERTO -@,DORIS IVONNE CASTILLO KANTER,0.1825
1,weak_class,EXP-1.1,Otros Gastos RRHH,COMPRAS,balde galvanizado 8 lts,BALDE GALVANIZADO 8 LTS -@,BALDE GALVANIZADO 8 LTS -@,DORIS IVONNE CASTILLO KANTER,0.1942
1,weak_class,EXP-1.1,Otros Gastos RRHH,COMPRAS,banano alicante cafe,BANANO ALICANTE CAFE,,KALEUCHE SPA,0.7633
1,weak_class,EXP-1.1,Otros Gastos RRHH,COMPRAS,basurero mediano,BASURERO MEDIANO,,MIRTHA LEONOR CASTILLO KANTER,0.1556
1,weak_class,EXP-1.1,Otros Gastos RRHH,COMPRAS,bolsa basura roll,BOLSA BASURA ROLL,,EASY RETAIL S.A.,0.3153
1,weak_class,EXP-1.1,Otros Gastos RRHH,COMPRAS,bolsa dura 1,BOLSA DURA 1,UN 0000,ADMIN. DE SUPERMERCADOS HIPER LIMITADA,0.3107
1,weak_class,EXP-1.1,Otros Gastos RRHH,COMPRAS,bolsa promo,BOLSA PROMO,UN 0000,ADMIN. DE SUPERMERCADOS HIPER LIMITADA,0.3528
1,weak_class,EXP-1.1,Otros Gastos RRHH,COMPRAS,bolsa reutil,BOLSA REUTIL,UN 0000,ADMIN. DE SUPERMERCADOS HIPER LIMITADA,0.2246
1,weak_class,EXP-1.1,Otros Gastos RRHH,COMPRAS,brete especial,Brete especial,Fabricación de brete bovino para tratamiento de cojera. Incluye cinco huinches manuales de doble freno para operaciones de levante y tensión. Compuerta trasera con doble portalón de seguridad. Piso metálico con goma ganadera antideslizante. Compuerta delantera con trabas metálicas manuales y vértices semi circulares,MAURICIO SEPULVEDA GUZMAN MAESTRANZA E.I.R.L.,0.2912
1,weak_class,EXP-1.1,Otros Gastos RRHH,COMPRAS,bushing reduccion he hi 2 x 1,-BUSHING REDUCCION HE-HI 2 X 1-@,-BUSHING REDUCCION HE-HI 2 X 1-@,DORIS IVONNE CASTILLO KANTER,0.1993
1,weak_class,EXP-1.1,Otros Gastos RRHH,COMPRAS,busqueda y preseleccion,BÚSQUEDA Y PRESELECCIÓN,ORDEÑADOR.,AGROPERFIL SPA,0.2116
1,weak_class,EXP-1.1,Otros Gastos RRHH,COMPRAS,cafe instantaneo gold 170 gr,CAFE INSTANTANEO GOLD 170 GR,1.0 x 1 UN $6850 Bruto/$5757.0 Neto,RENDIC HERMANOS S.A.,0.6071
1,weak_class,EXP-1.1,Otros Gastos RRHH,COMPRAS,cafe instantaneo monterrey 170 gr,CAFE INSTANTANEO MONTERREY 170 GR,1.0 x 1 UN $4780 Bruto/$4017.0 Neto,RENDIC HERMANOS S.A.,0.6743
1,weak_class,EXP-1.1,Otros Gastos RRHH,COMPRAS,caiman boca curva 10 c cortante 6101505 smartools,CAIMAN BOCA CURVA 10 C/CORTANTE 6101505 SMARTOOLS -@,CAIMAN BOCA CURVA 10 C/CORTANTE 6101505 SMARTOOLS -@,DORIS IVONNE CASTILLO KANTER,0.487
1,weak_class,EXP-1.1,Otros Gastos RRHH,COMPRAS,calibrador profesional 8 cla008,CALIBRADOR PROFESIONAL 8 CLA008 -@,CALIBRADOR PROFESIONAL 8 CLA008 -@,DORIS IVONNE CASTILLO KANTER,0.267
1,weak_class,EXP-1.1,Otros Gastos RRHH,COMPRAS,calorkote negro opaco litro ceresita,CALORKOTE NEGRO OPACO LITRO CERESITA -@,CALORKOTE NEGRO OPACO LITRO CERESITA -@,DORIS IVONNE CASTILLO KANTER,0.6858
1,weak_class,EXP-1.1,Otros Gastos RRHH,COMPRAS,cambio correa,cambio correa,,SERVIMEC SPA,0.3149
1,weak_class,EXP-1.1,Otros Gastos RRHH,COMPRAS,cambio embrague,Cambio embrague,,SERVIMEC SPA,0.3503
1,weak_class,EXP-1.1,Otros Gastos RRHH,COMPRAS,canon galvanizado 10,CAÑON GALVANIZADO 10 -@,CAÑON GALVANIZADO 10 -@,DORIS IVONNE CASTILLO KANTER,0.3596
1,weak_class,EXP-1.1,Otros Gastos RRHH,COMPRAS,canon galvanizado 5,CAÑON GALVANIZADO 5 -@,CAÑON GALVANIZADO 5 -@,DORIS IVONNE CASTILLO KANTER,0.3447
1,weak_class,EXP-1.1,Otros Gastos RRHH,COMPRAS,canon galvanizado 6,CAÑON GALVANIZADO 6 -@,CAÑON GALVANIZADO 6 -@,DORIS IVONNE CASTILLO KANTER,0.3146
1,weak_class,EXP-1.1,Otros Gastos RRHH,COMPRAS,cavermanos,CAVERMANOS,,Ainilebu SPA,0.4215
1,weak_class,EXP-1.1,Otros Gastos RRHH,COMPRAS,cemento,CEMENTO -@,CEMENTO -@,DORIS IVONNE CASTILLO KANTER,0.2335
1,weak_class,EXP-1.1,Otros Gastos RRHH,COMPRAS,cena 41 personas n op 080,CENA 41 PERSONAS N.OP.080,,VICTOR VERA VIVEROS,0.5845
1,weak_class,EXP-1.1,Otros Gastos RRHH,COMPRAS,centro de mesa fib,CENTRO DE MESA FIB,,CENCOSUD RETAIL S.A.,0.169
1,weak_class,EXP-1.1,Otros Gastos RRHH,COMPRAS,cep limpia conducto aire,CEP LIMPIA CONDUCTO AIRE,1067865,SOC. COMERC. DE REPUESTOS S.P.A.,0.1803
1,weak_class,EXP-1.1,Otros Gastos RRHH,COMPRAS,cerr11 cerrad sobrep 2010 chilena puerta 129831,CERR11-CERRAD SOBREP 2010 CHILENA PUERTA 129831 -@,CERR11-CERRAD SOBREP 2010 CHILENA PUERTA 129831 -@,DORIS IVONNE CASTILLO KANTER,0.3109
1,weak_class,EXP-1.1,Otros Gastos RRHH,COMPRAS,clavo terrano de 1 1 2 kg,CLAVO TERRANO DE 1 1 2 KG -@,CLAVO TERRANO DE 1 1 2 KG -@,DORIS IVONNE CASTILLO KANTER,0.2774
1,weak_class,EXP-1.1,Otros Gastos RRHH,COMPRAS,cloro triple accion pote 1 kg,CLORO TRIPLE ACCION POTE 1 KG -@,CLORO TRIPLE ACCION POTE 1 KG -@,DORIS IVONNE CASTILLO KANTER,0.1334
1,weak_class,EXP-1.1,Otros Gastos RRHH,COMPRAS,coca cola 2l,COCA COLA 2L,UN 0001,ADMIN. DE SUPERMERCADOS EXPRESS LIMITADA,0.3559
1,weak_class,EXP-1.1,Otros Gastos RRHH,COMPRAS,coca cola sin azucar lata 350 cc,COCA COLA SIN AZUCAR LATA 350 CC,2.0 x 1 DIS $6290 Bruto/$4876.0 Neto,RENDIC HERMANOS S.A.,0.535
1,weak_class,EXP-1.1,Otros Gastos RRHH,COMPRAS,codo bronce 1 2 cachimba,CODO BRONCE 1 2 CACHIMBA -@,CODO BRONCE 1 2 CACHIMBA -@,DORIS IVONNE CASTILLO KANTER,0.6732
1,weak_class,EXP-1.1,Otros Gastos RRHH,COMPRAS,codo so so 1 bolsa,CODO SO SO 1 BOLSA,,EASY RETAIL S.A.,0.2829
1,weak_class,EXP-1.1,Otros Gastos RRHH,COMPRAS,cola fria madera pote 1 2kg agorex,COLA FRIA MADERA POTE 1 2KG AGOREX -@,COLA FRIA MADERA POTE 1 2KG AGOREX -@,DORIS IVONNE CASTILLO KANTER,0.7127
1,weak_class,EXP-1.1,Otros Gastos RRHH,COMPRAS,colocar patente y,Colocar patente y,extintor tractor John Deere,SANDRA PAULINA VALLADARES RIOS,0.1709
1,weak_class,EXP-1.1,Otros Gastos RRHH,COMPRAS,combinacion lavaplatos cc7 7001 fas,COMBINACION LAVAPLATOS CC7-7001 FAS -@,COMBINACION LAVAPLATOS CC7-7001 FAS -@,DORIS IVONNE CASTILLO KANTER,0.5907
1,weak_class,EXP-1.1,Otros Gastos RRHH,COMPRAS,comision bovinos reposicion,COMISION BOVINOS REPOSICION,,Tattersall Ganado S.A.,0.3008
1,weak_class,EXP-1.1,Otros Gastos RRHH,COMPRAS,conector rapido 1 2 con autostop gardtech,CONECTOR RAPIDO 1/2 CON AUTOSTOP GARDTECH -@,CONECTOR RAPIDO 1/2 CON AUTOSTOP GARDTECH -@,DORIS IVONNE CASTILLO KANTER,0.2966
1,weak_class,EXP-1.1,Otros Gastos RRHH,COMPRAS,confec 01 mang hidra 1 47 2 r2,CONFEC 01 MANG HIDRA 1&#47;2 R2,,SERGIO GUILLERMO LOEBEL PUSCHEL,0.2845
1,weak_class,EXP-1.1,Otros Gastos RRHH,COMPRAS,confec 01 mang hidra 1 47 4 r2,CONFEC 01 MANG HIDRA 1&#47;4 R2,,SERGIO GUILLERMO LOEBEL PUSCHEL,0.2744
1,weak_class,EXP-1.1,Otros Gastos RRHH,COMPRAS,confeccion de buje de bronce,CONFECCION DE BUJE DE BRONCE,&#45;&#45;&#45;&#45; TRABAJO SOLICITADO POR SR&#46; JAVIER MU&deg;OZ,ENTRE RIEGOS DEL SUR SPA,0.3863
1,weak_class,EXP-1.1,Otros Gastos RRHH,COMPRAS,confeccion de muebles,CONFECCION DE MUEBLES,PARA OFICINA DE COLOR BLANCO / 8 PUERTAS CON CERRADURA,MARIO DANIEL RODRIGUEZ ASENCIO,0.2457
1,weak_class,EXP-1.1,Otros Gastos RRHH,COMPRAS,copla,COPLA,,LOS MAGNIFICOS SPA,0.1501
1,weak_class,EXP-1.1,Otros Gastos RRHH,COMPRAS,copla hi hi 1 1 4,-COPLA HI-HI 1 1 4 -@,-COPLA HI-HI 1 1 4 -@,DORIS IVONNE CASTILLO KANTER,0.2359
1,weak_class,EXP-1.1,Otros Gastos RRHH,COMPRAS,costillar chileno super cerdo vacio kg,COSTILLAR CHILENO SUPER CERDO VACIO KG,,CENCOSUD RETAIL S.A.,0.1981
1,weak_class,EXP-1.1,Otros Gastos RRHH,COMPRAS,costillar tradicional super cerdo kg,COSTILLAR TRADICIONAL SUPER CERDO KG,,CENCOSUD RETAIL S.A.,0.1719
1,weak_class,EXP-1.1,Otros Gastos RRHH,COMPRAS,croissant du,CROISSANT DU,UN 0000 UN,ADMIN. DE SUPERMERCADOS HIPER LIMITADA,0.126
1,weak_class,EXP-1.1,Otros Gastos RRHH,COMPRAS,cuno,CUNO,,KALEUCHE SPA,0.7674
1,weak_class,EXP-1.1,Otros Gastos RRHH,COMPRAS,curso tecnicas de manejo de crianza de terneras de lecheria,"Curso Técnicas De Manejo De Crianza De Terneras De Lechería,","Cód. Sence 1238044578, N° Horas 16, F. inicio 08-04-2025, F. término 09-04-2025, Lugar de realización Avenida René Soriano N° 2615, Osorno, N° Acción Sence 6612969, N° de participantes 3. Información solicitada por Sence, incluida en certificado de asistencia.",Fundación de Instrucción Agrícola Adolfo Matthei,0.8909
1,weak_class,EXP-1.1,Otros Gastos RRHH,COMPRAS,decantador sulfato aluminio 1k pote,DECANTADOR (SULFATO ALUMINIO) 1K POTE -@,DECANTADOR (SULFATO ALUMINIO) 1K POTE -@,DORIS IVONNE CASTILLO KANTER,0.6297
1,weak_class,EXP-1.1,Otros Gastos RRHH,COMPRAS,engrampadora prof,ENGRAMPADORA PROF,,EASY RETAIL S.A.,0.2069
1,weak_class,EXP-1.1,Otros Gastos RRHH,COMPRAS,envio,ENVIO,,KALEUCHE SPA,0.2894
1,weak_class,EXP-1.1,Otros Gastos RRHH,COMPRAS,esmalte al agua dynalproof blanco galon,ESMALTE AL AGUA DYNALPROOF BLANCO GALON -@,ESMALTE AL AGUA DYNALPROOF BLANCO GALON -@,DORIS IVONNE CASTILLO KANTER,0.3487
1,weak_class,EXP-1.1,Otros Gastos RRHH,COMPRAS,esmalte sint base agua cafe moro tricolor gl,ESMALTE SINT BASE AGUA CAFE MORO - TRICOLOR GL,ESMALTE SINT BASE AGUA CAFE MORO - TRICOLOR GL,COMERCIAL HARCHA SPA,0.2939
1,weak_class,EXP-1.1,Otros Gastos RRHH,COMPRAS,esquinero negro northway x 3mts,ESQUINERO NEGRO NORTHWAY X 3MTS -@,ESQUINERO NEGRO NORTHWAY X 3MTS -@,DORIS IVONNE CASTILLO KANTER,0.2297
1,weak_class,EXP-1.1,Otros Gastos RRHH,COMPRAS,estampado polera espalda,ESTAMPADO POLERA ESPALDA,TRANSFERENCIA ELECTRONICA,SMRCHILE LIMITADA,0.4648
1,weak_class,EXP-1.1,Otros Gastos RRHH,COMPRAS,fruta colacion bolsa 1 5 kg,FRUTA COLACION BOLSA 1.5 KG,2.0 x 1 UN $2190 Bruto/$1840.5 Neto,RENDIC HERMANOS S.A.,0.3301
1,weak_class,EXP-1.1,Otros Gastos RRHH,COMPRAS,frutos secos nuts y fruta vivo bolsa 80 gr,FRUTOS SECOS NUTS Y FRUTA VIVO BOLSA 80 GR,,COMERCIAL AMAR HERMANOS Y COMPANIA LIMITADA,0.1019
1,weak_class,EXP-1.1,Otros Gastos RRHH,COMPRAS,fu codo 32mm ppr,FU-CODO 32MM PPR -@,FU-CODO 32MM PPR -@,DORIS IVONNE CASTILLO KANTER,0.2143
1,weak_class,EXP-1.1,Otros Gastos RRHH,COMPRAS,fu copla 32 mm ppr,FU-COPLA 32 MM PPR -@,FU-COPLA 32 MM PPR -@,DORIS IVONNE CASTILLO KANTER,0.1649
1,weak_class,EXP-1.1,Otros Gastos RRHH,COMPRAS,fu llave de bola pp r completa 20 mm 90158,FU-LLAVE DE BOLA PP-R COMPLETA 20 MM 90158 -@,FU-LLAVE DE BOLA PP-R COMPLETA 20 MM 90158 -@,DORIS IVONNE CASTILLO KANTER,0.257
1,weak_class,EXP-1.1,Otros Gastos RRHH,COMPRAS,fu llave paso metalica manilla roja 20 mm hoffens 90101,FU-LLAVE PASO METALICA MANILLA ROJA (20 mm) HOFFENS 90101 -@,FU-LLAVE PASO METALICA MANILLA ROJA (20 mm) HOFFENS 90101 -@,DORIS IVONNE CASTILLO KANTER,0.1927
1,weak_class,EXP-1.1,Otros Gastos RRHH,COMPRAS,fu tee 20mm ppr,FU-TEE 20MM PPR -@,FU-TEE 20MM PPR -@,DORIS IVONNE CASTILLO KANTER,0.1503
1,weak_class,EXP-1.1,Otros Gastos RRHH,COMPRAS,fu tee 32mm ppr,FU-TEE 32MM PPR -@,FU-TEE 32MM PPR -@,DORIS IVONNE CASTILLO KANTER,0.1187
1,weak_class,EXP-1.1,Otros Gastos RRHH,COMPRAS,fu tuberia fusion 25mm o ppr,FU-TUBERIA FUSION 25MM O PPR -@,FU-TUBERIA FUSION 25MM O PPR -@,DORIS IVONNE CASTILLO KANTER,0.1456
1,weak_class,EXP-1.1,Otros Gastos RRHH,COMPRAS,gabinete calefont grande,GABINETE CALEFONT GRANDE -@,GABINETE CALEFONT GRANDE -@,DORIS IVONNE CASTILLO KANTER,0.2495
1,weak_class,EXP-1.1,Otros Gastos RRHH,COMPRAS,grabado logo,GRABADO LOGO,,KALEUCHE SPA,0.8753
1,weak_class,EXP-1.1,Otros Gastos RRHH,COMPRAS,horm apoyos hormigon 40cm,HORM-APOYOS HORMIGON 40CM -@,HORM-APOYOS HORMIGON 40CM -@,DORIS IVONNE CASTILLO KANTER,0.2796
1,weak_class,EXP-1.1,Otros Gastos RRHH,COMPRAS,huaipe mecanico x 1kg,HUAIPE MECANICO X 1KG -@,HUAIPE MECANICO X 1KG -@,DORIS IVONNE CASTILLO KANTER,0.1657
1,weak_class,EXP-1.1,Otros Gastos RRHH,COMPRAS,inscripcion nic,Inscripcion NIC,www.antillancasa.cl periodo 06-08-2024 al 06-08-2026,NETSKY SPA,0.3604
1,weak_class,EXP-1.1,Otros Gastos RRHH,COMPRAS,juego ducha freiburg taumm 020100302,JUEGO DUCHA FREIBURG TAUMM 020100302 -@,JUEGO DUCHA FREIBURG TAUMM 020100302 -@,DORIS IVONNE CASTILLO KANTER,0.2375
1,weak_class,EXP-1.1,Otros Gastos RRHH,COMPRAS,kg soldadura e6011 1 8 bolsa krafter,KG SOLDADURA E6011 1 8 BOLSA KRAFTER -@,KG SOLDADURA E6011 1 8 BOLSA KRAFTER -@,DORIS IVONNE CASTILLO KANTER,0.4005
1,weak_class,EXP-1.1,Otros Gastos RRHH,COMPRAS,kg soldadura e6011 3 32 bolsa krafter,KG SOLDADURA E6011 3 32 BOLSA KRAFTER -@,KG SOLDADURA E6011 3 32 BOLSA KRAFTER -@,DORIS IVONNE CASTILLO KANTER,0.3616
1,weak_class,EXP-1.1,Otros Gastos RRHH,COMPRAS,kit azadas colineales,Kit Azadas Colineales,Deshierbe,Bima Chile Spa,0.2537
1,weak_class,EXP-1.1,Otros Gastos RRHH,COMPRAS,kit perno barra piso,KIT PERNO BARRA PISO,KIT PERNO BARRA PISO,GALLAGHER CHILE SPA,0.3778
1,weak_class,EXP-1.1,Otros Gastos RRHH,COMPRAS,ko copla so so 1 1 4,KO-COPLA SO-SO 1 1 4 -@,KO-COPLA SO-SO 1 1 4 -@,DORIS IVONNE CASTILLO KANTER,0.2472
1,weak_class,EXP-1.1,Otros Gastos RRHH,COMPRAS,ko tapagorro so 1 1 4,KO-TAPAGORRO SO 1 1 4 -@,KO-TAPAGORRO SO 1 1 4 -@,DORIS IVONNE CASTILLO KANTER,0.4838
1,weak_class,EXP-1.1,Otros Gastos RRHH,COMPRAS,lavacopas plus taumm 040701002 t,LAVACOPAS PLUS TAUMM 040701002-T -@,LAVACOPAS PLUS TAUMM 040701002-T -@,DORIS IVONNE CASTILLO KANTER,0.2991
1,weak_class,EXP-1.1,Otros Gastos RRHH,COMPRAS,leche s lact c cafe light col capuccino,"LECHE S LACT C CAFE LIGHT COL, CAPUCCINO",21.0 x 1 UN $1120 Bruto/$941.1905 Neto,RENDIC HERMANOS S.A.,0.2805
1,weak_class,EXP-1.1,Otros Gastos RRHH,COMPRAS,llave paso soldar 1 2 l 522 fas,LLAVE PASO SOLDAR 1 2 L-522 FAS -@,LLAVE PASO SOLDAR 1 2 L-522 FAS -@,DORIS IVONNE CASTILLO KANTER,0.189
1,weak_class,EXP-1.1,Otros Gastos RRHH,COMPRAS,lonas el maiten,LONAS EL MAITEN,,YOAM MARCELO ORTIZ GUTIERREZ,0.1773
1,weak_class,EXP-1.1,Otros Gastos RRHH,COMPRAS,lonas fundo el maiten,LONAS FUNDO EL MAITEN,,YOAM MARCELO ORTIZ GUTIERREZ,0.1563
1,weak_class,EXP-1.1,Otros Gastos RRHH,COMPRAS,monomando ducha domenica taumm,MONOMANDO DUCHA DOMENICA TAUMM -@,MONOMANDO DUCHA DOMENICA TAUMM -@,DORIS IVONNE CASTILLO KANTER,0.3954
1,weak_class,EXP-1.1,Otros Gastos RRHH,COMPRAS,monomando lavatorio galia plus mclga 1 fas,MONOMANDO LAVATORIO GALIA PLUS MCLGA-1 FAS -@,MONOMANDO LAVATORIO GALIA PLUS MCLGA-1 FAS -@,DORIS IVONNE CASTILLO KANTER,0.2096
1,weak_class,EXP-1.1,Otros Gastos RRHH,COMPRAS,montecarlo m blanco t m,Montecarlo M Blanco T M,,Comercial Mundo Transfer Ltda,0.2266
1,weak_class,EXP-1.1,Otros Gastos RRHH,COMPRAS,montecarlo m blanco t s,Montecarlo M Blanco T S,,Comercial Mundo Transfer Ltda,0.2142
1,weak_class,EXP-1.1,Otros Gastos RRHH,COMPRAS,nescafe fina seleccion frasco 100 grs,NESCAFE FINA SELECCION FRASCO 100 GRS,,COMERCIAL AMAR HNOS. Y CIA. LTDA,0.45
1,weak_class,EXP-1.1,Otros Gastos RRHH,COMPRAS,nescafe tradicion 150grs,NESCAFE TRADICION 150GRS,,COMERCIAL AMAR HNOS. Y CIA. LTDA,0.2211
1,weak_class,EXP-1.1,Otros Gastos RRHH,COMPRAS,nescafe tradicion 210grs,NESCAFE TRADICION 210GRS,,COMERCIAL AMAR HNOS. Y CIA. LTDA,0.2475
1,weak_class,EXP-1.1,Otros Gastos RRHH,COMPRAS,nescafe tradicion tarro 210 gr,NESCAFE TRADICION TARRO 210 GR,,COMERCIAL AMAR HERMANOS Y COMPANIA LIMITADA,0.3285
1,weak_class,EXP-1.1,Otros Gastos RRHH,COMPRAS,nora193 percha simple negra 160717300,NORA193- PERCHA SIMPLE NEGRA 160717300-@,NORA193- PERCHA SIMPLE NEGRA 160717300-@,DORIS IVONNE CASTILLO KANTER,0.1986
1,weak_class,EXP-1.1,Otros Gastos RRHH,COMPRAS,numeros mundo de carton,NÚMEROS MUNDO DE CARTON,,Ainilebu SPA,0.2875
1,weak_class,EXP-1.1,Otros Gastos RRHH,COMPRAS,par alcayata plana 10p verde mutel,PAR ALCAYATA PLANA 10P VERDE MUTEL-@,PAR ALCAYATA PLANA 10P VERDE MUTEL-@,DORIS IVONNE CASTILLO KANTER,0.2424
1,weak_class,EXP-1.1,Otros Gastos RRHH,COMPRAS,pasador seguro remolque 5 8,PASADOR SEGURO REMOLQUE 5 8 -@,PASADOR SEGURO REMOLQUE 5 8 -@,DORIS IVONNE CASTILLO KANTER,0.2357
1,weak_class,EXP-1.1,Otros Gastos RRHH,COMPRAS,pco perno coche 3 8 x 4 1 2,PCO PERNO COCHE 3 8 X 4 1 2 -@,PCO PERNO COCHE 3 8 X 4 1 2 -@,DORIS IVONNE CASTILLO KANTER,0.4516
1,weak_class,EXP-1.1,Otros Gastos RRHH,COMPRAS,pco perno coche 3 8 x 6,PCO PERNO COCHE 3 8 X 6 -@,PCO PERNO COCHE 3 8 X 6 -@,DORIS IVONNE CASTILLO KANTER,0.3856
1,weak_class,EXP-1.1,Otros Gastos RRHH,COMPRAS,pco perno coche 5 16 x 5,PCO PERNO COCHE 5 16 X 5 -@,PCO PERNO COCHE 5 16 X 5 -@,DORIS IVONNE CASTILLO KANTER,0.3565
1,weak_class,EXP-1.1,Otros Gastos RRHH,COMPRAS,perlon trenzado 3mm 250 mt x kg real,PERLON TRENZADO 3MM (250 MT X KG REAL) -@,PERLON TRENZADO 3MM (250 MT X KG REAL) -@,DORIS IVONNE CASTILLO KANTER,0.2449
1,weak_class,EXP-1.1,Otros Gastos RRHH,COMPRAS,picaporte vertical 10p verde mutel,PICAPORTE VERTICAL 10P VERDE MUTEL-@,PICAPORTE VERTICAL 10P VERDE MUTEL-@,DORIS IVONNE CASTILLO KANTER,0.1852
1,weak_class,EXP-1.1,Otros Gastos RRHH,COMPRAS,presupuesto 2319 2025,PRESUPUESTO 2319/2025,"REEMPLAZO CONTACTOR DAÑADO BOMBAS AGUA , SALA DE ORDEÑA ,FUNDO EL MAITEN",ROBERTO RENÉ RODRIGUEZ ARANCIBIA MONTAJES ELECTRICOS E INDUSTRIALES.,0.3333
1,weak_class,EXP-1.1,Otros Gastos RRHH,COMPRAS,presupuesto n 2294 2025,PRESUPUESTO N° 2294/2025,"DESCONEXION , CASA HABITACION EN DESARME FUNDO EN ARRIENDO SECTOR YUTRECO",ROBERTO RENÉ RODRIGUEZ ARANCIBIA MONTAJES ELECTRICOS E INDUSTRIALES.,0.1649
1,weak_class,EXP-1.1,Otros Gastos RRHH,COMPRAS,presupuesto n 2306 2025,PRESUPUESTO N° 2306/2025,"MANTENIMIENTO PREVENTIVO SALA DE ORDEÑO, FUNDO YUTRECO",ROBERTO RENÉ RODRIGUEZ ARANCIBIA MONTAJES ELECTRICOS E INDUSTRIALES.,0.3189
1,weak_class,EXP-1.1,Otros Gastos RRHH,COMPRAS,presupuesto n 2307 2025,PRESUPUESTO N° 2307/2025,"MANTENIMIENTO PREVENTIVO SALA DE ORDEÑO , FUNDO EL MAITEN",ROBERTO RENÉ RODRIGUEZ ARANCIBIA MONTAJES ELECTRICOS E INDUSTRIALES.,0.3456
1,weak_class,EXP-1.1,Otros Gastos RRHH,COMPRAS,programa de ingles,Programa de inglés,,ENGLISH TRAINING SPA,0.9552
1,weak_class,EXP-1.1,Otros Gastos RRHH,COMPRAS,punta 2 kg,PUNTA 2 KG -@,PUNTA 2 KG -@,DORIS IVONNE CASTILLO KANTER,0.1659
1,weak_class,EXP-1.1,Otros Gastos RRHH,COMPRAS,quix lim 480,QUIX LIM 480,UN 0000,ADMIN. DE SUPERMERCADOS HIPER LIMITADA,0.1408
1,weak_class,EXP-1.1,Otros Gastos RRHH,COMPRAS,raspador hela r64hss,RASPADOR HELA R64HSS -@,RASPADOR HELA R64HSS -@,DORIS IVONNE CASTILLO KANTER,0.1793
1,weak_class,EXP-1.1,Otros Gastos RRHH,COMPRAS,recuperacion gastos maestranza,RECUPERACION GASTOS MAESTRANZA,,ENTRE RIEGOS DEL SUR SPA,0.1957
1,weak_class,EXP-1.1,Otros Gastos RRHH,COMPRAS,recuperar llanta,RECUPERAR LLANTA,"AGRICOLA 15,5",JOHN MARCELO CARRILLO SOLDAN,0.1633
1,weak_class,EXP-1.1,Otros Gastos RRHH,COMPRAS,representacion casub rbm,Representacion Casub RBM,,AWÜA CONSULTORES SPA,0.3039
1,weak_class,EXP-1.1,Otros Gastos RRHH,COMPRAS,roseta canon 6,ROSETA CAÑON 6 -@,ROSETA CAÑON 6 -@,DORIS IVONNE CASTILLO KANTER,0.3048
1,weak_class,EXP-1.1,Otros Gastos RRHH,COMPRAS,sellotec silicona acetica sc1000 s c fung transp 300ml,SELLOTEC SILICONA ACETICA SC1000-S C FUNG TRANSP 300ML -@,SELLOTEC SILICONA ACETICA SC1000-S C FUNG TRANSP 300ML -@,DORIS IVONNE CASTILLO KANTER,0.3059
1,weak_class,EXP-1.1,Otros Gastos RRHH,COMPRAS,servicio de seleccion,SERVICIO DE SELECCION,DE PERSONAL,SERVICIOS AGRICOLAS FELIPE JAVIER GONZALEZ ZAMBRANO E.I.R.L.,0.1912
1,weak_class,EXP-1.1,Otros Gastos RRHH,COMPRAS,silicona hela bano y cocina blanca 280ml,SILICONA HELA BAÑO Y COCINA BLANCA 280ML -@,SILICONA HELA BAÑO Y COCINA BLANCA 280ML -@,DORIS IVONNE CASTILLO KANTER,0.3061
1,weak_class,EXP-1.1,Otros Gastos RRHH,COMPRAS,soldadura estano nacobre 50 50 carrete,SOLDADURA ESTANO NACOBRE 50 50 CARRETE -@,SOLDADURA ESTANO NACOBRE 50 50 CARRETE -@,DORIS IVONNE CASTILLO KANTER,0.2414
1,weak_class,EXP-1.1,Otros Gastos RRHH,COMPRAS,tapa tornillo he 1,-TAPA TORNILLO HE 1 -@,-TAPA TORNILLO HE 1 -@,DORIS IVONNE CASTILLO KANTER,0.2574
1,weak_class,EXP-1.1,Otros Gastos RRHH,COMPRAS,tecnicas de manejo de crianza de terneras de lecheria,TÉCNICAS DE MANEJO DE CRIANZA DE TERNERAS DE LECHERÍA,,Fundación de Instrucción Agrícola Adolfo Matthei,0.3038
1,weak_class,EXP-1.1,Otros Gastos RRHH,COMPRAS,tesamoll perfil d cafe cun819,TESAMOLL PERFIL D CAFE CUN819,,SODIMAC S.A.,0.4958
1,weak_class,EXP-1.1,Otros Gastos RRHH,COMPRAS,tips 1,Tips ( 1),,Hotelera MDS Chillán S.A.,0.2893
1,weak_class,EXP-1.1,Otros Gastos RRHH,COMPRAS,turismo,TURISMO,"CONCEPTO GIFT CARD PROGRAMA ""SUEÑA""",CLA TURISMO SPA,0.4234
1,weak_class,EXP-1.1,Otros Gastos RRHH,COMPRAS,tyveck rollo 30m2,TYVECK ROLLO 30M2 -@,TYVECK ROLLO 30M2 -@,DORIS IVONNE CASTILLO KANTER,0.2142
1,weak_class,EXP-1.1,Otros Gastos RRHH,COMPRAS,union cadena con perno piso rf,UNION CADENA CON PERNO PISO RF,UNION CADENA CON PERNO PISO RF,GALLAGHER CHILE SPA,0.2626
1,weak_class,EXP-1.1,Otros Gastos RRHH,COMPRAS,union mariposa hi 3 aluminio,UNION MARIPOSA HI 3 ALUMINIO -@,UNION MARIPOSA HI 3 ALUMINIO -@,DORIS IVONNE CASTILLO KANTER,0.2348
1,weak_class,EXP-1.1,Otros Gastos RRHH,COMPRAS,valvula retencion vertical 3 pesada,VALVULA RETENCION VERTICAL 3 PESADA -@,VALVULA RETENCION VERTICAL 3 PESADA -@,DORIS IVONNE CASTILLO KANTER,0.1637
1,weak_class,EXP-1.1,Otros Gastos RRHH,COMPRAS,vaquilla para encaste,VAQUILLA PARA ENCASTE,,AGRICOLA WEBER HUBER LIMITADA,0.348
1,weak_class,EXP-1.1,Otros Gastos RRHH,COMPRAS,vino caberne,VINO CABERNE,UN 0000,ADMIN. DE SUPERMERCADOS HIPER LIMITADA,0.2574
1,weak_class,EXP-1.1,Otros Gastos RRHH,COMPRAS,vino carm gato 1 5 lt botellon g 12 0,"VINO CARM GATO 1.5 LT BOTELLON G 12,0",4.0 x 1 UN $5090 Bruto/$3648.75 Neto,RENDIC HERMANOS S.A.,0.1516
1,weak_class,EXP-1.1,Otros Gastos RRHH,COMPRAS,vino s rita 120 tinto 12g bot 1500cc,VINO S.RITA 120 TINTO 12G BOT 1500CC,JUMBO OFERTAS $ 1520,CENCOSUD RETAIL S.A.,0.2069
1,weak_class,EXP-10.2,Diping,COMPRAS,201613 vaca levanta kerbl estandar c u,201613 Vaca Levanta Kerbl Estándar - C/U,Vaca Levanta Kerbl Estándar - C/U,Comercial Shoof International Chile Ltda,0.6581
1,weak_class,EXP-10.2,Diping,COMPRAS,descuento en precio vacas,Descuento en precio vacas,,AGRICOLA Y GANADERA EMERALD LIMITADA,0.9087
1,weak_class,EXP-10.4,Otros Gastos Lecheria,COMPRAS,204890 obstetrica lubricante 2 litros c u,204890 Obstétrica Lubricante 2 Litros - C/U,Obstétrica Lubricante 2 Litros - C/U,Comercial Shoof International Chile Ltda,0.11
1,weak_class,EXP-10.4,Otros Gastos Lecheria,COMPRAS,analisis bacteriologico,ANALISIS BACTERIOLOGICO,,GEA Farm Technologies Osorno Ltda.,0.2264
1,weak_class,EXP-10.4,Otros Gastos Lecheria,COMPRAS,baby back ribs acaramelado super kg,BABY BACK RIBS ACARAMELADO SUPER KG,,CENCOSUD RETAIL S.A.,0.1835
1,weak_class,EXP-10.4,Otros Gastos Lecheria,COMPRAS,bol bps grip 1 6 negro bpsgpxbb pilot ime111,BOL BPS GRIP 1 6 NEGRO BPSGPXBB PILOT IME111,BOL BPS GRIP 1 6 NEGRO BPSGPXBB PILOT IME111,KARIM KLETT DIEZ,0.3736
1,weak_class,EXP-10.4,Otros Gastos Lecheria,COMPRAS,bol bps grip 1 6 rojo bpsgpxbr pilot ime111,BOL BPS GRIP 1 6 ROJO BPSGPXBR PILOT IME111,BOL BPS GRIP 1 6 ROJO BPSGPXBR PILOT IME111,KARIM KLETT DIEZ,0.3001
1,weak_class,EXP-10.4,Otros Gastos Lecheria,COMPRAS,bolsa basura rollo120x130 5u,BOLSA BASURA ROLLO120X130 5U,,SODIMAC S.A.,0.1778
1,weak_class,EXP-10.4,Otros Gastos Lecheria,COMPRAS,bomba sumergible dreno gt50 2 c 150 380 volt 1 1 kw 2800 rpm,"BOMBA SUMERGIBLE DRENO ( GT50/2/ C 150 )380 VOLT 1,1 KW 2800 RPM","Mantencion y Reparacion Revision de equipo, rebobinado estator, cambio de rodamientos, sello plano silicio-silicio, rertene, limpieza-pintura. Fecha ingreso:29/08/25",BOBINADOS INDUSTRIALES LONCOMILLA SPA,0.1994
1,weak_class,EXP-10.4,Otros Gastos Lecheria,COMPRAS,caja sin cuna,CAJA SIN CUNA,20000082,CHILEXPRESS S.A.,0.2473
1,weak_class,EXP-10.4,Otros Gastos Lecheria,COMPRAS,chemical pump squeeze tube 5 8 epdm amp clips,CHEMICAL PUMP SQUEEZE TUBE 5/8 EPDM &amp; CLIPS,,GEA Farm Technologies Osorno Ltda.,0.4525
1,weak_class,EXP-10.4,Otros Gastos Lecheria,COMPRAS,circodescal rpa 1 litro,CIRCODESCAL RPA 1 LITRO,,GEA Farm Technologies Osorno Ltda.,0.4005
1,weak_class,EXP-10.4,Otros Gastos Lecheria,COMPRAS,collar con cierre l1350 cow 10 pcs,COLLAR CON CIERRE L1350 COW 10 PCS,,GEA Farm Technologies Osorno Ltda.,0.3945
1,weak_class,EXP-10.4,Otros Gastos Lecheria,COMPRAS,copa de goma jetter cup milfos 44 icip,COPA DE GOMA JETTER CUP MILFOS 44 ICIP,,GEA Farm Technologies Osorno Ltda.,0.3925
1,weak_class,EXP-10.4,Otros Gastos Lecheria,COMPRAS,desarme cerco,Desarme cerco,,CONSTRUCCIONES LARA & LARA LIMITADA,0.1561
1,weak_class,EXP-10.4,Otros Gastos Lecheria,COMPRAS,destacador bol amarillo 435178 fultons pro111,DESTACADOR BOL AMARILLO 435178 FULTONS PRO111,DESTACADOR BOL AMARILLO 435178 FULTONS PRO111,KARIM KLETT DIEZ,0.217
1,weak_class,EXP-10.4,Otros Gastos Lecheria,COMPRAS,destacador bol verde 435179 fultons pro111,DESTACADOR BOL VERDE 435179 FULTONS PRO111,DESTACADOR BOL VERDE 435179 FULTONS PRO111,KARIM KLETT DIEZ,0.1688
1,weak_class,EXP-10.4,Otros Gastos Lecheria,COMPRAS,disco id14 1xod20x t 0 4 sst,"DISCO ID14,1xOD20x T 0,4 SSt",,GEA Farm Technologies Osorno Ltda.,0.4239
1,weak_class,EXP-10.4,Otros Gastos Lecheria,COMPRAS,elect blue box 6011 3 32 1k,ELECT BLUE BOX 6011 3/32 1K,ELECT BLUE BOX 6011 3/32 1K,Acenor Aceros Del Norte S.A.,0.2119
1,weak_class,EXP-10.4,Otros Gastos Lecheria,COMPRAS,electroiman val pulsado acr3 met ap,ELECTROIMAN VAL/PULSADO/ACR3/MET/AP,,GEA Farm Technologies Osorno Ltda.,0.4203
1,weak_class,EXP-10.4,Otros Gastos Lecheria,COMPRAS,energizador solar s100 gallagher,ENERGIZADOR SOLAR S100 -GALLAGHER____,GALLAGHER____,FEROSOR AGRICOLA S.A.,0.2188
1,weak_class,EXP-10.4,Otros Gastos Lecheria,COMPRAS,farol hard case 1000 lumenes,FAROL HARD CASE 1000 LUMENES,,SODIMAC S.A.,0.1304
1,weak_class,EXP-10.4,Otros Gastos Lecheria,COMPRAS,hdr100 piston seal only 65sh hytrel,HDR100 PISTON SEAL ONLY (65SH HYTREL),,GEA Farm Technologies Osorno Ltda.,0.5317
1,weak_class,EXP-10.4,Otros Gastos Lecheria,COMPRAS,juego mirillas colector 300 cc,JUEGO MIRILLAS COLECTOR 300 CC,,GEA Farm Technologies Osorno Ltda.,0.7083
1,weak_class,EXP-10.4,Otros Gastos Lecheria,COMPRAS,kit bomba leche 1 1kw sst,Kit bomba leche 1.1kw SSt,,GEA Farm Technologies Osorno Ltda.,0.4942
1,weak_class,EXP-10.4,Otros Gastos Lecheria,COMPRAS,limpieza pozo pulinero,Limpieza pozo pulinero,,SANDRA PAULINA VALLADARES RIOS,0.2659
1,weak_class,EXP-10.4,Otros Gastos Lecheria,COMPRAS,mano de obra bomba,Mano de Obra Bomba,,HECTOR PATRICIO RIVERA BURGOS,0.1329
1,weak_class,EXP-10.4,Otros Gastos Lecheria,COMPRAS,mini wobbler hunter 4 celeste blanco,Mini Wobbler HUNTER #4 (Celeste / Blanco),,PUELCHE LOS RIOS SOCIEDAD POR ACCIONES,0.2778
1,weak_class,EXP-10.4,Otros Gastos Lecheria,COMPRAS,pack 50 bols c arom 43x45 15l,PACK 50 BOLS C/AROM 43X45 15L,,SODIMAC S.A.,0.2252
1,weak_class,EXP-10.4,Otros Gastos Lecheria,COMPRAS,pack 50bols arom45x50 18lt cun,PACK 50BOLS AROM45X50 18LT CUN,,SODIMAC S.A.,0.4291
1,weak_class,EXP-10.4,Otros Gastos Lecheria,COMPRAS,parte inferior colector usada,PARTE INFERIOR COLECTOR USADA,,GEA Farm Technologies Osorno Ltda.,0.5232
1,weak_class,EXP-10.4,Otros Gastos Lecheria,COMPRAS,perno colector sin cierre,PERNO COLECTOR SIN CIERRE,,GEA Farm Technologies Osorno Ltda.,0.9252
1,weak_class,EXP-10.4,Otros Gastos Lecheria,COMPRAS,piston cilindro puerta,PISTON CILINDRO PUERTA,,GEA Farm Technologies Osorno Ltda.,0.4119
1,weak_class,EXP-10.4,Otros Gastos Lecheria,COMPRAS,pm taza desinf no ret horiz,PM TAZA DESINF.NO RET.HORIZ.,,COOPERATIVA AGRICOLA Y DE SERVICIOS LTDA,0.1869
1,weak_class,EXP-10.4,Otros Gastos Lecheria,COMPRAS,retenedor de copa de goma icip,RETENEDOR DE COPA DE GOMA ICIP,,GEA Farm Technologies Osorno Ltda.,0.3967
1,weak_class,EXP-10.4,Otros Gastos Lecheria,COMPRAS,seal kit for hilge milk pump 2 2kw,SEAL KIT FOR HILGE MILK PUMP 2.2KW,,GEA Farm Technologies Osorno Ltda.,0.6092
1,weak_class,EXP-10.4,Otros Gastos Lecheria,COMPRAS,sello del cuerpo icip para la copa de goma y el cortador de clips,SELLO DEL CUERPO ICIP PARA LA COPA DE GOMA Y EL CORTADOR DE CLIPS,,GEA Farm Technologies Osorno Ltda.,0.2702
1,weak_class,EXP-10.4,Otros Gastos Lecheria,COMPRAS,sustrato,Sustrato,,ZERO CORP SPA,0.3119
1,weak_class,EXP-11.1,Electricidad Lecheria,COMPRAS,asistencia tecnica,Asistencia Tecnica,Reparacion Control Elec. Ternerera Informe N°106 - Cotiz. N°170,EMVI INGENIERÍA Y SOLUCIONES INDUSTRIALES SPA,0.4638
1,weak_class,EXP-11.1,Electricidad Lecheria,COMPRAS,cambiar tablero elect,CAMBIAR TABLERO ELECT.,,WALDEMAR ORLANDO VARGAS CARDENAS,0.2459
1,weak_class,EXP-11.1,Electricidad Lecheria,COMPRAS,powerone alcalina pila aaa 1 und,POWERONE ALCALINA PILA AAA 1 UND -@,POWERONE ALCALINA PILA AAA 1 UND -@,DORIS IVONNE CASTILLO KANTER,0.279
1,weak_class,EXP-11.1,Electricidad Lecheria,COMPRAS,ups apc 800va 230v con regulador voltaje,UPS APC 800VA 230V CON REGULADOR VOLTAJE,,COOPERATIVA AGRICOLA Y DE SERVICIOS LTDA,0.1589
1,weak_class,EXP-11.5,Gas,COMPRAS,agua mas s gas 1 6lt granada,"AGUA MAS S GAS 1.6LT, GRANADA",1.0 x 1 UN $1320 Bruto/$1023.0 Neto,RENDIC HERMANOS S.A.,0.8679
1,weak_class,EXP-11.5,Gas,COMPRAS,agua mas s gas 1 6lt manzana,"AGUA MAS S GAS 1.6LT, MANZANA",2.0 x 1 UN $1320 Bruto/$1023.5 Neto,RENDIC HERMANOS S.A.,0.8733
1,weak_class,EXP-11.5,Gas,COMPRAS,agua mas s gas 1 6lt pera,"AGUA MAS S GAS 1.6LT, PERA",2.0 x 1 UN $1320 Bruto/$1023.0 Neto,RENDIC HERMANOS S.A.,0.8784
1,weak_class,EXP-11.5,Gas,COMPRAS,balon gas 190 gr topsafe humbo,BALON GAS 190 GR TOPSAFE HUMBO,,SODIMAC S.A.,0.7578
1,weak_class,EXP-11.5,Gas,COMPRAS,balon gas 230grs c valv providus,BALON GAS 230GRS C VALV PROVIDUS -@,BALON GAS 230GRS C VALV PROVIDUS -@,DORIS IVONNE CASTILLO KANTER,0.9381
1,weak_class,EXP-11.5,Gas,COMPRAS,balon gas 450 gr providus cun,BALON GAS 450 GR PROVIDUS+ CUN,,SODIMAC S.A.,0.904
1,weak_class,EXP-11.5,Gas,COMPRAS,carga de gas 1x15,Carga de gas 1x15,,INVERSIONES LAS QUEMAS SPA,0.4826
1,weak_class,EXP-11.5,Gas,COMPRAS,carga gas 15 kg clasic,CARGA GAS 15 KG CLASIC,,RICARDO GERMAN OSWALD BUCHNER,0.9595
1,weak_class,EXP-11.5,Gas,COMPRAS,carga gas 45 kg,CARGA GAS 45 KG,,RICARDO GERMAN OSWALD BUCHNER,0.955
1,weak_class,EXP-11.5,Gas,COMPRAS,cartucho de gas desechable 190 gr noorwick,CARTUCHO DE GAS DESECHABLE 190 GR NOORWICK -@,CARTUCHO DE GAS DESECHABLE 190 GR NOORWICK -@,DORIS IVONNE CASTILLO KANTER,0.5716
1,weak_class,EXP-11.5,Gas,COMPRAS,cartucho gas butano c valvula seg 190grs yanes 610000585671,CARTUCHO GAS BUTANO C/VALVULA SEG. 190GRS YANES 610000585671,,ELECTROCOM S.A.,0.5824
1,weak_class,EXP-11.5,Gas,COMPRAS,cilindro gas abastible 15kg,CILINDRO GAS ABASTIBLE 15KG,,EASY RETAIL S.A.,0.9024
1,weak_class,EXP-11.5,Gas,COMPRAS,cinta teflon gas 1 2 x 6 6mt rayun,CINTA TEFLON GAS 1/2 X 6.6MT RAYUN -@,CINTA TEFLON GAS 1/2 X 6.6MT RAYUN -@,DORIS IVONNE CASTILLO KANTER,0.5727
1,weak_class,EXP-11.5,Gas,COMPRAS,codo so so 1 2 gas,CODO SO SO 1/2 GAS,,EASY RETAIL S.A.,0.4594
1,weak_class,EXP-11.5,Gas,COMPRAS,compra cilindro vacio 15k,COMPRA CILINDRO VACIO 15K,,DISTRIBUIDORA DE GAS MALON SPA,0.2537
1,weak_class,EXP-11.5,Gas,COMPRAS,galon de gas 45 kgs,Galón de Gas 45 kgs.,,JULIA IGNACIA FUENTES FLORES,0.8197
1,weak_class,EXP-11.5,Gas,COMPRAS,gas 15kg gasco,GAS 15KG GASCO,GAS 15KG GASCO,ELCIRA CABEZA MENENDEZ,0.9765
1,weak_class,EXP-11.5,Gas,COMPRAS,gas cola 1 5,GAS COLA 1.5,UN 0001,ADMIN. DE SUPERMERCADOS HIPER LIMITADA,0.8383
1,weak_class,EXP-11.5,Gas,COMPRAS,gas cola 3lt,GAS COLA 3LT,UN 0001,ADMIN. DE SUPERMERCADOS HIPER LIMITADA,0.7956
1,weak_class,EXP-11.5,Gas,COMPRAS,gas lim 1 5l,GAS LIM 1.5L,UN 0001,ADMIN. DE SUPERMERCADOS HIPER LIMITADA,0.8669
1,weak_class,EXP-11.5,Gas,COMPRAS,gas lim 3lt,GAS LIM 3LT,UN 0000,ADMIN. DE SUPERMERCADOS HIPER LIMITADA,0.8258
1,weak_class,EXP-11.5,Gas,COMPRAS,gas nar 3lt,GAS NAR 3LT,UN 0000,ADMIN. DE SUPERMERCADOS HIPER LIMITADA,0.8077
1,weak_class,EXP-11.5,Gas,COMPRAS,gas providus 190 gr top safe,GAS PROVIDUS 190 GR TOP SAFE,,EASY RETAIL S.A.,0.924
1,weak_class,EXP-11.5,Gas,COMPRAS,llave de paso para gas hi he 1 2 h full,LLAVE DE PASO PARA GAS HI-HE 1/2 H-FULL -@,LLAVE DE PASO PARA GAS HI-HE 1/2 H-FULL -@,DORIS IVONNE CASTILLO KANTER,0.7084
1,weak_class,EXP-11.5,Gas,COMPRAS,llave gas hi he1 2iso228 iso7c,LLAVE GAS HI-HE1/2ISO228-ISO7C,,SODIMAC S.A.,0.7304
1,weak_class,EXP-11.5,Gas,COMPRAS,llave paso p gas hi he 1 2 taumm 07300331 t,LLAVE PASO P GAS HI-HE 1 2 TAUMM 07300331-T -@,LLAVE PASO P GAS HI-HE 1 2 TAUMM 07300331-T -@,DORIS IVONNE CASTILLO KANTER,0.84
1,weak_class,EXP-11.5,Gas,COMPRAS,pack gas 227 grs,PACK GAS 227 GRS.,,EASY RETAIL S.A.,0.8444
1,weak_class,EXP-11.5,Gas,COMPRAS,regulador gas hilo izq c valvula de seg 15 kg,REGULADOR GAS HILO IZQ. C/VALVULA DE SEG. 15 KG,REGULADOR GAS HILO IZQ. C/VALVULA DE SEG. 15 KG,COMERCIAL HARCHA SPA,0.5427
1,weak_class,EXP-11.5,Gas,COMPRAS,soplete portatil gas 1200c c piezo noorwick,SOPLETE PORTATIL GAS 1200°C C PIEZO NOORWICK -@,SOPLETE PORTATIL GAS 1200°C C PIEZO NOORWICK -@,DORIS IVONNE CASTILLO KANTER,0.5814
1,weak_class,EXP-11.5,Gas,COMPRAS,terminal gas 1 2 hi espiga manguera,TERMINAL GAS 1 2 HI-- ESPIGA MANGUERA -@,TERMINAL GAS 1 2 HI-- ESPIGA MANGUERA -@,DORIS IVONNE CASTILLO KANTER,0.8011
1,weak_class,EXP-15.1,Servicios Agronomicos,COMPRAS,asesoria contable y tributaria,ASESORIA CONTABLE Y TRIBUTARIA,Diferencia Honorarios Marzo,AUDITAX SPA,0.4269
1,weak_class,EXP-15.1,Servicios Agronomicos,COMPRAS,eliminador de insectos,ELIMINADOR DE INSECTOS,486589,SOC. COMERC. DE REPUESTOS S.P.A.,0.3711
1,weak_class,EXP-15.2,Servicios Veterinarios,COMPRAS,bruc rb 87534,BRUC(RB) 87534,,LABORATORIOS Y SERVICIOS VETERINARIOS VALDIVIA LTDA,0.1605
1,weak_class,EXP-15.2,Servicios Veterinarios,COMPRAS,c cet 86684,C CET 86684,,LABORATORIOS Y SERVICIOS VETERINARIOS VALDIVIA LTDA,0.1639
1,weak_class,EXP-15.2,Servicios Veterinarios,COMPRAS,fosforos gran copihue 150 palitos,FOSFOROS GRAN COPIHUE 150 PALITOS,3.0 x 1 UN $920 Bruto/$773.0 Neto,RENDIC HERMANOS S.A.,0.3897
1,weak_class,EXP-15.2,Servicios Veterinarios,COMPRAS,nefas pm 86632,NEFAs (PM) 86632,,LABORATORIOS Y SERVICIOS VETERINARIOS VALDIVIA LTDA,0.1302
1,weak_class,EXP-15.2,Servicios Veterinarios,COMPRAS,ptbc 87534,PTBC 87534,,LABORATORIOS Y SERVICIOS VETERINARIOS VALDIVIA LTDA,0.2417
1,weak_class,EXP-15.2,Servicios Veterinarios,COMPRAS,retorno vacas,RETORNO VACAS,Yutreco a Bramadero,RAFAEL ANDRES BERTIN DELGADO,0.1435
1,weak_class,EXP-15.2,Servicios Veterinarios,COMPRAS,traslado animales,Traslado animales,desde Fdo.Bramadero Sta Laura a Feria Fegosa Paillaco.,NESTOR JAIME OPAZO CONCHA,0.5479
1,weak_class,EXP-15.2,Servicios Veterinarios,COMPRAS,traslado de ganado,Traslado de ganado,a la feria Osorno,JAIME ORLANDO RIOS CHACON,0.2105
1,weak_class,EXP-15.2,Servicios Veterinarios,COMPRAS,traslado de vaquilla,Traslado de vaquilla,desde Bramadero a El Maitén 28/04/2025,JUAN ANGEL ANIBAL VERGARA OBANDO,0.3318
1,weak_class,EXP-15.2,Servicios Veterinarios,COMPRAS,traslado vaquillas desde,Traslado vaquillas desde,Bramadero a El Maitén 07/05/2025,JUAN ANGEL ANIBAL VERGARA OBANDO,0.3664
1,weak_class,EXP-15.2,Servicios Veterinarios,COMPRAS,traslado vaquillas prenad,TRASLADO VAQUILLAS PREÑAD,DESDE BRAMADERO A MAITEN,LUIS ANTONIO TORRES JARAMILLO,0.2595
1,weak_class,EXP-15.2,Servicios Veterinarios,COMPRAS,vaquillas prenadas,VAQUILLAS PREÑADAS,,AGRICOLA Y GANADERA EMERALD LIMITADA,0.3346
1,weak_class,EXP-15.2,Servicios Veterinarios,COMPRAS,vasoeco,VASOECO,UN 0000,ADMIN. DE SUPERMERCADOS HIPER LIMITADA,0.1667
1,weak_class,EXP-2.1,Terapias Secado,COMPRAS,clavo de 4 oferta,CLAVO DE 4 OFERTA,,FERIA REMEHUE LTDA.,0.2899
1,weak_class,EXP-2.1,Terapias Secado,COMPRAS,lija madera grano 36,LIJA MADERA GRANO 36 -@,LIJA MADERA GRANO 36 -@,DORIS IVONNE CASTILLO KANTER,0.2797
1,weak_class,EXP-2.1,Terapias Secado,COMPRAS,lija madera grano 80,LIJA MADERA GRANO 80 -@,LIJA MADERA GRANO 80 -@,DORIS IVONNE CASTILLO KANTER,0.2411
1,weak_class,EXP-2.1,Terapias Secado,COMPRAS,nina de la calavera la,"NIÑA DE LA CALAVERA,LA",,Ainilebu SPA,0.1368
1,weak_class,EXP-2.1,Terapias Secado,COMPRAS,reparacion ntco tractor,REPARACION NTCO TRACTOR,DELANTERO,SERVIVUL SPA,0.1153
1,weak_class,EXP-2.1,Terapias Secado,COMPRAS,servicio de emergencia fin de semana oferiado,SERVICIO DE EMERGENCIA (FIN DE SEMANA OFERIADO),,COMERCIAL SERVIFEED SPA,0.1086
1,weak_class,EXP-4.3,Bolos Heno,COMPRAS,analisis nirs,Analisis Nirs,Bolos de Ballica - Yutreco x 4 bolo y parva de ballica - Maiten x 9 Bramadero 10 Convenio Javier Silva,ROCK RIVER LABORATORY LIMITADA,0.3304
1,weak_class,EXP-4.3,Bolos Heno,COMPRAS,bola arrastre,BOLA ARRASTRE,,LOS MAGNIFICOS SPA,0.3351
1,weak_class,EXP-4.3,Bolos Heno,COMPRAS,bolos de paja,BOLOS DE PAJA,Según guía de despacho N° 2145 48 Bolos equivalentes a 8.770 kg.,SOC COMERCIAL AGRO-TRUST LTDA,0.3433
1,weak_class,EXP-4.3,Bolos Heno,COMPRAS,bolos paja de trigo,Bolos Paja de Trigo,"Según Guía Despacho 573, 574, 575,579, 580",SERVICIOS AGRICOLAS OSORNO SPA,0.4209
1,weak_class,EXP-4.3,Bolos Heno,COMPRAS,bolos paja plastificado,BOLOS PAJA PLASTIFICADO,BOLOS PLASTIFICADOS MALLA Y NYLON,SERVICIOS AGRICOLAS CORPAL SPA,0.5593
1,weak_class,EXP-4.3,Bolos Heno,COMPRAS,bolos pasto seco raices,BOLOS PASTO SECO RAICES,BOLOS RAICES ARRIENDO 225,SERVICIOS AGRICOLAS CORPAL SPA,0.628
1,weak_class,EXP-4.3,Bolos Heno,COMPRAS,bolos raices,BOLOS RAICES,CONFECCION BOLOS 207 BOLOS EN 30 HA LO CUAL SERIAN 7 BOLOS X HA VALOR HA 141.500,SERVICIOS AGRICOLAS CORPAL SPA,0.5821
1,weak_class,EXP-4.3,Bolos Heno,COMPRAS,bolos yutreco,BOLOS YUTRECO,P1 P38 P33 P32 P40 P31 P23 P10 42 Ha y 208 bolos serian 5 bolos por Ha mas 3 bolos x Ha serian 126 bolos: 208x18.500 : 3.848.000 mas 126x12.000: 1.512.000 total: 5.360.000: valor Ha 127.619.,SERVICIOS AGRICOLAS CORPAL SPA,0.4036
1,weak_class,EXP-4.3,Bolos Heno,COMPRAS,bols bio rol 50x70 30l 10u cun,BOLS BIO ROL 50X70 30L 10U CUN,,SODIMAC S.A.,0.4359
1,weak_class,EXP-4.3,Bolos Heno,COMPRAS,bols bio roll 80x110 120l 10u,BOLS BIO ROLL 80X110 120L 10U,,SODIMAC S.A.,0.4102
1,weak_class,EXP-4.3,Bolos Heno,COMPRAS,bols roll 50x70 30lt 10u bcbol,BOLS ROLL 50X70 30LT 10U BCBOL,,SODIMAC S.A.,0.4041
1,weak_class,EXP-4.3,Bolos Heno,COMPRAS,bols roll 50x70 30lt 10u ngbol,BOLS ROLL 50X70 30LT 10U NGBOL,,SODIMAC S.A.,0.4146
1,weak_class,EXP-4.3,Bolos Heno,COMPRAS,confeccion de bolos,CONFECCION DE BOLOS,CONFECCION DE BOLOS FUNDO RAICES. TOTAL BOLOS 157 EN 25 HA. 6.28 BOLOS POR HA. VALOR HA 132.000 VALOR BOLO 12.000 SIN INSUMOS (2),SERVICIOS AGRICOLAS CORPAL SPA,0.5279
1,weak_class,EXP-4.3,Bolos Heno,COMPRAS,film bolos barbier blanco 1500 m,FILM BOLOS -Barbier Blanco__1500 M__,Barbier Blanco__1500 M__,FEROSOR AGRICOLA S.A.,0.7757
1,weak_class,EXP-4.3,Bolos Heno,COMPRAS,fundo pelleco,FUNDO PELLECO,CONFECCION BOLOS. TOTAL 350 BOLOS EN 50 HA. 7 BOLOS POR HA. VALOR HA 152.000 VALOR BOLO 12.000 SIN INSUMOS,SERVICIOS AGRICOLAS CORPAL SPA,0.5235
1,weak_class,EXP-4.3,Bolos Heno,COMPRAS,servicio confeccion bolos,SERVICIO CONFECCION BOLOS,,AGRÍCOLA RIBERAS DEL SAUCE SPA,0.4655
1,weak_class,EXP-4.3,Bolos Heno,COMPRAS,traslado de balsa,Traslado de Balsa,desde Fundo a Taller sector el LLolly.,TRANSPORTES Y GRÚAS CACERES SPA,0.129
1,weak_class,EXP-5.1,Concentrado Vacas,COMPRAS,disposicion residuos biopeligrosos,Disposición Residuos Biopeligrosos,Frascos vacíos medicamentos Report 8132 04-02-2026 kilos extras (55),GESTIÓN AMBIENTAL ECOGEST SPA,0.4932
1,weak_class,EXP-5.1,Concentrado Vacas,COMPRAS,fosforo p suero,FOSFORO (P) SUERO,,COOPERATIVA AGRICOLA Y DE SERVICIOS LTDA,0.2887
1,weak_class,EXP-5.1,Concentrado Vacas,COMPRAS,multifuncional brother mfc2880dw monocromatica,MULTIFUNCIONAL BROTHER MFC2880DW MONOCROMÁTICA,MULTIFUNCIONAL BROTHER MFC2880DW MONOCROMÁTICA,SOCIEDAD COMERCIAL ALCAPLUS LTDA,0.2974
1,weak_class,EXP-5.1,Concentrado Vacas,COMPRAS,segregador de ganado,Segregador de ganado,Blitz-Kerner,CUIDATUVACA SPA,0.2533
1,weak_class,EXP-5.1,Concentrado Vacas,COMPRAS,venta de productos lacteos,VENTA DE PRODUCTOS LACTEOS,VENTA DE PRODUCTOS LACTEOS,COOPERATIVA AGRICOLA Y LECHERA DE LA UNION LTDA.,0.1597
1,weak_class,EXP-5.2,Concentrado Crianza,COMPRAS,concentrado ternero inicial super ferosor 25kg sin sal pbf,CONCENTRADO TERNERO INICIAL SUPER -Ferosor_25kg_Sin Sal_PBF_,Ferosor_25kg_Sin Sal_PBF_,FEROSOR AGRICOLA S.A.,0.8705
1,weak_class,EXP-5.2,Concentrado Crianza,COMPRAS,t1 tuerca hilo corriente 1 4,T1 TUERCA HILO-CORRIENTE 1 4 -@,T1 TUERCA HILO-CORRIENTE 1 4 -@,DORIS IVONNE CASTILLO KANTER,0.2309
1,weak_class,EXP-5.3,Concentrado Otros Animales,COMPRAS,adhesivo cer por piso s pi adh,ADHESIVO CER/POR PISO S/PI ADH,,SODIMAC S.A.,0.1603
1,weak_class,EXP-5.3,Concentrado Otros Animales,COMPRAS,carbon beef maker,CARBON BEEF MAKER,,CENCOSUD RETAIL S.A.,0.316
1,weak_class,EXP-5.3,Concentrado Otros Animales,COMPRAS,frague piso muro blanco 1kg,FRAGUE PISO/MURO BLANCO 1KG,,SODIMAC S.A.,0.4859
1,weak_class,EXP-5.3,Concentrado Otros Animales,COMPRAS,generador monofasico go1200 gta 12kva kolvok,GENERADOR MONOFASICO GO1200 GTA 12KVA KOLVOK,OFERTA ESPECIAL PARA DON FELIPE ANGUITA MEDIO DE PAGO TRANSFERENCIA ELECTRONICA,BOBINADOS INDUSTRIALES LONCOMILLA SPA,0.2107
1,weak_class,EXP-5.3,Concentrado Otros Animales,COMPRAS,jamon sandwich pf granel,JAMON SANDWICH PF GRANEL,,CENCOSUD RETAIL S.A.,0.2423
1,weak_class,EXP-5.3,Concentrado Otros Animales,COMPRAS,pan de pascua castano f c 700g,PAN DE PASCUA CASTANO F C 700G,,CENCOSUD RETAIL S.A.,0.4145
1,weak_class,EXP-5.5,Sustituto Lacteo,COMPRAS,sixpack cola,SIXPACK COLA,UN 0000,ADMIN. DE SUPERMERCADOS HIPER LIMITADA,0.1386
1,weak_class,EXP-6.1,Fosforo,COMPRAS,asado del carnicero porc camposorn cat v,ASADO DEL CARNICERO PORC. CAMPOSORN CAT.V,,FRIGORIFICO DE OSORNO S.A.,0.1391
1,weak_class,EXP-6.1,Fosforo,COMPRAS,bram fertilizacion map,BRAM. FERTILIZACION MAP,,PRESTACIONES DE SERVICIOS AGRICOLAS EL SIERVO LIMITADA,0.7081
1,weak_class,EXP-6.1,Fosforo,COMPRAS,carro aliment 50 unid ot50s stallion,CARRO ALIMENT 50 UNID OT50S STALLION,,COOPERATIVA AGRICOLA Y DE SERVICIOS LTDA,0.2212
1,weak_class,EXP-6.1,Fosforo,COMPRAS,cerco fosos,CERCO FOSOS,,DAVID ISAIAS MARDONES YANEZ,0.298
1,weak_class,EXP-6.1,Fosforo,COMPRAS,fertilizacion bramadero,FERTILIZACION BRAMADERO,,PRESTACIONES DE SERVICIOS AGRICOLAS EL SIERVO LIMITADA,0.6325
1,weak_class,EXP-6.1,Fosforo,COMPRAS,fosa septica 1250 lt polietileno horizontal oferta,"FOSA SEPTICA 1250 LT.POLIETILENO HORIZONTAL ""OFERTA""",,COMERCIAL CLIMENT SPA,0.3504
1,weak_class,EXP-6.1,Fosforo,COMPRAS,limpieza de fosas en,LIMPIEZA DE FOSAS EN,BRAMADERO Y EL MAITEN DIA 23/06/2025,NOE ALEJANDRO FOITZICK REHL,0.62
1,weak_class,EXP-6.1,Fosforo,COMPRAS,maiten fertilizacion map,MAITEN FERTILIZACION MAP,,PRESTACIONES DE SERVICIOS AGRICOLAS EL SIERVO LIMITADA,0.6937
1,weak_class,EXP-6.1,Fosforo,COMPRAS,monom lavapl vert inox,MONOM.LAVAPL.VERT.INOX,PARA#212,FERRETERIAS WEITZLER SOCIEDAD ANONIMA,0.2652
1,weak_class,EXP-6.1,Fosforo,COMPRAS,muffins fram,MUFFINS FRAM,UN 0002,ADMIN. DE SUPERMERCADOS HIPER LIMITADA,0.4661
1,weak_class,EXP-6.1,Fosforo,COMPRAS,percha flor bronce viejo 911,PERCHA FLOR BRONCE VIEJO 911,,FERRETERIA HESS Y BUSCHMANN SPA,0.1578
1,weak_class,EXP-6.1,Fosforo,COMPRAS,sifon loa s c trans 1 1 2,SIFON LOA S/C.TRANS.1.1/2,HOFF#212,FERRETERIAS WEITZLER SOCIEDAD ANONIMA,0.1987
1,weak_class,EXP-6.1,Fosforo,COMPRAS,stihl ferreteria lima plana 6 pulg,STIHL FERRETERIA LIMA PLANA 6 PULG,STIHL FERRETERIA LIMA PLANA 6 PULG,COMERCIAL COPIAPO LTDA,0.2136
1,weak_class,EXP-6.1,Fosforo,COMPRAS,tineo fertilizacion map,TINEO FERTILIZACION MAP,,PRESTACIONES DE SERVICIOS AGRICOLAS EL SIERVO LIMITADA,0.5856
1,weak_class,EXP-6.1,Fosforo,COMPRAS,trefos plus maxi pf yara sf3 fertilizantes b me,TREFOS PLUS MAXI PF YARA (SF3)-FERTILIZANTES(B)-ME,,COMPAÑÍA AGROPECUARIA COPEVAL S.A.,0.8704
1,weak_class,EXP-6.1,Fosforo,COMPRAS,viajes de ganado,Viajes de ganado,,TRANSPORTES EL TREBOL SPA,0.3406
1,weak_class,EXP-6.3,Cal,COMPRAS,aplicacion cal,Aplicación Cal,,SAN BLAS FERTILIZACION SPA,0.9498
1,weak_class,EXP-6.3,Cal,COMPRAS,aplicacion cal en pradera,APLICACION CAL EN PRADERA,APLICACION DE CAL EN PRADERA PELLECO Y CHAPILCAHUIN TOTAL 64 TON,SERVICIOS AGRICOLAS CORPAL SPA,0.9766
1,weak_class,EXP-6.3,Cal,COMPRAS,cal pinta cal 25 kgs,CAL PINTA CAL 25 KGS.,,FERRETERIA HESS Y BUSCHMANN SPA,0.9018
1,weak_class,EXP-6.3,Cal,COMPRAS,cal sur iansa env maxisaco 1000 kg,CAL SUR IANSA ENV. MAXISACO 1000 KG,,IANSAGRO S.A.,0.9771
1,weak_class,EXP-6.3,Cal,COMPRAS,calc sobreme 12digitos cs 307,CALC SOBREME 12DIGITOS CS-307,CALC SOBREME 12DIGITOS CS-307,ILOP S A,0.6748
1,weak_class,EXP-6.3,Cal,COMPRAS,radio mp3 bt aiwa aw 5444bt cu,RADIO MP3/BT AIWA AW-5444BT CU,,SODIMAC S.A.,0.4026
1,weak_class,EXP-6.3,Cal,COMPRAS,ton aplicacion cal,Ton Aplicación Cal,Ton Aplicación Cal,Servicios Bergström Limitada,0.9686
1,weak_class,EXP-6.4,Guano,COMPRAS,tala de gualles,Tala de gualles,,CONSTRUCCIÓN Y ASESORÍAS FORESTALES VOLCÁN PUNTIAGUDO LIMITADA,0.3822
1,weak_class,EXP-8.2,Pradera Rotacion Corta,COMPRAS,colaciones mes abril,colaciones mes abril,,ALEX PATRICIO CARRILLO VERA,0.1204
1,weak_class,EXP-8.2,Pradera Rotacion Corta,COMPRAS,conector rap 3 4 c stop premcu,CONECTOR RAP 3/4 C/STOP PREMCU,,SODIMAC S.A.,0.3237
1,weak_class,EXP-8.2,Pradera Rotacion Corta,COMPRAS,kit rodillos,Kit rodillos,,HECTOR PATRICIO RIVERA BURGOS,0.1557
1,weak_class,EXP-8.2,Pradera Rotacion Corta,COMPRAS,rap5 tordon 21k maiten,RAP5 TORDON 21K - MAITEN,,PRESTACIONES DE SERVICIOS AGRICOLAS EL SIERVO LIMITADA,0.2723
1,weak_class,EXP-8.2,Pradera Rotacion Corta,COMPRAS,raps tordon 21k,RAPS TORDON 21K -,BRAMADERO,PRESTACIONES DE SERVICIOS AGRICOLAS EL SIERVO LIMITADA,0.3707
1,weak_class,EXP-8.2,Pradera Rotacion Corta,COMPRAS,semilla ballica pasture pack kabul 25 kg,SEMILLA BALLICA PASTURE PACK KABUL 25 KG,^ ! Cuota Vencimiento Monto ! Cuota Vencimiento Monto ! Cuota Vencimiento Monto ! ^ !==============================!==============================!==============================! ^ ! CU01 03-04-2026 663.980 ! CU02 03-05-2026 663.980 ! CU03 02-06-2026 663.980 ! ^ ! CU04 02-07-2026 663.980 ! CU05 01-08-2026 663.979,COAGRA S.A.,0.8066
1,weak_class,EXP-8.2,Pradera Rotacion Corta,COMPRAS,siembra guttler,SIEMBRA GUTTLER,,GUILLERMO ENRIQUE RIEDEL MARTINEZ,0.7377
1,weak_class,EXP-8.2,Pradera Rotacion Corta,COMPRAS,siembra rap maiten,SIEMBRA RAP - MAITEN,,PRESTACIONES DE SERVICIOS AGRICOLAS EL SIERVO LIMITADA,0.5477
1,weak_class,EXP-8.2,Pradera Rotacion Corta,COMPRAS,traslado terneras,TRASLADO TERNERAS,DESDE MAITEN A TINEO,LUIS ANTONIO TORRES JARAMILLO,0.1406
1,weak_class,EXP-8.2,Pradera Rotacion Corta,COMPRAS,tuerca especial bomba rovatti,TUERCA ESPECIAL BOMBA ROVATTI,,ENTRE RIEGOS DEL SUR SPA,0.1476
1,weak_class,EXP-8.3,Repoblamiento,COMPRAS,abastero osorno cat v,ABASTERO OSORNO CAT.V,,FRIGORIFICO DE OSORNO S.A.,0.1525
1,weak_class,EXP-8.3,Repoblamiento,COMPRAS,devolucion de prima cuota 6,DEVOLUCION DE PRIMA CUOTA 6,300440510,REALE CHILE SEGUROS GENERALES S.A.,0.0983
1,weak_class,EXP-8.3,Repoblamiento,COMPRAS,incorporador catros,INCORPORADOR CATROS,,GUILLERMO ENRIQUE RIEDEL MARTINEZ,0.9495
1,weak_class,EXP-8.3,Repoblamiento,COMPRAS,maiten siembra empast,MAITEN SIEMBRA EMPAST.,,PRESTACIONES DE SERVICIOS AGRICOLAS EL SIERVO LIMITADA,0.2462
1,weak_class,EXP-8.3,Repoblamiento,COMPRAS,rodon bramadero,RODON - BRAMADERO,,PRESTACIONES DE SERVICIOS AGRICOLAS EL SIERVO LIMITADA,0.5302
1,weak_class,EXP-8.3,Repoblamiento,COMPRAS,rodon tineo,RODON - TINEO,,PRESTACIONES DE SERVICIOS AGRICOLAS EL SIERVO LIMITADA,0.3888
1,weak_class,EXP-8.3,Repoblamiento,COMPRAS,siembra maiten,SIEMBRA - MAITEN,,PRESTACIONES DE SERVICIOS AGRICOLAS EL SIERVO LIMITADA,0.1286
1,weak_class,EXP-8.3,Repoblamiento,COMPRAS,siembra vega 1 maiten,SIEMBRA VEGA 1- MAITEN,,PRESTACIONES DE SERVICIOS AGRICOLAS EL SIERVO LIMITADA,0.114
1,weak_class,EXP-8.4,Otros Cultivos,COMPRAS,frutos secos nuts y semillas vivo bolsa 80 gr,FRUTOS SECOS NUTS Y SEMILLAS VIVO BOLSA 80 GR,,COMERCIAL AMAR HERMANOS Y COMPANIA LIMITADA,0.672
1,weak_class,EXP-8.4,Otros Cultivos,COMPRAS,frutos secos vivo nuts y semillas 80 grs,FRUTOS SECOS VIVO NUTS Y SEMILLAS 80 GRS,,COMERCIAL AMAR HNOS. Y CIA. LTDA,0.814
1,weak_class,EXP-8.4,Otros Cultivos,COMPRAS,qranco lam1k semir,QRANCO LAM1K SEMIR,,COOPERATIVA AGRICOLA Y LECHERA DE LA UNION LTDA.,0.1407
1,weak_class,EXP-8.4,Otros Cultivos,COMPRAS,queque nutra bien marmol prem 250 gr,QUEQUE NUTRA BIEN MARMOL PREM 250 GR,,COMERCIAL AMAR HNOS. Y CIA. LTDA,0.463
1,weak_class,EXP-8.4,Otros Cultivos,COMPRAS,siembra papas maiten,Siembra Papas Maiten,,HSV SPA,0.8172
1,weak_class,EXP-8.4,Otros Cultivos,COMPRAS,siembra rap bramadero,SIEMBRA RAP - BRAMADERO,,PRESTACIONES DE SERVICIOS AGRICOLAS EL SIERVO LIMITADA,0.4476
